Date,Adj Close,Close,High,Low,Open,Volume
1995-01-01,1000.0,1000.0,1000.0,1000.0,1000.0,0
1995-01-02,972.1,972.1,972.1,972.1,972.1,0
1995-01-03,967.43,967.43,967.43,967.43,967.43,0
1995-01-04,958.89,958.89,958.89,958.89,958.89,0
1995-01-05,948.26,948.26,948.26,948.26,948.26,0
1995-01-06,939.46,939.46,939.46,939.46,939.46,0
1995-01-09,921.65,921.65,921.65,921.65,921.65,0
1995-01-10,901.64,901.64,901.64,901.64,901.64,0
1995-01-11,893.14,893.14,893.14,893.14,893.14,0
1995-01-12,893.14,893.14,893.14,893.14,893.14,0
1995-01-13,894.08,894.08,894.08,894.08,894.08,0
1995-01-16,903.0,903.0,903.0,903.0,903.0,0
1995-01-17,907.45,907.45,907.45,907.45,907.45,0
1995-01-18,907.82,907.82,907.82,907.82,907.82,0
1995-01-19,909.85,909.85,909.85,909.85,909.85,0
1995-01-20,903.82,903.82,903.82,903.82,903.82,0
1995-01-23,883.28,883.28,883.28,883.28,883.28,0
1995-01-24,863.72,863.72,863.72,863.72,863.72,0
1995-01-25,864.1,864.1,864.1,864.1,864.1,0
1995-01-27,867.69,867.69,867.69,867.69,867.69,0
1995-01-30,877.89,877.89,877.89,877.89,877.89,0
1995-01-31,883.27,883.27,883.27,883.27,883.27,0
1995-02-01,882.83,882.83,882.83,882.83,882.83,0
1995-02-02,884.08,884.08,884.08,884.08,884.08,0
1995-02-03,887.64,887.64,887.64,887.64,887.64,0
1995-02-06,880.99,880.99,880.99,880.99,880.99,0
1995-02-07,872.99,872.99,872.99,872.99,872.99,0
1995-02-08,865.42,865.42,865.42,865.42,865.42,0
1995-02-09,862.03,862.03,862.03,862.03,862.03,0
1995-02-10,858.27,858.27,858.27,858.27,858.27,0
1995-02-13,853.75,853.75,853.75,853.75,853.75,0
1995-02-14,850.4,850.4,850.4,850.4,850.4,0
1995-02-15,847.61,847.61,847.61,847.61,847.61,0
1995-02-16,833.53,833.53,833.53,833.53,833.53,0
1995-02-17,823.6,823.6,823.6,823.6,823.6,0
1995-02-20,814.85,814.85,814.85,814.85,814.85,0
1995-02-21,800.46,800.46,800.46,800.46,800.46,0
1995-02-22,788.49,788.49,788.49,788.49,788.49,0
1995-02-23,812.98,812.98,812.98,812.98,812.98,0
1995-02-24,838.86,838.86,838.86,838.86,838.86,0
1995-02-28,832.98,832.98,832.98,832.98,832.98,0
1995-03-01,842.85,842.85,842.85,842.85,842.85,0
1995-03-02,854.14,854.14,854.14,854.14,854.14,0
1995-03-03,859.26,859.26,859.26,859.26,859.26,0
1995-03-06,860.6,860.6,860.6,860.6,860.6,0
1995-03-07,858.33,858.33,858.33,858.33,858.33,0
1995-03-08,852.93,852.93,852.93,852.93,852.93,0
1995-03-09,851.65,851.65,851.65,851.65,851.65,0
1995-03-10,863.48,863.48,863.48,863.48,863.48,0
1995-03-13,844.12,844.12,844.12,844.12,844.12,0
1995-03-14,847.92,847.92,847.92,847.92,847.92,0
1995-03-15,857.25,857.25,857.25,857.25,857.25,0
1995-03-16,842.73,842.73,842.73,842.73,842.73,0
1995-03-23,820.79,820.79,820.79,820.79,820.79,0
1995-03-24,816.66,816.66,816.66,816.66,816.66,0
1995-03-27,816.86,816.86,816.86,816.86,816.86,0
1995-03-28,819.96,819.96,819.96,819.96,819.96,0
1995-03-29,814.5,814.5,814.5,814.5,814.5,0
1995-03-30,814.78,814.78,814.78,814.78,814.78,0
1995-03-31,812.68,812.68,812.68,812.68,812.68,0
1995-04-03,814.74,814.74,814.74,814.74,814.74,0
1995-04-04,822.78,822.78,822.78,822.78,822.78,0
1995-04-05,833.75,833.75,833.75,833.75,833.75,0
1995-04-06,841.29,841.29,841.29,841.29,841.29,0
1995-04-07,845.32,845.32,845.32,845.32,845.32,0
1995-04-10,841.44,841.44,841.44,841.44,841.44,0
1995-04-17,839.89,839.89,839.89,839.89,839.89,0
1995-04-18,829.67,829.67,829.67,829.67,829.67,0
1995-04-19,820.54,820.54,820.54,820.54,820.54,0
1995-04-20,813.3,813.3,813.3,813.3,813.3,0
1995-04-21,812.85,812.85,812.85,812.85,812.85,0
1995-04-24,802.3,802.3,802.3,802.3,802.3,0
1995-04-25,792.74,792.74,792.74,792.74,792.74,0
1995-04-26,785.02,785.02,785.02,785.02,785.02,0
1995-04-27,772.98,772.98,772.98,772.98,772.98,0
1995-04-28,759.82,759.82,759.82,759.82,759.82,0
1995-05-02,735.44,735.44,735.44,735.44,735.44,0
1995-05-03,737.28,737.28,737.28,737.28,737.28,0
1995-05-04,746.42,746.42,746.42,746.42,746.42,0
1995-05-05,760.71,760.71,760.71,760.71,760.71,0
1995-05-08,763.4,763.4,763.4,763.4,763.4,0
1995-05-09,767.75,767.75,767.75,767.75,767.75,0
1995-05-10,766.92,766.92,766.92,766.92,766.92,0
1995-05-12,759.49,759.49,759.49,759.49,759.49,0
1995-05-15,752.81,752.81,752.81,752.81,752.81,0
1995-05-16,749.61,749.61,749.61,749.61,749.61,0
1995-05-17,757.99,757.99,757.99,757.99,757.99,0
1995-05-18,769.27,769.27,769.27,769.27,769.27,0
1995-05-19,775.7,775.7,775.7,775.7,775.7,0
1995-05-22,766.3,766.3,766.3,766.3,766.3,0
1995-05-23,761.66,761.66,761.66,761.66,761.66,0
1995-05-24,758.59,758.59,758.59,758.59,758.59,0
1995-05-25,755.53,755.53,755.53,755.53,755.53,0
1995-05-26,759.63,759.63,759.63,759.63,759.63,0
1995-05-29,759.23,759.23,759.23,759.23,759.23,0
1995-05-30,761.69,761.69,761.69,761.69,761.69,0
1995-05-31,777.09,777.09,777.09,777.09,777.09,0
1995-06-01,788.73,788.73,788.73,788.73,788.73,0
1995-06-02,788.19,788.19,788.19,788.19,788.19,0
1995-06-05,786.67,786.67,786.67,786.67,786.67,0
1995-06-06,788.78,788.78,788.78,788.78,788.78,0
1995-06-07,788.33,788.33,788.33,788.33,788.33,0
1995-06-08,781.77,781.77,781.77,781.77,781.77,0
1995-06-09,777.64,777.64,777.64,777.64,777.64,0
1995-06-12,773.22,773.22,773.22,773.22,773.22,0
1995-06-13,766.04,766.04,766.04,766.04,766.04,0
1995-06-14,766.92,766.92,766.92,766.92,766.92,0
1995-06-15,761.92,761.92,761.92,761.92,761.92,0
1995-06-16,765.42,765.42,765.42,765.42,765.42,0
1995-06-19,769.07,769.07,769.07,769.07,769.07,0
1995-06-20,770.65,770.65,770.65,770.65,770.65,0
1995-06-21,769.43,769.43,769.43,769.43,769.43,0
1995-06-22,764.08,764.08,764.08,764.08,764.08,0
1995-06-23,757.05,757.05,757.05,757.05,757.05,0
1995-06-26,743.69,743.69,743.69,743.69,743.69,0
1995-06-27,738.67,738.67,738.67,738.67,738.67,0
1995-06-28,744.56,744.56,744.56,744.56,744.56,0
1995-06-29,742.47,742.47,742.47,742.47,742.47,0
1995-06-30,737.24,737.24,737.24,737.24,737.24,0
1995-07-03,722.89,722.89,722.89,722.89,722.89,0
1995-07-04,714.63,714.63,714.63,714.63,714.63,0
1995-07-05,714.06,714.06,714.06,714.06,714.06,0
1995-07-06,712.65,712.65,712.65,712.65,712.65,0
1995-07-07,715.32,715.32,715.32,715.32,715.32,0
1995-07-10,718.12,718.12,718.12,718.12,718.12,0
1995-07-11,720.44,720.44,720.44,720.44,720.44,0
1995-07-12,729.54,729.54,729.54,729.54,729.54,0
1995-07-13,736.85,736.85,736.85,736.85,736.85,0
1995-07-14,748.32,748.32,748.32,748.32,748.32,0
1995-07-17,761.76,761.76,761.76,761.76,761.76,0
1995-07-18,765.76,765.76,765.76,765.76,765.76,0
1995-07-19,767.48,767.48,767.48,767.48,767.48,0
1995-07-20,773.51,773.51,773.51,773.51,773.51,0
1995-07-21,771.8,771.8,771.8,771.8,771.8,0
1995-07-25,783.96,783.96,783.96,783.96,783.96,0
1995-07-26,788.46,788.46,788.46,788.46,788.46,0
1995-07-27,786.53,786.53,786.53,786.53,786.53,0
1995-07-28,767.83,767.83,767.83,767.83,767.83,0
1995-07-31,758.54,758.54,758.54,758.54,758.54,0
1995-08-01,757.76,757.76,757.76,757.76,757.76,0
1995-08-02,766.07,766.07,766.07,766.07,766.07,0
1995-08-03,757.39,757.39,757.39,757.39,757.39,0
1995-08-04,757.71,757.71,757.71,757.71,757.71,0
1995-08-07,755.92,755.92,755.92,755.92,755.92,0
1995-08-08,750.21,750.21,750.21,750.21,750.21,0
1995-08-09,754.27,754.27,754.27,754.27,754.27,0
1995-08-11,751.13,751.13,751.13,751.13,751.13,0
1995-08-14,746.77,746.77,746.77,746.77,746.77,0
1995-08-16,748.66,748.66,748.66,748.66,748.66,0
1995-08-17,749.48,749.48,749.48,749.48,749.48,0
1995-08-21,750.44,750.44,750.44,750.44,750.44,0
1995-08-22,746.87,746.87,746.87,746.87,746.87,0
1995-08-24,741.18,741.18,741.18,741.18,741.18,0
1995-08-25,733.63,733.63,733.63,733.63,733.63,0
1995-08-28,727.19,727.19,727.19,727.19,727.19,0
1995-08-31,726.09,726.09,726.09,726.09,726.09,0
1995-09-01,726.14,726.14,726.14,726.14,726.14,0
1995-09-04,724.62,724.62,724.62,724.62,724.62,0
1995-09-05,719.81,719.81,719.81,719.81,719.81,0
1995-09-06,723.11,723.11,723.11,723.11,723.11,0
1995-09-07,725.67,725.67,725.67,725.67,725.67,0
1995-09-08,728.29,728.29,728.29,728.29,728.29,0
1995-09-11,728.28,728.28,728.28,728.28,728.28,0
1995-09-12,727.05,727.05,727.05,727.05,727.05,0
1995-09-13,723.66,723.66,723.66,723.66,723.66,0
1995-09-14,725.73,725.73,725.73,725.73,725.73,0
1995-09-15,727.01,727.01,727.01,727.01,727.01,0
1995-09-18,725.99,725.99,725.99,725.99,725.99,0
1995-09-19,725.22,725.22,725.22,725.22,725.22,0
1995-09-20,726.48,726.48,726.48,726.48,726.48,0
1995-09-21,728.47,728.47,728.47,728.47,728.47,0
1995-09-22,730.92,730.92,730.92,730.92,730.92,0
1995-09-25,739.09,739.09,739.09,739.09,739.09,0
1995-09-26,742.69,742.69,742.69,742.69,742.69,0
1995-09-27,735.5,735.5,735.5,735.5,735.5,0
1995-09-28,733.44,733.44,733.44,733.44,733.44,0
1995-09-29,736.81,736.81,736.81,736.81,736.81,0
1995-10-04,734.27,734.27,734.27,734.27,734.27,0
1995-10-05,738.4,738.4,738.4,738.4,738.4,0
1995-10-06,748.5,748.5,748.5,748.5,748.5,0
1995-10-09,751.47,751.47,751.47,751.47,751.47,0
1995-10-10,747.75,747.75,747.75,747.75,747.75,0
1995-10-11,746.72,746.72,746.72,746.72,746.72,0
1995-10-12,744.72,744.72,744.72,744.72,744.72,0
1995-10-13,745.48,745.48,745.48,745.48,745.48,0
1995-10-16,742.09,742.09,742.09,742.09,742.09,0
1995-10-17,739.27,739.27,739.27,739.27,739.27,0
1995-10-18,738.83,738.83,738.83,738.83,738.83,0
1995-10-19,731.84,731.84,731.84,731.84,731.84,0
1995-10-20,724.12,724.12,724.12,724.12,724.12,0
1995-10-23,722.68,722.68,722.68,722.68,722.68,0
1995-10-26,709.91,709.91,709.91,709.91,709.91,0
1995-10-27,712.73,712.73,712.73,712.73,712.73,0
1995-10-30,710.28,710.28,710.28,710.28,710.28,0
1995-10-31,707.19,707.19,707.19,707.19,707.19,0
1995-11-01,714.34,714.34,714.34,714.34,714.34,0
1995-11-02,713.16,713.16,713.16,713.16,713.16,0
1995-11-03,712.17,712.17,712.17,712.17,712.17,0
1995-11-06,706.01,706.01,706.01,706.01,706.01,0
1995-11-08,696.76,696.76,696.76,696.76,696.76,0
1995-11-09,696.76,696.76,696.76,696.76,696.76,0
1995-11-10,687.18,687.18,687.18,687.18,687.18,0
1995-11-13,672.18,672.18,672.18,672.18,672.18,0
1995-11-14,661.76,661.76,661.76,661.76,661.76,0
1995-11-15,662.14,662.14,662.14,662.14,662.14,0
1995-11-16,662.12,662.12,662.12,662.12,662.12,0
1995-11-17,656.0,656.0,656.0,656.0,656.0,0
1995-11-20,654.62,654.62,654.62,654.62,654.62,0
1995-11-21,648.23,648.23,648.23,648.23,648.23,0
1995-11-22,638.55,638.55,638.55,638.55,638.55,0
1995-11-23,629.06,629.06,629.06,629.06,629.06,0
1995-11-24,639.95,639.95,639.95,639.95,639.95,0
1995-11-27,642.13,642.13,642.13,642.13,642.13,0
1995-11-28,635.09,635.09,635.09,635.09,635.09,0
1995-11-29,629.87,629.87,629.87,629.87,629.87,0
1995-11-30,636.53,636.53,636.53,636.53,636.53,0
1995-12-01,644.08,644.08,644.08,644.08,644.08,0
1995-12-04,644.05,644.05,644.05,644.05,644.05,0
1995-12-05,643.48,643.48,643.48,643.48,643.48,0
1995-12-06,650.21,650.21,650.21,650.21,650.21,0
1995-12-07,659.2,659.2,659.2,659.2,659.2,0
1995-12-08,642.77,642.77,642.77,642.77,642.77,0
1995-12-11,636.08,636.08,636.08,636.08,636.08,0
1995-12-12,633.07,633.07,633.07,633.07,633.07,0
1995-12-13,638.59,638.59,638.59,638.59,638.59,0
1995-12-14,636.4,636.4,636.4,636.4,636.4,0
1995-12-15,635.53,635.53,635.53,635.53,635.53,0
1995-12-18,634.13,634.13,634.13,634.13,634.13,0
1995-12-19,632.87,632.87,632.87,632.87,632.87,0
1995-12-20,633.96,633.96,633.96,633.96,633.96,0
1995-12-21,640.15,640.15,640.15,634.59,635.31,0
1995-12-22,644.57,644.57,644.57,642.84,642.96,0
1996-01-01,646.82,646.82,646.82,646.82,646.82,0
1996-01-02,644.31,644.31,644.31,644.31,644.31,0
1996-01-03,640.83,640.83,640.83,640.83,640.83,0
1996-01-04,636.21,636.21,636.21,636.21,636.21,0
1996-01-05,632.48,632.48,632.48,632.48,632.48,0
1996-01-08,624.35,624.35,628.74,624.35,628.74,0
1996-01-09,620.92,620.92,620.92,616.78,617.04,0
1996-01-10,618.38,618.38,618.94,617.31,618.23,0
1996-01-11,620.95,620.95,620.95,616.08,616.08,0
1996-01-12,622.16,622.16,623.05,621.4,622.23,0
1996-01-15,623.61,623.61,623.61,620.49,620.49,0
1996-01-16,622.05,622.05,622.05,619.85,621.75,0
1996-01-17,614.52,614.52,620.33,612.55,620.33,0
1996-01-18,609.48,609.48,612.77,604.88,612.77,0
1996-01-19,605.78,605.78,607.73,602.17,607.73,0
1996-01-22,604.58,604.58,605.75,603.99,603.99,0
1996-01-23,599.23,599.23,603.28,599.23,602.8,0
1996-01-24,587.4,587.4,597.46,585.71,597.46,0
1996-01-25,586.7,586.7,587.7,585.82,586.65,0
1996-01-29,591.12,591.12,591.12,586.62,586.7,0
1996-01-30,598.6,598.6,599.25,593.44,593.44,0
1996-01-31,604.86,604.86,604.86,599.14,599.14,0
1996-02-01,615.88,615.88,615.88,604.78,604.88,0
1996-02-02,645.68,645.68,645.68,621.06,621.06,0
1996-02-05,661.0,661.0,661.0,651.86,651.86,0
1996-02-06,650.27,650.27,662.88,650.27,661.06,0
1996-02-07,652.41,652.41,652.41,646.64,650.25,0
1996-02-08,677.01,677.01,677.01,654.11,654.11,0
1996-02-09,704.24,704.24,704.24,678.02,678.02,0
1996-02-12,713.83,713.83,722.11,704.52,704.52,0
1996-02-13,723.03,723.03,723.03,709.48,711.22,0
1996-02-14,738.99,738.99,740.26,732.6,732.6,0
1996-02-15,735.4,735.4,740.64,732.11,736.85,0
1996-02-16,723.89,723.89,729.23,722.24,729.23,0
1996-02-19,725.5,725.5,727.2,724.22,724.31,0
1996-02-20,717.91,717.91,724.4,717.87,724.27,0
1996-02-22,725.95,725.95,725.95,718.97,718.98,0
1996-02-23,725.56,725.56,728.77,723.09,727.78,0
1996-02-26,732.41,732.41,732.41,727.3,727.3,0
1996-02-27,728.33,728.33,732.36,728.33,732.36,0
1996-02-28,720.67,720.67,728.39,720.67,728.33,0
1996-02-29,699.28,699.28,716.55,699.28,716.55,0
1996-03-01,702.45,702.45,703.0,698.24,698.94,0
1996-03-04,705.22,705.22,706.3,702.45,702.45,0
1996-03-06,706.56,706.56,706.56,702.99,705.21,0
1996-03-07,703.31,703.31,708.93,703.31,707.14,0
1996-03-08,697.63,697.63,699.93,695.57,699.93,0
1996-03-11,689.07,689.07,692.59,688.86,692.59,0
1996-03-12,686.59,686.59,689.08,686.52,689.08,0
1996-03-13,694.18,694.18,694.57,687.52,687.81,0
1996-03-14,696.65,696.65,698.26,694.81,694.81,0
1996-03-15,690.54,690.54,695.14,690.54,695.12,0
1996-03-18,682.11,682.11,689.16,682.11,688.99,0
1996-03-19,676.34,676.34,681.49,676.34,680.54,0
1996-03-21,681.76,681.76,683.72,677.98,677.98,0
1996-03-22,676.85,676.85,678.58,674.62,678.58,0
1996-03-25,676.68,676.68,678.66,676.55,676.88,0
1996-03-26,676.94,676.94,677.62,674.54,675.49,0
1996-03-27,685.35,685.35,687.1,680.56,680.56,0
1996-03-29,700.13,700.13,700.13,691.4,691.4,0
1996-04-02,709.58,709.58,709.58,707.89,708.93,0
1996-04-03,714.07,714.07,716.85,711.57,711.57,0
1996-04-04,712.23,712.23,712.33,707.79,710.07,0
1996-04-05,719.48,719.48,719.48,711.51,711.9,0
1996-04-08,727.27,727.27,728.88,722.51,722.82,0
1996-04-09,726.61,726.61,732.53,726.61,728.57,0
1996-04-10,723.7,723.7,727.2,721.88,726.62,0
1996-04-11,720.93,720.93,721.7,719.5,721.7,0
1996-04-12,725.49,725.49,726.3,720.43,720.69,0
1996-04-15,736.43,736.43,738.72,733.51,733.51,0
1996-04-16,742.88,742.88,742.88,737.37,737.37,0
1996-04-17,762.15,762.15,762.15,744.71,744.71,0
1996-04-18,776.44,776.44,779.34,768.42,768.42,0
1996-04-22,773.37,773.37,788.07,772.93,788.07,0
1996-04-23,773.78,773.78,773.78,767.64,768.38,0
1996-04-24,801.9,801.9,801.9,778.79,778.79,0
1996-04-25,799.93,799.93,814.31,799.07,808.21,0
1996-04-26,787.14,787.14,796.32,779.19,796.32,0
1996-04-30,792.82,792.82,792.82,789.95,791.71,0
1996-05-02,795.52,795.52,795.52,790.1,790.96,0
1996-05-03,788.57,788.57,793.76,787.65,793.76,0
1996-05-06,775.68,775.68,784.5,774.2,784.5,0
1996-05-08,786.34,786.34,786.52,769.95,770.46,0
1996-05-09,775.64,775.64,783.42,775.29,780.37,0
1996-05-10,770.22,770.22,770.22,761.25,765.09,0
1996-05-13,777.23,777.23,777.23,770.51,772.07,0
1996-05-14,784.45,784.45,784.45,774.25,776.97,0
1996-05-15,784.02,784.02,784.02,774.51,781.76,0
1996-05-16,790.53,790.53,797.64,788.04,788.04,0
1996-05-17,782.52,782.52,787.69,782.12,787.3,0
1996-05-20,767.81,767.81,781.59,767.33,781.59,0
1996-05-21,761.48,761.48,766.29,760.05,766.29,0
1996-05-22,761.02,761.02,764.19,760.5,763.23,0
1996-05-23,759.57,759.57,761.0,757.23,761.0,0
1996-05-24,762.26,762.26,763.37,758.52,760.39,0
1996-05-27,750.98,750.98,761.74,749.84,761.74,0
1996-05-28,746.32,746.32,748.0,738.09,748.0,0
1996-05-29,765.57,765.57,765.57,749.48,749.48,0
1996-05-30,759.18,759.18,769.16,758.75,767.65,0
1996-05-31,762.37,762.37,762.37,758.33,761.18,0
1996-06-03,773.68,773.68,773.68,768.7,768.7,0
1996-06-04,772.97,772.97,778.76,771.92,776.42,0
1996-06-05,774.98,774.98,774.98,768.48,772.38,0
1996-06-06,781.0,781.0,782.94,779.04,779.04,0
1996-06-07,784.58,784.58,784.58,780.35,780.35,0
1996-06-10,790.21,790.21,790.87,784.51,784.51,0
1996-06-11,792.64,792.64,792.64,787.16,788.01,0
1996-06-12,800.04,800.04,801.98,795.17,795.17,0
1996-06-13,809.16,809.16,810.13,800.69,800.69,0
1996-06-14,824.43,824.43,824.43,814.44,814.44,0
1996-06-17,827.87,827.87,840.98,827.23,837.53,0
1996-06-18,826.59,826.59,827.64,821.89,825.56,0
1996-06-19,811.79,811.79,825.95,811.73,825.77,0
1996-06-20,811.75,811.75,814.43,802.15,814.43,0
1996-06-21,798.01,798.01,811.75,796.28,811.75,0
1996-06-24,800.35,800.35,800.35,793.63,796.54,0
1996-06-25,789.87,789.87,798.34,788.29,798.34,0
1996-06-26,783.07,783.07,789.66,782.09,789.46,0
1996-06-27,789.41,789.41,789.41,777.66,782.66,0
1996-06-28,785.93,785.93,791.17,784.1,789.45,0
1996-07-01,776.84,776.84,783.52,775.24,783.52,0
1996-07-02,772.43,772.43,778.49,771.36,778.13,0
1996-07-03,758.54,758.54,769.13,758.5,769.13,0
1996-07-04,761.92,761.92,765.55,751.24,758.54,0
1996-07-05,765.35,765.35,766.91,760.91,764.11,0
1996-07-08,769.46,769.46,770.42,765.8,765.8,0
1996-07-09,753.68,753.68,769.46,752.83,769.46,0
1996-07-10,755.94,755.94,756.69,752.53,752.53,0
1996-07-11,761.36,761.36,762.48,759.48,760.3,0
1996-07-12,757.55,757.55,760.33,754.92,760.33,0
1996-07-15,757.07,757.07,757.07,750.83,754.09,0
1996-07-16,750.09,750.09,757.62,746.5,757.62,0
1996-07-17,759.55,759.55,762.47,751.7,751.7,0
1996-07-18,764.43,764.43,766.62,761.48,761.48,0
1996-07-19,763.32,763.32,764.14,761.21,764.0,0
1996-07-22,772.66,772.66,777.98,763.93,763.93,0
1996-07-23,749.47,749.47,771.48,748.5,771.48,0
1996-07-24,736.61,736.61,742.26,731.94,742.26,0
1996-07-25,733.17,733.17,739.22,732.66,737.84,0
1996-07-26,726.08,726.08,733.76,722.46,733.23,0
1996-07-29,712.55,712.55,726.98,711.79,726.98,0
1996-07-30,700.49,700.49,707.01,693.51,707.01,0
1996-07-31,714.75,714.75,714.75,696.23,700.9,0
1996-08-01,716.54,716.54,720.9,715.47,720.9,0
1996-08-02,712.19,712.19,712.19,709.78,709.78,0
1996-08-05,709.44,709.44,713.72,709.04,713.12,0
1996-08-06,708.13,708.13,708.3,704.5,707.66,0
1996-08-07,716.3,716.3,716.3,710.39,710.39,0
1996-08-08,711.78,711.78,717.26,711.14,716.39,0
1996-08-09,709.93,709.93,711.01,707.9,708.79,0
1996-08-12,703.42,703.42,706.39,702.67,705.96,0
1996-08-13,700.08,700.08,702.43,698.36,702.43,0
1996-08-14,692.23,692.23,700.54,692.16,700.54,0
1996-08-16,684.34,684.34,692.28,683.19,692.28,0
1996-08-19,666.23,666.23,674.75,665.76,674.75,0
1996-08-20,666.83,666.83,667.73,664.79,666.29,0
1996-08-21,680.27,680.27,680.27,672.97,672.97,0
1996-08-22,680.25,680.25,682.85,678.34,680.34,0
1996-08-23,686.81,686.81,687.2,682.15,682.15,0
1996-08-26,686.66,686.66,689.89,684.77,687.57,0
1996-08-27,687.32,687.32,687.45,684.54,685.59,0
1996-08-29,697.08,697.08,701.64,694.21,694.21,0
1996-08-30,697.85,697.85,699.52,695.74,697.44,0
1996-09-02,699.54,699.54,699.54,695.29,696.67,0
1996-09-03,689.24,689.24,702.62,686.42,699.96,0
1996-09-04,691.42,691.42,691.42,686.51,686.51,0
1996-09-06,691.67,691.67,694.61,691.2,693.96,0
1996-09-09,685.19,685.19,691.71,682.71,691.42,0
1996-09-10,678.4,678.4,680.87,675.78,680.45,0
1996-09-11,669.52,669.52,676.65,668.97,676.65,0
1996-09-12,669.48,669.48,669.74,664.4,667.66,0
1996-09-13,662.78,662.78,668.4,662.0,668.4,0
1996-09-18,666.84,666.84,667.22,658.3,662.85,0
1996-09-19,658.93,658.93,668.63,658.06,668.63,0
1996-09-20,656.52,656.52,660.61,656.1,659.07,0
1996-09-23,651.63,651.63,656.14,648.9,655.85,0
1996-09-24,650.56,650.56,652.66,649.94,652.66,0
1996-09-25,649.64,649.64,654.29,649.19,650.69,0
1996-09-26,642.23,642.23,649.78,641.18,649.78,0
1996-09-27,632.89,632.89,640.2,632.45,640.2,0
1996-09-30,626.2,626.2,632.9,622.21,632.5,0
1996-10-01,623.44,623.44,627.16,622.21,626.33,0
1996-10-03,617.38,617.38,625.49,616.5,624.22,0
1996-10-04,602.34,602.34,622.62,601.82,620.69,0
1996-10-07,582.26,582.26,590.29,576.07,589.62,0
1996-10-08,583.84,583.84,583.84,571.2,578.26,0
1996-10-09,587.46,587.46,587.46,579.07,581.63,0
1996-10-10,604.98,604.98,604.98,591.52,591.52,0
1996-10-11,613.3,613.3,613.3,612.76,612.88,0
1996-10-14,601.98,601.98,613.42,601.45,613.42,0
1996-10-15,601.77,601.77,603.84,599.88,599.88,0
1996-10-16,600.21,600.21,605.19,599.52,603.67,0
1996-10-17,599.62,599.62,599.62,594.57,596.5,0
1996-10-18,602.3,602.3,602.3,597.06,597.89,0
1996-10-22,617.28,617.28,617.28,609.81,609.81,0
1996-10-23,636.65,636.65,636.65,622.3,622.3,0
1996-10-24,624.56,624.56,636.66,623.73,633.05,0
1996-10-25,623.1,623.1,628.4,622.39,627.51,0
1996-10-28,624.73,624.73,631.05,623.24,623.24,0
1996-10-29,619.76,619.76,624.86,617.59,624.86,0
1996-10-30,610.76,610.76,617.0,609.53,617.0,0
1996-10-31,606.99,606.99,606.99,602.8,604.34,0
1996-11-01,605.63,605.63,610.09,602.93,608.61,0
1996-11-04,596.7,596.7,603.57,595.26,603.57,0
1996-11-05,590.89,590.89,595.22,590.88,594.54,0
1996-11-06,588.77,588.77,588.77,584.04,585.88,0
1996-11-07,591.62,591.62,592.61,589.85,589.85,0
1996-11-10,595.57,595.57,596.87,594.8,594.8,0
1996-11-13,599.98,599.98,600.63,598.74,599.44,0
1996-11-14,597.03,597.03,601.34,595.85,601.34,0
1996-11-15,599.82,599.82,600.03,596.81,596.81,0
1996-11-18,603.15,603.15,603.44,600.95,602.2,0
1996-11-19,598.25,598.25,602.95,597.0,602.95,0
1996-11-20,587.7,587.7,595.06,587.12,594.83,0
1996-11-21,584.22,584.22,588.8,583.95,584.69,0
1996-11-22,574.89,574.89,582.63,574.17,582.63,0
1996-11-25,575.58,575.58,575.89,562.74,562.74,0
1996-11-26,571.19,571.19,580.79,570.75,575.43,0
1996-11-27,561.12,561.12,571.37,557.11,571.37,0
1996-11-28,557.87,557.87,563.44,557.56,562.12,0
1996-11-29,559.05,559.05,560.3,557.77,559.25,0
1996-12-02,550.01,550.01,561.6,550.01,558.9,0
1996-12-03,539.92,539.92,547.0,539.92,547.0,0
1996-12-04,530.42,530.42,535.58,527.03,533.68,0
1996-12-05,541.22,541.22,543.87,530.57,530.57,0
1996-12-06,546.06,546.06,547.36,543.55,543.92,0
1996-12-09,544.13,544.13,549.41,542.56,547.09,0
1996-12-10,541.96,541.96,544.12,541.87,543.81,0
1996-12-11,562.49,562.49,563.12,545.12,545.12,0
1996-12-12,557.09,557.09,563.25,557.09,562.42,0
1996-12-13,556.19,556.19,557.95,553.15,556.96,0
1996-12-16,567.37,567.37,568.47,560.76,561.78,0
1996-12-17,570.66,570.66,571.31,567.02,568.01,0
1996-12-18,573.62,573.62,581.12,571.54,571.54,0
1996-12-19,579.08,579.08,579.42,572.7,574.28,0
1996-12-20,593.7,593.7,594.85,579.83,579.83,0
1996-12-23,593.83,593.83,597.98,592.6,594.46,0
1996-12-24,593.56,593.56,596.31,590.36,594.4,0
1997-01-01,626.72,626.72,627.7,603.58,603.58,0
1997-01-02,622.71,622.71,632.71,622.71,627.38,0
1997-01-03,626.79,626.79,627.48,620.66,623.37,0
1997-01-06,627.41,627.41,632.31,627.41,628.54,0
1997-01-07,628.02,628.02,632.67,627.12,627.12,0
1997-01-08,634.2,634.2,637.68,633.68,636.22,0
1997-01-09,644.29,644.29,648.63,634.91,634.91,0
1997-01-10,657.08,657.08,659.15,644.99,644.99,0
1997-01-13,663.74,663.74,663.78,655.27,657.8,0
1997-01-14,669.57,669.57,672.92,663.84,664.54,0
1997-01-15,696.42,696.42,701.87,669.92,670.28,0
1997-01-16,667.56,667.56,718.63,666.64,702.52,0
1997-01-17,656.4,656.4,668.96,647.99,668.26,0
1997-01-20,650.33,650.33,663.46,650.33,660.9,0
1997-01-21,643.91,643.91,650.91,641.0,649.7,0
1997-01-22,650.34,650.34,654.49,644.6,644.6,0
1997-01-24,649.78,649.78,653.25,647.83,652.71,0
1997-01-27,667.23,667.23,671.06,661.06,662.14,0
1997-01-28,671.94,671.94,674.9,664.78,668.89,0
1997-01-29,661.55,661.55,675.58,661.55,675.4,0
1997-01-30,657.64,657.64,664.41,655.52,663.17,0
1997-01-31,640.15,640.15,658.93,638.48,658.93,0
1997-02-03,631.47,631.47,637.74,631.47,635.18,0
1997-02-04,633.49,633.49,634.19,629.41,629.54,0
1997-02-05,635.12,635.12,641.73,634.55,637.28,0
1997-02-06,641.0,641.0,641.7,633.0,635.8,0
1997-02-07,641.03,641.03,642.66,638.49,638.49,0
1997-02-10,644.0,644.0,646.47,642.04,644.24,0
1997-02-11,654.5,654.5,655.22,644.58,644.84,0
1997-02-12,652.89,652.89,658.11,652.89,655.08,0
1997-02-13,654.65,654.65,657.24,650.74,651.7,0
1997-02-14,657.73,657.73,659.21,655.88,655.88,0
1997-02-17,666.23,666.23,666.98,662.79,662.79,0
1997-02-18,657.51,657.51,665.02,655.5,665.02,0
1997-02-19,655.98,655.98,658.5,650.11,658.5,0
1997-02-20,651.32,651.32,656.97,651.32,656.97,0
1997-02-21,642.51,642.51,649.7,642.49,649.7,0
1997-02-24,630.01,630.01,644.07,630.01,644.07,0
1997-02-25,628.78,628.78,634.87,627.4,631.57,0
1997-02-26,629.83,629.83,630.54,622.29,626.4,0
1997-02-27,640.14,640.14,640.88,630.88,630.88,0
1997-02-28,673.2,673.2,685.2,641.18,641.18,0
1997-03-01,711.83,711.83,713.35,685.18,685.18,0
1997-03-03,721.55,721.55,721.55,721.55,721.55,0
1997-03-04,730.01,730.01,730.01,730.01,730.01,0
1997-03-05,730.3,730.3,741.51,726.03,741.51,0
1997-03-06,720.28,720.28,730.93,718.29,730.93,0
1997-03-10,702.21,702.21,721.03,702.21,721.03,0
1997-03-11,691.24,691.24,702.92,688.15,701.33,0
1997-03-12,698.75,698.75,701.36,691.94,691.94,0
1997-03-13,697.4,697.4,702.13,695.69,699.88,0
1997-03-14,693.5,693.5,698.47,691.19,695.82,0
1997-03-17,700.2,700.2,702.52,694.56,694.56,0
1997-03-18,699.66,699.66,702.56,697.18,698.2,0
1997-03-19,684.49,684.49,700.89,684.49,700.89,0
1997-03-20,689.03,689.03,689.75,679.87,683.05,0
1997-03-21,687.67,687.67,692.94,687.67,689.83,0
1997-03-25,694.06,694.06,696.3,688.84,688.84,0
1997-03-26,690.33,690.33,695.11,690.33,695.11,0
1997-03-27,691.13,691.13,691.25,683.82,686.61,0
1997-03-28,681.43,681.43,691.91,681.07,691.82,0
1997-03-31,631.42,631.42,638.75,627.04,627.4,0
1997-04-01,640.62,640.62,641.27,627.26,629.92,0
1997-04-02,660.17,660.17,660.17,638.92,638.92,0
1997-04-03,665.16,665.16,667.83,658.37,660.84,0
1997-04-04,661.96,661.96,666.71,660.15,666.71,0
1997-04-07,653.2,653.2,660.74,653.2,660.74,0
1997-04-09,674.66,674.66,674.66,654.01,654.01,0
1997-04-10,662.99,662.99,675.31,660.27,675.31,0
1997-04-11,667.43,667.43,667.57,653.26,663.94,0
1997-04-12,662.2,662.2,667.14,660.13,667.14,0
1997-04-15,667.76,667.76,668.78,664.3,664.3,0
1997-04-17,679.6,679.6,679.81,672.75,672.85,0
1997-04-21,690.95,690.95,694.46,680.25,680.25,0
1997-04-22,694.41,694.41,697.25,691.49,691.64,0
1997-04-23,695.86,695.86,702.34,694.56,696.1,0
1997-04-24,694.35,694.35,696.83,691.56,696.58,0
1997-04-25,696.14,696.14,696.85,691.55,692.8,0
1997-04-28,697.05,697.05,700.88,696.51,697.53,0
1997-04-29,691.68,691.68,695.96,689.58,695.64,0
1997-04-30,700.18,700.18,702.86,693.2,693.2,0
1997-05-02,694.65,694.65,701.5,694.65,701.5,0
1997-05-05,690.59,690.59,695.32,689.79,695.32,0
1997-05-06,690.4,690.4,694.39,687.21,691.32,0
1997-05-07,690.49,690.49,694.09,689.41,691.14,0
1997-05-09,694.97,694.97,701.46,691.85,691.85,0
1997-05-12,694.55,694.55,699.84,694.55,696.49,0
1997-05-13,689.78,689.78,696.41,689.78,696.41,0
1997-05-14,695.97,695.97,696.67,683.56,690.52,0
1997-05-15,694.56,694.56,699.17,693.34,697.08,0
1997-05-16,693.82,693.82,695.66,692.41,693.91,0
1997-05-19,696.93,696.93,701.08,696.45,698.22,0
1997-05-20,693.78,693.78,699.16,693.78,698.02,0
1997-05-21,689.26,689.26,695.22,689.26,695.22,0
1997-05-22,687.86,687.86,688.54,686.69,687.41,0
1997-05-23,683.15,683.15,689.19,683.15,689.19,0
1997-05-26,682.0,682.0,686.83,681.88,686.04,0
1997-05-27,678.94,678.94,683.98,678.94,683.18,0
1997-05-28,677.77,677.77,682.63,676.43,680.58,0
1997-05-29,682.22,682.22,682.92,676.17,678.97,0
1997-05-30,686.31,686.31,688.09,682.69,683.52,0
1997-06-02,694.83,694.83,694.83,687.41,687.51,0
1997-06-03,696.75,696.75,702.07,696.56,700.57,0
1997-06-04,700.86,700.86,704.64,698.15,698.15,0
1997-06-05,702.1,702.1,706.26,700.27,701.51,0
1997-06-06,696.3,696.3,703.35,696.3,703.25,0
1997-06-09,696.74,696.74,699.98,696.09,697.5,0
1997-06-10,700.9,700.9,701.61,697.31,697.59,0
1997-06-11,711.92,711.92,713.69,701.9,701.9,0
1997-06-12,721.62,721.62,722.35,713.33,713.33,0
1997-06-13,729.02,729.02,733.78,722.87,723.16,0
1997-06-16,728.78,728.78,735.46,727.32,735.46,0
1997-06-17,736.78,736.78,737.6,730.35,732.33,0
1997-06-18,737.33,737.33,747.88,737.33,737.89,0
1997-06-19,737.68,737.68,739.51,733.38,738.48,0
1997-06-20,737.87,737.87,745.8,736.93,739.64,0
1997-06-23,740.01,740.01,744.43,738.2,742.84,0
1997-06-24,743.0,743.0,744.23,738.3,741.16,0
1997-06-25,740.3,740.3,745.07,738.66,744.03,0
1997-06-26,741.84,741.84,746.55,741.84,742.14,0
1997-06-27,741.32,741.32,745.12,741.32,743.2,0
1997-06-30,763.34,763.34,765.54,751.06,751.06,0
1997-07-01,768.4,768.4,770.17,764.42,765.35,0
1997-07-02,774.26,774.26,781.8,770.37,770.48,0
1997-07-03,771.81,771.81,781.9,770.51,775.72,0
1997-07-04,771.89,771.89,775.33,769.86,772.87,0
1997-07-07,773.65,773.65,785.43,773.65,780.82,0
1997-07-08,778.39,778.39,779.27,770.06,774.99,0
1997-07-09,797.16,797.16,798.04,779.96,779.96,0
1997-07-10,796.5,796.5,805.34,796.5,798.41,0
1997-07-11,788.66,788.66,798.17,786.53,798.17,0
1997-07-14,774.88,774.88,789.93,770.97,789.93,0
1997-07-15,774.37,774.37,781.01,773.7,776.81,0
1997-07-16,770.0,770.0,781.56,770.0,775.86,0
1997-07-17,770.64,770.64,771.96,767.14,771.95,0
1997-07-18,758.54,758.54,775.77,758.54,775.77,0
1997-07-21,764.46,764.46,764.46,758.5,763.85,0
1997-07-22,772.77,772.77,772.95,765.28,765.28,0
1997-07-23,784.6,784.6,784.78,773.22,773.22,0
1997-07-24,781.78,781.78,792.52,781.78,784.88,0
1997-07-25,775.89,775.89,782.54,771.45,782.54,0
1997-07-28,778.63,778.63,779.21,775.46,776.56,0
1997-07-29,785.15,785.15,785.15,778.5,779.06,0
1997-07-30,789.61,789.61,790.98,785.58,785.58,0
1997-07-31,798.81,798.81,801.44,790.47,790.47,0
1997-08-01,806.14,806.14,806.66,799.25,799.25,0
1997-08-04,829.75,829.75,831.35,807.62,807.62,0
1997-08-05,843.28,843.28,843.28,830.52,830.52,0
1997-08-06,838.06,838.06,853.82,835.52,844.05,0
1997-08-07,825.25,825.25,839.6,825.25,839.6,0
1997-08-08,815.24,815.24,827.52,812.3,825.91,0
1997-08-11,827.6,827.6,827.61,817.51,817.51,0
1997-08-12,819.89,819.89,832.6,815.86,828.0,0
1997-08-13,810.61,810.61,820.7,807.93,820.7,0
1997-08-14,800.74,800.74,811.43,797.41,810.98,0
1997-08-19,780.31,780.31,791.59,778.03,790.21,0
1997-08-20,789.91,789.91,790.08,776.4,781.33,0
1997-08-21,777.06,777.06,793.61,775.28,790.22,0
1997-08-22,759.58,759.58,777.5,758.8,777.5,0
1997-08-26,768.02,768.02,768.03,760.06,763.88,0
1997-08-27,767.97,767.97,771.71,766.17,768.72,0
1997-08-28,744.25,744.25,768.96,743.72,768.96,0
1997-08-29,727.51,727.51,745.26,725.58,745.26,0
1997-09-01,736.37,736.37,736.37,723.72,730.09,0
1997-09-02,737.18,737.18,738.42,726.46,736.71,0
1997-09-03,739.94,739.94,746.09,736.77,737.44,0
1997-09-04,745.44,745.44,745.45,736.65,740.47,0
1997-09-05,748.43,748.43,749.14,745.81,748.57,0
1997-09-08,760.44,760.44,760.45,746.89,748.83,0
1997-09-09,753.19,753.19,765.55,753.19,760.76,0
1997-09-10,754.17,754.17,755.06,749.07,754.33,0
1997-09-11,748.66,748.66,756.96,748.66,755.15,0
1997-09-12,743.71,743.71,749.63,742.77,749.03,0
1997-09-15,746.24,746.24,746.24,741.78,745.86,0
1997-09-16,744.06,744.06,747.97,742.32,746.8,0
1997-09-17,730.63,730.63,744.59,729.57,744.59,0
1997-09-18,723.37,723.37,731.01,717.35,731.01,0
1997-09-19,712.59,712.59,724.62,712.05,723.91,0
1997-09-22,705.49,705.49,714.28,703.88,713.09,0
1997-09-23,711.8,711.8,711.8,703.94,705.78,0
1997-09-24,712.24,712.24,718.33,711.54,712.93,0
1997-09-25,719.75,719.75,719.75,712.83,712.83,0
1997-09-26,724.93,724.93,724.93,719.74,720.52,0
1997-09-29,725.85,725.85,730.64,723.95,727.54,0
1997-09-30,721.1,721.1,726.32,720.09,726.15,0
1997-10-01,721.51,721.51,721.91,713.6,721.91,0
1997-10-03,711.79,711.79,723.63,711.77,721.88,0
1997-10-06,713.26,713.26,713.71,710.55,711.64,0
1997-10-07,720.24,720.24,720.25,711.89,713.62,0
1997-10-08,723.22,723.22,724.28,720.63,720.63,0
1997-10-09,730.35,730.35,730.36,722.52,724.02,0
1997-10-10,737.58,737.58,741.57,734.51,735.18,0
1997-10-13,740.47,740.47,746.7,740.47,744.89,0
1997-10-14,731.69,731.69,740.95,731.69,740.95,0
1997-10-15,734.93,734.93,735.5,731.0,732.85,0
1997-10-16,742.24,742.24,743.02,735.53,735.53,0
1997-10-17,747.55,747.55,750.37,742.63,742.63,0
1997-10-20,758.19,758.19,758.19,750.47,757.14,0
1997-10-21,751.2,751.2,758.89,749.62,758.83,0
1997-10-22,746.2,746.2,752.16,745.16,751.92,0
1997-10-23,734.8,734.8,747.22,731.32,747.22,0
1997-10-24,723.99,723.99,735.3,720.02,735.3,0
1997-10-27,721.16,721.16,725.5,719.67,724.39,0
1997-10-30,705.06,705.06,707.0,704.93,705.43,0
1997-11-03,700.8,700.8,707.11,696.7,707.11,0
1997-11-04,700.77,700.77,707.75,698.24,701.54,0
1997-11-05,695.95,695.95,701.48,694.7,701.48,0
1997-11-06,692.81,692.81,696.13,686.8,696.13,0
1997-11-07,688.95,688.95,692.77,687.68,692.77,0
1997-11-10,684.42,684.42,686.38,682.86,686.16,0
1997-11-11,683.5,683.5,687.25,682.85,685.39,0
1997-11-12,670.62,670.62,685.2,669.96,683.51,0
1997-11-13,655.6,655.6,666.51,653.7,666.51,0
1997-11-14,655.43,655.43,660.26,648.85,660.26,0
1997-11-17,657.37,657.37,657.41,651.56,654.56,0
1997-11-18,648.32,648.32,649.49,644.78,649.49,0
1997-11-19,639.5,639.5,648.32,630.52,648.32,0
1997-11-20,641.75,641.75,645.8,631.95,631.95,0
1997-11-21,650.55,650.55,652.57,640.27,640.27,0
1997-11-24,633.4,633.4,648.99,633.4,648.99,0
1997-11-25,644.23,644.23,645.2,633.51,633.51,0
1997-11-26,654.32,654.32,658.03,648.59,648.59,0
1997-11-27,668.8,668.8,670.36,653.77,654.1,0
1997-11-28,656.63,656.63,665.93,652.96,665.93,0
1997-12-01,657.48,657.48,657.48,646.79,654.08,0
1997-12-02,654.99,654.99,657.33,654.17,655.42,0
1997-12-03,656.15,656.15,659.99,653.58,655.52,0
1997-12-04,649.08,649.08,658.24,648.12,650.09,0
1997-12-05,639.22,639.22,651.62,639.22,649.6,0
1997-12-08,637.73,637.73,641.93,636.28,641.03,0
1997-12-09,627.11,627.11,639.32,625.06,637.56,0
1997-12-10,620.9,620.9,624.72,618.19,623.09,0
1997-12-11,615.84,615.84,618.95,606.21,618.31,0
1997-12-12,615.29,615.29,620.85,614.65,616.42,0
1997-12-15,620.73,620.73,621.02,611.15,615.44,0
1997-12-16,629.12,629.12,631.48,622.24,622.24,0
1997-12-17,639.4,639.4,639.41,633.83,633.83,0
1997-12-18,637.83,637.83,645.23,637.13,638.03,0
1997-12-19,646.63,646.63,646.64,636.62,636.62,0
1997-12-22,658.94,658.94,660.85,646.72,646.78,0
1997-12-23,662.23,662.23,667.55,658.99,658.99,0
1997-12-24,658.32,658.32,662.25,649.22,662.25,0
1997-12-26,662.22,662.22,664.53,658.34,658.34,0
1997-12-29,673.96,673.96,674.02,662.23,662.23,0
1997-12-30,665.12,665.12,674.02,663.27,673.96,0
1997-12-31,667.41,667.41,675.14,664.13,665.1,0
1998-01-01,676.38,676.38,678.54,667.39,667.43,0
1998-01-02,682.23,682.23,684.45,676.4,676.4,0
1998-01-05,690.53,690.53,696.6,682.23,682.23,0
1998-01-06,685.44,685.44,690.55,680.28,688.19,0
1998-01-07,680.56,680.56,689.46,676.98,685.45,0
1998-01-08,664.9,664.9,680.55,664.9,680.55,0
1998-01-09,648.5,648.5,664.89,647.16,664.89,0
1998-01-12,628.52,628.52,648.48,628.07,648.47,0
1998-01-13,634.07,634.07,641.49,628.52,628.52,0
1998-01-14,631.05,631.05,641.35,627.72,634.11,0
1998-01-15,626.26,626.26,632.78,618.72,630.99,0
1998-01-16,628.93,628.93,632.25,624.29,626.31,0
1998-01-19,641.65,641.65,641.78,628.35,629.01,0
1998-01-20,636.28,636.28,646.31,635.88,641.68,0
1998-01-21,630.88,630.88,637.06,630.8,636.3,0
1998-01-22,623.66,623.66,630.89,621.97,630.87,0
1998-01-23,617.89,617.89,623.67,616.62,623.66,0
1998-01-27,605.23,605.23,618.04,604.59,617.9,0
1998-01-28,594.85,594.85,608.85,593.96,605.19,0
1998-01-29,594.38,594.38,595.75,588.33,595.69,0
1998-02-02,613.55,613.55,614.66,594.46,594.5,0
1998-02-03,611.81,611.81,614.99,608.79,613.61,0
1998-02-04,605.65,605.65,617.11,604.82,611.81,0
1998-02-05,609.36,609.36,611.52,605.62,605.66,0
1998-02-06,608.43,608.43,610.27,606.22,609.42,0
1998-02-09,605.38,605.38,612.34,605.17,608.49,0
1998-02-10,600.66,600.66,606.05,600.21,605.37,0
1998-02-11,597.62,597.62,603.78,596.97,600.66,0
1998-02-12,597.91,597.91,598.28,592.89,597.66,0
1998-02-13,606.29,606.29,606.55,597.92,597.92,0
1998-02-16,620.41,620.41,620.79,605.61,606.27,0
1998-02-17,614.39,614.39,621.2,614.32,620.43,0
1998-02-18,613.34,613.34,618.52,611.61,614.55,0
1998-02-19,619.01,619.01,620.36,613.5,613.5,0
1998-02-20,617.22,617.22,623.07,616.1,619.32,0
1998-02-23,628.34,628.34,628.37,617.81,618.03,0
1998-02-24,629.67,629.67,629.89,626.71,628.35,0
1998-02-26,647.57,647.57,649.26,629.77,629.77,0
1998-02-27,657.86,657.86,660.22,647.64,647.64,0
1998-03-02,685.25,685.25,686.79,657.74,657.85,0
1998-03-03,661.63,661.63,685.33,655.34,685.22,0
1998-03-04,678.72,678.72,679.93,661.64,661.64,0
1998-03-05,672.89,672.89,683.34,671.66,678.69,0
1998-03-06,671.53,671.53,673.55,666.61,672.74,0
1998-03-09,687.02,687.02,687.61,671.58,671.58,0
1998-03-10,684.16,684.16,690.53,682.17,687.03,0
1998-03-11,676.07,676.07,684.28,667.0,684.08,0
1998-03-12,669.95,669.95,675.97,667.65,675.97,0
1998-03-16,683.22,683.22,690.39,670.45,670.52,0
1998-03-17,683.48,683.48,683.48,674.53,683.03,0
1998-03-18,691.94,691.94,694.57,683.4,683.4,0
1998-03-19,692.57,692.57,697.27,688.46,692.05,0
1998-03-20,696.65,696.65,697.53,687.21,692.52,0
1998-03-23,722.34,722.34,723.66,696.79,696.79,0
1998-03-24,719.01,719.01,727.9,717.87,722.44,0
1998-03-25,726.34,726.34,728.81,711.94,718.79,0
1998-03-26,714.85,714.85,733.73,713.45,726.39,0
1998-03-27,718.09,718.09,719.72,709.81,714.81,0
1998-03-30,718.65,718.65,733.29,718.23,718.23,0
1998-03-31,715.54,715.54,721.24,713.94,718.7,0
1998-04-01,732.57,732.57,733.2,715.54,715.56,0
1998-04-02,735.15,735.15,744.21,732.61,732.61,0
1998-04-03,744.36,744.36,744.58,735.16,735.16,0
1998-04-06,764.99,764.99,767.47,744.4,744.4,0
1998-04-07,773.47,773.47,777.11,763.96,764.85,0
1998-04-08,775.22,775.22,780.26,766.45,773.69,0
1998-04-10,778.01,778.01,788.56,774.67,775.49,0
1998-04-13,765.78,765.78,775.01,756.63,764.54,0
1998-04-15,793.48,793.48,796.0,765.85,765.85,0
1998-04-16,780.71,780.71,799.55,780.71,793.37,0
1998-04-17,788.11,788.11,788.56,775.13,780.67,0
1998-04-20,798.61,798.61,812.32,788.47,788.47,0
1998-04-21,815.62,815.62,815.62,798.59,798.59,0
1998-04-22,793.18,793.18,825.07,793.18,815.65,0
1998-04-23,774.95,774.95,795.15,773.38,792.85,0
1998-04-24,761.8,761.8,777.15,750.19,774.97,0
1998-04-27,767.28,767.28,779.72,761.92,761.92,0
1998-04-29,746.84,746.84,767.92,745.49,767.16,0
1998-04-30,755.7,755.7,755.73,736.85,746.69,0
1998-05-04,783.23,783.23,783.45,755.75,755.75,0
1998-05-05,786.76,786.76,787.55,780.96,783.29,0
1998-05-06,770.28,770.28,787.14,769.04,786.76,0
1998-05-08,761.04,761.04,770.26,759.69,770.26,0
1998-05-12,747.68,747.68,761.05,745.05,760.94,0
1998-05-13,715.42,715.42,747.73,714.63,747.73,0
1998-05-14,738.9,738.9,738.9,708.47,715.37,0
1998-05-15,730.22,730.22,743.78,728.15,738.81,0
1998-05-18,745.85,745.85,750.89,730.31,730.31,0
1998-05-19,751.82,751.82,751.86,745.57,745.85,0
1998-05-20,764.19,764.19,765.25,751.86,751.86,0
1998-05-21,749.74,749.74,766.18,746.55,764.23,0
1998-05-22,747.6,747.6,752.85,744.65,749.74,0
1998-05-25,753.74,753.74,757.45,746.4,747.26,0
1998-05-26,749.96,749.96,756.55,749.12,753.77,0
1998-05-27,739.06,739.06,749.34,737.62,749.34,0
1998-05-28,730.22,730.22,744.79,728.68,738.72,0
1998-05-29,723.86,723.86,732.64,704.85,729.88,0
1998-06-01,723.97,723.97,754.06,723.68,724.52,0
1998-06-02,705.03,705.03,725.15,699.22,723.86,0
1998-06-03,704.46,704.46,704.98,684.52,704.74,0
1998-06-04,695.61,695.61,708.52,694.82,704.47,0
1998-06-05,664.89,664.89,695.56,664.21,695.56,0
1998-06-08,654.0,654.0,670.47,628.96,667.09,0
1998-06-09,664.48,664.48,666.46,646.88,654.02,0
1998-06-10,635.09,635.09,664.45,634.67,664.11,0
1998-06-11,639.52,639.52,639.75,616.26,637.04,0
1998-06-12,642.28,642.28,654.5,639.36,639.54,0
1998-06-15,607.26,607.26,641.98,607.06,641.39,0
1998-06-16,603.21,603.21,606.85,573.93,606.85,0
1998-06-17,642.34,642.34,642.46,604.37,604.37,0
1998-06-18,625.29,625.29,648.93,625.16,642.49,0
1998-06-19,598.01,598.01,625.12,594.65,625.12,0
1998-06-22,584.86,584.86,598.01,567.47,598.01,0
1998-06-23,578.17,578.17,584.53,567.33,584.53,0
1998-06-24,600.82,600.82,600.95,578.15,578.15,0
1998-06-25,612.0,612.0,617.04,600.85,600.85,0
1998-06-26,607.56,607.56,613.8,604.67,612.06,0
1998-06-29,631.1,631.1,631.28,607.23,607.81,0
1998-06-30,624.4,624.4,633.6,620.09,631.02,0
1998-07-01,616.57,616.57,623.97,607.23,623.97,0
1998-07-02,608.78,608.78,616.85,607.46,616.55,0
1998-07-03,591.05,591.05,608.88,590.58,608.88,0
1998-07-06,608.17,608.17,608.32,591.05,591.07,0
1998-07-07,614.61,614.61,620.55,608.29,608.29,0
1998-07-08,622.43,622.43,627.16,614.66,614.66,0
1998-07-09,633.09,633.09,636.34,622.76,622.76,0
1998-07-10,643.04,643.04,644.1,633.14,633.14,0
1998-07-13,634.75,634.75,655.17,634.36,643.11,0
1998-07-14,642.16,642.16,642.38,634.75,634.78,0
1998-07-15,644.01,644.01,651.01,640.41,642.36,0
1998-07-16,662.66,662.66,662.81,642.89,644.03,0
1998-07-17,659.41,659.41,667.47,657.04,662.81,0
1998-07-20,646.87,646.87,660.64,645.92,659.59,0
1998-07-21,641.28,641.28,651.13,637.35,646.88,0
1998-07-22,639.22,639.22,644.74,634.9,641.31,0
1998-07-23,619.13,619.13,639.07,617.64,639.07,0
1998-07-24,610.32,610.32,619.05,606.95,619.05,0
1998-07-27,599.24,599.24,616.64,598.11,610.41,0
1998-07-28,613.78,613.78,614.27,599.14,599.49,0
1998-07-29,622.31,622.31,625.0,613.73,613.77,0
1998-07-30,622.44,622.44,630.96,618.88,622.36,0
1998-07-31,621.7,621.7,625.2,617.7,622.49,0
1998-08-03,606.14,606.14,621.71,605.38,621.71,0
1998-08-04,605.62,605.62,610.2,604.24,606.21,0
1998-08-05,611.36,611.36,611.8,598.33,605.36,0
1998-08-06,607.7,607.7,616.37,606.69,611.37,0
1998-08-07,606.66,606.66,610.71,605.31,607.73,0
1998-08-10,600.61,600.61,606.64,599.91,606.64,0
1998-08-11,592.72,592.72,600.57,591.67,600.57,0
1998-08-12,587.35,587.35,594.72,584.23,592.69,0
1998-08-13,592.77,592.77,597.04,582.25,587.21,0
1998-08-14,590.66,590.66,596.76,589.45,592.86,0
1998-08-17,583.99,583.99,595.09,583.99,590.87,0
1998-08-18,573.02,573.02,584.4,571.41,584.06,0
1998-08-19,579.01,579.01,585.31,573.0,573.0,0
1998-08-20,596.02,596.02,596.58,579.05,579.44,0
1998-08-21,588.96,588.96,596.72,587.5,595.89,0
1998-08-24,591.62,591.62,592.44,583.65,588.89,0
1998-08-25,600.11,600.11,600.95,591.62,591.62,0
1998-08-27,601.35,601.35,612.54,600.12,600.12,0
1998-08-28,587.43,587.43,601.32,585.92,601.32,0
1998-08-31,589.53,589.53,591.61,581.45,587.67,0
1998-09-01,574.82,574.82,589.5,573.9,589.5,0
1998-09-02,580.75,580.75,583.21,574.84,574.84,0
1998-09-03,583.32,583.32,586.59,578.29,580.77,0
1998-09-04,590.67,590.67,591.69,583.57,583.57,0
1998-09-07,603.06,603.06,604.15,590.7,590.7,0
1998-09-08,608.81,608.81,610.27,599.25,603.11,0
1998-09-09,611.75,611.75,620.04,608.92,609.25,0
1998-09-10,611.4,611.4,614.71,609.05,611.66,0
1998-09-11,604.91,604.91,611.39,600.57,611.39,0
1998-09-14,617.24,617.24,617.25,605.32,605.32,0
1998-09-15,618.88,618.88,619.22,614.88,617.01,0
1998-09-16,617.31,617.31,626.02,616.61,619.04,0
1998-09-17,616.06,616.06,621.6,614.81,617.38,0
1998-09-18,612.81,612.81,615.82,609.69,615.82,0
1998-09-21,612.14,612.14,618.03,612.06,612.84,0
1998-09-22,612.37,612.37,615.17,608.32,612.29,0
1998-09-23,622.28,622.28,622.39,612.67,612.67,0
1998-09-24,635.49,635.49,636.36,622.39,622.39,0
1998-09-25,636.04,636.04,641.43,634.48,635.82,0
1998-09-28,634.64,634.64,640.84,632.42,636.07,0
1998-09-29,622.17,622.17,637.22,618.89,634.65,0
1998-09-30,622.94,622.94,625.14,616.88,622.23,0
1998-10-05,582.12,582.12,622.5,581.74,622.04,0
1998-10-06,585.66,585.66,586.17,569.72,582.12,0
1998-10-07,604.76,604.76,605.1,585.67,585.67,0
1998-10-08,587.32,587.32,611.02,587.24,605.13,0
1998-10-09,589.84,589.84,595.4,585.48,587.56,0
1998-10-12,579.63,579.63,594.4,576.64,590.02,0
1998-10-13,567.39,567.39,579.1,562.73,579.1,0
1998-10-14,581.43,581.43,583.23,566.97,567.69,0
1998-10-15,578.15,578.15,583.55,576.64,581.56,0
1998-10-16,578.36,578.36,582.88,573.03,578.18,0
1998-10-19,572.79,572.79,578.6,572.02,578.45,0
1998-10-20,557.68,557.68,572.79,554.56,572.78,0
1998-10-22,561.77,561.77,567.31,557.86,557.86,0
1998-10-23,563.56,563.56,565.84,557.37,561.67,0
1998-10-26,585.94,585.94,589.79,563.56,563.56,0
1998-10-27,584.08,584.08,587.45,578.53,586.05,0
1998-10-28,576.6,576.6,591.79,576.4,584.22,0
1998-10-29,576.99,576.99,577.07,569.32,576.58,0
1998-10-30,570.6,570.6,578.49,570.51,577.13,0
1998-10-31,569.19,569.19,570.57,566.59,570.57,0
1998-11-02,566.17,566.17,571.44,562.34,569.34,0
1998-11-03,564.0,564.0,567.47,562.39,566.16,0
1998-11-05,568.84,568.84,569.83,564.15,564.15,0
1998-11-06,574.14,574.14,574.37,569.04,569.04,0
1998-11-09,587.77,587.77,591.04,574.62,574.62,0
1998-11-10,591.13,591.13,591.33,584.99,587.78,0
1998-11-11,589.63,589.63,599.54,589.58,591.23,0
1998-11-12,592.49,592.49,592.52,582.83,589.64,0
1998-11-13,588.54,588.54,594.91,588.26,592.1,0
1998-11-16,582.33,582.33,588.06,581.96,588.06,0
1998-11-17,586.5,586.5,586.86,582.02,582.45,0
1998-11-18,597.14,597.14,597.73,586.54,586.54,0
1998-11-19,591.62,591.62,599.5,591.29,597.18,0
1998-11-20,587.63,587.63,593.84,586.32,591.62,0
1998-11-21,587.54,587.54,587.54,587.54,587.54,0
1998-11-23,580.12,580.12,587.71,578.84,587.71,0
1998-11-24,576.82,576.82,581.98,576.1,580.13,0
1998-11-26,565.56,565.56,578.08,564.19,576.78,0
1998-11-27,557.97,557.97,565.54,556.89,565.54,0
1998-11-28,556.98,556.98,561.29,553.62,557.97,0
1998-11-30,561.9,561.9,561.95,551.14,556.98,0
1998-12-01,560.75,560.75,564.42,559.0,561.9,0
1998-12-02,564.12,564.12,566.38,560.78,560.78,0
1998-12-03,562.18,562.18,565.22,561.04,564.13,0
1998-12-04,567.73,567.73,567.77,559.94,562.16,0
1998-12-07,578.44,578.44,578.79,567.73,567.73,0
1998-12-08,581.79,581.79,582.28,574.66,578.43,0
1998-12-09,583.57,583.57,588.11,581.76,581.81,0
1998-12-10,586.37,586.37,589.46,583.59,583.59,0
1998-12-11,589.99,589.99,591.61,586.38,586.38,0
1998-12-14,585.63,585.63,592.51,584.76,590.01,0
1998-12-15,574.3,574.3,585.67,573.02,585.62,0
1998-12-16,578.48,578.48,578.65,569.81,574.31,0
1998-12-17,565.69,565.69,578.41,564.56,578.41,0
1998-12-18,569.23,569.23,570.56,564.09,565.7,0
1998-12-21,585.45,585.45,585.46,569.27,569.27,0
1998-12-22,583.32,583.32,588.01,580.55,585.47,0
1998-12-23,585.3,585.3,593.84,583.33,583.33,0
1998-12-24,586.43,586.43,587.37,583.18,585.29,0
1998-12-28,600.7,600.7,602.05,586.47,586.47,0
1998-12-29,598.78,598.78,603.22,595.4,600.69,0
1998-12-30,618.37,618.37,620.08,598.89,598.89,0
1998-12-31,609.06,609.06,622.5,609.06,618.37,0
1999-01-01,613.95,613.95,614.02,608.23,609.06,0
1999-01-04,620.19,620.19,624.44,614.0,614.0,0
1999-01-05,627.2,627.2,627.2,617.4,620.22,0
1999-01-06,641.87,641.87,643.08,627.27,627.27,0
1999-01-07,654.89,654.89,659.35,641.92,641.92,0
1999-01-08,673.88,673.88,674.0,654.99,654.99,0
1999-01-11,678.24,678.24,694.9,673.97,673.97,0
1999-01-12,664.78,664.78,678.19,658.77,678.19,0
1999-01-13,667.73,667.73,681.61,664.86,664.86,0
1999-01-14,664.69,664.69,673.81,660.28,667.65,0
1999-01-15,651.37,651.37,674.11,650.42,664.75,0
1999-01-18,655.86,655.86,655.86,642.72,651.37,0
1999-01-19,642.39,642.39,659.58,640.89,655.86,0
1999-01-21,670.8,670.8,670.81,642.43,642.43,0
1999-01-22,666.89,666.89,681.58,666.15,670.82,0
1999-01-25,664.04,664.04,666.97,653.5,666.86,0
1999-01-27,683.86,683.86,690.67,664.08,664.08,0
1999-01-28,670.62,670.62,688.98,669.89,683.87,0
1999-01-29,673.88,673.88,675.53,665.95,670.62,0
1999-02-01,655.42,655.42,673.85,655.42,673.85,0
1999-02-02,645.38,645.38,655.48,642.49,655.42,0
1999-02-03,662.0,662.0,662.19,645.38,645.38,0
1999-02-04,652.79,652.79,666.0,650.68,662.01,0
1999-02-05,650.01,650.01,654.98,645.73,652.81,0
1999-02-08,638.44,638.44,653.1,637.81,650.04,0
1999-02-09,642.2,642.2,644.13,631.7,638.42,0
1999-02-10,664.22,664.22,664.29,642.3,642.3,0
1999-02-11,666.94,666.94,672.88,664.25,664.25,0
1999-02-12,674.11,674.11,675.67,666.96,666.96,0
1999-02-15,664.56,664.56,679.85,664.51,674.13,0
1999-02-16,670.26,670.26,671.77,663.35,664.54,0
1999-02-17,681.42,681.42,685.93,669.03,670.29,0
1999-02-18,683.01,683.01,693.74,681.44,681.44,0
1999-02-19,683.2,683.2,689.11,682.39,683.08,0
1999-02-22,665.8,665.8,684.57,665.25,683.21,0
1999-02-23,660.79,660.79,665.77,655.07,665.77,0
1999-02-24,669.7,669.7,671.06,660.83,660.83,0
1999-02-25,668.9,668.9,674.14,668.22,669.71,0
1999-02-26,660.7,660.7,669.87,657.86,668.91,0
1999-02-27,687.4,687.4,688.26,656.01,660.74,0
1999-03-01,707.84,707.84,708.73,687.38,687.38,0
1999-03-03,730.39,730.39,744.48,707.96,707.96,0
1999-03-04,719.76,719.76,734.68,712.69,730.4,0
1999-03-05,727.96,727.96,731.91,715.63,719.76,0
1999-03-08,735.01,735.01,743.08,727.71,728.0,0
1999-03-09,738.71,738.71,742.19,734.72,735.01,0
1999-03-10,747.78,747.78,757.61,736.94,738.89,0
1999-03-11,732.18,732.18,753.17,731.53,747.8,0
1999-03-12,742.91,742.91,743.6,731.26,732.19,0
1999-03-15,746.99,746.99,754.11,741.67,742.85,0
1999-03-16,736.74,736.74,750.91,734.19,746.99,0
1999-03-17,741.94,741.94,760.25,736.85,736.85,0
1999-03-18,755.27,755.27,755.65,739.89,741.95,0
1999-03-19,746.46,746.46,761.67,742.73,755.31,0
1999-03-20,747.0,747.0,747.44,741.57,746.41,0
1999-03-22,749.79,749.79,751.48,735.89,747.0,0
1999-03-23,751.95,751.95,758.25,748.98,749.76,0
1999-03-24,749.95,749.95,768.92,739.66,751.93,0
1999-03-25,746.27,746.27,753.59,743.84,749.95,0
1999-03-26,732.71,732.71,747.83,727.01,746.28,0
1999-03-30,736.35,736.35,736.47,722.59,732.68,0
1999-03-31,758.25,758.25,762.96,736.27,736.35,0
1999-04-01,752.64,752.64,764.19,749.38,758.25,0
1999-04-05,714.77,714.77,752.5,713.87,752.5,0
1999-04-06,716.75,716.75,718.01,696.1,714.75,0
1999-04-07,722.41,722.41,731.19,716.77,716.79,0
1999-04-08,714.7,714.7,726.06,711.84,722.42,0
1999-04-09,694.27,694.27,715.55,692.39,714.7,0
1999-04-12,694.32,694.32,696.87,677.88,694.26,0
1999-04-13,689.01,689.01,695.48,685.24,694.29,0
1999-04-15,667.99,667.99,688.85,666.09,688.85,0
1999-04-16,718.73,718.73,718.94,663.92,668.02,0
1999-04-17,667.77,667.77,737.36,663.33,718.9,0
1999-04-19,684.81,684.81,688.36,659.57,667.63,0
1999-04-20,686.55,686.55,691.92,678.88,684.83,0
1999-04-21,691.76,691.76,694.61,686.56,686.56,0
1999-04-22,680.56,680.56,700.45,674.81,691.76,0
1999-04-23,678.81,678.81,687.12,670.31,680.59,0
1999-04-26,640.97,640.97,678.72,639.72,678.72,0
1999-04-28,648.67,648.67,649.7,627.8,640.88,0
1999-04-29,667.67,667.67,668.21,648.67,648.67,0
1999-04-30,680.6,680.6,681.66,667.29,667.68,0
1999-05-03,676.25,676.25,687.01,675.32,680.59,0
1999-05-04,702.94,702.94,703.51,676.15,676.23,0
1999-05-05,714.36,714.36,722.55,702.96,703.09,0
1999-05-06,727.58,727.58,728.09,714.24,714.36,0
1999-05-07,737.1,737.1,743.76,727.63,727.63,0
1999-05-10,755.44,755.44,755.66,737.1,737.23,0
1999-05-11,766.63,766.63,768.89,755.46,755.46,0
1999-05-12,756.68,756.68,780.91,742.75,766.66,0
1999-05-13,778.65,778.65,779.62,756.8,756.8,0
1999-05-14,788.25,788.25,792.14,777.12,778.75,0
1999-05-17,776.92,776.92,791.46,760.75,788.2,0
1999-05-18,783.32,783.32,791.3,776.8,776.88,0
1999-05-19,802.09,802.09,805.66,783.55,783.55,0
1999-05-20,797.24,797.24,815.56,794.6,802.08,0
1999-05-21,781.83,781.83,802.55,778.55,797.33,0
1999-05-24,782.99,782.99,784.58,772.5,781.77,0
1999-05-25,788.08,788.08,789.91,780.4,782.95,0
1999-05-26,775.83,775.83,798.71,768.39,788.1,0
1999-05-27,751.89,751.89,784.07,751.89,775.83,0
1999-05-28,739.66,739.66,752.33,720.48,751.87,0
1999-05-31,772.28,772.28,772.63,739.63,739.63,0
1999-06-01,764.61,764.61,774.94,758.06,772.24,0
1999-06-02,768.43,768.43,770.81,757.53,764.59,0
1999-06-03,776.87,776.87,779.53,768.41,768.41,0
1999-06-04,786.69,786.69,789.98,776.87,776.87,0
1999-06-07,787.14,787.14,799.4,782.61,786.7,0
1999-06-08,800.03,800.03,808.62,775.3,787.15,0
1999-06-09,793.41,793.41,805.39,792.46,800.51,0
1999-06-10,795.86,795.86,802.26,793.43,793.43,0
1999-06-11,782.38,782.38,795.98,781.58,795.88,0
1999-06-14,769.54,769.54,782.17,757.0,782.17,0
1999-06-15,761.08,761.08,777.96,759.46,769.57,0
1999-06-16,778.12,778.12,779.94,756.99,761.12,0
1999-06-17,792.2,792.2,795.25,778.24,778.24,0
1999-06-18,790.45,790.45,799.05,789.34,793.1,0
1999-06-21,807.92,807.92,808.25,790.59,790.59,0
1999-06-22,816.86,816.86,817.38,806.01,807.88,0
1999-06-23,805.76,805.76,823.26,805.37,816.88,0
1999-06-24,799.34,799.34,805.94,794.74,805.82,0
1999-06-25,798.49,798.49,810.09,796.21,799.48,0
1999-06-28,807.96,807.96,809.4,798.94,798.94,0
1999-06-29,807.74,807.74,812.47,804.24,807.98,0
1999-06-30,806.12,806.12,809.53,802.27,807.79,0
1999-07-01,804.03,804.03,812.9,800.75,806.46,0
1999-07-02,811.65,811.65,814.98,804.07,804.13,0
1999-07-05,833.23,833.23,833.83,811.68,811.68,0
1999-07-06,842.68,842.68,843.44,833.26,833.26,0
1999-07-07,845.57,845.57,854.99,842.76,842.76,0
1999-07-08,845.35,845.35,850.48,842.66,845.93,0
1999-07-09,856.24,856.24,859.32,845.38,845.38,0
1999-07-12,898.3,898.3,899.76,856.24,856.24,0
1999-07-13,899.81,899.81,912.85,896.25,898.76,0
1999-07-14,914.51,914.51,914.58,894.6,899.87,0
1999-07-15,896.49,896.49,929.44,892.03,915.02,0
1999-07-16,903.86,903.86,905.4,891.26,896.81,0
1999-07-19,921.43,921.43,926.32,904.33,904.33,0
1999-07-20,900.38,900.38,921.44,892.79,921.44,0
1999-07-21,917.65,917.65,921.4,892.52,900.42,0
1999-07-22,924.53,924.53,932.23,916.7,916.7,0
1999-07-23,917.16,917.16,931.43,916.09,924.54,0
1999-07-26,909.66,909.66,917.34,904.94,917.3,0
1999-07-27,901.75,901.75,910.17,896.47,909.77,0
1999-07-28,913.18,913.18,918.99,901.8,901.83,0
1999-07-29,912.31,912.31,918.45,905.72,913.56,0
1999-07-30,905.03,905.03,912.31,901.24,912.31,0
1999-08-02,888.85,888.85,905.29,886.51,904.78,0
1999-08-03,892.19,892.19,892.59,884.0,888.87,0
1999-08-04,918.13,918.13,919.97,892.27,892.27,0
1999-08-05,914.87,914.87,930.8,910.64,918.27,0
1999-08-06,914.54,914.54,916.78,910.83,914.95,0
1999-08-09,925.81,925.81,928.9,913.35,914.99,0
1999-08-10,916.73,916.73,926.14,913.11,926.14,0
1999-08-11,922.53,922.53,931.69,909.0,916.3,0
1999-08-12,924.13,924.13,930.85,922.54,922.54,0
1999-08-13,915.69,915.69,928.82,913.85,924.22,0
1999-08-16,932.06,932.06,935.66,915.81,916.23,0
1999-08-17,949.6,949.6,949.63,932.09,932.09,0
1999-08-18,978.12,978.12,984.09,949.7,949.7,0
1999-08-19,962.35,962.35,987.42,958.81,978.31,0
1999-08-20,968.58,968.58,968.6,953.31,962.69,0
1999-08-23,983.32,983.32,989.26,968.67,968.67,0
1999-08-24,993.46,993.46,993.46,983.35,983.49,0
1999-08-25,982.3,982.3,1011.29,961.99,993.54,0
1999-08-26,1001.2,1001.2,1002.17,982.32,982.32,0
1999-08-27,1007.45,1007.45,1013.47,1001.23,1001.23,0
1999-08-30,1005.95,1005.95,1017.91,1005.71,1007.46,0
1999-08-31,999.66,999.66,1007.13,997.13,1006.03,0
1999-09-01,994.02,994.02,1011.3,990.88,999.72,0
1999-09-02,971.62,971.62,993.65,969.39,993.65,0
1999-09-03,972.18,972.18,978.94,969.24,971.29,0
1999-09-06,983.42,983.42,983.48,971.69,972.19,0
1999-09-07,978.15,978.15,990.15,976.58,983.64,0
1999-09-08,993.97,993.97,1000.75,979.13,979.13,0
1999-09-09,991.74,991.74,998.6,988.78,993.93,0
1999-09-10,990.85,990.85,994.95,987.89,992.28,0
1999-09-14,983.19,983.19,996.54,976.78,990.91,0
1999-09-15,983.7,983.7,997.45,983.24,983.24,0
1999-09-16,967.46,967.46,987.13,966.81,983.7,0
1999-09-17,975.81,975.81,979.02,956.31,967.44,0
1999-09-20,976.34,976.34,989.56,975.78,975.88,0
1999-09-21,974.05,974.05,982.89,969.44,976.33,0
1999-09-22,1001.35,1001.35,1009.01,973.94,974.01,0
1999-09-23,1017.43,1017.43,1018.64,1001.4,1001.4,0
1999-09-24,1028.96,1028.96,1035.73,1016.75,1017.38,0
1999-09-27,1015.13,1015.13,1043.03,1014.64,1029.69,0
1999-09-28,1007.22,1007.22,1015.0,994.82,1015.0,0
1999-09-29,1031.36,1031.36,1039.53,1007.36,1007.36,0
1999-09-30,1025.11,1025.11,1042.65,1023.98,1031.44,0
1999-10-01,1015.63,1015.63,1027.54,1003.99,1026.03,0
1999-10-04,988.11,988.11,1019.31,987.96,1015.68,0
1999-10-05,1000.5,1000.5,1000.5,981.52,988.09,0
1999-10-06,1012.27,1012.27,1031.99,1000.46,1000.46,0
1999-10-07,1065.83,1065.83,1068.81,1013.88,1013.88,0
1999-10-08,1079.72,1079.72,1090.71,1064.75,1065.83,0
1999-10-11,1080.8,1080.8,1099.67,1079.78,1079.78,0
1999-10-12,1091.49,1091.49,1093.31,1079.12,1080.88,0
1999-10-13,1106.49,1106.49,1113.5,1080.25,1091.56,0
1999-10-14,1114.91,1114.91,1129.99,1106.71,1106.71,0
1999-10-15,1072.58,1072.58,1121.01,1070.53,1114.91,0
1999-10-18,1080.15,1080.15,1086.14,1059.55,1072.76,0
1999-10-20,1107.07,1107.07,1121.05,1080.61,1080.61,0
1999-10-21,1081.62,1081.62,1121.51,1080.09,1106.98,0
1999-10-22,1068.73,1068.73,1081.59,1059.1,1081.59,0
1999-10-23,1079.39,1079.39,1079.47,1068.15,1068.68,0
1999-10-25,1048.81,1048.81,1079.4,1043.46,1079.4,0
1999-10-26,1052.24,1052.24,1057.61,1035.78,1049.46,0
1999-10-27,1047.55,1047.55,1070.7,1037.56,1054.27,0
1999-10-28,1008.74,1008.74,1047.55,1006.3,1047.55,0
1999-10-29,972.62,972.62,1010.85,954.53,1008.8,0
1999-11-01,919.65,919.65,974.79,917.59,972.66,0
1999-11-02,970.76,970.76,971.16,893.78,919.65,0
1999-11-03,965.75,965.75,988.27,950.37,970.81,0
1999-11-04,973.43,973.43,976.8,957.66,965.89,0
1999-11-05,994.7,994.7,996.99,973.53,973.53,0
1999-11-07,998.48,998.48,1008.75,994.71,994.71,0
1999-11-09,1004.21,1004.21,1005.07,981.17,999.75,0
1999-11-10,1021.05,1021.05,1023.18,1004.22,1004.22,0
1999-11-11,1008.92,1008.92,1024.92,1008.1,1021.95,0
1999-11-12,1005.93,1005.93,1009.84,998.9,1008.88,0
1999-11-15,997.02,997.02,1008.93,996.73,1005.99,0
1999-11-16,996.82,996.82,998.22,989.44,996.71,0
1999-11-17,992.35,992.35,1014.93,992.32,996.83,0
1999-11-18,995.22,995.22,1000.4,982.12,994.43,0
1999-11-19,998.09,998.09,1008.21,995.44,995.78,0
1999-11-22,1009.2,1009.2,1009.54,994.94,999.63,0
1999-11-24,1030.34,1030.34,1037.53,1009.27,1009.27,0
1999-11-25,1037.16,1037.16,1044.91,1030.32,1030.32,0
1999-11-26,1037.18,1037.18,1044.97,1036.92,1037.21,0
1999-11-29,1040.13,1040.13,1046.84,1035.51,1037.22,0
1999-11-30,1039.09,1039.09,1043.87,1034.8,1040.13,0
1999-12-01,1048.49,1048.49,1064.44,1039.29,1039.29,0
1999-12-02,1064.57,1064.57,1072.28,1048.65,1048.65,0
1999-12-03,1073.87,1073.87,1083.78,1065.3,1065.3,0
1999-12-06,1098.43,1098.43,1100.74,1073.93,1073.93,0
1999-12-07,1107.65,1107.65,1110.35,1098.46,1098.46,0
1999-12-08,1099.12,1099.12,1137.52,1083.6,1107.8,0
1999-12-09,1110.18,1110.18,1111.6,1093.35,1098.58,0
1999-12-10,1115.6,1115.6,1123.91,1110.23,1110.95,0
1999-12-13,1117.21,1117.21,1131.23,1113.44,1115.87,0
1999-12-14,1108.61,1108.61,1126.08,1100.16,1117.59,0
1999-12-15,1103.74,1103.74,1112.31,1082.54,1108.85,0
1999-12-16,1126.95,1126.95,1132.45,1103.98,1103.98,0
1999-12-17,1132.04,1132.04,1149.86,1127.03,1127.03,0
1999-12-20,1144.53,1144.53,1152.72,1132.19,1132.19,0
1999-12-21,1146.81,1146.81,1160.88,1142.08,1144.43,0
1999-12-22,1193.68,1193.68,1197.13,1150.05,1150.05,0
1999-12-23,1198.64,1198.64,1215.27,1193.79,1193.82,0
1999-12-24,1178.92,1178.92,1202.46,1170.34,1199.3,0
1999-12-27,1152.41,1152.41,1181.0,1150.91,1178.89,0
1999-12-28,1167.98,1167.98,1168.05,1143.4,1153.04,0
1999-12-29,1192.85,1192.85,1199.62,1168.07,1168.07,0
1999-12-30,1205.01,1205.01,1213.11,1192.89,1192.89,0
2000-01-03,1291.53,1291.53,1291.65,1205.69,1205.69,0
2000-01-04,1335.45,1335.45,1335.77,1292.49,1292.49,0
2000-01-05,1303.78,1303.78,1347.63,1279.01,1335.36,0
2000-01-06,1306.6,1306.6,1331.54,1299.79,1321.33,0
2000-01-07,1276.29,1276.29,1306.53,1270.46,1306.53,0
2000-01-10,1283.54,1283.54,1311.67,1272.64,1276.51,0
2000-01-11,1236.82,1236.82,1295.33,1217.12,1283.67,0
2000-01-12,1277.08,1277.08,1277.1,1236.69,1236.69,0
2000-01-13,1262.78,1262.78,1302.35,1259.04,1278.44,0
2000-01-14,1262.04,1262.04,1272.96,1240.46,1263.11,0
2000-01-17,1269.34,1269.34,1293.67,1262.26,1262.26,0
2000-01-18,1267.1,1267.1,1278.01,1251.75,1269.84,0
2000-01-19,1293.37,1293.37,1303.31,1267.19,1267.19,0
2000-01-20,1284.1,1284.1,1313.78,1282.4,1293.36,0
2000-01-21,1311.07,1311.07,1311.19,1280.95,1284.1,0
2000-01-24,1312.58,1312.58,1334.86,1309.12,1311.38,0
2000-01-25,1313.39,1313.39,1322.96,1302.55,1312.6,0
2000-01-27,1337.57,1337.57,1355.61,1318.99,1319.11,0
2000-01-28,1360.07,1360.07,1366.25,1337.43,1337.52,0
2000-01-31,1316.25,1316.25,1366.92,1306.87,1359.98,0
2000-02-01,1335.19,1335.19,1336.52,1309.9,1316.33,0
2000-02-02,1376.3,1376.3,1389.09,1335.87,1335.87,0
2000-02-03,1407.7,1407.7,1410.37,1376.38,1376.38,0
2000-02-04,1428.36,1428.36,1444.45,1407.76,1407.76,0
2000-02-07,1438.39,1438.39,1455.5,1428.83,1428.83,0
2000-02-08,1437.95,1437.95,1465.47,1435.19,1438.57,0
2000-02-09,1468.2,1468.2,1494.76,1438.44,1438.44,0
2000-02-10,1508.44,1508.44,1509.07,1469.87,1469.87,0
2000-02-11,1541.92,1541.92,1562.71,1509.51,1509.51,0
2000-02-14,1543.92,1543.92,1577.25,1531.62,1551.5,0
2000-02-15,1541.39,1541.39,1563.06,1508.6,1543.92,0
2000-02-16,1575.75,1575.75,1597.65,1541.68,1541.68,0
2000-02-17,1633.22,1633.22,1637.69,1575.78,1575.78,0
2000-02-18,1653.86,1653.86,1680.36,1633.42,1633.42,0
2000-02-21,1706.96,1706.96,1714.02,1653.88,1653.88,0
2000-02-22,1667.2,1667.2,1759.14,1664.23,1707.03,0
2000-02-23,1612.65,1612.65,1703.8,1607.29,1674.97,0
2000-02-24,1614.46,1614.46,1627.51,1581.17,1612.72,0
2000-02-25,1556.85,1556.85,1621.44,1548.14,1614.73,0
2000-02-28,1558.83,1558.83,1569.19,1498.68,1557.09,0
2000-02-29,1486.63,1486.63,1620.08,1466.31,1559.01,0
2000-03-01,1563.46,1563.46,1568.8,1483.11,1486.97,0
2000-03-02,1583.23,1583.23,1633.82,1563.56,1563.56,0
2000-03-03,1531.51,1531.51,1607.4,1517.85,1582.89,0
2000-03-06,1552.07,1552.07,1585.39,1531.48,1531.62,0
2000-03-07,1530.21,1530.21,1579.75,1519.65,1552.32,0
2000-03-08,1523.92,1523.92,1584.77,1510.34,1531.83,0
2000-03-09,1471.44,1471.44,1549.28,1449.04,1524.13,0
2000-03-10,1446.15,1446.15,1517.25,1431.22,1472.33,0
2000-03-13,1388.63,1388.63,1485.78,1384.39,1446.16,0
2000-03-14,1368.31,1368.31,1389.32,1327.61,1388.72,0
2000-03-15,1371.58,1371.58,1386.73,1330.94,1370.01,0
2000-03-16,1326.71,1326.71,1371.63,1319.59,1371.63,0
2000-03-21,1300.18,1300.18,1341.4,1291.8,1327.19,0
2000-03-22,1334.82,1334.82,1355.43,1293.05,1298.27,0
2000-03-23,1332.77,1332.77,1379.71,1319.68,1335.12,0
2000-03-24,1362.35,1362.35,1364.93,1326.75,1332.87,0
2000-03-27,1371.95,1371.95,1390.79,1357.83,1362.36,0
2000-03-28,1386.04,1386.04,1387.48,1345.1,1372.03,0
2000-03-29,1396.47,1396.47,1425.38,1386.17,1386.17,0
2000-03-30,1358.67,1358.67,1396.36,1326.21,1396.36,0
2000-03-31,1322.91,1322.91,1357.17,1301.32,1357.17,0
2000-04-03,1287.99,1287.99,1337.95,1283.72,1322.94,0
2000-04-04,1197.22,1197.22,1287.82,1193.22,1287.82,0
2000-04-05,1194.88,1194.88,1224.74,1154.64,1196.69,0
2000-04-06,1205.34,1205.34,1225.09,1134.53,1195.15,0
2000-04-07,1284.79,1284.79,1284.93,1205.54,1205.54,0
2000-04-10,1344.13,1344.13,1356.14,1285.02,1285.02,0
2000-04-11,1355.33,1355.33,1364.28,1284.85,1343.95,0
2000-04-12,1334.21,1334.21,1363.2,1330.48,1355.24,0
2000-04-13,1275.25,1275.25,1331.99,1260.99,1331.99,0
2000-04-17,1196.17,1196.17,1275.2,1186.7,1275.2,0
2000-04-18,1158.06,1158.06,1215.19,1153.37,1196.34,0
2000-04-19,1127.66,1127.66,1199.77,1107.14,1159.54,0
2000-04-20,1122.91,1122.91,1128.62,1064.85,1127.36,0
2000-04-24,1081.04,1081.04,1129.43,1080.96,1123.08,0
2000-04-25,1065.9,1065.9,1080.63,1028.92,1080.63,0
2000-04-26,1118.87,1118.87,1124.39,1066.05,1066.05,0
2000-04-27,1087.41,1087.41,1123.59,1081.32,1118.8,0
2000-04-28,1067.61,1067.61,1097.69,1059.62,1087.44,0
2000-05-02,994.9,994.9,1072.88,990.71,1069.17,0
2000-05-03,969.63,969.63,993.63,928.71,993.63,0
2000-05-04,1022.33,1022.33,1023.36,968.19,969.67,0
2000-05-05,1066.02,1066.02,1073.27,1023.16,1023.16,0
2000-05-08,1018.75,1018.75,1094.65,1015.84,1066.03,0
2000-05-09,1040.31,1040.31,1041.52,985.65,1018.69,0
2000-05-10,1014.24,1014.24,1048.72,1011.14,1042.4,0
2000-05-11,962.76,962.76,1014.17,951.71,1014.17,0
2000-05-12,926.38,926.38,974.1,924.06,962.79,0
2000-05-15,935.77,935.77,952.68,872.93,925.62,0
2000-05-16,938.77,938.77,945.76,925.71,935.93,0
2000-05-17,937.24,937.24,975.13,928.07,940.54,0
2000-05-18,927.66,927.66,939.43,918.23,936.88,0
2000-05-19,906.75,906.75,927.09,893.88,927.09,0
2000-05-22,869.96,869.96,906.71,869.22,906.71,0
2000-05-23,871.41,871.41,872.83,849.78,868.77,0
2000-05-24,876.19,876.19,882.85,851.3,871.34,0
2000-05-25,884.61,884.61,900.25,876.88,876.88,0
2000-05-26,888.33,888.33,890.71,868.54,884.51,0
2000-05-29,908.66,908.66,915.24,881.84,887.56,0
2000-05-30,941.3,941.3,941.61,908.8,908.8,0
2000-05-31,967.6,967.6,991.35,945.76,945.76,0
2000-06-01,949.11,949.11,967.58,947.25,967.58,0
2000-06-02,979.0,979.0,985.65,949.34,949.34,0
2000-06-05,1001.3,1001.3,1037.49,980.21,980.21,0
2000-06-06,1020.66,1020.66,1021.37,991.33,1001.38,0
2000-06-07,1027.86,1027.86,1046.48,1018.12,1021.37,0
2000-06-08,1051.59,1051.59,1056.59,1028.18,1028.18,0
2000-06-09,1046.8,1046.8,1062.27,1042.55,1051.89,0
2000-06-12,1029.94,1029.94,1054.57,1029.34,1046.25,0
2000-06-13,1027.59,1027.59,1033.99,1005.73,1030.38,0
2000-06-14,1039.98,1039.98,1052.05,1025.95,1029.01,0
2000-06-15,1049.96,1049.96,1054.54,1028.54,1040.01,0
2000-06-16,1079.7,1079.7,1080.86,1047.71,1048.35,0
2000-06-19,1097.11,1097.11,1107.54,1079.83,1079.83,0
2000-06-20,1109.46,1109.46,1115.64,1097.39,1097.39,0
2000-06-21,1077.38,1077.38,1130.43,1076.17,1109.27,0
2000-06-22,1088.63,1088.63,1090.82,1069.48,1077.69,0
2000-06-23,1066.49,1066.49,1089.39,1060.02,1088.54,0
2000-06-26,1061.89,1061.89,1066.78,1031.84,1066.45,0
2000-06-27,1058.59,1058.59,1073.84,1055.12,1061.9,0
2000-06-28,1073.22,1073.22,1073.67,1046.34,1056.42,0
2000-06-29,1079.79,1079.79,1095.47,1073.42,1073.42,0
2000-06-30,1073.7,1073.7,1080.72,1063.46,1079.77,0
2000-07-03,1096.11,1096.11,1096.49,1073.82,1073.82,0
2000-07-04,1104.88,1104.88,1110.53,1095.13,1096.06,0
2000-07-05,1110.15,1110.15,1121.86,1104.98,1104.98,0
2000-07-06,1101.83,1101.83,1110.05,1093.3,1110.05,0
2000-07-07,1097.82,1097.82,1107.59,1094.74,1101.84,0
2000-07-10,1091.39,1091.39,1103.64,1087.81,1098.04,0
2000-07-11,1086.84,1086.84,1096.97,1085.66,1091.53,0
2000-07-12,1108.87,1108.87,1109.31,1083.57,1087.05,0
2000-07-13,1091.05,1091.05,1126.66,1087.84,1108.89,0
2000-07-14,1084.91,1084.91,1103.68,1081.99,1091.67,0
2000-07-17,1065.55,1065.55,1088.13,1064.71,1084.59,0
2000-07-18,1054.21,1054.21,1068.31,1049.29,1065.57,0
2000-07-19,1035.2,1035.2,1057.32,1032.47,1054.79,0
2000-07-20,1026.52,1026.52,1037.43,1019.24,1035.22,0
2000-07-21,1005.36,1005.36,1036.82,1004.51,1026.58,0
2000-07-24,938.93,938.93,1005.31,938.64,1005.31,0
2000-07-25,977.58,977.58,979.97,908.46,939.33,0
2000-07-26,949.15,949.15,991.17,949.07,978.38,0
2000-07-27,968.67,968.67,969.36,928.15,949.13,0
2000-07-28,965.53,965.53,982.51,958.32,968.63,0
2000-07-31,959.72,959.72,965.47,948.62,965.47,0
2000-08-01,951.95,951.95,965.7,947.9,959.78,0
2000-08-02,955.76,955.76,957.45,941.95,951.95,0
2000-08-03,942.94,942.94,959.9,942.52,955.73,0
2000-08-04,925.12,925.12,950.85,918.47,943.03,0
2000-08-07,921.68,921.68,931.03,913.93,925.75,0
2000-08-08,948.85,948.85,949.57,921.79,921.79,0
2000-08-09,957.24,957.24,968.87,948.97,948.97,0
2000-08-10,940.44,940.44,968.39,935.71,957.29,0
2000-08-11,931.54,931.54,940.68,925.14,940.54,0
2000-08-14,936.83,936.83,937.47,918.28,932.05,0
2000-08-16,964.66,964.66,966.52,937.28,937.28,0
2000-08-17,957.67,957.67,972.96,953.79,964.74,0
2000-08-18,972.68,972.68,976.1,955.17,957.77,0
2000-08-21,985.84,985.84,988.78,972.68,972.68,0
2000-08-22,993.6,993.6,1002.93,986.07,986.07,0
2000-08-23,992.59,992.59,1005.0,990.3,993.59,0
2000-08-24,1007.97,1007.97,1009.02,990.68,992.97,0
2000-08-25,1009.68,1009.68,1019.12,1005.82,1007.98,0
2000-08-28,1002.09,1002.09,1014.04,1000.66,1009.69,0
2000-08-29,1004.01,1004.01,1005.85,994.52,1001.59,0
2000-08-30,1013.7,1013.7,1019.68,1004.52,1004.52,0
2000-08-31,1026.45,1026.45,1027.14,1010.28,1013.68,0
2000-09-04,1051.66,1051.66,1053.86,1026.83,1026.83,0
2000-09-05,1051.86,1051.86,1056.32,1045.89,1051.7,0
2000-09-06,1059.25,1059.25,1063.39,1044.62,1052.74,0
2000-09-07,1062.55,1062.55,1070.6,1051.21,1059.19,0
2000-09-08,1070.45,1070.45,1073.79,1062.6,1062.6,0
2000-09-11,1069.4,1069.4,1084.75,1068.67,1070.46,0
2000-09-12,1074.88,1074.88,1078.07,1063.92,1069.64,0
2000-09-13,1067.77,1067.77,1089.81,1064.6,1074.9,0
2000-09-14,1060.74,1060.74,1076.29,1053.92,1067.77,0
2000-09-15,1028.33,1028.33,1061.88,1024.95,1059.75,0
2000-09-18,981.56,981.56,1027.52,978.82,1027.52,0
2000-09-19,958.97,958.97,988.95,933.8,980.62,0
2000-09-20,978.57,978.57,981.99,948.97,959.15,0
2000-09-21,961.12,961.12,978.69,960.56,978.61,0
2000-09-22,914.27,914.27,961.03,910.46,961.03,0
2000-09-25,951.64,951.64,952.24,915.01,915.01,0
2000-09-26,929.25,929.25,953.03,918.39,951.57,0
2000-09-27,942.76,942.76,945.82,910.32,928.95,0
2000-09-28,922.96,922.96,947.8,919.49,942.65,0
2000-09-29,925.39,925.39,935.58,920.24,922.99,0
2000-10-03,927.38,927.38,928.9,908.01,925.28,0
2000-10-04,936.17,936.17,939.13,922.37,927.36,0
2000-10-05,924.79,924.79,944.89,924.64,936.25,0
2000-10-06,922.81,922.81,925.65,906.12,924.76,0
2000-10-09,905.24,905.24,923.14,904.77,922.83,0
2000-10-10,880.27,880.27,910.81,879.51,905.24,0
2000-10-11,858.04,858.04,879.06,851.0,878.51,0
2000-10-12,865.03,865.03,867.14,844.2,858.01,0
2000-10-13,840.4,840.4,864.83,834.84,864.83,0
2000-10-16,843.12,843.12,875.19,840.4,840.4,0
2000-10-17,825.21,825.21,842.64,814.6,842.64,0
2000-10-18,809.01,809.01,825.3,798.75,825.3,0
2000-10-19,841.45,841.45,842.03,791.37,808.87,0
2000-10-20,844.48,844.48,864.76,841.57,841.57,0
2000-10-23,818.69,818.69,847.01,817.9,844.76,0
2000-10-24,825.49,825.49,825.65,809.46,817.94,0
2000-10-25,851.1,851.1,853.74,825.56,825.62,0
2000-10-26,854.79,854.79,854.94,844.77,851.05,0
2000-10-27,854.07,854.07,858.51,846.15,854.85,0
2000-10-30,842.52,842.52,857.52,839.79,854.16,0
2000-10-31,851.05,851.05,851.7,832.81,842.57,0
2000-11-01,866.5,866.5,870.13,853.17,853.17,0
2000-11-02,879.49,879.49,880.13,865.87,866.89,0
2000-11-03,892.26,892.26,896.4,879.53,879.53,0
2000-11-06,890.05,890.05,904.6,887.33,892.27,0
2000-11-07,894.91,894.91,895.56,885.01,889.62,0
2000-11-08,913.26,913.26,917.13,894.86,894.86,0
2000-11-09,912.08,912.08,916.67,904.97,913.01,0
2000-11-10,892.83,892.83,913.37,890.31,912.08,0
2000-11-13,863.19,863.19,892.69,861.12,892.69,0
2000-11-14,891.04,891.04,894.37,862.33,863.14,0
2000-11-15,896.73,896.73,913.18,891.27,891.27,0
2000-11-16,892.37,892.37,903.93,888.09,896.76,0
2000-11-17,892.86,892.86,894.92,880.2,892.29,0
2000-11-20,899.02,899.02,902.98,890.24,892.87,0
2000-11-21,899.97,899.97,900.48,889.14,898.9,0
2000-11-22,888.35,888.35,907.95,888.11,899.99,0
2000-11-23,888.58,888.58,890.91,877.7,888.13,0
2000-11-24,894.74,894.74,895.75,888.57,888.59,0
2000-11-27,918.72,918.72,918.76,894.8,894.8,0
2000-11-28,925.63,925.63,929.39,914.05,918.73,0
2000-11-29,924.92,924.92,932.91,915.12,925.42,0
2000-11-30,920.92,920.92,928.26,919.18,924.89,0
2000-12-01,936.25,936.25,938.19,914.24,920.89,0
2000-12-04,933.92,933.92,946.29,933.23,936.26,0
2000-12-05,947.12,947.12,949.53,933.92,933.92,0
2000-12-06,954.74,954.74,973.49,947.2,947.2,0
2000-12-07,959.9,959.9,964.07,952.03,954.88,0
2000-12-08,973.79,973.79,975.54,960.26,960.26,0
2000-12-11,987.42,987.42,988.46,973.8,973.8,0
2000-12-12,987.56,987.56,995.21,984.8,987.43,0
2000-12-13,1006.54,1006.54,1008.35,987.58,987.58,0
2000-12-14,995.08,995.08,1013.19,993.1,1006.54,0
2000-12-15,959.77,959.77,994.95,955.72,994.95,0
2000-12-18,963.03,963.03,968.74,944.15,958.8,0
2000-12-19,950.78,950.78,966.58,947.7,963.08,0
2000-12-20,942.54,942.54,952.32,934.68,951.81,0
2000-12-21,929.32,929.32,942.46,912.1,942.46,0
2000-12-22,890.54,890.54,938.63,888.49,929.38,0
2000-12-26,865.32,865.32,895.88,859.65,890.55,0
2000-12-27,886.38,886.38,888.57,861.59,865.33,0
2000-12-28,899.0,899.0,899.71,886.43,886.43,0
2000-12-29,912.84,912.84,913.59,891.44,899.02,0
2001-01-01,907.76,907.76,922.06,903.02,912.83,0
2001-01-02,922.0,922.0,922.48,902.22,907.77,0
2001-01-03,929.09,929.09,930.53,910.71,921.86,0
2001-01-04,946.76,946.76,963.4,929.1,929.1,0
2001-01-05,962.74,962.74,964.48,946.24,946.72,0
2001-01-08,940.55,940.55,964.67,937.47,962.77,0
2001-01-09,944.46,944.46,953.05,937.85,940.48,0
2001-01-10,932.63,932.63,955.9,931.95,944.44,0
2001-01-11,919.63,919.63,940.03,917.98,932.72,0
2001-01-12,925.07,925.07,933.09,917.43,919.64,0
2001-01-15,923.75,923.75,929.4,915.35,925.09,0
2001-01-16,925.53,925.53,931.39,919.91,923.84,0
2001-01-17,928.3,928.3,936.96,923.05,928.18,0
2001-01-18,938.07,938.07,938.8,928.32,928.32,0
2001-01-19,963.5,963.5,964.88,938.11,938.11,0
2001-01-22,971.31,971.31,974.16,963.57,963.57,0
2001-01-23,973.88,973.88,977.98,968.4,971.3,0
2001-01-24,984.85,984.85,985.27,973.24,973.92,0
2001-01-25,985.55,985.55,988.26,972.42,984.86,0
2001-01-29,959.87,959.87,985.53,944.68,985.53,0
2001-01-30,987.13,987.13,988.08,959.89,959.89,0
2001-01-31,981.2,981.2,999.68,979.55,989.94,0
2001-02-01,965.97,965.97,981.14,955.79,981.14,0
2001-02-02,984.91,984.91,990.93,965.69,965.95,0
2001-02-05,990.83,990.83,997.56,982.2,984.86,0
2001-02-06,996.85,996.85,1001.75,990.83,990.83,0
2001-02-07,989.59,989.59,1002.97,987.96,996.99,0
2001-02-08,1008.77,1008.77,1009.81,984.77,989.56,0
2001-02-09,1016.8,1016.8,1026.2,1008.81,1008.81,0
2001-02-12,1019.59,1019.59,1023.99,1011.67,1016.81,0
2001-02-13,1008.44,1008.44,1025.81,1005.91,1019.6,0
2001-02-14,1008.65,1008.65,1011.97,998.66,1008.46,0
2001-02-15,1022.15,1022.15,1025.48,1008.65,1008.65,0
2001-02-16,992.93,992.93,1028.46,990.4,1022.18,0
2001-02-19,996.14,996.14,1002.01,982.0,993.03,0
2001-02-20,993.53,993.53,999.48,989.49,996.15,0
2001-02-21,982.05,982.05,995.19,976.31,993.57,0
2001-02-22,967.97,967.97,982.01,949.59,982.01,0
2001-02-23,936.81,936.81,972.54,936.29,967.99,0
2001-02-26,933.79,933.79,943.62,922.37,937.14,0
2001-02-27,913.87,913.87,940.85,901.68,933.83,0
2001-02-28,950.53,950.53,962.11,904.99,913.33,0
2001-03-01,950.21,950.21,981.94,941.47,950.58,0
2001-03-02,905.3,905.3,969.78,901.43,950.66,0
2001-03-05,878.8,878.8,908.29,865.17,896.3,0
2001-03-07,891.6,891.6,903.71,859.65,897.61,0
2001-03-08,888.11,888.11,903.79,882.37,894.24,0
2001-03-09,852.54,852.54,857.87,833.77,856.0,0
2001-03-12,802.49,802.49,847.69,800.84,840.01,0
2001-03-13,748.92,748.92,800.08,731.38,762.92,0
2001-03-14,786.93,786.93,792.69,739.17,743.58,0
2001-03-15,807.56,807.56,809.02,773.33,776.4,0
2001-03-16,791.43,791.43,819.6,783.51,797.86,0
2001-03-19,788.38,788.38,798.45,779.49,790.01,0
2001-03-20,777.44,777.44,792.02,769.62,788.42,0
2001-03-21,797.18,797.18,797.18,764.38,772.64,0
2001-03-22,779.68,779.68,801.4,779.44,793.22,0
2001-03-23,762.25,762.25,786.57,749.68,786.38,0
2001-03-26,762.07,762.07,763.95,750.67,760.47,0
2001-03-27,773.96,773.96,778.7,759.61,761.28,0
2001-03-28,794.66,794.66,797.54,784.99,784.99,0
2001-03-29,783.15,783.15,793.67,778.35,786.02,0
2001-03-30,754.18,754.18,779.28,751.51,778.61,0
2001-04-02,739.59,739.59,741.22,712.82,733.04,0
2001-04-03,747.52,747.52,751.0,733.64,734.93,0
2001-04-04,738.2,738.2,740.65,728.03,735.91,0
2001-04-06,734.4,734.4,762.6,732.72,753.74,0
2001-04-09,732.28,732.28,737.63,724.86,733.4,0
2001-04-10,715.46,715.46,733.1,708.12,733.1,0
2001-04-11,686.45,686.45,721.89,682.29,721.89,0
2001-04-12,662.59,662.59,682.25,645.71,682.25,0
2001-04-16,681.3,681.3,681.3,651.8,660.55,0
2001-04-17,698.84,698.84,702.3,677.25,677.5,0
2001-04-18,731.04,731.04,731.18,699.71,699.71,0
2001-04-19,748.05,748.05,769.2,736.89,750.0,0
2001-04-20,754.13,754.13,760.54,740.51,758.32,0
2001-04-23,754.65,754.65,765.01,750.29,752.58,0
2001-04-24,763.83,763.83,764.04,745.84,750.66,0
2001-04-25,767.8,767.8,776.42,761.5,765.04,0
2001-04-26,757.93,757.93,779.5,757.66,777.34,0
2001-04-27,724.0,724.0,735.71,715.57,735.71,0
2001-04-30,746.2,746.2,746.2,722.24,725.76,0
2001-05-02,753.2,753.2,767.34,752.4,756.75,0
2001-05-03,750.46,750.46,759.49,745.69,754.78,0
2001-05-04,758.1,758.1,759.13,744.69,744.69,0
2001-05-07,767.33,767.33,771.01,763.6,764.61,0
2001-05-08,778.81,778.81,778.81,767.97,767.98,0
2001-05-09,766.42,766.42,782.4,766.42,781.54,0
2001-05-10,765.85,765.85,770.15,761.03,766.04,0
2001-05-11,762.77,762.77,766.58,757.94,764.4,0
2001-05-14,762.68,762.68,765.44,756.49,761.54,0
2001-05-15,764.53,764.53,764.9,731.69,761.73,0
2001-05-16,769.55,769.55,776.53,766.9,766.9,0
2001-05-17,787.52,787.52,787.93,775.57,775.57,0
2001-05-18,786.92,786.92,793.22,783.98,789.5,0
2001-05-21,785.31,785.31,793.65,785.31,787.6,0
2001-05-22,790.93,790.93,793.41,787.99,790.67,0
2001-05-23,799.75,799.75,801.72,790.9,790.9,0
2001-05-24,799.7,799.7,807.59,797.19,798.41,0
2001-05-25,798.19,798.19,804.19,792.98,803.22,0
2001-05-28,810.64,810.64,811.93,798.83,799.36,0
2001-05-29,814.94,814.94,816.9,812.42,812.42,0
2001-05-30,796.37,796.37,819.79,795.63,816.06,0
2001-05-31,791.0,791.0,791.0,779.31,790.33,0
2001-06-01,779.72,779.72,795.5,778.27,791.97,0
2001-06-04,759.93,759.93,782.27,759.07,781.97,0
2001-06-05,751.81,751.81,762.99,746.4,758.24,0
2001-06-06,755.75,755.75,764.62,754.11,755.53,0
2001-06-07,754.39,754.39,755.73,739.2,755.48,0
2001-06-08,764.4,764.4,764.71,754.91,755.2,0
2001-06-11,764.83,764.83,768.34,760.03,764.2,0
2001-06-12,764.29,764.29,765.2,758.43,762.03,0
2001-06-13,766.31,766.31,770.8,765.36,766.31,0
2001-06-14,754.0,754.0,765.65,752.91,763.92,0
2001-06-15,737.2,737.2,748.6,733.78,748.6,0
2001-06-18,731.86,731.86,733.11,717.07,733.11,0
2001-06-19,739.93,739.93,739.93,726.83,730.9,0
2001-06-20,735.93,735.93,740.7,730.41,740.7,0
2001-06-21,733.69,733.69,738.3,730.49,736.37,0
2001-06-22,723.35,723.35,733.93,719.92,733.93,0
2001-06-25,699.31,699.31,717.09,698.28,717.09,0
2001-06-26,716.98,716.98,721.16,692.15,694.6,0
2001-06-27,719.5,719.5,727.57,712.47,718.06,0
2001-06-28,717.46,717.46,723.23,714.87,719.22,0
2001-06-29,725.86,725.86,731.87,715.86,718.71,0
2001-07-02,719.27,719.27,731.78,718.74,727.77,0
2001-07-03,701.29,701.29,710.8,700.99,710.75,0
2001-07-04,701.99,701.99,704.63,693.66,702.47,0
2001-07-05,699.0,699.0,705.16,698.14,705.16,0
2001-07-06,696.37,696.37,696.44,691.89,694.55,0
2001-07-09,691.22,691.22,693.55,687.35,689.03,0
2001-07-10,698.34,698.34,703.24,695.43,695.43,0
2001-07-11,706.68,706.68,706.95,698.39,698.61,0
2001-07-12,723.87,723.87,723.87,708.93,708.93,0
2001-07-13,718.99,718.99,733.27,717.69,729.78,0
2001-07-16,719.38,719.38,726.48,717.27,719.41,0
2001-07-17,717.52,717.52,718.18,711.42,713.63,0
2001-07-18,716.81,716.81,720.79,713.66,718.03,0
2001-07-19,711.17,711.17,713.02,705.76,713.02,0
2001-07-20,705.15,705.15,714.49,702.98,713.55,0
2001-07-23,700.82,700.82,702.43,695.97,702.43,0
2001-07-24,695.79,695.79,697.56,693.05,695.81,0
2001-07-25,687.87,687.87,693.52,686.65,693.37,0
2001-07-26,681.75,681.75,688.56,679.8,688.53,0
2001-07-27,681.47,681.47,685.96,679.46,681.26,0
2001-07-30,687.22,687.22,687.8,681.24,681.24,0
2001-07-31,697.03,697.03,697.03,684.23,687.88,0
2001-08-01,693.29,693.29,699.1,691.14,697.29,0
2001-08-02,697.42,697.42,697.88,693.01,694.18,0
2001-08-03,702.0,702.0,704.15,698.44,698.44,0
2001-08-06,702.31,702.31,707.32,701.11,701.11,0
2001-08-07,698.42,698.42,704.69,698.36,702.12,0
2001-08-08,696.1,696.1,698.63,693.67,693.67,0
2001-08-09,694.64,694.64,695.32,691.01,694.38,0
2001-08-10,691.36,691.36,698.14,690.65,695.04,0
2001-08-13,687.25,687.25,693.73,685.95,692.95,0
2001-08-14,695.27,695.27,696.54,688.09,688.09,0
2001-08-16,698.26,698.26,700.85,694.8,694.8,0
2001-08-17,691.89,691.89,701.84,691.32,699.42,0
2001-08-20,690.13,690.13,690.13,686.62,689.54,0
2001-08-21,690.37,690.37,693.08,689.91,689.91,0
2001-08-23,691.76,691.76,693.21,690.3,690.39,0
2001-08-24,694.57,694.57,694.95,690.79,693.41,0
2001-08-27,698.98,698.98,701.7,697.98,697.98,0
2001-08-28,697.82,697.82,701.42,695.71,699.1,0
2001-08-29,695.66,695.66,697.78,694.46,694.87,0
2001-08-30,695.08,695.08,697.85,692.81,695.04,0
2001-08-31,684.18,684.18,695.1,684.18,695.1,0
2001-09-03,679.59,679.59,688.78,678.3,686.84,0
2001-09-04,683.3,683.3,685.07,676.84,679.41,0
2001-09-05,675.75,675.75,679.98,674.01,678.67,0
2001-09-06,669.92,669.92,676.31,666.87,675.8,0
2001-09-07,671.3,671.3,672.17,662.84,665.64,0
2001-09-10,667.84,667.84,673.25,667.84,669.04,0
2001-09-11,666.03,666.03,671.73,663.76,668.16,0
2001-09-12,640.67,640.67,641.33,624.47,626.31,0
2001-09-13,632.14,632.14,644.36,631.17,639.22,0
2001-09-14,595.51,595.51,632.5,582.04,632.5,0
2001-09-17,556.25,556.25,576.58,550.07,576.58,0
2001-09-18,574.19,574.19,584.41,555.66,555.66,0
2001-09-19,576.51,576.51,582.17,576.47,578.22,0
2001-09-20,570.4,570.4,570.69,551.82,570.69,0
2001-09-21,545.83,545.83,556.67,541.79,555.16,0
2001-09-24,560.58,560.58,563.18,547.73,547.73,0
2001-09-25,553.52,553.52,576.1,553.43,569.63,0
2001-09-26,565.51,565.51,565.91,554.0,554.37,0
2001-09-27,568.17,568.17,570.18,561.41,565.34,0
2001-09-28,583.54,583.54,589.03,568.67,568.67,0
2001-10-01,579.5,579.5,585.64,577.44,584.18,0
2001-10-03,568.55,568.55,581.82,568.38,579.89,0
2001-10-04,578.61,578.61,581.27,575.16,576.27,0
2001-10-05,580.32,580.32,580.64,574.18,577.07,0
2001-10-08,571.45,571.45,573.45,560.38,567.26,0
2001-10-09,577.52,577.52,579.34,573.39,573.39,0
2001-10-10,593.25,593.25,594.32,581.23,581.23,0
2001-10-11,602.41,602.41,605.36,600.22,600.22,0
2001-10-12,605.37,605.37,612.52,604.21,605.92,0
2001-10-15,605.86,605.86,607.71,601.54,602.29,0
2001-10-16,614.66,614.66,615.31,606.11,606.11,0
2001-10-17,626.17,626.17,627.96,619.39,619.39,0
2001-10-18,615.33,615.33,623.86,614.91,619.65,0
2001-10-19,620.61,620.61,622.26,616.21,616.21,0
2001-10-22,623.88,623.88,633.86,622.78,623.04,0
2001-10-23,633.95,633.95,633.95,629.2,629.2,0
2001-10-24,632.72,632.72,637.84,629.44,637.29,0
2001-10-25,628.96,628.96,635.11,626.41,634.55,0
2001-10-29,628.14,628.14,637.07,626.97,633.64,0
2001-10-30,617.46,617.46,622.6,616.51,622.6,0
2001-10-31,622.2,622.2,624.33,614.2,615.23,0
2001-11-01,633.18,633.18,635.29,626.14,627.23,0
2001-11-02,632.86,632.86,642.76,632.35,636.55,0
2001-11-05,633.73,633.73,639.29,631.97,635.85,0
2001-11-06,643.4,643.4,646.61,638.31,638.31,0
2001-11-07,635.67,635.67,651.35,634.64,647.78,0
2001-11-08,642.39,642.39,642.9,635.07,637.53,0
2001-11-09,646.23,646.23,647.85,643.73,644.77,0
2001-11-12,651.06,651.06,652.41,646.87,647.53,0
2001-11-13,647.9,647.9,651.93,642.77,650.3,0
2001-11-14,654.38,654.38,654.9,647.87,647.87,0
2001-11-15,669.65,669.65,669.66,654.33,656.32,0
2001-11-19,690.13,690.13,695.37,673.24,673.24,0
2001-11-20,682.29,682.29,700.51,679.93,691.89,0
2001-11-21,689.87,689.87,690.83,680.16,682.18,0
2001-11-22,695.15,695.15,704.45,689.71,689.71,0
2001-11-23,692.34,692.34,703.79,691.03,697.07,0
2001-11-26,711.21,711.21,712.27,698.72,698.72,0
2001-11-27,710.04,710.04,722.49,707.91,720.56,0
2001-11-28,704.32,704.32,712.95,701.21,709.95,0
2001-11-29,703.2,703.2,703.2,695.23,701.0,0
2001-12-03,705.46,705.46,708.84,701.73,702.58,0
2001-12-04,718.88,718.88,718.88,706.53,706.53,0
2001-12-05,737.99,737.99,740.69,726.34,726.34,0
2001-12-06,737.17,737.17,760.76,735.49,748.37,0
2001-12-07,742.79,742.79,747.2,738.72,740.97,0
2001-12-10,742.21,742.21,750.67,740.72,745.0,0
2001-12-11,737.52,737.52,751.17,736.45,740.72,0
2001-12-12,739.46,739.46,748.96,736.76,742.1,0
2001-12-13,729.42,729.42,744.65,711.74,740.03,0
2001-12-14,723.65,723.65,726.47,719.9,726.47,0
2001-12-18,715.43,715.43,731.27,711.55,729.63,0
2001-12-19,700.87,700.87,720.05,700.24,720.05,0
2001-12-20,704.0,704.0,705.12,692.63,700.95,0
2001-12-21,693.26,693.26,698.44,685.92,698.44,0
2001-12-24,697.08,697.08,697.08,677.97,685.98,0
2001-12-26,681.75,681.75,702.18,681.75,694.7,0
2001-12-27,668.92,668.92,685.21,666.95,683.3,0
2001-12-28,682.72,682.72,683.93,663.95,670.08,0
2001-12-31,700.54,700.54,701.78,686.35,686.35,0
2002-01-01,698.91,698.91,711.31,695.3,704.43,0
2002-01-02,704.49,704.49,706.8,698.53,699.75,0
2002-01-03,712.91,712.91,713.17,706.13,708.73,0
2002-01-04,727.49,727.49,729.52,718.71,718.71,0
2002-01-07,731.26,731.26,738.8,730.25,730.86,0
2002-01-08,735.99,735.99,739.72,729.05,733.96,0
2002-01-09,725.47,725.47,741.14,723.54,738.11,0
2002-01-10,718.39,718.39,726.69,718.11,721.94,0
2002-01-11,710.05,710.05,721.74,699.55,717.08,0
2002-01-14,727.37,727.37,734.38,719.89,719.89,0
2002-01-15,720.77,720.77,730.18,718.2,729.56,0
2002-01-16,723.13,723.13,727.79,716.74,726.07,0
2002-01-17,730.86,730.86,734.05,713.0,713.2,0
2002-01-18,721.05,721.05,735.59,721.05,735.59,0
2002-01-21,723.38,723.38,728.27,720.02,720.02,0
2002-01-22,722.27,722.27,727.23,721.58,724.04,0
2002-01-23,720.93,720.93,726.06,720.79,722.25,0
2002-01-24,717.55,717.55,727.56,716.47,725.06,0
2002-01-25,715.58,715.58,719.95,712.82,719.19,0
2002-01-28,709.86,709.86,720.47,709.45,716.42,0
2002-01-29,711.21,711.21,713.18,708.75,711.11,0
2002-01-30,707.12,707.12,707.4,702.38,706.08,0
2002-01-31,714.52,714.52,716.7,709.15,709.15,0
2002-02-01,719.08,719.08,725.15,718.7,718.7,0
2002-02-04,722.84,722.84,725.17,720.27,724.19,0
2002-02-05,723.78,723.78,724.51,717.72,718.89,0
2002-02-06,753.15,753.15,753.79,731.05,731.05,0
2002-02-07,746.1,746.1,763.45,745.85,761.77,0
2002-02-08,758.52,758.52,761.35,748.91,748.91,0
2002-02-11,765.2,765.2,773.3,764.28,768.4,0
2002-02-12,766.31,766.31,774.18,762.61,771.94,0
2002-02-13,769.34,769.34,773.32,767.37,768.09,0
2002-02-14,781.04,781.04,781.14,775.23,776.02,0
2002-02-15,787.55,787.55,791.88,784.83,785.03,0
2002-02-18,793.76,793.76,796.38,784.08,794.0,0
2002-02-19,783.2,783.2,796.83,781.32,796.41,0
2002-02-20,775.08,775.08,781.22,772.41,778.7,0
2002-02-21,779.69,779.69,784.95,778.97,780.52,0
2002-02-22,788.14,788.14,789.35,778.17,778.22,0
2002-02-25,790.26,790.26,790.53,784.12,788.52,0
2002-02-26,806.32,806.32,806.59,790.39,790.39,0
2002-02-27,801.48,801.48,815.33,799.46,808.2,0
2002-02-28,767.62,767.62,809.23,764.46,804.18,0
2002-03-01,790.12,790.12,793.42,767.91,771.18,0
2002-03-04,797.21,797.21,805.65,792.37,805.3,0
2002-03-05,798.12,798.12,805.86,795.42,804.68,0
2002-03-06,794.71,794.71,802.23,789.5,799.69,0
2002-03-07,806.84,806.84,806.84,799.48,800.51,0
2002-03-08,803.37,803.37,809.32,801.07,809.32,0
2002-03-11,791.5,791.5,806.7,789.75,806.7,0
2002-03-12,779.4,779.4,791.95,776.45,791.95,0
2002-03-13,784.85,784.85,790.3,777.35,777.35,0
2002-03-14,787.15,787.15,789.75,783.35,784.25,0
2002-03-15,795.85,795.85,797.6,788.65,788.65,0
2002-03-18,798.05,798.05,806.1,795.1,799.3,0
2002-03-19,785.65,785.65,799.75,784.65,798.75,0
2002-03-20,787.15,787.15,789.85,782.95,787.1,0
2002-03-21,781.3,781.3,787.95,780.1,785.95,0
2002-03-22,777.65,777.65,785.0,776.25,782.6,0
2002-03-26,770.1,770.1,779.4,769.35,777.6,0
2002-03-27,770.7,770.7,777.3,769.3,770.3,0
2002-03-28,775.5,775.5,780.55,774.1,775.5,0
2002-04-01,786.1,786.1,788.5,779.95,780.4,0
2002-04-02,783.9,783.9,793.0,781.9,786.75,0
2002-04-03,777.55,777.55,782.65,776.35,781.9,0
2002-04-04,791.7,791.7,793.35,781.1,781.1,0
2002-04-05,792.8,792.8,798.35,791.7,796.55,0
2002-04-08,789.5,789.5,798.4,788.7,796.95,0
2002-04-09,785.9,785.9,792.2,782.15,790.3,0
2002-04-10,793.3,793.3,794.1,785.15,786.4,0
2002-04-11,799.2,799.2,802.95,797.5,797.5,0
2002-04-12,801.6,801.6,804.95,797.5,797.5,0
2002-04-15,792.65,792.65,805.1,790.6,803.45,0
2002-04-16,784.7,784.7,793.05,783.65,791.15,0
2002-04-17,788.7,788.7,795.5,787.6,790.75,0
2002-04-18,792.15,792.15,797.0,788.95,792.25,0
2002-04-19,773.45,773.45,791.35,771.95,791.15,0
2002-04-22,774.3,774.3,776.2,765.25,773.65,0
2002-04-23,776.75,776.75,779.0,773.15,773.85,0
2002-04-24,780.95,780.95,783.0,778.35,782.7,0
2002-04-25,771.2,771.2,783.05,768.65,782.8,0
2002-04-26,772.45,772.45,778.0,770.6,773.8,0
2002-04-29,761.65,761.65,773.4,760.8,773.4,0
2002-04-30,771.3,771.3,772.0,763.75,763.75,0
2002-05-02,778.2,778.2,782.35,776.35,776.35,0
2002-05-03,778.75,778.75,780.25,775.5,777.6,0
2002-05-06,783.8,783.8,784.25,779.2,779.2,0
2002-05-07,789.25,789.25,789.7,781.8,782.95,0
2002-05-08,792.65,792.65,796.85,791.3,793.35,0
2002-05-09,799.55,799.55,803.8,796.88,797.15,0
2002-05-10,790.95,790.95,799.0,787.65,798.35,0
2002-05-13,793.8,793.8,795.9,792.0,792.0,0
2002-05-14,791.55,791.55,797.85,789.8,796.25,0
2002-05-15,783.1,783.1,794.9,780.35,794.25,0
2002-05-16,774.2,774.2,785.05,771.3,784.85,0
2002-05-17,770.05,770.05,777.2,762.0,774.15,0
2002-05-20,756.5,756.5,773.6,754.1,773.6,0
2002-05-21,734.95,734.95,734.95,734.95,734.95,0
2002-05-22,737.1,737.1,740.3,726.5,732.65,0
2002-05-23,728.6,728.6,738.9,727.05,737.05,0
2002-05-24,760.95,760.95,762.2,739.15,739.15,0
2002-05-27,762.75,762.75,769.6,754.05,764.15,0
2002-05-28,742.1,742.1,758.05,740.5,755.6,0
2002-05-29,747.5,747.5,750.05,735.55,744.15,0
2002-05-30,741.5,741.5,756.85,739.45,748.85,0
2002-05-31,739.55,739.55,743.65,732.75,743.65,0
2002-06-03,751.1,751.1,754.85,743.85,743.85,0
2002-06-04,758.4,758.4,759.05,750.0,750.9,0
2002-06-05,770.65,770.65,772.85,762.15,763.15,0
2002-06-06,767.8,767.8,776.45,761.05,775.2,0
2002-06-07,754.6,754.6,762.9,752.1,762.9,0
2002-06-10,770.45,770.45,772.4,759.65,759.65,0
2002-06-11,792.65,792.65,793.95,776.3,776.3,0
2002-06-12,792.7,792.7,797.25,789.05,790.7,0
2002-06-13,788.4,788.4,800.5,787.2,795.05,0
2002-06-14,790.75,790.75,792.8,787.0,787.9,0
2002-06-17,794.9,794.9,799.55,794.15,798.95,0
2002-06-18,785.45,785.45,801.3,784.6,801.3,0
2002-06-19,775.2,775.2,790.85,772.2,787.45,0
2002-06-20,779.2,779.2,781.2,771.2,773.4,0
2002-06-21,774.45,774.45,780.1,772.6,776.75,0
2002-06-24,773.4,773.4,775.8,770.65,774.2,0
2002-06-25,770.15,770.15,776.0,766.15,774.1,0
2002-06-26,759.95,759.95,770.2,759.25,770.2,0
2002-06-27,766.5,766.5,768.85,762.95,764.95,0
2002-06-28,772.85,772.85,775.5,769.8,775.4,0
2002-07-01,783.7,783.7,784.7,775.7,775.7,0
2002-07-02,782.45,782.45,786.1,781.45,783.45,0
2002-07-03,784.6,784.6,788.0,782.05,783.15,0
2002-07-04,788.6,788.6,791.5,786.95,786.95,0
2002-07-05,791.1,791.1,793.95,787.3,790.65,0
2002-07-08,796.6,796.6,800.45,795.5,797.3,0
2002-07-09,796.6,796.6,799.75,796.0,798.75,0
2002-07-10,789.1,789.1,800.4,788.4,797.9,0
2002-07-11,779.2,779.2,787.85,778.05,787.55,0
2002-07-12,784.25,784.25,788.35,781.25,784.2,0
2002-07-15,781.5,781.5,784.95,774.9,784.2,0
2002-07-16,770.7,770.7,783.0,769.75,781.9,0
2002-07-17,762.95,762.95,773.2,758.0,770.05,0
2002-07-18,773.65,773.65,775.25,767.25,768.5,0
2002-07-19,769.1,769.1,773.5,768.15,770.4,0
2002-07-22,749.25,749.25,761.2,747.8,761.2,0
2002-07-23,758.5,758.5,759.9,743.8,746.3,0
2002-07-24,745.8,745.8,755.5,745.2,753.7,0
2002-07-25,744.05,744.05,758.35,741.9,755.9,0
2002-07-26,724.35,724.35,742.0,723.15,742.0,0
2002-07-29,717.2,717.2,727.95,703.05,726.45,0
2002-07-30,707.45,707.45,727.85,704.95,723.1,0
2002-07-31,706.65,706.65,710.65,692.9,702.4,0
2002-08-01,706.85,706.85,715.55,704.1,711.9,0
2002-08-02,708.05,708.05,709.7,696.35,697.45,0
2002-08-05,713.7,713.7,715.45,708.55,711.2,0
2002-08-06,716.6,716.6,717.75,708.55,710.9,0
2002-08-07,718.8,718.8,726.35,717.3,722.95,0
2002-08-08,706.05,706.05,719.85,704.95,719.85,0
2002-08-09,711.1,711.1,712.1,702.35,709.7,0
2002-08-12,716.95,716.95,717.65,711.65,711.65,0
2002-08-13,721.85,721.85,722.8,718.8,718.8,0
2002-08-14,720.8,720.8,723.3,717.9,720.55,0
2002-08-16,726.35,726.35,727.5,723.7,724.5,0
2002-08-19,728.25,728.25,731.95,725.85,727.7,0
2002-08-20,734.55,734.55,736.1,728.4,728.4,0
2002-08-21,735.65,735.65,739.7,733.25,733.7,0
2002-08-22,730.8,730.8,738.1,729.75,736.25,0
2002-08-23,734.95,734.95,735.6,729.95,730.75,0
2002-08-26,738.45,738.45,740.3,731.0,731.0,0
2002-08-27,730.95,730.95,743.5,729.95,741.25,0
2002-08-28,730.25,730.25,731.55,726.65,728.75,0
2002-08-29,725.8,725.8,729.95,723.1,726.35,0
2002-08-30,737.15,737.15,738.35,725.35,726.3,0
2002-09-02,739.5,739.5,745.65,737.95,743.25,0
2002-09-03,735.65,735.65,744.6,734.15,742.9,0
2002-09-04,738.8,738.8,739.55,728.85,729.55,0
2002-09-05,739.75,739.75,743.0,737.35,740.85,0
2002-09-06,730.95,730.95,738.8,728.8,738.35,0
2002-09-09,721.2,721.2,724.0,714.75,723.3,0
2002-09-11,719.35,719.35,724.05,716.95,719.75,0
2002-09-12,722.3,722.3,724.65,720.55,721.55,0
2002-09-13,716.45,716.45,723.35,715.4,722.15,0
2002-09-16,709.7,709.7,721.95,708.45,721.95,0
2002-09-17,713.65,713.65,715.1,709.3,710.3,0
2002-09-18,706.75,706.75,711.2,705.6,709.05,0
2002-09-19,700.95,700.95,706.95,696.95,706.45,0
2002-09-20,698.85,698.85,700.9,691.05,692.65,0
2002-09-23,698.25,698.25,703.45,697.4,698.95,0
2002-09-24,695.05,695.05,696.5,692.05,696.35,0
2002-09-25,697.8,697.8,698.65,691.4,692.0,0
2002-09-26,698.25,698.25,701.6,697.8,700.2,0
2002-09-27,701.65,701.65,702.35,698.25,699.4,0
2002-09-30,691.0,691.0,700.1,689.85,700.1,0
2002-10-01,685.25,685.25,692.6,682.2,689.5,0
2002-10-03,683.45,683.45,688.25,682.35,685.9,0
2002-10-04,683.4,683.4,686.25,681.35,683.95,0
2002-10-07,693.75,693.75,694.85,687.15,687.35,0
2002-10-08,697.7,697.7,699.35,695.7,697.05,0
2002-10-09,693.4,693.4,703.4,692.6,701.05,0
2002-10-10,696.5,696.5,697.9,687.0,694.85,0
2002-10-11,707.75,707.75,709.1,702.7,702.9,0
2002-10-14,706.55,706.55,708.7,704.35,708.4,0
2002-10-16,704.8,704.8,711.5,703.55,711.5,0
2002-10-17,704.95,704.95,705.9,700.95,704.7,0
2002-10-18,708.1,708.1,715.2,706.4,708.35,0
2002-10-21,705.45,705.45,709.75,704.6,709.55,0
2002-10-22,694.7,694.7,709.1,693.9,709.1,0
2002-10-23,691.1,691.1,695.3,690.45,694.2,0
2002-10-24,685.5,685.5,693.1,684.85,692.1,0
2002-10-25,676.3,676.3,684.55,674.45,684.4,0
2002-10-28,671.55,671.55,678.15,670.55,676.65,0
2002-10-29,681.25,681.25,682.15,671.6,671.6,0
2002-10-30,683.85,683.85,687.9,682.35,683.05,0
2002-10-31,691.95,691.95,693.3,684.2,687.35,0
2002-11-01,695.2,695.2,697.5,691.45,695.95,0
2002-11-04,700.7,700.7,701.35,698.8,698.8,0
2002-11-05,698.4,698.4,699.95,695.8,699.95,0
2002-11-07,697.25,697.25,701.5,696.2,698.35,0
2002-11-08,696.35,696.35,698.65,693.8,693.8,0
2002-11-11,693.85,693.85,697.15,692.7,696.75,0
2002-11-12,696.6,696.6,697.75,693.2,693.8,0
2002-11-13,698.25,698.25,700.6,695.75,698.35,0
2002-11-14,697.75,697.75,700.85,696.8,700.1,0
2002-11-15,705.9,705.9,706.85,702.75,702.9,0
2002-11-18,711.45,711.45,713.0,707.05,707.05,0
2002-11-20,710.2,710.2,715.55,709.15,710.15,0
2002-11-21,712.0,712.0,717.2,711.3,714.05,0
2002-11-22,719.15,719.15,723.1,716.9,716.9,0
2002-11-25,725.65,725.65,727.6,719.35,719.45,0
2002-11-26,731.4,731.4,735.05,729.8,729.8,0
2002-11-27,728.75,728.75,735.65,727.1,731.2,0
2002-11-28,737.5,737.5,738.4,734.6,735.7,0
2002-11-29,741.55,741.55,742.95,733.9,740.75,0
2002-12-02,757.8,757.8,759.4,745.45,745.45,0
2002-12-03,747.3,747.3,764.8,745.45,759.3,0
2002-12-04,736.75,736.75,743.5,735.6,742.8,0
2002-12-05,743.55,743.55,747.2,739.7,739.7,0
2002-12-06,762.5,762.5,763.65,755.5,758.2,0
2002-12-09,751.85,751.85,773.6,749.85,770.55,0
2002-12-10,754.0,754.0,755.25,743.85,749.1,0
2002-12-11,757.65,757.65,762.55,754.3,761.7,0
2002-12-12,761.3,761.3,763.15,756.4,758.7,0
2002-12-13,768.45,768.45,769.0,762.7,764.35,0
2002-12-16,764.0,764.0,774.6,762.35,773.35,0
2002-12-17,759.5,759.5,768.2,756.1,768.2,0
2002-12-18,762.8,762.8,765.8,760.4,761.05,0
2002-12-19,761.2,761.2,764.55,758.2,761.6,0
2002-12-20,764.15,764.15,767.35,761.65,762.85,0
2002-12-23,762.25,762.25,766.25,760.75,765.85,0
2002-12-24,766.75,766.75,767.6,761.35,762.95,0
2002-12-26,772.25,772.25,775.55,770.15,770.15,0
2002-12-27,774.3,774.3,778.2,773.3,775.05,0
2002-12-30,770.85,770.85,765.95,770.85,771.9,0
2002-12-31,772.85,772.85,776.2,771.65,771.65,0
2003-01-01,777.15,777.15,778.2,774.4,774.95,0
2003-01-02,775.95,775.95,782.25,774.9,779.2,0
2003-01-03,773.95,773.95,781.65,772.85,781.65,0
2003-01-06,771.15,771.15,776.0,769.35,775.1,0
2003-01-07,771.2,771.2,775.25,769.2,774.35,0
2003-01-08,774.65,774.65,776.35,772.45,773.6,0
2003-01-09,783.65,783.65,786.25,776.3,776.3,0
2003-01-10,772.6,772.6,786.6,771.25,783.5,0
2003-01-13,769.3,769.3,772.75,767.4,771.75,0
2003-01-14,772.35,772.35,773.85,768.9,768.9,0
2003-01-15,776.0,776.0,778.55,773.95,773.95,0
2003-01-16,779.5,779.5,780.9,775.65,775.65,0
2003-01-17,780.15,780.15,782.25,777.95,778.85,0
2003-01-20,775.25,775.25,781.25,774.2,777.9,0
2003-01-21,777.55,777.55,779.3,775.3,778.05,0
2003-01-22,778.8,778.8,781.8,777.4,778.85,0
2003-01-23,772.5,772.5,779.45,771.4,777.95,0
2003-01-24,760.75,760.75,775.5,759.3,773.8,0
2003-01-27,745.25,745.25,759.35,741.25,759.35,0
2003-01-28,751.95,751.95,752.85,739.55,745.35,0
2003-01-29,750.35,750.35,758.3,748.15,752.0,0
2003-01-30,747.9,747.9,755.7,746.8,752.65,0
2003-01-31,749.1,749.1,750.35,742.15,746.65,0
2003-02-03,756.85,756.85,757.4,750.8,752.0,0
2003-02-04,757.1,757.1,761.15,755.5,756.15,0
2003-02-05,753.1,753.1,758.3,749.9,753.15,0
2003-02-06,762.5,762.5,763.15,752.25,752.25,0
2003-02-07,759.1,759.1,764.1,758.15,763.55,0
2003-02-10,751.7,751.7,759.3,751.2,758.55,0
2003-02-11,750.55,750.55,756.3,749.0,755.2,0
2003-02-12,747.25,747.25,751.95,745.35,751.65,0
2003-02-14,740.65,740.65,747.85,739.8,747.0,0
2003-02-17,756.5,756.5,757.55,750.35,750.75,0
2003-02-18,758.35,758.35,761.95,757.65,759.3,0
2003-02-19,762.45,762.45,764.6,754.9,754.9,0
2003-02-20,762.85,762.85,763.6,758.3,761.65,0
2003-02-21,763.2,763.2,764.7,760.2,762.55,0
2003-02-24,765.95,765.95,768.75,765.45,765.45,0
2003-02-25,756.55,756.55,765.7,756.1,765.7,0
2003-02-26,752.9,752.9,759.1,752.25,758.7,0
2003-02-27,757.9,757.9,760.4,751.4,751.75,0
2003-02-28,762.0,762.0,768.45,758.55,763.85,0
2003-03-03,761.65,761.65,769.25,761.0,767.95,0
2003-03-04,752.85,752.85,760.6,752.3,760.6,0
2003-03-05,747.95,747.95,751.0,740.9,751.0,0
2003-03-06,741.2,741.2,747.5,739.95,747.5,0
2003-03-07,729.75,729.75,735.95,727.65,735.95,0
2003-03-10,722.05,722.05,731.9,721.3,729.25,0
2003-03-11,726.45,726.45,727.2,716.25,717.05,0
2003-03-12,719.85,719.85,729.9,719.15,727.9,0
2003-03-13,718.05,718.05,722.85,715.15,722.85,0
2003-03-17,713.4,713.4,715.3,707.55,715.3,0
2003-03-19,718.15,718.15,721.3,715.75,715.75,0
2003-03-20,728.95,728.95,730.8,715.55,718.15,0
2003-03-21,733.35,733.35,735.05,728.95,730.7,0
2003-03-22,737.05,737.05,739.25,736.15,736.95,0
2003-03-24,723.5,723.5,738.15,722.5,738.15,0
2003-03-25,721.6,721.6,722.65,714.85,716.55,0
2003-03-26,722.15,722.15,727.55,721.3,723.05,0
2003-03-27,717.65,717.65,724.25,716.4,720.55,0
2003-03-28,716.15,716.15,719.9,714.35,717.35,0
2003-03-31,701.35,701.35,711.4,699.55,711.4,0
2003-04-01,706.2,706.2,710.2,701.2,701.2,0
2003-04-02,717.15,717.15,718.25,708.35,708.35,0
2003-04-03,725.15,725.15,725.85,721.2,721.2,0
2003-04-04,732.0,732.0,732.85,724.15,725.0,0
2003-04-07,744.0,744.0,744.8,735.35,735.35,0
2003-04-08,737.9,737.9,740.8,736.05,739.65,0
2003-04-09,730.5,730.5,737.85,728.95,737.85,0
2003-04-10,705.9,705.9,727.85,703.6,727.65,0
2003-04-11,700.85,700.85,709.6,693.1,702.8,0
2003-04-15,701.8,701.8,707.15,694.6,703.95,0
2003-04-16,705.9,705.9,707.1,701.55,702.0,0
2003-04-17,696.1,696.1,701.05,694.05,698.6,0
2003-04-21,702.35,702.35,703.0,696.95,696.95,0
2003-04-22,700.6,700.6,703.7,698.15,701.2,0
2003-04-23,695.1,695.1,705.25,693.85,703.95,0
2003-04-24,692.6,692.6,699.0,691.95,695.05,0
2003-04-25,689.2,689.2,693.65,687.45,691.7,0
2003-04-28,694.6,694.6,695.45,687.75,688.5,0
2003-04-29,694.85,694.85,699.1,693.75,697.65,0
2003-04-30,697.2,697.2,698.05,695.1,695.4,0
2003-05-02,702.75,702.75,703.5,697.1,698.9,0
2003-05-05,712.2,712.2,713.7,707.85,709.25,0
2003-05-06,716.85,716.85,719.3,712.65,712.85,0
2003-05-07,717.1,717.1,721.5,716.85,717.95,0
2003-05-08,711.2,711.2,718.05,709.7,716.35,0
2003-05-09,710.35,710.35,712.0,709.0,710.95,0
2003-05-12,715.75,715.75,718.1,712.9,712.9,0
2003-05-13,722.65,722.65,723.4,717.45,717.45,0
2003-05-14,730.05,730.05,730.7,723.2,723.2,0
2003-05-15,740.2,740.2,741.15,732.05,732.25,0
2003-05-16,750.25,750.25,751.0,742.4,742.4,0
2003-05-19,745.25,745.25,756.25,744.45,750.6,0
2003-05-20,754.2,754.2,756.05,740.05,743.05,0
2003-05-21,757.8,757.8,764.5,755.18,758.9,0
2003-05-22,761.15,761.15,764.85,759.15,759.65,0
2003-05-23,769.05,769.05,770.15,762.55,766.65,0
2003-05-26,784.1,784.1,785.15,772.65,773.9,0
2003-05-27,778.6,778.6,792.0,777.5,786.1,0
2003-05-28,786.15,786.15,786.95,778.05,782.65,0
2003-05-29,795.05,795.05,796.2,786.5,788.2,0
2003-05-30,807.2,807.2,813.5,796.35,798.3,0
2003-06-02,810.95,810.95,818.85,805.6,806.95,0
2003-06-03,812.2,812.2,814.15,805.55,812.0,0
2003-06-04,824.15,824.15,827.1,813.65,813.65,0
2003-06-05,825.65,825.65,835.8,822.1,828.1,0
2003-06-06,831.09,831.09,833.5,827.25,828.6,0
2003-06-09,835.55,835.55,837.25,830.75,832.7,0
2003-06-10,820.6,820.6,838.8,819.0,834.75,0
2003-06-11,827.8,827.8,831.2,819.25,824.35,0
2003-06-12,836.2,836.2,838.8,832.4,832.4,0
2003-06-13,840.1,840.1,844.15,836.8,841.25,0
2003-06-16,837.95,837.95,843.8,833.9,841.05,0
2003-06-17,856.4,856.4,857.25,844.7,844.7,0
2003-06-18,862.0,862.0,868.2,857.05,859.8,0
2003-06-19,867.45,867.45,872.55,863.9,867.25,0
2003-06-20,872.8,872.8,873.4,863.3,866.95,0
2003-06-23,861.8,861.8,880.25,860.05,877.1,0
2003-06-24,862.95,862.95,868.1,858.65,858.65,0
2003-06-25,877.0,877.0,879.1,868.0,868.0,0
2003-06-26,880.0,880.0,886.45,878.0,881.25,0
2003-06-27,888.15,888.15,888.95,874.15,884.15,0
2003-06-30,894.5,894.5,900.95,890.2,891.3,0
2003-07-01,894.0,894.0,900.7,889.9,897.85,0
2003-07-02,898.15,898.15,906.9,895.25,895.25,0
2003-07-03,907.45,907.45,912.95,895.0,905.6,0
2003-07-04,908.85,908.85,915.2,904.15,908.75,0
2003-07-07,915.7,915.7,920.0,909.35,915.75,0
2003-07-08,912.5,912.5,923.85,910.55,923.65,0
2003-07-09,904.7,904.7,915.5,902.35,914.65,0
2003-07-10,914.8,914.8,916.05,909.6,911.9,0
2003-07-11,915.5,915.5,924.35,913.2,915.3,0
2003-07-14,924.7,924.7,926.45,922.0,923.25,0
2003-07-15,915.0,915.0,928.5,905.5,927.95,0
2003-07-16,926.55,926.55,927.75,908.6,914.35,0
2003-07-17,914.0,914.0,935.55,910.2,928.8,0
2003-07-18,904.3,904.3,913.7,896.1,906.75,0
2003-07-21,887.5,887.5,909.0,885.6,907.9,0
2003-07-22,880.0,880.0,889.1,875.6,880.85,0
2003-07-23,886.35,886.35,893.5,880.7,887.65,0
2003-07-24,901.55,901.55,903.45,889.85,892.1,0
2003-07-25,918.9,918.9,919.5,904.0,905.05,0
2003-07-28,924.6,924.6,932.4,922.05,922.75,0
2003-07-29,926.6,926.6,927.8,914.2,923.3,0
2003-07-30,937.9,937.9,939.4,930.2,930.95,0
2003-07-31,938.55,938.55,950.5,935.3,940.9,0
2003-08-01,945.25,945.25,947.85,934.4,942.85,0
2003-08-04,960.95,960.95,962.3,942.4,945.35,0
2003-08-05,946.65,946.65,976.2,945.15,964.15,0
2003-08-06,941.5,941.5,957.3,936.55,941.0,0
2003-08-07,964.4,964.4,965.95,944.2,944.2,0
2003-08-08,985.6,985.6,986.6,971.1,971.1,0
2003-08-11,998.45,998.45,1004.25,983.5,983.5,0
2003-08-12,996.4,996.4,1009.8,993.3,1006.25,0
2003-08-13,1008.55,1008.55,1010.1,991.75,1002.65,0
2003-08-14,1007.2,1007.2,1019.0,1003.3,1007.7,0
2003-08-18,1030.15,1030.15,1031.9,1010.0,1010.0,0
2003-08-19,1023.55,1023.55,1049.4,1018.8,1044.0,0
2003-08-20,1030.55,1030.55,1037.8,1024.85,1033.05,0
2003-08-21,1042.35,1042.35,1045.25,1034.9,1034.9,0
2003-08-22,1053.05,1053.05,1059.0,1043.7,1050.95,0
2003-08-25,1020.35,1020.35,1066.25,999.85,1066.2,0
2003-08-26,1062.05,1062.05,1065.2,1025.1,1025.7,0
2003-08-27,1085.7,1085.7,1088.35,1062.75,1062.75,0
2003-08-28,1086.05,1086.05,1094.35,1080.7,1091.55,0
2003-08-29,1100.45,1100.45,1105.6,1094.75,1094.75,0
2003-09-01,1121.85,1121.85,1123.3,1106.0,1106.0,0
2003-09-02,1124.15,1124.15,1130.45,1111.65,1129.9,0
2003-09-03,1102.4,1102.4,1132.65,1097.85,1127.5,0
2003-09-04,1110.35,1110.35,1119.3,1098.1,1109.2,0
2003-09-05,1127.55,1127.55,1129.05,1110.75,1110.75,0
2003-09-08,1144.8,1144.8,1145.95,1136.15,1136.15,0
2003-09-09,1138.05,1138.05,1157.0,1132.25,1153.75,0
2003-09-10,1144.75,1144.75,1146.05,1129.2,1137.2,0
2003-09-11,1143.45,1143.45,1156.1,1140.6,1141.15,0
2003-09-12,1118.25,1118.25,1154.3,1114.45,1150.45,0
2003-09-15,1075.45,1075.45,1118.05,1070.95,1118.05,0
2003-09-16,1098.45,1098.45,1100.25,1046.2,1075.3,0
2003-09-17,1078.45,1078.45,1111.65,1071.7,1108.6,0
2003-09-18,1043.0,1043.0,1073.8,1040.85,1073.65,0
2003-09-19,1050.5,1050.5,1059.2,1022.55,1050.55,0
2003-09-22,1038.15,1038.15,1060.2,1036.35,1055.7,0
2003-09-23,1061.15,1061.15,1065.6,1027.85,1034.95,0
2003-09-24,1093.3,1093.3,1094.5,1063.0,1069.8,0
2003-09-25,1086.7,1086.7,1102.35,1083.9,1093.2,0
2003-09-26,1106.95,1106.95,1108.45,1091.9,1091.9,0
2003-09-29,1126.4,1126.4,1133.5,1113.05,1113.05,0
2003-09-30,1138.55,1138.55,1140.55,1130.6,1134.8,0
2003-10-01,1142.3,1142.3,1151.95,1136.3,1140.2,0
2003-10-03,1160.8,1160.8,1161.25,1148.9,1151.45,0
2003-10-06,1188.25,1188.25,1190.9,1171.65,1171.65,0
2003-10-07,1184.2,1184.2,1201.0,1179.7,1196.15,0
2003-10-08,1186.5,1186.5,1197.9,1172.7,1191.5,0
2003-10-09,1204.05,1204.05,1206.25,1192.6,1192.6,0
2003-10-10,1208.25,1208.25,1215.2,1199.8,1210.95,0
2003-10-13,1230.9,1230.9,1233.15,1214.4,1214.4,0
2003-10-14,1206.05,1206.05,1242.15,1201.35,1242.15,0
2003-10-15,1215.45,1215.45,1219.45,1192.0,1206.75,0
2003-10-16,1226.9,1226.9,1232.0,1217.35,1223.2,0
2003-10-17,1235.65,1235.65,1242.3,1224.7,1232.1,0
2003-10-20,1211.05,1211.05,1237.2,1207.8,1236.55,0
2003-10-21,1183.5,1183.5,1218.0,1177.65,1215.25,0
2003-10-22,1169.55,1169.55,1196.2,1162.55,1189.15,0
2003-10-23,1155.9,1155.9,1182.25,1153.55,1172.4,0
2003-10-24,1180.4,1180.4,1183.95,1141.05,1161.8,0
2003-10-25,1198.9,1198.9,1200.45,1191.2,1197.0,0
2003-10-27,1173.45,1173.45,1202.85,1171.55,1199.6,0
2003-10-28,1167.1,1167.1,1180.55,1160.85,1176.1,0
2003-10-29,1174.85,1174.85,1176.25,1162.6,1172.35,0
2003-10-30,1185.85,1185.85,1192.85,1173.65,1178.85,0
2003-10-31,1218.3,1218.3,1220.9,1188.15,1188.15,0
2003-11-03,1242.8,1242.8,1245.2,1226.4,1226.4,0
2003-11-04,1257.7,1257.7,1263.3,1242.75,1247.95,0
2003-11-05,1259.7,1259.7,1273.4,1247.5,1261.85,0
2003-11-06,1268.15,1268.15,1278.4,1262.65,1269.35,0
2003-11-07,1259.75,1259.75,1279.1,1256.1,1276.6,0
2003-11-10,1270.55,1270.55,1273.05,1249.1,1257.2,0
2003-11-11,1281.25,1281.25,1287.5,1274.45,1275.65,0
2003-11-12,1286.54,1286.54,1297.85,1282.45,1285.4,0
2003-11-13,1262.65,1262.65,1296.6,1257.45,1294.5,0
2003-11-14,1236.9,1236.9,1262.55,1233.6,1261.4,0
2003-11-15,1247.5,1247.5,1255.0,1229.7,1236.95,0
2003-11-17,1262.2,1262.2,1264.9,1244.4,1251.7,0
2003-11-18,1252.35,1252.35,1273.35,1246.85,1264.95,0
2003-11-19,1233.75,1233.75,1250.55,1230.3,1250.55,0
2003-11-20,1217.05,1217.05,1247.7,1214.0,1236.7,0
2003-11-21,1223.1,1223.1,1226.15,1201.25,1214.45,0
2003-11-24,1231.35,1231.35,1237.9,1226.0,1228.8,0
2003-11-25,1250.75,1250.75,1252.0,1238.5,1239.85,0
2003-11-27,1269.8,1269.8,1273.75,1256.7,1256.7,0
2003-11-28,1285.4,1285.4,1288.1,1274.45,1274.45,0
2003-12-01,1313.15,1313.15,1314.5,1298.2,1299.6,0
2003-12-02,1315.2,1315.2,1323.95,1302.65,1323.35,0
2003-12-03,1329.55,1329.55,1333.6,1317.5,1321.65,0
2003-12-04,1338.2,1338.2,1344.85,1323.1,1330.65,0
2003-12-05,1318.8,1318.8,1352.65,1316.05,1347.8,0
2003-12-08,1326.95,1326.95,1330.35,1313.45,1320.75,0
2003-12-09,1355.95,1355.95,1357.3,1330.85,1330.85,0
2003-12-10,1365.4,1365.4,1371.55,1354.8,1361.4,0
2003-12-11,1377.35,1377.35,1382.15,1360.1,1373.75,0
2003-12-12,1381.55,1381.55,1386.9,1371.85,1385.75,0
2003-12-15,1397.0,1397.0,1398.85,1391.5,1394.25,0
2003-12-16,1399.3,1399.3,1401.75,1382.15,1396.3,0
2003-12-17,1400.2,1400.2,1408.7,1395.3,1401.85,0
2003-12-18,1428.1,1428.1,1430.05,1400.7,1404.3,0
2003-12-19,1450.0,1450.0,1453.3,1435.05,1435.05,0
2003-12-22,1466.75,1466.75,1472.8,1453.35,1453.35,0
2003-12-23,1456.9,1456.9,1477.85,1453.55,1473.6,0
2003-12-24,1475.0,1475.0,1476.85,1459.6,1465.2,0
2003-12-26,1496.35,1496.35,1497.65,1478.95,1478.95,0
2003-12-29,1525.5,1525.5,1526.65,1509.4,1509.4,0
2003-12-30,1525.25,1525.25,1555.3,1514.8,1538.75,0
2003-12-31,1531.35,1531.35,1545.3,1523.4,1529.4,0
2004-01-01,1562.95,1562.95,1565.55,1542.45,1542.45,0
2004-01-02,1609.3,1609.3,1612.7,1574.65,1574.65,0
2004-01-05,1616.2,1616.2,1641.45,1606.05,1624.4,0
2004-01-06,1587.4,1587.4,1638.2,1574.65,1620.3,0
2004-01-07,1579.65,1579.65,1595.7,1559.05,1585.75,0
2004-01-08,1633.2,1633.2,1635.75,1596.05,1596.05,0
2004-01-09,1630.6,1630.6,1667.8,1620.5,1666.95,0
2004-01-12,1605.35,1605.35,1634.75,1599.7,1634.75,0
2004-01-13,1608.75,1608.75,1617.1,1583.1,1606.0,0
2004-01-14,1621.2,1621.2,1630.8,1617.9,1617.9,0
2004-01-15,1597.3,1597.3,1639.15,1588.7,1632.25,0
2004-01-16,1555.15,1555.15,1596.95,1545.25,1595.65,0
2004-01-19,1576.95,1576.95,1583.8,1527.3,1562.65,0
2004-01-20,1546.75,1546.75,1600.85,1536.4,1592.6,0
2004-01-21,1466.15,1466.15,1544.7,1457.45,1541.15,0
2004-01-22,1424.05,1424.05,1491.7,1417.7,1478.85,0
2004-01-23,1494.4,1494.4,1503.05,1430.8,1448.8,0
2004-01-27,1547.65,1547.65,1550.95,1496.65,1514.2,0
2004-01-28,1509.55,1509.55,1554.75,1497.25,1544.75,0
2004-01-29,1496.1,1496.1,1524.45,1484.9,1510.9,0
2004-01-30,1459.8,1459.8,1509.0,1456.9,1504.25,0
2004-02-03,1403.55,1403.55,1460.5,1393.55,1460.5,0
2004-02-04,1444.95,1444.95,1450.85,1399.75,1403.6,0
2004-02-05,1437.15,1437.15,1471.05,1426.1,1441.4,0
2004-02-06,1466.6,1466.6,1469.2,1433.25,1446.25,0
2004-02-09,1501.35,1501.35,1504.35,1478.15,1479.5,0
2004-02-10,1501.65,1501.65,1515.0,1486.3,1507.0,0
2004-02-11,1512.55,1512.55,1514.8,1501.0,1508.2,0
2004-02-12,1511.65,1511.65,1523.75,1499.45,1520.55,0
2004-02-13,1533.4,1533.4,1535.15,1505.45,1512.65,0
2004-02-16,1535.35,1535.35,1548.9,1532.2,1540.15,0
2004-02-17,1537.15,1537.15,1540.2,1528.85,1536.1,0
2004-02-18,1543.5,1543.5,1555.75,1538.55,1542.45,0
2004-02-19,1501.3,1501.3,1547.95,1496.35,1545.35,0
2004-02-20,1494.65,1494.65,1511.15,1478.4,1492.7,0
2004-02-23,1457.0,1457.0,1504.4,1451.85,1504.4,0
2004-02-24,1461.2,1461.2,1464.05,1435.15,1450.15,0
2004-02-25,1430.8,1430.8,1462.1,1424.75,1462.1,0
2004-02-26,1419.85,1419.85,1460.4,1416.45,1441.1,0
2004-02-27,1442.8,1442.8,1447.05,1418.2,1429.3,0
2004-03-01,1484.2,1484.2,1487.2,1448.75,1448.75,0
2004-03-03,1487.65,1487.65,1495.2,1480.8,1489.65,0
2004-03-04,1480.0,1480.0,1498.85,1471.8,1492.9,0
2004-03-05,1506.7,1506.7,1508.75,1484.5,1486.4,0
2004-03-08,1535.7,1535.7,1544.15,1517.0,1517.0,0
2004-03-09,1518.75,1518.75,1535.4,1502.05,1532.1,0
2004-03-10,1504.55,1504.55,1520.35,1499.3,1512.95,0
2004-03-11,1476.8,1476.8,1503.4,1472.9,1494.1,0
2004-03-12,1475.45,1475.45,1479.35,1450.35,1466.05,0
2004-03-15,1435.8,1435.8,1493.95,1428.15,1486.2,0
2004-03-16,1429.5,1429.5,1445.6,1416.15,1422.85,0
2004-03-17,1437.1,1437.1,1444.7,1427.8,1441.55,0
2004-03-18,1414.65,1414.65,1441.65,1410.9,1438.2,0
2004-03-19,1418.9,1418.9,1427.4,1401.9,1417.4,0
2004-03-22,1383.25,1383.25,1418.7,1379.8,1418.7,0
2004-03-23,1383.8,1383.8,1393.6,1362.7,1379.95,0
2004-03-24,1384.25,1384.25,1387.8,1374.05,1385.35,0
2004-03-25,1396.2,1396.2,1403.3,1388.45,1388.45,0
2004-03-26,1428.05,1428.05,1432.05,1406.75,1406.75,0
2004-03-29,1442.9,1442.9,1445.45,1419.95,1426.6,0
2004-03-30,1441.2,1441.2,1455.15,1438.7,1447.95,0
2004-03-31,1457.5,1457.5,1459.6,1433.6,1436.25,0
2004-04-01,1491.2,1491.2,1492.85,1457.95,1457.95,0
2004-04-02,1513.15,1513.15,1515.0,1483.75,1498.05,0
2004-04-05,1524.1,1524.1,1542.15,1514.2,1514.2,0
2004-04-06,1517.0,1517.0,1536.0,1506.9,1535.5,0
2004-04-07,1516.05,1516.05,1526.75,1505.95,1524.0,0
2004-04-08,1531.15,1531.15,1534.85,1511.2,1518.7,0
2004-04-12,1526.75,1526.75,1545.25,1521.3,1541.9,0
2004-04-13,1557.4,1557.4,1561.3,1512.7,1535.7,0
2004-04-15,1554.9,1554.9,1568.7,1549.6,1560.5,0
2004-04-16,1563.05,1563.05,1575.05,1558.55,1561.95,0
2004-04-17,1567.1,1567.1,1569.55,1561.95,1567.05,0
2004-04-19,1543.1,1543.1,1575.5,1538.1,1569.45,0
2004-04-20,1541.7,1541.7,1547.9,1532.0,1544.6,0
2004-04-21,1567.65,1567.65,1569.7,1538.4,1538.55,0
2004-04-22,1585.9,1585.9,1589.6,1570.65,1574.4,0
2004-04-23,1589.25,1589.25,1606.5,1585.25,1593.8,0
2004-04-27,1521.35,1521.35,1562.2,1519.95,1562.5,0
2004-04-28,1518.7,1518.7,1534.3,1507.35,1520.3,0
2004-04-29,1517.95,1517.95,1528.45,1506.75,1518.4,0
2004-04-30,1507.55,1507.55,1527.45,1501.8,1519.55,0
2004-05-03,1479.7,1479.7,1508.2,1458.35,1508.2,0
2004-05-04,1507.25,1507.25,1513.65,1497.15,1497.15,0
2004-05-05,1521.05,1521.05,1523.6,1511.35,1517.85,0
2004-05-06,1543.6,1543.6,1547.6,1539.7,1539.7,0
2004-05-07,1522.5,1522.5,1541.9,1517.3,1541.9,0
2004-05-10,1493.65,1493.65,1500.95,1481.3,1500.95,0
2004-05-11,1426.8,1426.8,1474.15,1420.6,1474.15,0
2004-05-12,1438.1,1438.1,1445.1,1415.35,1422.75,0
2004-05-13,1436.4,1436.4,1466.95,1367.15,1381.45,0
2004-05-14,1309.85,1309.85,1437.7,1295.7,1438.15,0
2004-05-17,1151.5,1151.5,1283.35,1087.15,1283.35,0
2004-05-18,1243.6,1243.6,1251.4,1180.9,1180.9,0
2004-05-19,1307.1,1307.1,1311.25,1271.4,1276.9,0
2004-05-20,1294.4,1294.4,1325.95,1284.6,1318.7,0
2004-05-21,1301.95,1301.95,1304.9,1256.25,1280.7,0
2004-05-24,1337.4,1337.4,1342.35,1317.1,1318.9,0
2004-05-25,1335.3,1335.3,1347.0,1309.55,1334.2,0
2004-05-26,1335.0,1335.0,1355.05,1327.85,1343.7,0
2004-05-27,1322.0,1322.0,1336.0,1318.3,1321.95,0
2004-05-28,1257.3,1257.3,1311.7,1254.45,1307.1,0
2004-05-31,1226.55,1226.55,1245.15,1211.7,1223.9,0
2004-06-01,1248.4,1248.4,1264.05,1245.5,1245.5,0
2004-06-02,1270.65,1270.65,1276.65,1248.5,1248.5,0
2004-06-03,1241.3,1241.3,1293.8,1235.4,1292.75,0
2004-06-04,1258.75,1258.75,1262.6,1227.65,1232.15,0
2004-06-07,1275.35,1275.35,1285.3,1267.8,1274.55,0
2004-06-08,1281.9,1281.9,1284.9,1266.15,1283.25,0
2004-06-09,1284.85,1284.85,1292.45,1279.65,1283.7,0
2004-06-10,1284.25,1284.25,1291.0,1278.5,1279.8,0
2004-06-11,1256.4,1256.4,1285.65,1254.5,1283.8,0
2004-06-14,1229.3,1229.3,1249.25,1225.45,1249.25,0
2004-06-15,1244.55,1244.55,1249.75,1230.85,1230.85,0
2004-06-16,1240.1,1240.1,1264.2,1237.65,1264.2,0
2004-06-17,1250.85,1250.85,1255.45,1230.45,1240.65,0
2004-06-18,1236.4,1236.4,1252.75,1232.6,1244.4,0
2004-06-21,1226.95,1226.95,1242.1,1224.85,1238.2,0
2004-06-22,1219.0,1219.0,1229.45,1214.7,1223.85,0
2004-06-23,1192.5,1192.5,1224.2,1190.35,1222.9,0
2004-06-24,1207.0,1207.0,1209.1,1184.1,1191.4,0
2004-06-25,1225.3,1225.3,1229.75,1200.6,1209.6,0
2004-06-28,1250.3,1250.3,1251.95,1226.75,1226.75,0
2004-06-29,1255.4,1255.4,1263.7,1243.95,1250.25,0
2004-06-30,1248.0,1248.0,1268.6,1246.05,1260.4,0
2004-07-01,1270.85,1270.85,1271.85,1248.05,1252.45,0
2004-07-02,1271.15,1271.15,1278.85,1257.55,1259.4,0
2004-07-05,1260.95,1260.95,1276.7,1258.5,1267.5,0
2004-07-06,1281.85,1281.85,1283.55,1258.35,1261.2,0
2004-07-07,1288.4,1288.4,1298.05,1281.3,1281.5,0
2004-07-08,1247.35,1247.35,1305.25,1238.45,1293.75,0
2004-07-09,1273.3,1273.3,1276.25,1214.65,1214.65,0
2004-07-12,1279.75,1279.75,1283.05,1269.8,1273.15,0
2004-07-13,1267.75,1267.75,1287.95,1261.4,1287.7,0
2004-07-14,1257.7,1257.7,1275.15,1255.1,1275.15,0
2004-07-15,1273.75,1273.75,1275.05,1256.8,1256.8,0
2004-07-16,1293.6,1293.6,1296.15,1271.15,1276.75,0
2004-07-19,1304.65,1304.65,1314.5,1295.3,1297.05,0
2004-07-20,1299.5,1299.5,1305.95,1293.2,1303.85,0
2004-07-21,1312.0,1312.0,1323.15,1300.35,1306.2,0
2004-07-22,1326.4,1326.4,1334.65,1319.45,1327.15,0
2004-07-23,1329.6,1329.6,1332.85,1321.45,1331.55,0
2004-07-26,1342.9,1342.9,1344.65,1318.2,1325.2,0
2004-07-27,1327.25,1327.25,1351.95,1325.65,1347.7,0
2004-07-28,1321.1,1321.1,1333.2,1315.05,1330.25,0
2004-07-29,1341.1,1341.1,1344.25,1321.5,1321.5,0
2004-07-30,1351.45,1351.45,1356.7,1341.25,1341.25,0
2004-08-02,1360.15,1360.15,1361.4,1351.5,1357.35,0
2004-08-03,1354.25,1354.25,1367.8,1350.9,1364.3,0
2004-08-04,1353.8,1353.8,1361.0,1348.2,1354.15,0
2004-08-05,1377.25,1377.25,1377.85,1355.65,1355.65,0
2004-08-06,1360.0,1360.0,1381.25,1355.75,1377.1,0
2004-08-09,1365.75,1365.75,1366.95,1347.75,1352.75,0
2004-08-10,1373.05,1373.05,1376.4,1365.05,1371.25,0
2004-08-11,1347.6,1347.6,1378.05,1344.7,1377.4,0
2004-08-12,1335.7,1335.7,1354.65,1329.55,1345.85,0
2004-08-13,1333.3,1333.3,1341.8,1328.25,1336.3,0
2004-08-16,1331.35,1331.35,1333.35,1321.35,1331.4,0
2004-08-17,1337.35,1337.35,1347.8,1333.1,1338.2,0
2004-08-18,1322.75,1322.75,1337.55,1319.5,1335.45,0
2004-08-19,1341.5,1341.5,1343.35,1327.65,1331.7,0
2004-08-20,1328.75,1328.75,1340.85,1324.55,1340.85,0
2004-08-23,1315.45,1315.45,1329.3,1312.5,1325.3,0
2004-08-24,1327.15,1327.15,1331.3,1316.95,1316.95,0
2004-08-25,1332.15,1332.15,1334.2,1325.8,1332.2,0
2004-08-26,1348.2,1348.2,1350.35,1339.1,1340.75,0
2004-08-27,1353.4,1353.4,1356.15,1346.35,1352.2,0
2004-08-30,1373.1,1373.1,1374.1,1356.2,1356.2,0
2004-08-31,1377.2,1377.2,1379.5,1368.55,1373.5,0
2004-09-01,1383.6,1383.6,1386.95,1381.75,1382.55,0
2004-09-02,1378.0,1378.0,1390.9,1376.2,1383.8,0
2004-09-03,1383.8,1383.8,1385.3,1373.95,1380.8,0
2004-09-06,1394.95,1394.95,1398.7,1384.0,1384.0,0
2004-09-07,1400.85,1400.85,1402.8,1394.05,1396.4,0
2004-09-08,1407.3,1407.3,1409.7,1403.65,1404.05,0
2004-09-09,1398.35,1398.35,1413.1,1392.35,1411.0,0
2004-09-10,1412.75,1412.75,1413.85,1394.0,1398.9,0
2004-09-13,1417.9,1417.9,1422.9,1414.5,1414.55,0
2004-09-14,1423.45,1423.45,1424.4,1413.4,1420.15,0
2004-09-15,1420.85,1420.85,1431.15,1415.15,1424.75,0
2004-09-16,1440.1,1440.1,1441.35,1418.55,1419.5,0
2004-09-17,1459.3,1459.3,1461.3,1445.55,1445.55,0
2004-09-20,1457.0,1457.0,1466.75,1454.35,1462.85,0
2004-09-21,1473.65,1473.65,1475.3,1456.45,1457.3,0
2004-09-22,1480.0,1480.0,1484.45,1467.2,1476.3,0
2004-09-23,1460.15,1460.15,1479.5,1458.05,1472.35,0
2004-09-24,1460.85,1460.85,1471.0,1452.55,1452.55,0
2004-09-27,1459.35,1459.35,1466.15,1452.15,1460.95,0
2004-09-28,1446.25,1446.25,1461.7,1443.8,1457.9,0
2004-09-29,1466.1,1466.1,1467.2,1444.3,1454.75,0
2004-09-30,1478.75,1478.75,1482.45,1473.35,1476.5,0
2004-10-01,1498.3,1498.3,1500.8,1472.85,1478.8,0
2004-10-04,1520.45,1520.45,1526.1,1512.3,1512.3,0
2004-10-05,1529.5,1529.5,1532.95,1517.9,1522.45,0
2004-10-06,1517.6,1517.6,1541.85,1514.15,1532.3,0
2004-10-07,1530.35,1530.35,1537.95,1521.05,1521.05,0
2004-10-08,1534.5,1534.5,1538.5,1526.15,1532.5,0
2004-10-09,1537.15,1537.15,1539.6,1533.9,1536.15,0
2004-10-11,1525.75,1525.75,1547.35,1522.7,1544.4,0
2004-10-12,1503.0,1503.0,1534.45,1500.7,1530.1,0
2004-10-14,1508.1,1508.1,1516.05,1493.05,1504.0,0
2004-10-15,1508.55,1508.55,1523.7,1504.9,1510.4,0
2004-10-18,1501.55,1501.55,1517.1,1499.6,1513.85,0
2004-10-19,1518.45,1518.45,1522.1,1503.75,1510.4,0
2004-10-20,1504.7,1504.7,1524.4,1501.6,1518.3,0
2004-10-21,1497.75,1497.75,1509.1,1492.25,1507.55,0
2004-10-25,1474.7,1474.7,1498.3,1472.3,1498.3,0
2004-10-26,1491.4,1491.4,1492.15,1469.2,1473.85,0
2004-10-27,1498.65,1498.65,1506.8,1489.65,1494.15,0
2004-10-28,1511.0,1511.0,1516.95,1507.9,1512.5,0
2004-10-29,1502.05,1502.05,1516.9,1499.65,1516.7,0
2004-11-01,1510.6,1510.6,1511.8,1495.35,1504.05,0
2004-11-02,1526.05,1526.05,1527.65,1511.2,1511.2,0
2004-11-03,1547.0,1547.0,1547.3,1532.55,1532.75,0
2004-11-04,1548.05,1548.05,1557.95,1546.3,1555.65,0
2004-11-05,1562.6,1562.6,1563.8,1552.7,1555.15,0
2004-11-08,1568.9,1568.9,1575.7,1566.95,1568.5,0
2004-11-09,1563.55,1563.55,1573.3,1560.7,1572.55,0
2004-11-10,1579.75,1579.75,1580.7,1568.1,1568.1,0
2004-11-11,1574.55,1574.55,1585.8,1572.4,1581.5,0
2004-11-12,1579.15,1579.15,1586.9,1575.25,1584.95,0
2004-11-16,1584.8,1584.8,1586.35,1570.9,1580.85,0
2004-11-17,1597.25,1597.25,1599.4,1586.5,1586.5,0
2004-11-18,1603.85,1603.85,1606.1,1595.5,1600.5,0
2004-11-19,1586.6,1586.6,1610.15,1585.35,1606.2,0
2004-11-22,1589.4,1589.4,1592.65,1566.75,1578.05,0
2004-11-23,1608.25,1608.25,1614.1,1591.5,1591.5,0
2004-11-24,1618.25,1618.25,1621.9,1610.8,1611.55,0
2004-11-25,1617.35,1617.35,1630.65,1612.15,1619.35,0
2004-11-29,1646.45,1646.45,1649.35,1614.75,1614.75,0
2004-11-30,1653.2,1653.2,1661.5,1648.5,1657.0,0
2004-12-01,1658.7,1658.7,1664.3,1640.95,1661.55,0
2004-12-02,1693.8,1693.8,1694.95,1671.05,1671.05,0
2004-12-03,1692.95,1692.95,1705.7,1688.8,1697.3,0
2004-12-06,1691.75,1691.75,1709.65,1689.85,1701.55,0
2004-12-07,1692.5,1692.5,1700.8,1683.95,1690.85,0
2004-12-08,1683.95,1683.95,1709.8,1681.25,1702.2,0
2004-12-09,1694.6,1694.6,1698.25,1681.2,1685.6,0
2004-12-10,1680.9,1680.9,1702.2,1678.1,1694.3,0
2004-12-13,1695.05,1695.05,1695.85,1681.6,1681.6,0
2004-12-14,1715.2,1715.2,1716.3,1698.1,1698.1,0
2004-12-15,1729.95,1729.95,1734.7,1715.55,1715.55,0
2004-12-16,1736.5,1736.5,1740.45,1724.95,1731.95,0
2004-12-17,1725.45,1725.45,1744.8,1722.1,1740.05,0
2004-12-20,1741.65,1741.65,1743.3,1725.9,1725.9,0
2004-12-21,1758.25,1758.25,1759.65,1744.45,1748.95,0
2004-12-22,1748.9,1748.9,1768.9,1745.4,1763.65,0
2004-12-23,1760.3,1760.3,1763.7,1753.15,1753.15,0
2004-12-24,1774.25,1774.25,1776.5,1765.0,1772.4,0
2004-12-27,1778.4,1778.4,1790.1,1764.4,1769.6,0
2004-12-28,1794.05,1794.05,1795.25,1780.2,1780.2,0
2004-12-29,1790.3,1790.3,1806.35,1783.75,1802.55,0
2004-12-30,1781.1,1781.1,1803.6,1776.95,1794.8,0
2004-12-31,1804.9,1804.9,1806.25,1787.95,1789.85,0
2005-01-03,1834.75,1834.75,1836.65,1816.6,1818.55,0
2005-01-04,1831.3,1831.3,1841.15,1828.55,1838.35,0
2005-01-05,1769.2,1769.2,1826.3,1725.6,1822.45,0
2005-01-06,1741.1,1741.1,1773.9,1722.5,1768.95,0
2005-01-07,1758.05,1758.05,1761.95,1739.7,1743.9,0
2005-01-10,1738.4,1738.4,1772.7,1733.25,1761.35,0
2005-01-11,1705.9,1705.9,1743.4,1702.45,1739.25,0
2005-01-12,1662.0,1662.0,1716.0,1655.15,1706.6,0
2005-01-13,1700.35,1700.35,1705.15,1679.0,1679.0,0
2005-01-14,1683.55,1683.55,1708.65,1677.35,1704.6,0
2005-01-17,1679.8,1679.8,1693.3,1655.05,1693.3,0
2005-01-18,1683.8,1683.8,1700.4,1677.05,1689.3,0
2005-01-19,1676.0,1676.0,1692.3,1673.25,1688.35,0
2005-01-20,1668.3,1668.3,1679.4,1650.85,1679.4,0
2005-01-24,1653.8,1653.8,1671.4,1649.95,1671.4,0
2005-01-25,1672.6,1672.6,1673.6,1643.95,1651.3,0
2005-01-27,1692.8,1692.8,1698.4,1681.35,1681.35,0
2005-01-28,1732.7,1732.7,1735.3,1700.55,1700.55,0
2005-01-31,1768.25,1768.25,1771.4,1749.75,1749.75,0
2005-02-01,1775.0,1775.0,1781.25,1759.4,1769.45,0
2005-02-02,1775.9,1775.9,1789.45,1770.9,1778.7,0
2005-02-03,1799.8,1799.8,1802.35,1778.9,1778.9,0
2005-02-04,1798.2,1798.2,1817.1,1785.75,1810.9,0
2005-02-07,1786.7,1786.7,1811.7,1783.05,1806.6,0
2005-02-08,1788.85,1788.85,1797.4,1781.0,1788.1,0
2005-02-09,1805.15,1805.15,1810.6,1798.05,1798.08,0
2005-02-10,1803.0,1803.0,1813.2,1793.9,1808.25,0
2005-02-11,1817.5,1817.5,1821.15,1805.35,1805.35,0
2005-02-14,1828.65,1828.65,1837.45,1823.6,1825.5,0
2005-02-15,1819.05,1819.05,1830.35,1811.55,1830.35,0
2005-02-16,1803.45,1803.45,1832.35,1797.55,1822.35,0
2005-02-17,1797.25,1797.25,1800.3,1784.75,1800.3,0
2005-02-18,1794.1,1794.1,1811.0,1789.25,1801.0,0
2005-02-21,1781.5,1781.5,1801.0,1779.1,1800.25,0
2005-02-22,1793.2,1793.2,1795.15,1774.5,1781.15,0
2005-02-23,1794.95,1794.95,1802.15,1789.4,1793.55,0
2005-02-24,1794.55,1794.55,1808.0,1792.6,1802.35,0
2005-02-25,1796.3,1796.3,1812.55,1790.5,1809.95,0
2005-02-28,1827.4,1827.4,1830.9,1791.4,1801.95,0
2005-03-01,1811.9,1811.9,1825.05,1805.15,1825.05,0
2005-03-02,1825.3,1825.3,1826.95,1815.8,1817.65,0
2005-03-03,1854.3,1854.3,1856.25,1825.9,1825.9,0
2005-03-04,1871.95,1871.95,1874.65,1858.75,1863.65,0
2005-03-07,1883.6,1883.6,1891.55,1875.75,1875.75,0
2005-03-08,1893.2,1893.2,1896.3,1881.65,1888.2,0
2005-03-09,1881.8,1881.8,1905.15,1864.95,1894.6,0
2005-03-10,1889.0,1889.0,1891.7,1871.85,1882.5,0
2005-03-11,1880.85,1880.85,1904.55,1876.95,1896.5,0
2005-03-14,1871.8,1871.8,1889.25,1869.05,1876.9,0
2005-03-15,1860.6,1860.6,1877.75,1856.9,1874.5,0
2005-03-16,1859.65,1859.65,1876.05,1856.65,1864.3,0
2005-03-17,1835.95,1835.95,1856.15,1830.55,1854.5,0
2005-03-18,1838.35,1838.35,1844.3,1811.6,1837.05,0
2005-03-21,1829.3,1829.3,1850.3,1824.5,1845.0,0
2005-03-22,1793.3,1793.3,1829.45,1789.75,1829.45,0
2005-03-23,1758.5,1758.5,1799.65,1753.15,1791.7,0
2005-03-24,1748.6,1748.6,1773.25,1741.4,1766.95,0
2005-03-28,1762.6,1762.6,1774.95,1758.25,1760.15,0
2005-03-29,1724.65,1724.65,1764.2,1715.15,1764.2,0
2005-03-30,1737.45,1737.45,1741.8,1715.85,1728.7,0
2005-03-31,1772.85,1772.85,1777.1,1745.1,1745.1,0
2005-04-01,1805.3,1805.3,1808.2,1766.45,1786.2,0
2005-04-04,1804.05,1804.05,1815.15,1799.2,1809.95,0
2005-04-05,1793.05,1793.05,1811.8,1786.85,1808.35,0
2005-04-06,1807.0,1807.0,1809.5,1795.0,1798.3,0
2005-04-07,1798.4,1798.4,1819.5,1795.05,1819.5,0
2005-04-08,1783.3,1783.3,1804.4,1776.55,1802.2,0
2005-04-11,1764.35,1764.35,1782.9,1758.3,1782.9,0
2005-04-12,1778.2,1778.2,1780.0,1765.0,1765.0,0
2005-04-13,1779.35,1779.35,1789.75,1774.15,1781.75,0
2005-04-15,1726.75,1726.75,1771.7,1724.65,1771.7,0
2005-04-18,1706.45,1706.45,1718.15,1691.15,1698.25,0
2005-04-19,1693.55,1693.55,1733.55,1689.25,1714.5,0
2005-04-20,1707.0,1707.0,1709.45,1685.45,1696.1,0
2005-04-21,1727.15,1727.15,1728.3,1696.65,1696.65,0
2005-04-22,1742.15,1742.15,1744.7,1732.25,1738.55,0
2005-04-25,1748.3,1748.3,1751.25,1733.1,1740.45,0
2005-04-26,1740.6,1740.6,1751.65,1736.75,1747.6,0
2005-04-27,1723.05,1723.05,1742.9,1719.35,1739.55,0
2005-04-28,1718.15,1718.15,1725.45,1709.65,1722.35,0
2005-04-29,1688.65,1688.65,1716.75,1684.15,1716.75,0
2005-05-02,1695.25,1695.25,1703.5,1681.6,1698.5,0
2005-05-03,1698.4,1698.4,1705.65,1692.5,1696.85,0
2005-05-04,1717.65,1717.65,1718.75,1700.8,1700.8,0
2005-05-05,1737.6,1737.6,1745.05,1732.45,1732.45,0
2005-05-06,1748.55,1748.55,1752.55,1732.95,1742.3,0
2005-05-09,1769.7,1769.7,1770.75,1754.15,1754.15,0
2005-05-10,1765.9,1765.9,1776.65,1762.4,1771.65,0
2005-05-11,1760.3,1760.3,1763.25,1752.0,1763.25,0
2005-05-12,1768.9,1768.9,1773.85,1760.3,1760.3,0
2005-05-13,1768.25,1768.25,1771.7,1762.5,1766.6,0
2005-05-16,1785.95,1785.95,1787.9,1772.75,1772.75,0
2005-05-17,1766.35,1766.35,1795.55,1762.0,1789.75,0
2005-05-18,1761.6,1761.6,1766.55,1748.6,1760.75,0
2005-05-19,1770.6,1770.6,1781.95,1767.0,1778.75,0
2005-05-20,1771.3,1771.3,1775.0,1760.25,1772.35,0
2005-05-23,1788.15,1788.15,1790.35,1775.1,1777.5,0
2005-05-24,1797.95,1797.95,1799.95,1786.65,1796.25,0
2005-05-25,1808.5,1808.5,1811.15,1789.0,1789.0,0
2005-05-26,1822.25,1822.25,1824.25,1803.65,1809.45,0
2005-05-27,1824.75,1824.75,1843.35,1820.15,1829.9,0
2005-05-30,1819.2,1819.2,1831.45,1814.2,1830.05,0
2005-05-31,1834.85,1834.85,1837.55,1818.05,1819.6,0
2005-06-01,1838.45,1838.45,1845.05,1833.35,1836.75,0
2005-06-02,1821.45,1821.45,1843.75,1820.1,1840.15,0
2005-06-03,1843.05,1843.05,1844.4,1820.55,1823.7,0
2005-06-04,1844.85,1844.85,1847.45,1839.0,1844.85,0
2005-06-06,1849.2,1849.2,1862.2,1845.55,1848.0,0
2005-06-07,1856.5,1856.5,1859.7,1847.25,1853.55,0
2005-06-08,1867.3,1867.3,1870.5,1859.3,1861.6,0
2005-06-09,1862.15,1862.15,1871.15,1858.5,1871.15,0
2005-06-10,1851.0,1851.0,1872.65,1847.05,1870.7,0
2005-06-13,1858.15,1858.15,1860.4,1844.7,1856.55,0
2005-06-14,1863.1,1863.1,1864.45,1855.3,1862.8,0
2005-06-15,1874.75,1874.75,1876.4,1865.05,1865.3,0
2005-06-16,1862.75,1862.75,1881.15,1860.7,1879.95,0
2005-06-17,1854.6,1854.6,1866.7,1842.75,1866.7,0
2005-06-20,1861.65,1861.65,1872.65,1857.85,1871.25,0
2005-06-21,1877.5,1877.5,1878.7,1857.9,1864.55,0
2005-06-22,1889.05,1889.05,1896.45,1882.35,1882.35,0
2005-06-23,1890.8,1890.8,1896.15,1882.45,1893.1,0
2005-06-24,1901.35,1901.35,1907.8,1877.55,1881.95,0
2005-06-27,1903.3,1903.3,1919.55,1898.55,1898.55,0
2005-06-28,1875.8,1875.8,1908.3,1873.8,1906.95,0
2005-06-29,1892.85,1892.85,1894.1,1872.05,1880.8,0
2005-06-30,1906.2,1906.2,1912.15,1897.35,1897.35,0
2005-07-01,1912.35,1912.35,1915.3,1895.4,1900.85,0
2005-07-04,1933.35,1933.35,1933.9,1913.1,1913.1,0
2005-07-05,1917.95,1917.95,1941.1,1913.3,1933.75,0
2005-07-06,1939.3,1939.3,1941.75,1926.4,1928.75,0
2005-07-07,1903.05,1903.05,1944.3,1896.95,1940.5,0
2005-07-08,1924.4,1924.4,1929.1,1908.15,1917.05,0
2005-07-11,1945.0,1945.0,1948.75,1932.25,1932.25,0
2005-07-12,1948.55,1948.55,1958.65,1925.65,1941.9,0
2005-07-13,1942.8,1942.8,1960.9,1939.8,1956.35,0
2005-07-14,1933.6,1933.6,1949.35,1929.55,1948.95,0
2005-07-15,1955.05,1955.05,1956.75,1933.65,1944.7,0
2005-07-18,1976.75,1976.75,1979.2,1965.4,1968.85,0
2005-07-19,1982.3,1982.3,1988.5,1974.6,1985.85,0
2005-07-20,1989.7,1989.7,1996.8,1986.65,1991.4,0
2005-07-21,1979.45,1979.45,2000.35,1971.25,1998.75,0
2005-07-22,2007.4,2007.4,2008.85,1970.75,1970.75,0
2005-07-25,2027.95,2027.95,2029.4,2014.95,2017.15,0
2005-07-26,2028.8,2028.8,2032.25,2014.45,2032.25,0
2005-07-27,2038.35,2038.35,2041.35,2021.25,2029.35,0
2005-07-29,2027.4,2027.4,2044.7,2013.5,2013.5,0
2005-08-01,2039.6,2039.6,2040.8,2012.35,2027.5,0
2005-08-02,2073.5,2073.5,2075.15,2042.5,2042.5,0
2005-08-03,2073.35,2073.35,2092.55,2066.3,2086.75,0
2005-08-04,2083.65,2083.65,2087.4,2071.45,2083.95,0
2005-08-05,2086.0,2086.0,2095.35,2081.4,2090.5,0
2005-08-08,2055.4,2055.4,2095.15,2051.45,2093.4,0
2005-08-09,2051.0,2051.0,2070.05,2039.35,2061.8,0
2005-08-10,2086.45,2086.45,2088.55,2060.15,2062.2,0
2005-08-11,2103.2,2103.2,2108.45,2085.75,2095.9,0
2005-08-12,2093.2,2093.2,2110.15,2088.45,2109.5,0
2005-08-16,2103.65,2103.65,2108.6,2092.3,2097.3,0
2005-08-17,2129.6,2129.6,2131.4,2098.55,2102.75,0
2005-08-18,2119.15,2119.15,2149.35,2113.35,2132.9,0
2005-08-19,2116.5,2116.5,2136.05,2113.15,2122.7,0
2005-08-22,2104.3,2104.3,2133.65,2094.55,2117.95,0
2005-08-23,2066.25,2066.25,2110.6,2062.45,2105.15,0
2005-08-24,2056.4,2056.4,2071.45,2038.7,2067.35,0
2005-08-25,2080.35,2080.35,2082.55,2058.8,2059.0,0
2005-08-26,2094.9,2094.9,2101.55,2081.0,2086.35,0
2005-08-29,2083.0,2083.0,2091.3,2062.35,2091.3,0
2005-08-30,2110.4,2110.4,2113.25,2085.45,2085.45,0
2005-08-31,2126.35,2126.35,2127.75,2108.55,2111.6,0
2005-09-01,2143.6,2143.6,2149.4,2134.55,2134.55,0
2005-09-02,2150.94,2150.94,2155.5,2134.45,2145.85,0
2005-09-05,2157.75,2157.75,2171.1,2153.5,2153.5,0
2005-09-06,2161.5,2161.5,2169.25,2152.65,2160.95,0
2005-09-08,2179.5,2179.5,2180.75,2167.3,2167.3,0
2005-09-09,2179.15,2179.15,2183.35,2170.95,2181.95,0
2005-09-12,2205.7,2205.7,2206.85,2186.95,2186.95,0
2005-09-13,2220.85,2220.85,2221.65,2201.7,2208.4,0
2005-09-14,2211.4,2211.4,2235.85,2197.15,2220.5,0
2005-09-15,2236.65,2236.65,2237.95,2218.5,2218.5,0
2005-09-16,2258.15,2258.15,2260.4,2234.15,2244.75,0
2005-09-19,2275.0,2275.0,2278.4,2260.1,2262.8,0
2005-09-20,2278.45,2278.45,2282.15,2254.65,2274.25,0
2005-09-21,2260.25,2260.25,2278.05,2195.3,2277.6,0
2005-09-22,2167.1,2167.1,2258.7,2159.75,2258.65,0
2005-09-23,2174.65,2174.65,2196.6,2146.35,2183.55,0
2005-09-26,2245.4,2245.4,2247.5,2195.75,2195.75,0
2005-09-27,2259.35,2259.35,2274.8,2241.3,2246.25,0
2005-09-28,2280.35,2280.35,2282.4,2250.65,2261.3,0
2005-09-29,2281.75,2281.75,2302.3,2275.55,2289.55,0
2005-09-30,2274.0,2274.0,2284.9,2242.85,2284.1,0
2005-10-03,2299.45,2299.45,2302.15,2282.5,2282.5,0
2005-10-04,2327.75,2327.75,2330.0,2300.05,2300.05,0
2005-10-05,2313.25,2313.25,2333.1,2307.9,2331.35,0
2005-10-06,2270.05,2270.05,2299.8,2264.5,2284.9,0
2005-10-07,2264.1,2264.1,2293.05,2244.3,2268.35,0
2005-10-10,2253.6,2253.6,2279.25,2249.35,2272.9,0
2005-10-11,2264.0,2264.0,2267.35,2224.7,2266.85,0
2005-10-13,2226.25,2226.25,2267.45,2220.15,2254.4,0
2005-10-14,2181.05,2181.05,2229.5,2176.45,2229.15,0
2005-10-17,2172.6,2172.6,2189.85,2154.9,2189.6,0
2005-10-18,2157.9,2157.9,2201.9,2144.6,2178.4,0
2005-10-19,2105.65,2105.65,2141.45,2094.5,2141.45,0
2005-10-20,2085.15,2085.15,2145.9,2059.85,2112.75,0
2005-10-21,2119.45,2119.45,2122.45,2070.85,2092.95,0
2005-10-24,2092.05,2092.05,2131.85,2087.35,2131.85,0
2005-10-25,2108.5,2108.5,2125.55,2088.7,2105.5,0
2005-10-26,2098.2,2098.2,2119.15,2095.1,2110.05,0
2005-10-27,2052.05,2052.05,2103.0,2044.0,2098.2,0
2005-10-28,2022.15,2022.15,2052.8,2016.0,2052.8,0
2005-10-31,2067.8,2067.8,2069.25,2031.75,2035.9,0
2005-11-01,2084.65,2084.65,2096.65,2079.45,2096.65,0
2005-11-02,2106.4,2106.4,2109.15,2066.25,2084.55,0
2005-11-07,2141.95,2141.95,2143.5,2104.15,2111.55,0
2005-11-08,2173.0,2173.0,2182.7,2149.55,2151.1,0
2005-11-09,2166.6,2166.6,2196.5,2158.25,2178.6,0
2005-11-10,2177.25,2177.25,2181.05,2164.45,2174.75,0
2005-11-11,2220.2,2220.2,2221.4,2189.95,2189.95,0
2005-11-14,2227.15,2227.15,2243.85,2209.65,2235.6,0
2005-11-16,2245.25,2245.25,2247.6,2231.0,2236.5,0
2005-11-17,2259.55,2259.55,2262.95,2231.85,2231.9,0
2005-11-18,2269.0,2269.0,2283.65,2263.05,2265.85,0
2005-11-21,2255.25,2255.25,2275.85,2250.15,2267.3,0
2005-11-22,2233.9,2233.9,2264.25,2230.3,2248.4,0
2005-11-23,2255.5,2255.5,2257.95,2234.05,2237.8,0
2005-11-24,2274.7,2274.7,2280.35,2268.1,2269.45,0
2005-11-25,2300.7,2300.7,2302.7,2275.25,2275.25,0
2005-11-26,2321.95,2321.95,2323.85,2306.4,2306.4,0
2005-11-28,2346.85,2346.85,2350.5,2327.8,2327.8,0
2005-11-29,2336.8,2336.8,2346.8,2322.3,2345.95,0
2005-11-30,2306.15,2306.15,2362.85,2302.4,2345.55,0
2005-12-01,2342.3,2342.3,2345.4,2299.25,2314.05,0
2005-12-02,2345.15,2345.15,2366.95,2340.7,2358.45,0
2005-12-05,2319.7,2319.7,2354.3,2315.1,2354.2,0
2005-12-06,2318.45,2318.45,2340.45,2307.95,2322.8,0
2005-12-07,2339.75,2339.75,2341.75,2321.5,2321.5,0
2005-12-08,2350.9,2350.9,2353.65,2329.95,2348.0,0
2005-12-09,2385.85,2385.85,2388.05,2355.15,2355.15,0
2005-12-12,2402.5,2402.5,2410.85,2392.7,2393.9,0
2005-12-13,2427.9,2427.9,2429.2,2396.4,2403.65,0
2005-12-14,2425.7,2425.7,2441.1,2411.4,2432.05,0
2005-12-15,2401.2,2401.2,2438.4,2390.9,2437.3,0
2005-12-16,2425.4,2425.4,2427.65,2396.8,2413.1,0
2005-12-19,2452.65,2452.65,2454.0,2431.6,2431.6,0
2005-12-20,2446.85,2446.85,2461.4,2437.65,2455.4,0
2005-12-21,2445.5,2445.5,2463.8,2427.9,2452.75,0
2005-12-22,2454.35,2454.35,2461.85,2440.65,2454.75,0
2005-12-23,2426.1,2426.1,2468.6,2422.15,2462.1,0
2005-12-26,2377.25,2377.25,2418.2,2372.0,2418.2,0
2005-12-27,2424.65,2424.65,2428.5,2362.75,2369.45,0
2005-12-28,2422.05,2422.05,2440.05,2411.25,2426.55,0
2005-12-29,2440.3,2440.3,2444.2,2424.35,2429.55,0
2005-12-30,2459.2,2459.2,2465.0,2436.95,2442.05,0
2006-01-02,2464.25,2464.25,2473.7,2456.5,2465.15,0
2006-01-03,2502.55,2502.55,2504.35,2466.7,2471.8,0
2006-01-04,2522.55,2522.55,2525.95,2508.45,2514.55,0
2006-01-05,2525.4,2525.4,2531.55,2507.7,2527.65,0
2006-01-06,2537.3,2537.3,2545.4,2510.1,2534.3,0
2006-01-09,2540.4,2540.4,2550.4,2531.55,2547.65,0
2006-01-10,2512.05,2512.05,2540.25,2508.0,2540.25,0
2006-01-12,2502.05,2502.05,2514.45,2480.05,2491.75,0
2006-01-13,2502.75,2502.75,2528.0,2499.65,2506.6,0
2006-01-16,2486.15,2486.15,2503.6,2481.35,2502.7,0
2006-01-17,2473.65,2473.65,2507.75,2468.25,2493.65,0
2006-01-18,2455.75,2455.75,2469.2,2438.45,2452.45,0
2006-01-19,2506.3,2506.3,2508.7,2472.95,2472.95,0
2006-01-20,2529.1,2529.1,2537.85,2514.35,2515.0,0
2006-01-23,2517.75,2517.75,2527.7,2510.3,2516.2,0
2006-01-24,2532.5,2532.5,2542.15,2526.05,2532.0,0
2006-01-25,2548.6,2548.6,2559.1,2533.0,2543.0,0
2006-01-27,2587.5,2587.5,2591.1,2557.95,2557.95,0
2006-01-30,2570.15,2570.15,2604.15,2563.8,2598.6,0
2006-01-31,2585.95,2585.95,2592.65,2578.2,2580.3,0
2006-02-01,2560.55,2560.55,2594.5,2552.4,2593.0,0
2006-02-02,2559.55,2559.55,2581.5,2548.95,2573.8,0
2006-02-03,2550.2,2550.2,2563.95,2543.55,2553.2,0
2006-02-06,2588.65,2588.65,2593.6,2546.1,2553.55,0
2006-02-07,2605.35,2605.35,2609.55,2584.25,2599.1,0
2006-02-08,2603.25,2603.25,2608.5,2583.35,2600.5,0
2006-02-10,2621.4,2621.4,2623.7,2611.6,2612.95,0
2006-02-13,2634.6,2634.6,2635.7,2617.9,2624.1,0
2006-02-14,2618.0,2618.0,2646.1,2612.2,2642.55,0
2006-02-15,2624.85,2624.85,2642.65,2607.55,2636.3,0
2006-02-16,2630.25,2630.25,2643.1,2622.65,2633.55,0
2006-02-17,2593.55,2593.55,2643.65,2589.85,2637.85,0
2006-02-20,2598.95,2598.95,2601.45,2563.35,2594.1,0
2006-02-21,2620.65,2620.65,2625.65,2608.15,2608.15,0
2006-02-22,2635.85,2635.85,2639.4,2621.25,2625.6,0
2006-02-23,2640.15,2640.15,2656.3,2638.2,2642.5,0
2006-02-24,2644.95,2644.95,2655.0,2635.2,2648.25,0
2006-02-27,2660.7,2660.7,2662.75,2646.95,2646.95,0
2006-02-28,2658.95,2658.95,2675.4,2622.6,2673.75,0
2006-03-01,2698.6,2698.6,2700.85,2652.45,2655.0,0
2006-03-02,2722.0,2722.0,2735.25,2708.8,2715.1,0
2006-03-03,2724.25,2724.25,2738.75,2712.65,2730.9,0
2006-03-06,2761.05,2761.05,2762.7,2731.5,2731.5,0
2006-03-07,2767.2,2767.2,2771.15,2752.6,2763.7,0
2006-03-08,2715.0,2715.0,2775.9,2710.2,2769.95,0
2006-03-09,2726.75,2726.75,2728.75,2680.5,2719.55,0
2006-03-10,2765.85,2765.85,2771.3,2744.25,2744.25,0
2006-03-13,2780.0,2780.0,2797.05,2774.1,2776.95,0
2006-03-14,2771.15,2771.15,2796.4,2764.8,2788.0,0
2006-03-16,2789.35,2789.35,2791.45,2777.55,2785.25,0
2006-03-17,2790.05,2790.05,2807.95,2784.9,2802.3,0
2006-03-20,2812.5,2812.5,2813.95,2801.1,2807.95,0
2006-03-21,2809.4,2809.4,2833.2,2798.05,2809.8,0
2006-03-22,2789.3,2789.3,2812.35,2776.3,2805.4,0
2006-03-23,2796.9,2796.9,2810.85,2781.7,2802.0,0
2006-03-24,2821.55,2821.55,2824.35,2801.1,2803.95,0
2006-03-27,2851.75,2851.75,2855.95,2828.1,2828.1,0
2006-03-28,2844.15,2844.15,2868.55,2839.75,2861.3,0
2006-03-29,2864.4,2864.4,2866.95,2848.6,2854.95,0
2006-03-30,2901.15,2901.15,2909.1,2875.35,2875.35,0
2006-03-31,2910.35,2910.35,2923.15,2884.95,2903.65,0
2006-04-03,2974.1,2974.1,2977.2,2918.6,2918.6,0
2006-04-04,2993.0,2993.0,3004.1,2968.6,2988.55,0
2006-04-05,3022.3,3022.3,3023.45,2999.1,3008.1,0
2006-04-07,2977.5,2977.5,3055.4,2969.55,3048.95,0
2006-04-10,2994.3,2994.3,2998.7,2962.5,2983.75,0
2006-04-12,2924.25,2924.25,3007.1,2914.3,2996.1,0
2006-04-13,2884.4,2884.4,2927.2,2826.8,2927.2,0
2006-04-17,2943.9,2943.9,2949.25,2911.55,2924.5,0
2006-04-18,3005.85,3005.85,3007.65,2973.7,2973.7,0
2006-04-19,3017.65,3017.65,3044.45,2994.85,3030.95,0
2006-04-20,3038.3,3038.3,3040.7,3015.25,3032.75,0
2006-04-21,3034.75,3034.75,3052.65,2996.65,3049.3,0
2006-04-24,3024.9,3024.9,3045.75,3016.6,3036.6,0
2006-04-25,2960.3,2960.3,3024.1,2954.05,3024.1,0
2006-04-26,3032.2,3032.2,3037.1,2959.85,2967.4,0
2006-04-27,3005.35,3005.35,3071.45,2996.75,3048.9,0
2006-04-28,3014.1,3014.1,3021.35,2868.25,2911.45,0
2006-04-29,3064.7,3064.7,3068.55,3037.4,3037.4,0
2006-05-02,3100.7,3100.7,3112.0,3089.8,3093.7,0
2006-05-03,3124.2,3124.2,3127.8,3084.7,3100.15,0
2006-05-04,3133.2,3133.2,3155.9,3113.55,3139.0,0
2006-05-05,3143.1,3143.1,3157.2,3125.7,3140.15,0
2006-05-08,3163.25,3163.25,3176.6,3156.7,3166.8,0
2006-05-09,3178.8,3178.8,3182.9,3134.55,3177.95,0
2006-05-10,3208.85,3208.85,3212.4,3192.4,3194.9,0
2006-05-11,3168.65,3168.65,3223.15,3159.2,3223.15,0
2006-05-12,3132.35,3132.35,3168.8,3120.65,3137.5,0
2006-05-15,3007.8,3007.8,3128.85,2993.45,3120.15,0
2006-05-16,3011.85,3011.85,3024.9,2881.8,3010.9,0
2006-05-17,3099.8,3099.8,3104.7,3054.75,3054.8,0
2006-05-18,2889.05,2889.05,3061.1,2874.1,3061.1,0
2006-05-19,2767.75,2767.75,2960.3,2740.05,2960.3,0
2006-05-22,2611.3,2611.3,2794.7,2439.6,2794.7,0
2006-05-23,2712.35,2712.35,2721.95,2538.15,2612.6,0
2006-05-24,2662.55,2662.55,2765.5,2648.1,2736.55,0
2006-05-25,2684.6,2684.6,2697.65,2591.7,2625.3,0
2006-05-26,2726.45,2726.45,2773.15,2705.85,2724.0,0
2006-05-29,2737.55,2737.55,2769.75,2719.65,2725.2,0
2006-05-30,2721.8,2721.8,2767.25,2711.1,2747.65,0
2006-05-31,2635.25,2635.25,2653.95,2556.85,2636.35,0
2006-06-01,2548.35,2548.35,2680.2,2531.5,2665.75,0
2006-06-02,2615.75,2615.75,2620.7,2511.9,2554.35,0
2006-06-05,2559.55,2559.55,2638.2,2555.55,2627.5,0
2006-06-06,2486.75,2486.75,2536.55,2472.1,2488.95,0
2006-06-07,2384.9,2384.9,2491.55,2352.55,2463.2,0
2006-06-08,2248.8,2248.8,2354.55,2209.3,2354.55,0
2006-06-09,2376.3,2376.3,2382.95,2236.8,2236.8,0
2006-06-12,2310.8,2310.8,2379.45,2302.05,2372.85,0
2006-06-13,2201.4,2201.4,2246.8,2184.9,2246.8,0
2006-06-14,2163.95,2163.95,2282.55,2137.8,2226.25,0
2006-06-15,2299.25,2299.25,2307.55,2200.7,2213.5,0
2006-06-16,2386.25,2386.25,2439.5,2362.0,2362.0,0
2006-06-19,2418.7,2418.7,2429.1,2358.3,2394.25,0
2006-06-20,2388.85,2388.85,2406.45,2363.55,2397.1,0
2006-06-21,2442.95,2442.95,2446.7,2378.5,2384.55,0
2006-06-22,2503.5,2503.5,2521.45,2491.75,2491.75,0
2006-06-23,2529.45,2529.45,2540.1,2453.55,2486.95,0
2006-06-25,2539.85,2539.85,2560.95,2531.15,2558.25,0
2006-06-26,2441.2,2441.2,2546.3,2431.25,2546.3,0
2006-06-27,2456.65,2456.65,2471.95,2401.05,2453.1,0
2006-06-28,2452.85,2452.85,2469.75,2411.95,2413.15,0
2006-06-29,2463.25,2463.25,2498.25,2455.65,2486.5,0
2006-06-30,2562.5,2562.5,2565.45,2512.85,2512.85,0
2006-07-03,2577.2,2577.2,2582.55,2557.45,2580.55,0
2006-07-04,2574.1,2574.1,2600.7,2568.0,2593.4,0
2006-07-05,2616.85,2616.85,2619.2,2564.0,2565.3,0
2006-07-06,2591.8,2591.8,2611.35,2580.2,2587.65,0
2006-07-07,2534.25,2534.25,2623.25,2522.75,2610.05,0
2006-07-10,2573.9,2573.9,2579.05,2525.9,2536.3,0
2006-07-11,2559.85,2559.85,2577.3,2547.8,2572.45,0
2006-07-12,2606.9,2606.9,2609.9,2529.75,2539.8,0
2006-07-13,2590.7,2590.7,2610.6,2577.65,2600.55,0
2006-07-14,2560.15,2560.15,2566.85,2533.4,2546.3,0
2006-07-17,2471.35,2471.35,2545.5,2466.65,2545.5,0
2006-07-18,2450.0,2450.0,2488.65,2433.6,2481.5,0
2006-07-19,2392.4,2392.4,2478.05,2383.05,2468.4,0
2006-07-20,2455.65,2455.65,2468.2,2434.95,2449.0,0
2006-07-21,2391.85,2391.85,2438.45,2381.05,2437.45,0
2006-07-24,2410.7,2410.7,2417.55,2334.75,2366.45,0
2006-07-25,2462.3,2462.3,2466.2,2431.45,2431.45,0
2006-07-26,2516.4,2516.4,2524.0,2453.5,2468.4,0
2006-07-27,2549.25,2549.25,2554.4,2518.8,2537.05,0
2006-07-28,2545.6,2545.6,2566.6,2530.25,2551.75,0
2006-07-31,2562.55,2562.55,2588.75,2556.2,2575.9,0
2006-08-01,2559.65,2559.65,2570.35,2536.85,2553.95,0
2006-08-02,2592.7,2592.7,2596.35,2556.6,2556.6,0
2006-08-03,2601.2,2601.2,2635.0,2591.55,2605.35,0
2006-08-04,2588.35,2588.35,2624.65,2576.65,2607.85,0
2006-08-07,2576.5,2576.5,2590.9,2569.2,2576.8,0
2006-08-08,2620.35,2620.35,2621.5,2584.4,2584.4,0
2006-08-09,2656.25,2656.25,2663.15,2609.55,2611.65,0
2006-08-10,2674.1,2674.1,2679.0,2648.8,2657.5,0
2006-08-11,2692.65,2692.65,2703.9,2665.05,2687.2,0
2006-08-14,2730.1,2730.1,2732.8,2708.95,2711.6,0
2006-08-16,2768.25,2768.25,2783.95,2763.2,2763.2,0
2006-08-17,2760.25,2760.25,2791.85,2740.9,2790.65,0
2006-08-18,2767.4,2767.4,2774.5,2753.25,2767.1,0
2006-08-21,2779.85,2779.85,2782.85,2753.1,2768.4,0
2006-08-22,2775.75,2775.75,2808.05,2767.65,2780.05,0
2006-08-23,2750.45,2750.45,2781.7,2743.0,2774.4,0
2006-08-24,2776.05,2776.05,2781.5,2724.75,2731.0,0
2006-08-25,2793.7,2793.7,2805.05,2785.3,2792.75,0
2006-08-28,2806.85,2806.85,2809.65,2792.3,2794.35,0
2006-08-29,2826.45,2826.45,2834.95,2822.05,2826.85,0
2006-08-30,2825.9,2825.9,2837.2,2810.3,2837.2,0
2006-08-31,2807.95,2807.95,2842.15,2802.9,2840.5,0
2006-09-01,2828.3,2828.3,2830.1,2801.85,2810.55,0
2006-09-04,2865.95,2865.95,2869.85,2846.35,2846.35,0
2006-09-05,2871.9,2871.9,2877.35,2858.9,2873.8,0
2006-09-06,2882.85,2882.85,2892.75,2872.3,2876.7,0
2006-09-07,2866.3,2866.3,2880.85,2854.15,2867.25,0
2006-09-08,2884.3,2884.3,2889.8,2865.0,2874.85,0
2006-09-11,2794.8,2794.8,2894.35,2784.9,2894.35,0
2006-09-12,2820.45,2820.45,2823.25,2765.15,2800.45,0
2006-09-13,2878.1,2878.1,2888.0,2852.55,2855.15,0
2006-09-14,2894.75,2894.75,2904.9,2880.2,2898.0,0
2006-09-15,2898.9,2898.9,2906.5,2867.55,2896.35,0
2006-09-18,2911.6,2911.6,2922.45,2906.15,2913.85,0
2006-09-19,2878.9,2878.9,2927.7,2864.6,2920.7,0
2006-09-20,2910.2,2910.2,2914.1,2852.5,2856.75,0
2006-09-21,2945.1,2945.1,2947.75,2929.4,2929.4,0
2006-09-22,2934.65,2934.65,2952.95,2920.5,2929.85,0
2006-09-25,2920.0,2920.0,2943.65,2914.55,2942.15,0
2006-09-26,2950.8,2950.8,2953.25,2917.05,2935.1,0
2006-09-27,2963.4,2963.4,2976.75,2954.95,2970.85,0
2006-09-28,2965.5,2965.5,2973.1,2955.05,2971.35,0
2006-09-29,2988.25,2988.25,2994.25,2971.85,2978.05,0
2006-10-03,2985.0,2985.0,3005.85,2978.45,2994.55,0
2006-10-04,2948.8,2948.8,2997.6,2943.25,2994.35,0
2006-10-05,2993.35,2993.35,2998.5,2951.15,2951.15,0
2006-10-06,3002.65,3002.65,3011.6,2993.5,3005.9,0
2006-10-09,3003.75,3003.75,3018.4,2978.55,2988.05,0
2006-10-10,3007.55,3007.55,3031.45,3000.95,3019.9,0
2006-10-11,2987.4,2987.4,3037.1,2977.15,3026.6,0
2006-10-12,3032.6,3032.6,3036.4,2983.45,2996.7,0
2006-10-13,3064.9,3064.9,3069.75,3057.15,3063.05,0
2006-10-16,3090.25,3090.25,3099.6,3077.45,3078.0,0
2006-10-17,3077.85,3077.85,3101.75,3065.75,3101.75,0
2006-10-18,3076.05,3076.05,3088.7,3072.2,3076.3,0
2006-10-19,3051.35,3051.35,3088.9,3035.3,3088.5,0
2006-10-20,3057.05,3057.05,3082.7,3049.45,3065.85,0
2006-10-21,3069.9,3069.9,3081.75,3066.55,3076.1,0
2006-10-23,3048.05,3048.05,3075.9,3044.35,3075.9,0
2006-10-26,3064.45,3064.45,3069.55,3048.75,3053.4,0
2006-10-27,3111.3,3111.3,3114.1,3082.85,3082.85,0
2006-10-30,3130.65,3130.65,3133.9,3102.0,3109.1,0
2006-10-31,3114.55,3114.55,3145.2,3100.5,3143.4,0
2006-11-01,3130.45,3130.45,3135.2,3113.55,3130.9,0
2006-11-02,3150.4,3150.4,3159.4,3129.65,3131.25,0
2006-11-03,3161.4,3161.4,3163.1,3137.45,3156.8,0
2006-11-06,3173.05,3173.05,3178.9,3159.2,3165.05,0
2006-11-07,3167.05,3167.05,3196.1,3162.3,3196.1,0
2006-11-08,3141.4,3141.4,3177.15,3110.15,3170.65,0
2006-11-09,3156.2,3156.2,3167.45,3139.2,3156.55,0
2006-11-10,3186.7,3186.7,3190.8,3152.15,3164.75,0
2006-11-13,3215.4,3215.4,3217.1,3192.45,3195.55,0
2006-11-14,3216.85,3216.85,3236.8,3206.25,3233.6,0
2006-11-15,3225.65,3225.65,3233.8,3205.85,3233.8,0
2006-11-16,3226.85,3226.85,3248.45,3217.1,3230.1,0
2006-11-17,3200.6,3200.6,3243.9,3186.95,3243.6,0
2006-11-20,3191.3,3191.3,3196.45,3136.1,3174.95,0
2006-11-21,3244.65,3244.65,3246.0,3204.45,3204.45,0
2006-11-22,3273.55,3273.55,3276.85,3255.3,3259.35,0
2006-11-23,3277.35,3277.35,3294.45,3267.55,3281.35,0
2006-11-24,3291.0,3291.0,3301.3,3273.4,3282.65,0
2006-11-27,3307.55,3307.55,3314.5,3294.75,3294.75,0
2006-11-28,3267.2,3267.2,3291.2,3262.05,3274.15,0
2006-11-29,3274.65,3274.65,3295.6,3269.15,3288.6,0
2006-11-30,3280.45,3280.45,3297.4,3268.8,3297.4,0
2006-12-01,3318.9,3318.9,3320.4,3290.1,3298.3,0
2006-12-04,3331.65,3331.65,3341.05,3318.5,3333.45,0
2006-12-05,3339.15,3339.15,3354.4,3330.15,3354.4,0
2006-12-06,3326.0,3326.0,3353.4,3301.75,3344.95,0
2006-12-07,3330.2,3330.2,3335.8,3317.0,3333.4,0
2006-12-08,3295.6,3295.6,3339.65,3286.1,3336.2,0
2006-12-11,3195.25,3195.25,3294.3,3162.75,3294.3,0
2006-12-12,3071.8,3071.8,3203.6,3026.85,3181.7,0
2006-12-13,3128.7,3128.7,3137.85,3027.55,3081.45,0
2006-12-14,3202.6,3202.6,3209.9,3147.05,3147.05,0
2006-12-15,3235.45,3235.45,3249.95,3226.05,3233.3,0
2006-12-18,3252.7,3252.7,3255.7,3181.65,3255.7,0
2006-12-19,3180.0,3180.0,3251.45,3147.45,3239.75,0
2006-12-20,3164.95,3164.95,3221.05,3146.95,3206.5,0
2006-12-21,3176.75,3176.75,3188.25,3130.8,3152.85,0
2006-12-22,3208.8,3208.8,3211.8,3173.65,3180.45,0
2006-12-26,3261.4,3261.4,3263.7,3214.0,3215.9,0
2006-12-27,3289.2,3289.2,3297.95,3278.25,3278.25,0
2006-12-28,3288.55,3288.55,3307.7,3283.0,3307.7,0
2006-12-29,3295.05,3295.05,3308.15,3290.5,3295.0,0
2007-01-02,3323.1,3323.1,3327.4,3293.55,3299.9,0
2007-01-03,3342.7,3342.7,3346.4,3312.8,3335.3,0
2007-01-04,3327.9,3327.9,3356.95,3320.2,3353.35,0
2007-01-05,3325.3,3325.3,3350.95,3314.95,3328.55,0
2007-01-08,3286.9,3286.9,3312.6,3275.45,3312.6,0
2007-01-09,3264.1,3264.1,3313.2,3250.85,3299.95,0
2007-01-10,3214.6,3214.6,3262.1,3209.0,3262.1,0
2007-01-11,3284.3,3284.3,3290.7,3210.8,3210.8,0
2007-01-12,3362.1,3362.1,3365.6,3306.95,3306.95,0
2007-01-15,3385.2,3385.2,3396.75,3381.6,3393.3,0
2007-01-16,3386.2,3386.2,3403.55,3377.6,3395.55,0
2007-01-17,3396.45,3396.45,3408.8,3389.15,3397.1,0
2007-01-18,3415.2,3415.2,3443.6,3395.25,3410.7,0
2007-01-19,3397.6,3397.6,3435.55,3376.25,3435.2,0
2007-01-22,3405.85,3405.85,3414.4,3383.1,3412.1,0
2007-01-23,3368.5,3368.5,3403.0,3363.6,3399.3,0
2007-01-24,3388.8,3388.8,3396.85,3371.8,3383.5,0
2007-01-25,3431.6,3431.6,3437.45,3394.65,3405.3,0
2007-01-29,3424.5,3424.5,3442.75,3418.85,3434.35,0
2007-01-31,3393.1,3393.1,3438.3,3384.2,3433.0,0
2007-02-01,3432.0,3432.0,3434.9,3390.3,3411.55,0
2007-02-02,3462.15,3462.15,3473.85,3448.7,3448.7,0
2007-02-05,3480.6,3480.6,3482.95,3454.6,3466.75,0
2007-02-06,3474.1,3474.1,3492.6,3467.4,3491.15,0
2007-02-07,3494.2,3494.2,3500.9,3476.15,3479.0,0
2007-02-08,3492.7,3492.7,3502.0,3469.3,3500.7,0
2007-02-09,3453.35,3453.35,3505.55,3442.75,3500.0,0
2007-02-12,3338.45,3338.45,3427.15,3328.45,3427.15,0
2007-02-13,3324.55,3324.55,3395.45,3294.4,3317.1,0
2007-02-14,3322.75,3322.75,3330.2,3259.85,3266.9,0
2007-02-15,3403.7,3403.7,3407.75,3362.65,3362.65,0
2007-02-19,3414.65,3414.65,3431.5,3409.35,3412.8,0
2007-02-20,3373.35,3373.35,3421.35,3368.85,3421.35,0
2007-02-21,3365.1,3365.1,3391.3,3354.75,3370.35,0
2007-02-22,3322.45,3322.45,3385.8,3312.7,3373.2,0
2007-02-23,3241.75,3241.75,3335.75,3226.65,3335.75,0
2007-02-26,3244.75,3244.75,3258.45,3184.35,3247.4,0
2007-02-27,3223.8,3223.8,3266.2,3211.85,3255.1,0
2007-02-28,3107.75,3107.75,3186.45,3059.35,3059.35,0
2007-03-01,3147.5,3147.5,3151.4,3079.85,3118.75,0
2007-03-02,3091.25,3091.25,3176.3,3081.0,3141.7,0
2007-03-05,2957.85,2957.85,3011.25,2937.2,2999.3,0
2007-03-06,3002.95,3002.95,3029.15,2945.55,3011.45,0
2007-03-07,2968.45,2968.45,3048.1,2931.0,3031.0,0
2007-03-08,3072.6,3072.6,3084.9,2963.6,2980.2,0
2007-03-09,3048.15,3048.15,3093.05,3024.45,3093.05,0
2007-03-12,3066.3,3066.3,3096.85,3049.85,3058.35,0
2007-03-13,3102.8,3102.8,3105.3,3063.25,3074.7,0
2007-03-14,3010.05,3010.05,3029.9,3003.25,3029.9,0
2007-03-15,3019.3,3019.3,3069.2,3011.25,3055.35,0
2007-03-16,2993.15,2993.15,3038.65,2966.4,3034.35,0
2007-03-19,3042.35,3042.35,3044.65,2996.95,3010.15,0
2007-03-20,3062.7,3062.7,3081.1,3053.0,3065.7,0
2007-03-21,3102.55,3102.55,3106.2,3052.25,3078.8,0
2007-03-22,3174.5,3174.5,3176.95,3141.8,3141.8,0
2007-03-23,3168.65,3168.65,3193.95,3158.2,3179.4,0
2007-03-26,3141.85,3141.85,3181.9,3139.9,3170.35,0
2007-03-28,3095.6,3095.6,3125.6,3089.45,3117.85,0
2007-03-29,3116.25,3116.25,3121.95,3086.8,3105.25,0
2007-03-30,3145.35,3145.35,3151.4,3123.35,3123.35,0
2007-04-02,3008.75,3008.75,3076.95,2997.85,3067.3,0
2007-04-03,3046.65,3046.65,3053.75,3012.3,3027.25,0
2007-04-04,3082.65,3082.65,3097.75,3059.3,3059.3,0
2007-04-05,3100.85,3100.85,3114.35,3069.4,3086.35,0
2007-04-09,3172.55,3172.55,3177.4,3120.1,3120.1,0
2007-04-10,3183.7,3183.7,3190.95,3161.0,3182.3,0
2007-04-11,3195.45,3195.45,3210.2,3185.5,3191.0,0
2007-04-12,3173.3,3173.3,3190.1,3160.6,3160.6,0
2007-04-13,3233.9,3233.9,3237.9,3178.0,3186.9,0
2007-04-16,3302.85,3302.85,3303.8,3253.5,3253.5,0
2007-04-17,3281.8,3281.8,3312.35,3275.8,3312.35,0
2007-04-18,3305.05,3305.05,3326.5,3297.65,3299.5,0
2007-04-19,3295.25,3295.25,3306.3,3253.0,3264.15,0
2007-04-20,3353.6,3353.6,3357.0,3325.8,3327.35,0
2007-04-23,3352.65,3352.65,3380.75,3346.45,3379.25,0
2007-04-24,3394.7,3394.7,3407.75,3335.75,3342.2,0
2007-04-25,3416.5,3416.5,3419.85,3386.2,3393.15,0
2007-04-26,3422.4,3422.4,3453.4,3395.75,3447.35,0
2007-04-27,3363.5,3363.5,3417.4,3358.1,3410.25,0
2007-04-30,3379.1,3379.1,3384.9,3331.9,3336.05,0
2007-05-03,3429.25,3429.25,3438.05,3417.65,3421.0,0
2007-05-04,3410.4,3410.4,3454.55,3405.45,3442.5,0
2007-05-07,3401.3,3401.3,3439.9,3396.15,3439.8,0
2007-05-08,3370.7,3370.7,3421.65,3363.85,3396.2,0
2007-05-09,3378.65,3378.65,3383.55,3338.5,3373.2,0
2007-05-10,3369.25,3369.25,3420.95,3362.1,3399.75,0
2007-05-11,3378.4,3378.4,3390.1,3318.45,3322.45,0
2007-05-14,3424.05,3424.05,3431.25,3414.65,3427.3,0
2007-05-15,3421.9,3421.9,3435.6,3406.5,3424.95,0
2007-05-16,3466.1,3466.1,3470.95,3425.05,3435.15,0
2007-05-17,3507.5,3507.5,3515.8,3497.8,3497.8,0
2007-05-18,3503.55,3503.55,3515.05,3483.8,3497.35,0
2007-05-21,3537.15,3537.15,3542.6,3516.5,3516.5,0
2007-05-22,3550.2,3550.2,3552.45,3525.55,3546.5,0
2007-05-23,3524.0,3524.0,3559.2,3513.1,3559.2,0
2007-05-24,3501.95,3501.95,3528.75,3492.55,3525.95,0
2007-05-25,3528.25,3528.25,3532.8,3462.3,3462.3,0
2007-05-28,3545.85,3545.85,3566.5,3542.35,3555.2,0
2007-05-29,3571.8,3571.8,3574.55,3543.35,3552.7,0
2007-05-30,3533.75,3533.75,3578.6,3527.0,3561.7,0
2007-05-31,3563.65,3563.65,3569.3,3542.95,3553.35,0
2007-06-01,3575.15,3575.15,3596.0,3568.95,3586.0,0
2007-06-04,3557.2,3557.2,3599.4,3549.95,3595.85,0
2007-06-05,3571.45,3571.45,3575.7,3543.0,3558.15,0
2007-06-06,3502.7,3502.7,3585.0,3498.2,3572.5,0
2007-06-07,3488.15,3488.15,3523.8,3467.95,3490.55,0
2007-06-08,3457.4,3457.4,3493.75,3449.15,3449.15,0
2007-06-11,3458.25,3458.25,3501.85,3450.9,3484.8,0
2007-06-12,3453.9,3453.9,3469.95,3413.05,3469.95,0
2007-06-13,3429.2,3429.2,3459.85,3422.2,3456.6,0
2007-06-14,3482.65,3482.65,3485.15,3459.75,3462.2,0
2007-06-15,3486.7,3486.7,3512.55,3476.7,3491.55,0
2007-06-18,3468.4,3468.4,3509.25,3463.4,3500.75,0
2007-06-19,3519.8,3519.8,3523.4,3461.25,3470.9,0
2007-06-20,3555.15,3555.15,3558.15,3538.45,3543.85,0
2007-06-21,3575.75,3575.75,3581.5,3547.8,3567.3,0
2007-06-22,3571.2,3571.2,3590.6,3564.2,3581.85,0
2007-06-25,3574.15,3574.15,3581.3,3558.95,3575.35,0
2007-06-26,3593.85,3593.85,3599.25,3573.55,3573.55,0
2007-06-27,3575.65,3575.65,3599.4,3570.3,3599.4,0
2007-06-28,3585.95,3585.95,3597.05,3574.05,3593.35,0
2007-06-29,3625.75,3625.75,3626.1,3600.65,3600.65,0
2007-07-02,3631.6,3631.6,3650.4,3624.3,3630.0,0
2007-07-03,3666.6,3666.6,3669.7,3645.95,3645.95,0
2007-07-04,3669.3,3669.3,3686.1,3650.55,3683.4,0
2007-07-05,3652.4,3652.4,3684.95,3615.65,3677.15,0
2007-07-06,3672.55,3672.55,3683.25,3649.25,3653.2,0
2007-07-09,3703.65,3703.65,3708.75,3684.8,3690.5,0
2007-07-10,3693.2,3693.2,3717.4,3684.9,3712.4,0
2007-07-11,3690.95,3690.95,3702.7,3660.0,3681.2,0
2007-07-12,3744.45,3744.45,3747.05,3710.8,3710.8,0
2007-07-13,3780.75,3780.75,3795.25,3771.9,3771.9,0
2007-07-16,3791.65,3791.65,3797.35,3777.6,3790.0,0
2007-07-17,3775.95,3775.95,3827.2,3770.75,3815.8,0
2007-07-18,3774.65,3774.65,3782.4,3738.6,3779.45,0
2007-07-19,3816.25,3816.25,3821.25,3789.0,3789.0,0
2007-07-20,3819.3,3819.3,3846.05,3809.65,3842.5,0
2007-07-23,3859.9,3859.9,3864.9,3809.3,3813.95,0
2007-07-24,3856.15,3856.15,3883.9,3850.15,3879.05,0
2007-07-25,3828.65,3828.65,3852.9,3802.9,3834.9,0
2007-07-26,3848.95,3848.95,3854.8,3820.4,3830.05,0
2007-07-27,3711.55,3711.55,3812.55,3690.15,3812.55,0
2007-07-30,3710.35,3710.35,3751.45,3681.45,3710.65,0
2007-07-31,3783.85,3783.85,3786.85,3709.55,3740.15,0
2007-08-01,3628.85,3628.85,3739.3,3624.7,3739.3,0
2007-08-02,3642.85,3642.85,3679.75,3619.05,3644.9,0
2007-08-03,3688.4,3688.4,3704.8,3660.6,3660.6,0
2007-08-06,3639.95,3639.95,3650.0,3586.0,3628.85,0
2007-08-07,3660.55,3660.55,3693.35,3652.55,3689.0,0
2007-08-08,3739.4,3739.4,3748.15,3687.75,3687.75,0
2007-08-09,3684.1,3684.1,3793.85,3676.9,3783.2,0
2007-08-10,3628.7,3628.7,3635.95,3562.15,3571.4,0
2007-08-13,3659.9,3659.9,3668.8,3635.1,3662.3,0
2007-08-14,3660.9,3660.9,3670.85,3651.3,3668.75,0
2007-08-16,3506.1,3506.1,3563.35,3503.5,3563.35,0
2007-08-17,3447.4,3447.4,3506.7,3364.35,3479.75,0
2007-08-20,3519.95,3519.95,3568.15,3507.95,3550.1,0
2007-08-21,3405.15,3405.15,3537.3,3394.8,3537.3,0
2007-08-22,3450.8,3450.8,3459.3,3362.8,3433.05,0
2007-08-23,3421.5,3421.5,3519.4,3411.55,3506.4,0
2007-08-24,3478.95,3478.95,3485.1,3418.25,3436.05,0
2007-08-27,3575.85,3575.85,3578.75,3519.95,3519.95,0
2007-08-28,3599.7,3599.7,3604.8,3566.85,3577.45,0
2007-08-29,3625.65,3625.65,3631.95,3528.7,3528.7,0
2007-08-30,3656.75,3656.75,3665.55,3641.15,3663.0,0
2007-08-31,3711.55,3711.55,3713.05,3661.5,3662.75,0
2007-09-03,3746.25,3746.25,3747.7,3713.1,3730.6,0
2007-09-04,3755.0,3755.0,3773.15,3740.1,3764.1,0
2007-09-05,3755.1,3755.1,3781.2,3743.5,3774.7,0
2007-09-06,3789.9,3789.9,3792.7,3734.5,3734.5,0
2007-09-07,3782.75,3782.75,3814.0,3775.9,3807.8,0
2007-09-10,3788.0,3788.0,3794.05,3744.8,3744.8,0
2007-09-11,3788.0,3788.0,3815.2,3775.05,3810.6,0
2007-09-12,3789.6,3789.6,3814.95,3784.85,3801.8,0
2007-09-13,3822.75,3822.75,3829.15,3805.55,3805.55,0
2007-09-14,3800.85,3800.85,3864.2,3793.7,3846.1,0
2007-09-17,3793.25,3793.25,3829.35,3778.55,3816.15,0
2007-09-18,3834.75,3834.75,3838.6,3787.55,3787.55,0
2007-09-19,3963.65,3963.65,3966.75,3910.95,3917.5,0
2007-09-20,3987.95,3987.95,4004.0,3960.2,3976.35,0
2007-09-21,4036.5,4036.5,4045.1,3983.55,3983.55,0
2007-09-24,4104.5,4104.5,4108.0,4045.0,4073.45,0
2007-09-25,4111.05,4111.05,4121.05,4058.5,4114.8,0
2007-09-26,4122.45,4122.45,4159.0,4116.05,4129.1,0
2007-09-27,4150.15,4150.15,4177.75,4143.45,4163.95,0
2007-09-28,4188.55,4188.55,4202.95,4158.6,4172.25,0
2007-10-01,4237.8,4237.8,4253.7,4179.4,4206.7,0
2007-10-03,4327.5,4327.5,4375.4,4186.05,4278.8,0
2007-10-04,4335.25,4335.25,4342.8,4268.7,4311.2,0
2007-10-05,4301.75,4301.75,4359.75,4287.45,4354.35,0
2007-10-08,4195.25,4195.25,4343.8,4141.55,4335.55,0
2007-10-09,4369.7,4369.7,4377.5,4129.75,4151.2,0
2007-10-10,4454.55,4454.55,4466.4,4404.85,4413.25,0
2007-10-11,4523.8,4523.8,4529.45,4440.2,4470.0,0
2007-10-12,4451.4,4451.4,4542.8,4435.6,4482.1,0
2007-10-15,4621.05,4621.05,4627.85,4478.55,4478.55,0
2007-10-16,4634.05,4634.05,4657.0,4566.95,4633.6,0
2007-10-17,4531.7,4531.7,4551.3,4287.4,4287.4,0
2007-10-18,4372.85,4372.85,4669.4,4316.15,4576.6,0
2007-10-19,4250.45,4250.45,4373.7,4170.55,4373.7,0
2007-10-22,4238.35,4238.35,4279.8,4159.25,4159.25,0
2007-10-23,4465.75,4465.75,4473.2,4329.2,4329.2,0
2007-10-24,4494.0,4494.0,4553.1,4438.55,4521.5,0
2007-10-25,4545.65,4545.65,4570.9,4479.65,4495.65,0
2007-10-26,4650.2,4650.2,4657.1,4520.3,4566.65,0
2007-10-29,4782.95,4782.95,4795.85,4705.35,4705.35,0
2007-10-30,4770.9,4770.9,4839.75,4743.95,4831.8,0
2007-10-31,4806.85,4806.85,4843.65,4772.35,4772.35,0
2007-11-01,4757.85,4757.85,4891.9,4738.9,4859.7,0
2007-11-02,4810.5,4810.5,4818.65,4667.5,4675.75,0
2007-11-05,4775.4,4775.4,4846.0,4756.8,4800.75,0
2007-11-06,4754.8,4754.8,4871.55,4731.05,4837.75,0
2007-11-07,4747.45,4747.45,4825.9,4708.65,4818.6,0
2007-11-08,4689.45,4689.45,4722.35,4650.55,4652.15,0
2007-11-09,4673.75,4673.75,4739.45,4637.1,4739.45,0
2007-11-12,4639.4,4639.4,4645.85,4522.15,4570.9,0
2007-11-13,4717.15,4717.15,4754.2,4637.4,4643.45,0
2007-11-14,4902.45,4902.45,4909.1,4815.25,4833.8,0
2007-11-15,4923.85,4923.85,4955.7,4906.3,4915.5,0
2007-11-16,4939.1,4939.1,4978.85,4870.65,4870.65,0
2007-11-19,4983.35,4983.35,5020.0,4970.85,4977.6,0
2007-11-20,4883.15,4883.15,5005.45,4857.85,4949.35,0
2007-11-21,4666.8,4666.8,4885.75,4638.15,4882.05,0
2007-11-22,4620.75,4620.75,4704.75,4512.2,4704.75,0
2007-11-23,4705.05,4705.05,4724.35,4621.5,4669.45,0
2007-11-26,4814.3,4814.3,4834.55,4776.25,4793.1,0
2007-11-27,4805.3,4805.3,4810.45,4764.2,4793.5,0
2007-11-28,4754.75,4754.75,4851.15,4739.7,4817.65,0
2007-11-29,4741.05,4741.05,4844.05,4732.35,4841.25,0
2007-11-30,4869.55,4869.55,4878.3,4770.95,4795.0,0
2007-12-03,4969.95,4969.95,4976.45,4895.85,4895.85,0
2007-12-04,5003.3,5003.3,5017.85,4978.1,4996.0,0
2007-12-05,5081.2,5081.2,5085.45,5017.65,5028.45,0
2007-12-06,5081.55,5081.55,5151.9,5056.05,5142.5,0
2007-12-07,5095.65,5095.65,5143.6,5019.05,5143.6,0
2007-12-10,5107.4,5107.4,5121.05,5078.7,5118.6,0
2007-12-11,5192.55,5192.55,5206.15,5140.5,5143.4,0
2007-12-12,5263.8,5263.8,5271.7,5130.4,5130.4,0
2007-12-13,5217.15,5217.15,5290.65,5205.4,5288.0,0
2007-12-14,5224.0,5224.0,5252.0,5199.95,5217.45,0
2007-12-17,4980.85,4980.85,5217.1,4948.15,5217.1,0
2007-12-18,4965.7,4965.7,5020.3,4914.75,4997.55,0
2007-12-19,4969.15,4969.15,5059.05,4910.9,5035.5,0
2007-12-20,4971.05,4971.05,5009.15,4957.8,4996.55,0
2007-12-24,5126.4,5126.4,5133.15,5042.2,5042.2,0
2007-12-26,5228.55,5228.55,5232.35,5151.5,5163.55,0
2007-12-27,5234.3,5234.3,5264.3,5221.7,5264.3,0
2007-12-28,5284.2,5284.2,5288.3,5203.55,5203.55,0
2007-12-31,5354.7,5354.7,5364.0,5326.2,5337.8,0
2008-01-01,5384.54296875,5384.5498046875,5399.75,5348.85009765625,5370.35009765625,4621200
2008-01-02,5437.79248046875,5437.7998046875,5449.9501953125,5331.2001953125,5407.64990234375,6619800
2008-01-03,5442.19287109375,5442.2001953125,5478.7001953125,5411.4501953125,5412.9501953125,5814200
2008-01-04,5502.5927734375,5502.60009765625,5527.7998046875,5484.9501953125,5488.75,5393000
2008-01-07,5500.142578125,5500.14990234375,5518.0,5442.89990234375,5443.0498046875,5301300
2008-01-08,5460.29248046875,5460.2998046875,5563.5,5402.35009765625,5543.14990234375,5901900
2008-01-09,5451.892578125,5451.89990234375,5505.14990234375,5403.9501953125,5454.85009765625,4843500
2008-01-10,5319.89306640625,5319.89990234375,5518.25,5308.4501953125,5455.0498046875,4339600
2008-01-11,5348.193359375,5348.2001953125,5370.10009765625,5252.25,5355.0,3907400
2008-01-14,5385.2431640625,5385.25,5396.75,5344.35009765625,5365.0,3917000
2008-01-15,5282.09326171875,5282.10009765625,5427.14990234375,5270.4501953125,5393.7001953125,3982600
2008-01-16,5164.943359375,5164.9501953125,5217.9501953125,5063.25,5195.25,4369300
2008-01-17,5151.14306640625,5151.14990234375,5229.4501953125,5131.75,5187.60009765625,4536500
2008-01-18,4925.84375,4925.85009765625,5132.7001953125,4908.5,5103.5498046875,4185100
2008-01-21,4425.5439453125,4425.5498046875,4834.0,4258.85009765625,4834.0,5438600
2008-01-22,4134.29443359375,4134.2998046875,4208.14990234375,3744.449951171875,3996.14990234375,5399600
2008-01-23,4416.994140625,4417.0,4510.5,4207.14990234375,4383.2998046875,5062700
2008-01-24,4267.0947265625,4267.10009765625,4553.14990234375,4223.39990234375,4532.14990234375,4586300
2008-01-25,4567.1943359375,4567.2001953125,4574.2001953125,4269.0,4269.0,3528600
2008-01-28,4497.494140625,4497.5,4507.5498046875,4327.9501953125,4404.7998046875,2951100
2008-01-29,4491.244140625,4491.25,4595.7998046875,4448.0498046875,4560.64990234375,3403400
2008-01-30,4385.59423828125,4385.60009765625,4494.39990234375,4373.2998046875,4494.39990234375,2935200
2008-01-31,4348.994140625,4349.0,4442.0,4286.85009765625,4399.0,5466600
2008-02-01,4450.0439453125,4450.0498046875,4461.85009765625,4307.0498046875,4404.10009765625,3168700
2008-02-04,4588.39404296875,4588.39990234375,4639.9501953125,4533.0,4555.9501953125,3296200
2008-02-05,4617.2939453125,4617.2998046875,4629.4501953125,4557.2001953125,4569.2001953125,3275400
2008-02-06,4503.39404296875,4503.39990234375,4525.9501953125,4436.7001953125,4448.10009765625,4561700
2008-02-07,4354.1943359375,4354.2001953125,4538.2998046875,4344.2001953125,4515.7998046875,4342200
2008-02-08,4313.9443359375,4313.9501953125,4378.60009765625,4243.89990234375,4365.35009765625,3919900
2008-02-11,4086.794677734375,4086.800048828125,4295.2998046875,4045.39990234375,4295.2998046875,3632000
2008-02-12,4054.39453125,4054.39990234375,4151.60009765625,4044.75,4128.0,3264100
2008-02-13,4111.64453125,4111.64990234375,4162.7001953125,4054.199951171875,4054.199951171875,3390400
2008-02-14,4343.5439453125,4343.5498046875,4351.39990234375,4250.0498046875,4257.64990234375,3783400
2008-02-15,4432.59423828125,4432.60009765625,4441.14990234375,4274.39990234375,4274.39990234375,4015700
2008-02-18,4421.2939453125,4421.2998046875,4462.7001953125,4387.9501953125,4462.7001953125,3375900
2008-02-19,4428.6943359375,4428.7001953125,4499.60009765625,4415.5498046875,4470.2001953125,3416800
2008-02-20,4326.34423828125,4326.35009765625,4398.7001953125,4297.0498046875,4394.10009765625,3313600
2008-02-21,4357.34423828125,4357.35009765625,4401.75,4302.5498046875,4379.75,3446000
2008-02-22,4295.34423828125,4295.35009765625,4317.2001953125,4283.64990234375,4292.39990234375,2578200
2008-02-25,4346.84423828125,4346.85009765625,4353.75,4240.85009765625,4332.25,2418000
2008-02-26,4406.0439453125,4406.0498046875,4414.7001953125,4371.0498046875,4377.64990234375,2654300
2008-02-27,4407.9443359375,4407.9501953125,4485.5498046875,4394.0,4462.85009765625,3054600
2008-02-28,4404.34423828125,4404.35009765625,4423.60009765625,4371.60009765625,4400.0498046875,3606900
2008-02-29,4360.6943359375,4360.7001953125,4399.7998046875,4271.60009765625,4385.0,4711300
2008-03-03,4138.94482421875,4138.9501953125,4262.25,4126.7998046875,4236.5498046875,3309500
2008-03-04,4045.294677734375,4045.300048828125,4153.85009765625,3993.199951171875,4148.0498046875,3825100
2008-03-05,4065.64453125,4065.64990234375,4079.85009765625,4012.89990234375,4035.949951171875,3110600
2008-03-07,3922.494873046875,3922.5,3974.199951171875,3845.64990234375,3974.199951171875,3697000
2008-03-10,3927.894775390625,3927.89990234375,3937.550048828125,3771.699951171875,3838.449951171875,4458900
2008-03-11,4024.39453125,4024.39990234375,4036.199951171875,3886.35009765625,3908.10009765625,4179600
2008-03-12,4010.14453125,4010.14990234375,4152.64990234375,3996.300048828125,4133.0,3784700
2008-03-13,3785.09521484375,3785.10009765625,3980.0,3758.800048828125,3980.0,3639900
2008-03-14,3868.644775390625,3868.64990234375,3878.14990234375,3777.550048828125,3807.0,3510800
2008-03-17,3642.34521484375,3642.35009765625,3754.800048828125,3627.64990234375,3754.800048828125,3718400
2008-03-18,3642.795166015625,3642.800048828125,3705.050048828125,3613.64990234375,3623.5,4216500
2008-03-19,3657.795166015625,3657.800048828125,3785.050048828125,3644.199951171875,3779.85009765625,3870900
2008-03-24,3656.445068359375,3656.449951171875,3708.64990234375,3603.449951171875,3681.300048828125,3285100
2008-03-25,3879.744873046875,3879.75,3894.60009765625,3736.050048828125,3736.85009765625,4222000
2008-03-26,3867.244873046875,3867.25,3917.75,3846.10009765625,3883.89990234375,3563900
2008-03-27,3862.244873046875,3862.25,3895.25,3828.5,3841.25,4298800
2008-03-28,3971.144775390625,3971.14990234375,3986.75,3852.25,3884.89990234375,3817200
2008-03-31,3825.844970703125,3825.85009765625,3953.35009765625,3804.35009765625,3953.35009765625,3651800
2008-04-01,3817.44482421875,3817.449951171875,3866.85009765625,3746.89990234375,3860.14990234375,2609700
2008-04-02,3835.494873046875,3835.5,3946.199951171875,3827.949951171875,3929.60009765625,2549200
2008-04-03,3840.294921875,3840.300048828125,3880.85009765625,3819.89990234375,3842.60009765625,2691600
2008-04-04,3747.945068359375,3747.949951171875,3843.0,3738.39990234375,3842.449951171875,2850200
2008-04-07,3830.494873046875,3830.5,3853.64990234375,3739.14990234375,3777.550048828125,2860500
2008-04-08,3807.09521484375,3807.10009765625,3834.60009765625,3782.199951171875,3830.5,3217200
2008-04-09,3844.394775390625,3844.39990234375,3850.800048828125,3782.35009765625,3783.300048828125,3227200
2008-04-10,3830.744873046875,3830.75,3880.85009765625,3823.699951171875,3834.14990234375,3224400
2008-04-11,3861.69482421875,3861.699951171875,3888.10009765625,3829.949951171875,3866.25,2668600
2008-04-15,3937.994873046875,3938.0,3954.5,3813.449951171875,3841.85009765625,3543400
2008-04-16,3959.744873046875,3959.75,4001.14990234375,3949.75,3986.60009765625,4134600
2008-04-17,4027.89453125,4027.89990234375,4038.949951171875,3998.89990234375,4005.14990234375,4824400
2008-04-21,4099.74462890625,4099.75,4104.9501953125,4069.300048828125,4069.300048828125,4001100
2008-04-22,4120.8447265625,4120.85009765625,4135.5,4075.800048828125,4075.800048828125,4282900
2008-04-23,4105.24462890625,4105.25,4146.7998046875,4088.449951171875,4140.60009765625,4364800
2008-04-24,4083.5947265625,4083.60009765625,4141.25,4080.199951171875,4111.0,4417100
2008-04-25,4162.54443359375,4162.5498046875,4166.2001953125,4099.4501953125,4102.39990234375,4108700
2008-04-28,4156.89453125,4156.89990234375,4186.10009765625,4150.10009765625,4185.2001953125,3866400
2008-04-29,4233.24462890625,4233.25,4242.5498046875,4153.0498046875,4162.64990234375,4758400
2008-04-30,4222.0947265625,4222.10009765625,4266.0,4215.0,4253.89990234375,4167200
2008-05-02,4280.39453125,4280.39990234375,4291.2001953125,4258.60009765625,4290.9501953125,4122700
2008-05-05,4267.8447265625,4267.85009765625,4315.9501953125,4260.10009765625,4298.2998046875,4330700
2008-05-06,4217.49462890625,4217.5,4271.5498046875,4189.89990234375,4260.0,3997700
2008-05-07,4198.5947265625,4198.60009765625,4227.2998046875,4176.39990234375,4217.89990234375,3588800
2008-05-08,4152.29443359375,4152.2998046875,4164.5498046875,4137.14990234375,4151.89990234375,3173700
2008-05-09,4064.0947265625,4064.10009765625,4161.4501953125,4052.64990234375,4131.2001953125,3330200
2008-05-12,4066.294677734375,4066.300048828125,4074.39990234375,3992.89990234375,4038.949951171875,3517400
2008-05-13,4041.49462890625,4041.5,4126.39990234375,4032.25,4101.39990234375,3721300
2008-05-14,4081.294677734375,4081.300048828125,4087.5,4022.10009765625,4022.10009765625,3307700
2008-05-15,4159.29443359375,4159.2998046875,4161.14990234375,4103.85009765625,4103.85009765625,3505200
2008-05-16,4198.0947265625,4198.10009765625,4204.89990234375,4159.64990234375,4190.89990234375,3872300
2008-05-20,4158.89453125,4158.89990234375,4189.2001953125,4133.0,4170.5,3601000
2008-05-21,4174.5947265625,4174.60009765625,4186.0,4119.60009765625,4119.60009765625,4246200
2008-05-22,4099.8447265625,4099.85009765625,4166.5498046875,4090.85009765625,4166.5498046875,3649100
2008-05-23,4037.3447265625,4037.35009765625,4134.25,4034.199951171875,4122.89990234375,3367200
2008-05-26,3962.494873046875,3962.5,3998.25,3953.199951171875,3987.449951171875,2762400
2008-05-27,3944.19482421875,3944.199951171875,4007.75,3935.64990234375,4004.550048828125,3259500
2008-05-28,3991.494873046875,3991.5,3996.949951171875,3926.5,3959.199951171875,3940800
2008-05-29,3939.394775390625,3939.39990234375,4021.5,3917.25,4021.0,4839800
2008-05-30,3959.644775390625,3959.64990234375,3992.5,3927.75,3973.25,3335800
2008-06-02,3853.544921875,3853.550048828125,3987.85009765625,3833.800048828125,3987.85009765625,3067600
2008-06-03,3831.644775390625,3831.64990234375,3837.800048828125,3761.64990234375,3810.39990234375,3654000
2008-06-04,3719.39501953125,3719.39990234375,3849.800048828125,3709.10009765625,3837.5,3507400
2008-06-05,3774.59521484375,3774.60009765625,3782.14990234375,3669.199951171875,3724.75,3874000
2008-06-06,3730.4951171875,3730.5,3816.75,3721.800048828125,3816.75,3010500
2008-06-09,3611.79541015625,3611.800048828125,3661.699951171875,3542.64990234375,3661.699951171875,3399700
2008-06-10,3570.595458984375,3570.60009765625,3622.300048828125,3516.85009765625,3588.60009765625,3692900
2008-06-11,3632.34521484375,3632.35009765625,3643.449951171875,3587.64990234375,3587.64990234375,3386300
2008-06-12,3645.59521484375,3645.60009765625,3651.14990234375,3532.10009765625,3533.300048828125,3728400
2008-06-13,3634.795166015625,3634.800048828125,3659.300048828125,3616.0,3659.300048828125,3950400
2008-06-16,3679.7451171875,3679.75,3716.14990234375,3669.5,3677.800048828125,3540200
2008-06-17,3753.545166015625,3753.550048828125,3761.25,3671.949951171875,3680.85009765625,3254300
2008-06-18,3701.195068359375,3701.199951171875,3781.14990234375,3692.550048828125,3770.5,3785900
2008-06-19,3633.445068359375,3633.449951171875,3668.60009765625,3625.800048828125,3648.449951171875,2691100
2008-06-20,3510.9453125,3510.949951171875,3652.449951171875,3498.75,3644.25,3322200
2008-06-23,3416.595703125,3416.60009765625,3486.449951171875,3393.699951171875,3471.800048828125,3261500
2008-06-24,3359.045654296875,3359.050048828125,3446.0,3337.800048828125,3423.14990234375,3411800
2008-06-25,3401.045654296875,3401.050048828125,3406.550048828125,3292.64990234375,3306.0,3637500
2008-06-26,3430.99560546875,3431.0,3441.550048828125,3390.39990234375,3429.949951171875,5012300
2008-06-27,3293.6455078125,3293.64990234375,3374.199951171875,3284.199951171875,3374.199951171875,3757300
2008-06-30,3203.345947265625,3203.35009765625,3310.5,3191.449951171875,3296.85009765625,3552200
2008-07-01,3075.7958984375,3075.800048828125,3213.5,3065.800048828125,3204.39990234375,3809500
2008-07-02,3224.995849609375,3225.0,3237.449951171875,3017.199951171875,3085.550048828125,5253400
2008-07-03,3098.69580078125,3098.699951171875,3174.60009765625,3054.699951171875,3174.60009765625,4498000
2008-07-04,3178.145751953125,3178.14990234375,3188.949951171875,3075.35009765625,3102.0,4538000
2008-07-07,3207.7958984375,3207.800048828125,3269.050048828125,3194.199951171875,3216.60009765625,3521300
2008-07-08,3185.995849609375,3186.0,3208.39990234375,3108.050048828125,3108.050048828125,3578300
2008-07-09,3321.3955078125,3321.39990234375,3328.199951171875,3269.75,3275.10009765625,3833400
2008-07-10,3323.6455078125,3323.64990234375,3344.14990234375,3284.199951171875,3307.39990234375,3498700
2008-07-11,3232.19580078125,3232.199951171875,3346.89990234375,3207.75,3346.89990234375,3704500
2008-07-14,3222.7958984375,3222.800048828125,3281.35009765625,3196.75,3206.949951171875,2980400
2008-07-15,3085.495849609375,3085.5,3163.949951171875,3068.949951171875,3151.25,3080900
2008-07-16,3049.84619140625,3049.85009765625,3130.199951171875,3029.89990234375,3099.89990234375,3613400
2008-07-17,3146.145751953125,3146.14990234375,3160.050048828125,3101.75,3136.35009765625,3571600
2008-07-18,3248.0458984375,3248.050048828125,3257.25,3144.35009765625,3168.75,3904500
2008-07-21,3289.795654296875,3289.800048828125,3296.60009765625,3234.550048828125,3265.14990234375,3102800
2008-07-22,3355.8955078125,3355.89990234375,3372.300048828125,3288.89990234375,3288.89990234375,3828700
2008-07-23,3550.79541015625,3550.800048828125,3561.25,3479.050048828125,3503.35009765625,6020600
2008-07-24,3524.495361328125,3524.5,3607.35009765625,3491.10009765625,3595.14990234375,5714000
2008-07-25,3452.4453125,3452.449951171875,3496.199951171875,3439.75,3446.75,4568200
2008-07-28,3469.395263671875,3469.39990234375,3486.10009765625,3447.14990234375,3460.699951171875,3417100
2008-07-29,3350.445556640625,3350.449951171875,3429.550048828125,3334.449951171875,3408.050048828125,3869100
2008-07-30,3449.745361328125,3449.75,3457.25,3397.050048828125,3400.0,4001900
2008-07-31,3456.6953125,3456.699951171875,3465.449951171875,3427.39990234375,3461.89990234375,4909200
2008-08-01,3524.245361328125,3524.25,3529.60009765625,3400.699951171875,3432.60009765625,4975600
2008-08-04,3531.145263671875,3531.14990234375,3555.60009765625,3504.25,3512.25,4563500
2008-08-05,3615.895263671875,3615.89990234375,3621.949951171875,3529.449951171875,3530.39990234375,5392800
2008-08-06,3618.595458984375,3618.60009765625,3702.449951171875,3608.550048828125,3666.449951171875,5598300
2008-08-07,3625.6953125,3625.699951171875,3664.64990234375,3604.60009765625,3608.050048828125,4087500
2008-08-08,3634.9951171875,3635.0,3644.050048828125,3584.449951171875,3609.449951171875,4280900
2008-08-11,3707.795166015625,3707.800048828125,3710.35009765625,3685.25,3691.60009765625,3565300
2008-08-12,3656.09521484375,3656.10009765625,3721.300048828125,3636.89990234375,3721.300048828125,4120500
2008-08-13,3637.695068359375,3637.699951171875,3673.25,3621.199951171875,3627.25,4086000
2008-08-14,3551.29541015625,3551.300048828125,3626.85009765625,3545.5,3626.85009765625,3379200
2008-08-18,3519.29541015625,3519.300048828125,3561.5,3510.64990234375,3525.89990234375,2752100
2008-08-19,3500.745361328125,3500.75,3513.300048828125,3458.85009765625,3495.75,2869500
2008-08-20,3536.895263671875,3536.89990234375,3549.35009765625,3517.75,3523.300048828125,3081100
2008-08-21,3433.99560546875,3434.0,3527.449951171875,3425.39990234375,3527.449951171875,2898900
2008-08-22,3459.745361328125,3459.75,3465.449951171875,3407.25,3413.0,2923300
2008-08-25,3467.395263671875,3467.39990234375,3514.050048828125,3461.64990234375,3513.699951171875,2254600
2008-08-26,3468.895263671875,3468.89990234375,3473.85009765625,3430.14990234375,3437.0,2633200
2008-08-27,3435.24560546875,3435.25,3483.699951171875,3429.64990234375,3483.699951171875,2655800
2008-08-28,3376.795654296875,3376.800048828125,3440.800048828125,3370.25,3436.25,3867800
2008-08-29,3489.04541015625,3489.050048828125,3493.199951171875,3437.699951171875,3438.5,3305200
2008-09-01,3481.54541015625,3481.550048828125,3491.949951171875,3435.5,3455.199951171875,2527100
2008-09-02,3599.6953125,3599.699951171875,3610.14990234375,3496.39990234375,3496.550048828125,3725100
2008-09-04,3562.6953125,3562.699951171875,3584.35009765625,3537.89990234375,3561.949951171875,3231800
2008-09-05,3489.345458984375,3489.35009765625,3514.89990234375,3478.89990234375,3494.25,2953000
2008-09-08,3575.04541015625,3575.050048828125,3619.800048828125,3569.60009765625,3613.300048828125,3099500
2008-09-09,3560.495361328125,3560.5,3580.14990234375,3532.550048828125,3556.5,2486700
2008-09-10,3507.395263671875,3507.39990234375,3559.75,3494.449951171875,3532.10009765625,3038000
2008-09-11,3433.095703125,3433.10009765625,3479.699951171875,3421.64990234375,3478.5,2737800
2008-09-12,3377.8955078125,3377.89990234375,3457.10009765625,3360.64990234375,3457.10009765625,3332100
2008-09-15,3243.595947265625,3243.60009765625,3274.85009765625,3159.550048828125,3274.85009765625,3549300
2008-09-16,3229.095947265625,3229.10009765625,3235.85009765625,3135.0,3135.0,3756900
2008-09-17,3168.995849609375,3169.0,3249.64990234375,3158.14990234375,3249.64990234375,3657700
2008-09-18,3169.745849609375,3169.75,3176.60009765625,3007.60009765625,3017.5,4778600
2008-09-19,3314.345703125,3314.35009765625,3323.199951171875,3241.050048828125,3241.050048828125,4681200
2008-09-22,3301.1455078125,3301.14990234375,3343.449951171875,3289.699951171875,3343.449951171875,3566300
2008-09-23,3233.995849609375,3234.0,3302.0,3229.10009765625,3259.35009765625,3517000
2008-09-24,3255.94580078125,3255.949951171875,3291.85009765625,3236.800048828125,3254.800048828125,3476300
2008-09-25,3221.69580078125,3221.699951171875,3261.60009765625,3200.64990234375,3261.60009765625,4892300
2008-09-26,3123.745849609375,3123.75,3205.300048828125,3112.800048828125,3205.300048828125,3432100
2008-09-29,3007.89599609375,3007.89990234375,3115.0,2958.14990234375,3115.0,4513100
2008-09-30,3058.59619140625,3058.60009765625,3087.449951171875,2914.60009765625,2914.60009765625,5108700
2008-10-01,3082.7958984375,3082.800048828125,3119.10009765625,3019.85009765625,3084.0,3725100
2008-10-03,2984.296142578125,2984.300048828125,3075.449951171875,2974.89990234375,3049.449951171875,3696700
2008-10-06,2809.346435546875,2809.35009765625,2941.39990234375,2796.35009765625,2941.39990234375,3709900
2008-10-07,2790.896240234375,2790.89990234375,2894.10009765625,2751.449951171875,2873.449951171875,4665900
2008-10-08,2693.896484375,2693.89990234375,2709.25,2561.89990234375,2683.64990234375,5038000
2008-10-10,2507.546875,2507.550048828125,2589.949951171875,2460.449951171875,2573.35009765625,5507400
2008-10-13,2654.3466796875,2654.35009765625,2665.39990234375,2559.550048828125,2559.550048828125,4469100
2008-10-14,2685.046630859375,2685.050048828125,2778.0,2672.699951171875,2763.699951171875,4504800
2008-10-15,2553.296630859375,2553.300048828125,2634.35009765625,2545.14990234375,2633.60009765625,3711700
2008-10-16,2514.696533203125,2514.699951171875,2549.89990234375,2389.550048828125,2473.60009765625,5034900
2008-10-17,2386.44677734375,2386.449951171875,2563.89990234375,2371.800048828125,2549.550048828125,4224500
2008-10-20,2409.896728515625,2409.89990234375,2479.949951171875,2371.10009765625,2422.0,4275900
2008-10-21,2491.44677734375,2491.449951171875,2504.199951171875,2414.199951171875,2438.199951171875,4780600
2008-10-22,2378.19677734375,2378.199951171875,2456.949951171875,2371.550048828125,2446.64990234375,3855500
2008-10-23,2285.39697265625,2285.39990234375,2377.35009765625,2270.550048828125,2284.75,4517100
2008-10-24,2035.247314453125,2035.25,2240.75,2002.75,2237.800048828125,5840900
2008-10-27,1973.6973876953125,1973.699951171875,2022.699951171875,1796.9000244140625,2013.300048828125,5621900
2008-10-29,2098.497314453125,2098.5,2150.35009765625,2061.39990234375,2150.35009765625,6305600
2008-10-31,2225.697021484375,2225.699951171875,2242.949951171875,2154.75,2160.300048828125,5581700
2008-11-03,2340.996826171875,2341.0,2350.0,2288.949951171875,2318.800048828125,5038900
2008-11-04,2421.246826171875,2421.25,2426.949951171875,2301.5,2323.25,5995000
2008-11-05,2329.846923828125,2329.85009765625,2490.35009765625,2314.64990234375,2489.699951171875,6272800
2008-11-06,2257.047119140625,2257.050048828125,2331.050048828125,2228.75,2261.800048828125,5329800
2008-11-07,2312.2470703125,2312.25,2332.050048828125,2245.949951171875,2253.300048828125,4656300
2008-11-10,2438.096923828125,2438.10009765625,2445.5,2347.85009765625,2351.0,4824400
2008-11-11,2302.39697265625,2302.39990234375,2415.85009765625,2291.0,2410.14990234375,4306600
2008-11-12,2239.297119140625,2239.300048828125,2320.449951171875,2205.35009765625,2269.35009765625,4839900
2008-11-14,2203.547119140625,2203.550048828125,2299.60009765625,2188.39990234375,2296.550048828125,4722300
2008-11-17,2176.297119140625,2176.300048828125,2217.300048828125,2113.199951171875,2217.300048828125,4534300
2008-11-18,2094.247314453125,2094.25,2151.10009765625,2087.199951171875,2123.699951171875,4198100
2008-11-19,2055.197265625,2055.199951171875,2147.85009765625,2044.5999755859373,2110.10009765625,4370000
2008-11-20,1988.4473876953125,1988.449951171875,2006.5,1955.300048828125,1983.5,4014100
2008-11-21,2067.197265625,2067.199951171875,2080.75,1973.449951171875,2015.6500244140625,5151200
2008-11-24,2075.04736328125,2075.050048828125,2098.14990234375,2030.8499755859373,2056.39990234375,4225400
2008-11-25,2040.3973388671875,2040.4000244140625,2125.85009765625,2030.3499755859373,2123.550048828125,4364200
2008-11-26,2090.747314453125,2090.75,2096.10009765625,2025.199951171875,2051.64990234375,4511100
2008-11-28,2093.097412109375,2093.10009765625,2102.75,2058.60009765625,2061.949951171875,4922800
2008-12-01,2048.397216796875,2048.39990234375,2147.14990234375,2041.75,2099.5,4279800
2008-12-02,2029.3973388671875,2029.4000244140625,2036.949951171875,1971.3499755859373,1990.199951171875,4047300
2008-12-03,2040.5972900390625,2040.5999755859373,2053.39990234375,2014.0,2051.25,4559700
2008-12-04,2132.647216796875,2132.64990234375,2137.89990234375,2040.8499755859373,2045.449951171875,5780200
2008-12-05,2083.097412109375,2083.10009765625,2159.64990234375,2077.10009765625,2123.449951171875,5854700
2008-12-08,2121.647216796875,2121.64990234375,2173.25,2087.199951171875,2087.199951171875,5042000
2008-12-10,2214.59716796875,2214.60009765625,2218.5,2144.35009765625,2146.199951171875,6341500
2008-12-11,2222.34716796875,2222.35009765625,2234.050048828125,2181.050048828125,2216.85009765625,7131300
2008-12-12,2230.2470703125,2230.25,2240.35009765625,2149.75,2149.75,1056800
2008-12-15,2282.34716796875,2282.35009765625,2299.85009765625,2263.449951171875,2269.0,6591100
2008-12-16,2336.846923828125,2336.85009765625,2343.5,2277.300048828125,2277.300048828125,6384100
2008-12-17,2268.39697265625,2268.39990234375,2362.199951171875,2260.85009765625,2362.199951171875,7184800
2008-12-18,2347.346923828125,2347.35009765625,2352.800048828125,2247.0,2269.35009765625,7257600
2008-12-19,2370.346923828125,2370.35009765625,2388.050048828125,2338.800048828125,2343.300048828125,7330000
2008-12-22,2343.296875,2343.300048828125,2395.699951171875,2335.85009765625,2370.0,6168900
2008-12-23,2286.09716796875,2286.10009765625,2327.35009765625,2278.699951171875,2326.85009765625,5609200
2008-12-24,2255.09716796875,2255.10009765625,2281.60009765625,2245.199951171875,2281.60009765625,5952000
2008-12-26,2212.4970703125,2212.5,2288.64990234375,2204.5,2275.5,4434300
2008-12-29,2258.84716796875,2258.85009765625,2265.5,2180.949951171875,2212.10009765625,5303300
2008-12-30,2304.39697265625,2304.39990234375,2314.300048828125,2249.800048828125,2280.449951171875,5492100
2008-12-31,2295.7470703125,2295.75,2329.39990234375,2283.0,2318.449951171875,5656900
2009-01-02,2380.396728515625,2380.39990234375,2405.300048828125,2355.699951171875,2379.64990234375,7047900
2009-01-05,2433.496826171875,2433.5,2438.10009765625,2400.300048828125,2410.39990234375,6411100
2009-01-06,2431.246826171875,2431.25,2456.300048828125,2391.89990234375,2428.35009765625,7252100
2009-01-07,2271.39697265625,2271.39990234375,2454.949951171875,2254.35009765625,2445.75,10870600
2009-01-09,2225.447021484375,2225.449951171875,2270.64990234375,2176.949951171875,2222.0,9318600
2009-01-12,2160.2470703125,2160.25,2209.25,2146.10009765625,2205.449951171875,5964200
2009-01-13,2136.597412109375,2136.60009765625,2180.050048828125,2121.050048828125,2146.64990234375,5243100
2009-01-14,2200.64697265625,2200.64990234375,2211.5,2163.300048828125,2168.39990234375,4472200
2009-01-15,2133.29736328125,2133.300048828125,2150.39990234375,2112.89990234375,2141.25,4495000
2009-01-16,2189.447021484375,2189.449951171875,2193.050048828125,2149.0,2158.89990234375,4302900
2009-01-19,2204.297119140625,2204.300048828125,2218.449951171875,2186.800048828125,2190.199951171875,5166400
2009-01-20,2173.34716796875,2173.35009765625,2181.550048828125,2148.0,2161.39990234375,4130900
2009-01-21,2110.847412109375,2110.85009765625,2165.10009765625,2101.64990234375,2138.39990234375,4201200
2009-01-22,2105.397216796875,2105.39990234375,2134.800048828125,2085.449951171875,2133.300048828125,4362300
2009-01-23,2072.847412109375,2072.85009765625,2109.25,2061.14990234375,2097.5,4140900
2009-01-27,2129.447265625,2129.449951171875,2134.10009765625,2096.75,2097.35009765625,3912600
2009-01-28,2188.34716796875,2188.35009765625,2191.60009765625,2142.050048828125,2147.0,4895000
2009-01-29,2171.89697265625,2171.89990234375,2205.550048828125,2154.14990234375,2203.300048828125,5972300
2009-01-30,2209.047119140625,2209.050048828125,2212.699951171875,2140.10009765625,2150.85009765625,5564400
2009-02-02,2138.79736328125,2138.800048828125,2192.39990234375,2134.550048828125,2185.449951171875,4633700
2009-02-03,2142.59716796875,2142.60009765625,2173.75,2127.35009765625,2154.0,4882000
2009-02-04,2153.2470703125,2153.25,2179.89990234375,2146.949951171875,2160.550048828125,5362500
2009-02-05,2136.54736328125,2136.550048828125,2159.699951171875,2122.550048828125,2157.449951171875,5280400
2009-02-06,2180.697021484375,2180.699951171875,2187.199951171875,2155.199951171875,2158.75,4803300
2009-02-09,2237.2470703125,2237.25,2240.949951171875,2185.35009765625,2192.550048828125,3007200
2009-02-10,2248.89697265625,2248.89990234375,2266.35009765625,2221.64990234375,2239.699951171875,5676500
2009-02-11,2244.2470703125,2244.25,2250.25,2211.35009765625,2211.35009765625,4921600
2009-02-12,2225.797119140625,2225.800048828125,2250.35009765625,2222.550048828125,2232.35009765625,5056900
2009-02-13,2264.297119140625,2264.300048828125,2278.0,2236.949951171875,2236.949951171875,4436300
2009-02-16,2193.297119140625,2193.300048828125,2259.199951171875,2186.949951171875,2257.64990234375,4769200
2009-02-17,2137.347412109375,2137.35009765625,2166.800048828125,2128.85009765625,2166.800048828125,3771600
2009-02-18,2138.847412109375,2138.85009765625,2159.550048828125,2118.5,2118.5,4111200
2009-02-19,2145.84716796875,2145.85009765625,2159.25,2135.0,2150.25,3606600
2009-02-20,2106.097412109375,2106.10009765625,2122.050048828125,2088.39990234375,2120.050048828125,3282800
2009-02-24,2095.897216796875,2095.89990234375,2104.10009765625,2059.449951171875,2071.64990234375,3619000
2009-02-25,2113.097412109375,2113.10009765625,2133.75,2109.800048828125,2116.5,3358200
2009-02-26,2122.397216796875,2122.39990234375,2128.050048828125,2090.85009765625,2108.550048828125,4859400
2009-02-27,2112.847412109375,2112.85009765625,2120.199951171875,2077.949951171875,2115.35009765625,4355300
2009-03-02,2052.897216796875,2052.89990234375,2078.35009765625,2043.3499755859373,2070.050048828125,3580300
2009-03-03,2016.29736328125,2016.300048828125,2060.300048828125,2010.1500244140625,2049.800048828125,3994700
2009-03-04,2027.3973388671875,2027.4000244140625,2035.800048828125,2010.5999755859373,2026.550048828125,3855000
2009-03-05,1981.1973876953125,1981.199951171875,2039.5999755859373,1971.949951171875,2039.5999755859373,4414400
2009-03-06,2002.3973388671875,2002.4000244140625,2005.75,1953.300048828125,1960.449951171875,4510400
2009-03-09,1966.847412109375,1966.8499755859373,1993.6500244140625,1956.8499755859373,1993.6500244140625,3361100
2009-03-12,1994.3974609375,1994.4000244140625,2010.300048828125,1983.449951171875,1992.8499755859373,3847200
2009-03-13,2064.597412109375,2064.60009765625,2068.14990234375,2021.550048828125,2021.550048828125,4800800
2009-03-16,2114.79736328125,2114.800048828125,2117.25,2058.949951171875,2073.699951171875,5231400
2009-03-17,2104.04736328125,2104.050048828125,2138.89990234375,2093.0,2114.85009765625,6017400
2009-03-18,2134.897216796875,2134.89990234375,2161.300048828125,2128.199951171875,2128.800048828125,5672500
2009-03-19,2145.2470703125,2145.25,2158.10009765625,2121.800048828125,2148.199951171875,5125800
2009-03-20,2139.697265625,2139.699951171875,2146.550048828125,2118.85009765625,2134.60009765625,4645100
2009-03-23,2230.547119140625,2230.550048828125,2235.449951171875,2169.39990234375,2169.85009765625,5223900
2009-03-24,2224.2470703125,2224.25,2285.14990234375,2210.050048828125,2254.949951171875,7268500
2009-03-25,2255.59716796875,2255.60009765625,2261.800048828125,2213.39990234375,2224.64990234375,6963300
2009-03-26,2314.197021484375,2314.199951171875,2328.64990234375,2275.39990234375,2280.25,8049800
2009-03-27,2343.69677734375,2343.699951171875,2350.300048828125,2303.89990234375,2310.699951171875,7461100
2009-03-30,2259.4970703125,2259.5,2307.550048828125,2248.800048828125,2299.5,6202000
2009-03-31,2294.84716796875,2294.85009765625,2315.050048828125,2261.5,2270.550048828125,7220800
2009-04-01,2324.7470703125,2324.75,2328.75,2265.89990234375,2282.10009765625,6570500
2009-04-02,2429.046875,2429.050048828125,2441.449951171875,2387.10009765625,2390.199951171875,8569500
2009-04-06,2473.296875,2473.300048828125,2496.39990234375,2445.14990234375,2486.75,8384100
2009-04-08,2537.546630859375,2537.550048828125,2544.64990234375,2398.14990234375,2404.35009765625,10006200
2009-04-09,2545.946533203125,2545.949951171875,2578.699951171875,2520.050048828125,2558.25,9902500
2009-04-13,2598.946533203125,2598.949951171875,2622.300048828125,2550.949951171875,2564.25,8581700
2009-04-15,2691.296630859375,2691.300048828125,2698.550048828125,2556.39990234375,2556.39990234375,11337400
2009-04-16,2593.896484375,2593.89990234375,2727.75,2582.75,2707.10009765625,12201800
2009-04-17,2612.5966796875,2612.60009765625,2690.0,2593.699951171875,2623.25,10006700
2009-04-20,2621.696533203125,2621.699951171875,2663.5,2591.64990234375,2628.35009765625,8068600
2009-04-21,2612.646484375,2612.64990234375,2644.85009765625,2580.449951171875,2580.449951171875,8588600
2009-04-22,2584.896484375,2584.89990234375,2646.949951171875,2563.5,2630.39990234375,8095000
2009-04-23,2645.99658203125,2646.0,2655.10009765625,2564.10009765625,2596.050048828125,7946800
2009-04-24,2689.946533203125,2689.949951171875,2696.10009765625,2640.449951171875,2650.39990234375,7888000
2009-04-27,2674.74658203125,2674.75,2716.800048828125,2655.60009765625,2671.14990234375,7783100
2009-04-28,2588.396484375,2588.39990234375,2675.199951171875,2581.699951171875,2675.199951171875,6852500
2009-04-29,2662.946533203125,2662.949951171875,2669.89990234375,2607.050048828125,2621.800048828125,9475500
2009-05-04,2788.04638671875,2788.050048828125,2792.14990234375,2707.449951171875,2707.449951171875,7761000
2009-05-05,2808.646240234375,2808.64990234375,2818.300048828125,2775.35009765625,2786.199951171875,10007800
2009-05-06,2778.29638671875,2778.300048828125,2853.5,2765.10009765625,2805.699951171875,9477200
2009-05-07,2831.54638671875,2831.550048828125,2834.550048828125,2791.14990234375,2809.35009765625,7560800
2009-05-08,2795.9462890625,2795.949951171875,2850.25,2762.699951171875,2831.39990234375,8289200
2009-05-11,2748.646240234375,2748.64990234375,2822.64990234375,2731.75,2822.64990234375,7055000
2009-05-12,2825.496337890625,2825.5,2831.300048828125,2729.64990234375,2738.699951171875,8010100
2009-05-13,2799.04638671875,2799.050048828125,2851.75,2788.449951171875,2836.60009765625,8047900
2009-05-14,2786.04638671875,2786.050048828125,2795.300048828125,2735.14990234375,2735.14990234375,6490300
2009-05-15,2833.646240234375,2833.64990234375,2850.300048828125,2813.64990234375,2813.64990234375,6924100
2009-05-18,3293.345703125,3293.35009765625,3293.35009765625,3197.949951171875,3197.949951171875,6670000
2009-05-19,3309.045654296875,3309.050048828125,3433.35009765625,3166.0,3354.85009765625,15826800
2009-05-20,3341.6455078125,3341.64990234375,3380.14990234375,3277.449951171875,3277.449951171875,12678900
2009-05-21,3327.6455078125,3327.64990234375,3416.199951171875,3313.75,3336.85009765625,11365900
2009-05-22,3355.045654296875,3355.050048828125,3360.75,3284.85009765625,3314.85009765625,9405100
2009-05-25,3401.695556640625,3401.699951171875,3409.89990234375,3354.35009765625,3379.0,9408900
2009-05-26,3309.695556640625,3309.699951171875,3432.85009765625,3288.0,3414.14990234375,9315200
2009-05-27,3442.295654296875,3442.300048828125,3446.25,3369.050048828125,3369.050048828125,9144000
2009-05-28,3487.6953125,3487.699951171875,3498.10009765625,3450.10009765625,3460.64990234375,10461300
2009-05-29,3579.895263671875,3579.89990234375,3612.300048828125,3516.949951171875,3516.949951171875,12328100
2009-06-01,3654.195068359375,3654.199951171875,3663.0,3608.800048828125,3649.85009765625,11959300
2009-06-02,3641.4951171875,3641.5,3689.39990234375,3586.449951171875,3689.39990234375,11425000
2009-06-03,3656.4951171875,3656.5,3691.14990234375,3612.699951171875,3671.199951171875,12188100
2009-06-04,3708.09521484375,3708.10009765625,3711.699951171875,3618.35009765625,3619.949951171875,12129600
2009-06-05,3710.4951171875,3710.5,3762.35009765625,3699.64990234375,3737.39990234375,11773000
2009-06-08,3562.6953125,3562.699951171875,3736.949951171875,3543.550048828125,3728.5,9473400
2009-06-09,3661.2451171875,3661.25,3668.75,3500.14990234375,3537.800048828125,10417800
2009-06-10,3732.795166015625,3732.800048828125,3766.89990234375,3707.5,3717.5,10295700
2009-06-11,3711.09521484375,3711.10009765625,3744.89990234375,3673.300048828125,3743.300048828125,10068000
2009-06-12,3664.89501953125,3664.89990234375,3760.800048828125,3652.0,3741.25,9543700
2009-06-15,3594.245361328125,3594.25,3677.75,3582.300048828125,3639.10009765625,9693400
2009-06-16,3639.39501953125,3639.39990234375,3650.800048828125,3545.199951171875,3545.199951171875,9150200
2009-06-17,3504.29541015625,3504.300048828125,3643.89990234375,3486.949951171875,3634.800048828125,8845100
2009-06-18,3412.445556640625,3412.449951171875,3520.699951171875,3384.550048828125,3500.199951171875,8939400
2009-06-19,3458.845458984375,3458.85009765625,3468.300048828125,3378.14990234375,3449.449951171875,8109700
2009-06-22,3408.095703125,3408.10009765625,3489.0,3397.14990234375,3474.449951171875,6779900
2009-06-23,3420.445556640625,3420.449951171875,3434.699951171875,3342.64990234375,3367.949951171875,7954400
2009-06-24,3467.095458984375,3467.10009765625,3476.050048828125,3410.949951171875,3451.449951171875,7822200
2009-06-25,3433.1455078125,3433.14990234375,3500.10009765625,3423.64990234375,3484.800048828125,9549200
2009-06-26,3521.845458984375,3521.85009765625,3525.85009765625,3452.10009765625,3464.10009765625,6489800
2009-06-29,3555.29541015625,3555.300048828125,3585.300048828125,3521.10009765625,3534.75,7340200
2009-06-30,3469.6953125,3469.699951171875,3586.5,3454.550048828125,3582.449951171875,7737500
2009-07-01,3503.645263671875,3503.64990234375,3513.800048828125,3426.699951171875,3486.10009765625,6892800
2009-07-02,3526.6953125,3526.699951171875,3552.699951171875,3483.35009765625,3529.89990234375,6567700
2009-07-03,3568.04541015625,3568.050048828125,3574.64990234375,3498.60009765625,3498.60009765625,6069300
2009-07-06,3374.1455078125,3374.14990234375,3614.35009765625,3357.949951171875,3583.89990234375,8722400
2009-07-07,3382.795654296875,3382.800048828125,3415.449951171875,3341.050048828125,3384.699951171875,6765300
2009-07-08,3295.095703125,3295.10009765625,3356.89990234375,3265.64990234375,3356.89990234375,7397100
2009-07-09,3306.045654296875,3306.050048828125,3329.35009765625,3273.050048828125,3303.050048828125,7738700
2009-07-10,3244.895751953125,3244.89990234375,3338.5,3228.949951171875,3317.64990234375,6366600
2009-07-13,3198.495849609375,3198.5,3211.14990234375,3166.14990234375,3202.800048828125,6214600
2009-07-14,3313.095703125,3313.10009765625,3324.10009765625,3256.35009765625,3256.35009765625,5876400
2009-07-15,3435.695556640625,3435.699951171875,3443.89990234375,3347.5,3351.75,7048200
2009-07-16,3442.545654296875,3442.550048828125,3489.25,3425.050048828125,3489.25,7391600
2009-07-17,3542.1953125,3542.199951171875,3553.14990234375,3480.39990234375,3480.39990234375,6706800
2009-07-20,3630.945068359375,3630.949951171875,3634.300048828125,3567.64990234375,3591.35009765625,7172900
2009-07-21,3602.9453125,3602.949951171875,3636.199951171875,3583.0,3618.89990234375,7441400
2009-07-22,3564.995361328125,3565.0,3670.10009765625,3550.64990234375,3625.199951171875,8232100
2009-07-23,3646.2451171875,3646.25,3650.10009765625,3589.0,3589.0,6350600
2009-07-24,3689.64501953125,3689.64990234375,3693.75,3644.699951171875,3678.050048828125,7998900
2009-07-27,3707.9951171875,3708.0,3722.14990234375,3674.10009765625,3694.85009765625,7022600
2009-07-28,3726.14501953125,3726.14990234375,3749.699951171875,3700.199951171875,3727.949951171875,8884000
2009-07-29,3685.64501953125,3685.64990234375,3742.25,3611.25,3711.300048828125,9571300
2009-07-30,3721.34521484375,3721.35009765625,3725.60009765625,3657.449951171875,3680.800048828125,8471000
2009-07-31,3764.09521484375,3764.10009765625,3799.64990234375,3734.10009765625,3760.60009765625,7293600
2009-08-03,3823.794921875,3823.800048828125,3830.300048828125,3764.14990234375,3778.050048828125,6581900
2009-08-04,3806.195068359375,3806.199951171875,3843.35009765625,3778.199951171875,3816.60009765625,7538900
2009-08-05,3827.294921875,3827.300048828125,3840.800048828125,3783.85009765625,3824.800048828125,6711400
2009-08-06,3742.545166015625,3742.550048828125,3855.35009765625,3732.60009765625,3816.050048828125,8036300
2009-08-07,3663.59521484375,3663.60009765625,3744.14990234375,3652.199951171875,3709.25,6832700
2009-08-10,3624.995361328125,3625.0,3714.050048828125,3602.5,3685.25,6338900
2009-08-11,3647.7451171875,3647.75,3681.60009765625,3603.14990234375,3620.10009765625,6003800
2009-08-12,3640.9951171875,3641.0,3646.85009765625,3567.89990234375,3606.300048828125,6764200
2009-08-13,3758.14501953125,3758.14990234375,3762.449951171875,3697.89990234375,3701.5,7019900
2009-08-14,3749.59521484375,3749.60009765625,3779.449951171875,3739.39990234375,3762.5,6370500
2009-08-17,3606.245361328125,3606.25,3713.35009765625,3596.949951171875,3713.35009765625,6107700
2009-08-18,3665.7451171875,3665.75,3686.449951171875,3606.10009765625,3620.949951171875,6246800
2009-08-19,3607.04541015625,3607.050048828125,3688.949951171875,3589.35009765625,3673.85009765625,6215000
2009-08-20,3650.89501953125,3650.89990234375,3675.60009765625,3644.949951171875,3654.800048828125,4318200
2009-08-21,3701.045166015625,3701.050048828125,3705.85009765625,3618.39990234375,3627.85009765625,5263600
2009-08-24,3779.545166015625,3779.550048828125,3787.75,3748.75,3748.75,5798900
2009-08-25,3794.4951171875,3794.5,3799.75,3744.199951171875,3758.449951171875,6982000
2009-08-26,3820.744873046875,3820.75,3832.199951171875,3807.800048828125,3813.300048828125,7596900
2009-08-27,3831.894775390625,3831.89990234375,3852.64990234375,3809.60009765625,3809.60009765625,7948800
2009-08-28,3864.394775390625,3864.39990234375,3871.25,3811.35009765625,3843.60009765625,7195800
2009-08-31,3840.244873046875,3840.25,3867.89990234375,3819.050048828125,3819.050048828125,7610500
2009-09-01,3803.195068359375,3803.199951171875,3892.800048828125,3790.800048828125,3871.0,7635700
2009-09-02,3788.945068359375,3788.949951171875,3823.64990234375,3779.10009765625,3779.10009765625,6021200
2009-09-03,3784.445068359375,3784.449951171875,3827.0,3775.050048828125,3819.449951171875,5695300
2009-09-04,3837.794921875,3837.800048828125,3845.949951171875,3774.75,3803.89990234375,5901700
2009-09-07,3924.094970703125,3924.10009765625,3927.25,3873.64990234375,3875.60009765625,6458200
2009-09-08,3929.644775390625,3929.64990234375,3960.85009765625,3918.10009765625,3954.949951171875,7220900
2009-09-09,3925.394775390625,3925.39990234375,3946.25,3905.449951171875,3925.39990234375,6289800
2009-09-10,3922.344970703125,3922.35009765625,3979.85009765625,3914.050048828125,3958.39990234375,7015500
2009-09-11,3914.044921875,3914.050048828125,3946.14990234375,3888.35009765625,3941.5,6718200
2009-09-14,3908.94482421875,3908.949951171875,3916.699951171875,3881.14990234375,3900.64990234375,5357800
2009-09-15,3972.994873046875,3973.0,3977.35009765625,3938.60009765625,3939.64990234375,6214000
2009-09-16,4019.294677734375,4019.300048828125,4022.949951171875,3998.39990234375,4002.449951171875,6931900
2009-09-17,4023.0947265625,4023.10009765625,4054.0,4006.14990234375,4042.050048828125,8334200
2009-09-18,4045.24462890625,4045.25,4047.64990234375,4007.0,4015.60009765625,7445500
2009-09-22,4069.24462890625,4069.25,4080.199951171875,4051.699951171875,4058.60009765625,5856600
2009-09-23,4028.294677734375,4028.300048828125,4078.949951171875,4019.75,4070.60009765625,6678100
2009-09-24,4040.89453125,4040.89990234375,4049.5,3984.199951171875,3991.050048828125,7338700
2009-09-25,4041.3447265625,4041.35009765625,4065.60009765625,4017.300048828125,4017.300048828125,6548900
2009-09-29,4072.044677734375,4072.050048828125,4086.449951171875,4064.89990234375,4078.300048828125,5343900
2009-09-30,4118.64453125,4118.64990234375,4119.89990234375,4081.60009765625,4085.10009765625,5879400
2009-10-01,4119.04443359375,4119.0498046875,4133.2001953125,4102.39990234375,4128.5,6252300
2009-10-05,4046.694580078125,4046.699951171875,4095.64990234375,4040.050048828125,4084.39990234375,5784300
2009-10-06,4047.944580078125,4047.949951171875,4068.85009765625,3971.949951171875,4065.449951171875,7253300
2009-10-07,4042.944580078125,4042.949951171875,4096.75,4032.75,4083.449951171875,6608600
2009-10-08,4060.794677734375,4060.800048828125,4091.14990234375,4044.949951171875,4074.75,6376800
2009-10-09,4029.544677734375,4029.550048828125,4085.89990234375,4024.449951171875,4080.75,5435900
2009-10-12,4100.04443359375,4100.0498046875,4106.10009765625,4045.800048828125,4045.800048828125,5041800
2009-10-14,4159.5947265625,4159.60009765625,4163.75,4132.4501953125,4132.4501953125,6858000
2009-10-15,4165.44482421875,4165.4501953125,4188.39990234375,4146.4501953125,4186.64990234375,6985400
2009-10-16,4194.94482421875,4194.9501953125,4198.2001953125,4165.7998046875,4171.2001953125,6132400
2009-10-20,4193.19482421875,4193.2001953125,4239.9501953125,4185.39990234375,4231.5498046875,6108300
2009-10-21,4153.0947265625,4153.10009765625,4204.25,4144.60009765625,4189.7998046875,6176700
2009-10-22,4089.794677734375,4089.800048828125,4158.2998046875,4075.5,4141.60009765625,6111000
2009-10-23,4104.74462890625,4104.75,4149.64990234375,4095.699951171875,4140.7998046875,5624700
2009-10-26,4067.74462890625,4067.75,4119.10009765625,4063.449951171875,4114.2998046875,5595200
2009-10-27,3960.19482421875,3960.199951171875,4046.699951171875,3948.39990234375,4035.800048828125,7543600
2009-10-28,3949.294921875,3949.300048828125,3979.39990234375,3901.60009765625,3941.64990234375,7107200
2009-10-29,3882.844970703125,3882.85009765625,3935.449951171875,3873.800048828125,3885.0,8253100
2009-10-30,3853.144775390625,3853.14990234375,3963.050048828125,3844.39990234375,3950.39990234375,7601500
2009-11-03,3727.445068359375,3727.449951171875,3856.85009765625,3717.64990234375,3837.0,7157100
2009-11-04,3836.19482421875,3836.199951171875,3846.050048828125,3738.75,3768.550048828125,6943300
2009-11-05,3899.744873046875,3899.75,3906.64990234375,3793.050048828125,3833.800048828125,7494800
2009-11-06,3950.44482421875,3950.449951171875,3975.050048828125,3935.050048828125,3940.199951171875,7035800
2009-11-09,4026.794677734375,4026.800048828125,4031.35009765625,3955.25,3976.5,6071900
2009-11-10,4034.694580078125,4034.699951171875,4080.050048828125,4018.39990234375,4061.550048828125,7108000
2009-11-11,4130.89453125,4130.89990234375,4136.39990234375,4038.699951171875,4043.199951171875,6829200
2009-11-12,4084.0947265625,4084.10009765625,4140.5498046875,4066.0,4124.60009765625,6942600
2009-11-13,4114.44482421875,4114.4501953125,4132.0,4078.949951171875,4078.949951171875,5654500
2009-11-16,4162.24462890625,4162.25,4172.5,4152.35009765625,4152.35009765625,5210600
2009-11-17,4160.8447265625,4160.85009765625,4169.75,4127.39990234375,4158.89990234375,5326300
2009-11-18,4164.89453125,4164.89990234375,4189.4501953125,4155.5498046875,4155.9501953125,5761600
2009-11-19,4109.44482421875,4109.4501953125,4173.0,4090.949951171875,4165.4501953125,6653800
2009-11-20,4147.5947265625,4147.60009765625,4154.5498046875,4064.39990234375,4092.85009765625,6378600
2009-11-23,4180.79443359375,4180.7998046875,4185.35009765625,4157.0,4166.85009765625,5046600
2009-11-24,4178.89453125,4178.89990234375,4196.5498046875,4153.0,4185.89990234375,5643100
2009-11-25,4184.5947265625,4184.60009765625,4216.89990234375,4177.0498046875,4181.39990234375,4933000
2009-11-26,4121.3447265625,4121.35009765625,4195.35009765625,4112.7998046875,4184.7001953125,6264100
2009-11-27,4069.044677734375,4069.050048828125,4075.85009765625,3967.050048828125,4033.050048828125,6835700
2009-11-30,4145.44482421875,4145.4501953125,4166.9501953125,4124.5,4132.60009765625,6147400
2009-12-01,4216.39453125,4216.39990234375,4220.14990234375,4176.14990234375,4176.14990234375,6309000
2009-12-02,4224.0947265625,4224.10009765625,4249.2998046875,4218.14990234375,4247.5,7303600
2009-12-03,4247.14453125,4247.14990234375,4276.9501953125,4229.7001953125,4245.7998046875,6037900
2009-12-04,4238.8447265625,4238.85009765625,4271.5498046875,4220.89990234375,4224.2001953125,5557700
2009-12-07,4199.69482421875,4199.7001953125,4253.85009765625,4190.5498046875,4243.9501953125,5037300
2009-12-08,4254.99462890625,4255.0,4256.85009765625,4201.9501953125,4209.64990234375,6069400
2009-12-09,4238.69482421875,4238.7001953125,4271.14990234375,4230.14990234375,4234.10009765625,5916400
2009-12-10,4258.24462890625,4258.25,4266.75,4233.0498046875,4242.85009765625,5691200
2009-12-11,4242.89453125,4242.89990234375,4294.0498046875,4222.9501953125,4291.2001953125,5497400
2009-12-14,4231.3447265625,4231.35009765625,4263.25,4221.64990234375,4241.2001953125,4335300
2009-12-15,4173.14453125,4173.14990234375,4244.39990234375,4161.7001953125,4243.2001953125,4791800
2009-12-16,4177.29443359375,4177.2998046875,4191.75,4146.60009765625,4169.14990234375,5225800
2009-12-17,4189.44482421875,4189.4501953125,4201.75,4168.89990234375,4177.25,5131300
2009-12-18,4153.04443359375,4153.0498046875,4197.35009765625,4147.5498046875,4174.14990234375,4815800
2009-12-21,4132.3447265625,4132.35009765625,4169.39990234375,4128.0,4159.2998046875,3862000
2009-12-22,4168.5947265625,4168.60009765625,4174.75,4150.5,4154.60009765625,3936000
2009-12-23,4274.8447265625,4274.85009765625,4277.85009765625,4189.0,4189.0,5355400
2009-12-24,4300.34423828125,4300.35009765625,4314.60009765625,4273.10009765625,4300.0,5297500
2009-12-29,4310.244140625,4310.25,4327.25,4304.75,4313.4501953125,4335200
2009-12-30,4306.84423828125,4306.85009765625,4321.60009765625,4298.85009765625,4318.0498046875,4380200
2009-12-31,4329.09423828125,4329.10009765625,4346.39990234375,4322.14990234375,4334.39990234375,5535300
2010-01-04,4367.64404296875,4367.64990234375,4372.2998046875,4334.9501953125,4343.10009765625,5479700
2010-01-05,4416.0439453125,4416.0498046875,4422.89990234375,4396.7001953125,4406.5,7294800
2010-01-06,4422.64404296875,4422.64990234375,4438.64990234375,4405.5498046875,4430.0498046875,6793600
2010-01-07,4411.5439453125,4411.5498046875,4435.0,4399.0,4431.0,6641800
2010-01-08,4405.2939453125,4405.2998046875,4436.14990234375,4397.7001953125,4415.5,6600900
2010-01-11,4432.494140625,4432.5,4452.0498046875,4423.39990234375,4439.7998046875,6661700
2010-01-12,4391.6943359375,4391.7001953125,4449.85009765625,4385.0,4442.2001953125,6319800
2010-01-13,4415.59423828125,4415.60009765625,4418.89990234375,4361.89990234375,4364.35009765625,6627400
2010-01-14,4450.4443359375,4450.4501953125,4462.2001953125,4439.14990234375,4440.4501953125,6249600
2010-01-15,4468.14404296875,4468.14990234375,4482.5498046875,4453.9501953125,4468.2998046875,6081700
2010-01-18,4499.59423828125,4499.60009765625,4508.2001953125,4461.85009765625,4462.2998046875,5535900
2010-01-19,4469.2939453125,4469.2998046875,4524.2998046875,4463.75,4506.64990234375,6602200
2010-01-20,4453.64404296875,4453.64990234375,4502.39990234375,4439.4501953125,4499.9501953125,5920600
2010-01-21,4343.244140625,4343.25,4445.39990234375,4336.5498046875,4436.89990234375,6558800
2010-01-22,4310.744140625,4310.75,4331.7001953125,4209.10009765625,4254.5498046875,7673000
2010-01-25,4278.54443359375,4278.5498046875,4306.2001953125,4268.60009765625,4283.5498046875,5008000
2010-01-27,4125.49462890625,4125.5,4260.0498046875,4109.35009765625,4239.85009765625,6961500
2010-01-28,4137.49462890625,4137.5,4197.14990234375,4113.39990234375,4173.2001953125,7856400
2010-01-29,4156.04443359375,4156.0498046875,4163.89990234375,4047.10009765625,4095.89990234375,7468600
2010-02-01,4196.29443359375,4196.2998046875,4211.5,4127.0,4130.4501953125,5805600
2010-02-02,4138.24462890625,4138.25,4242.75,4129.2001953125,4238.4501953125,6187800
2010-02-03,4212.0947265625,4212.10009765625,4223.85009765625,4171.39990234375,4173.2998046875,5001500
2010-02-04,4139.69482421875,4139.7001953125,4208.35009765625,4131.7001953125,4206.5498046875,4756300
2010-02-05,4023.64453125,4023.64990234375,4055.60009765625,4004.949951171875,4029.64990234375,5724500
2010-02-08,4067.294677734375,4067.300048828125,4096.5,4009.550048828125,4066.64990234375,5198100
2010-02-09,4103.99462890625,4104.0,4110.39990234375,4056.699951171875,4069.449951171875,4555000
2010-02-10,4079.694580078125,4079.699951171875,4136.85009765625,4072.199951171875,4129.7998046875,4960600
2010-02-11,4123.5947265625,4123.60009765625,4135.7001953125,4108.4501953125,4109.35009765625,3915400
2010-02-15,4096.19482421875,4096.2001953125,4137.14990234375,4092.39990234375,4136.39990234375,3451900
2010-02-16,4134.64453125,4134.64990234375,4147.10009765625,4086.85009765625,4111.7998046875,3678700
2010-02-17,4171.54443359375,4171.5498046875,4191.0498046875,4154.2998046875,4173.75,4567900
2010-02-18,4145.8447265625,4145.85009765625,4174.64990234375,4137.89990234375,4163.89990234375,4591700
2010-02-19,4102.69482421875,4102.7001953125,4127.75,4077.60009765625,4105.64990234375,4912600
2010-02-22,4094.24462890625,4094.25,4151.64990234375,4086.35009765625,4151.2001953125,3863900
2010-02-23,4089.694580078125,4089.699951171875,4109.2001953125,4077.89990234375,4079.10009765625,3539700
2010-02-24,4080.64453125,4080.64990234375,4093.39990234375,4068.64990234375,4072.949951171875,3740300
2010-02-25,4072.3447265625,4072.35009765625,4094.85009765625,4066.60009765625,4094.85009765625,4860100
2010-02-26,4127.54443359375,4127.5498046875,4170.9501953125,4081.14990234375,4088.10009765625,7388900
2010-03-02,4192.29443359375,4192.2998046875,4198.35009765625,4158.64990234375,4170.35009765625,5326600
2010-03-03,4249.8447265625,4249.85009765625,4252.64990234375,4209.5498046875,4210.60009765625,5002600
2010-03-04,4262.3447265625,4262.35009765625,4266.25,4237.75,4248.0,5525000
2010-03-05,4270.24462890625,4270.25,4293.7001953125,4257.89990234375,4283.2998046875,5591100
2010-03-08,4287.744140625,4287.75,4308.7001953125,4275.2001953125,4308.7001953125,5196600
2010-03-09,4252.39453125,4252.39990234375,4280.64990234375,4247.85009765625,4280.64990234375,4176200
2010-03-10,4253.79443359375,4253.7998046875,4276.64990234375,4237.7998046875,4248.64990234375,4241000
2010-03-11,4252.8447265625,4252.85009765625,4260.35009765625,4234.7001953125,4248.85009765625,4088800
2010-03-12,4253.3447265625,4253.35009765625,4272.64990234375,4244.14990234375,4262.0498046875,4286300
2010-03-15,4233.39453125,4233.39990234375,4245.39990234375,4221.0498046875,4237.4501953125,3836800
2010-03-16,4273.64453125,4273.64990234375,4277.35009765625,4232.7998046875,4234.64990234375,3940200
2010-03-17,4304.1943359375,4304.2001953125,4324.5,4294.39990234375,4298.25,4714800
2010-03-18,4306.59423828125,4306.60009765625,4318.2001953125,4294.85009765625,4312.35009765625,4499100
2010-03-19,4323.994140625,4324.0,4327.14990234375,4308.7001953125,4316.25,4399900
2010-03-22,4278.74462890625,4278.75,4317.25,4273.35009765625,4273.35009765625,4147800
2010-03-23,4287.2939453125,4287.2998046875,4305.35009765625,4268.2001953125,4300.5,4209000
2010-03-25,4293.6943359375,4293.7001953125,4299.89990234375,4268.25,4274.5,5796100
2010-03-26,4312.9443359375,4312.9501953125,4324.14990234375,4305.39990234375,4305.39990234375,4297400
2010-03-29,4320.9443359375,4320.9501953125,4337.4501953125,4314.2998046875,4314.2998046875,4156900
2010-03-30,4313.1943359375,4313.2001953125,4348.0498046875,4307.89990234375,4341.39990234375,4183500
2010-03-31,4313.244140625,4313.25,4340.89990234375,4304.2998046875,4328.2001953125,4055800
2010-04-01,4345.1943359375,4345.2001953125,4348.35009765625,4330.0,4337.2001953125,3990700
2010-04-05,4403.89404296875,4403.89990234375,4406.5,4364.2001953125,4372.35009765625,4182800
2010-04-06,4410.2939453125,4410.2998046875,4419.0498046875,4396.9501953125,4417.0498046875,4850100
2010-04-07,4424.9443359375,4424.9501953125,4446.35009765625,4402.7998046875,4424.10009765625,5343300
2010-04-08,4381.6943359375,4381.7001953125,4429.9501953125,4370.0498046875,4419.75,5146500
2010-04-09,4410.0439453125,4410.0498046875,4420.75,4397.85009765625,4397.85009765625,4989200
2010-04-12,4394.6943359375,4394.7001953125,4426.10009765625,4386.14990234375,4426.10009765625,4176600
2010-04-13,4383.34423828125,4383.35009765625,4397.0,4372.7998046875,4397.0,4245700
2010-04-15,4359.39404296875,4359.39990234375,4418.14990234375,4354.5498046875,4418.14990234375,6384500
2010-04-16,4342.244140625,4342.25,4356.9501953125,4330.0,4345.5498046875,4262900
2010-04-19,4290.1943359375,4290.2001953125,4299.25,4261.64990234375,4283.89990234375,4161100
2010-04-20,4319.744140625,4319.75,4341.14990234375,4308.10009765625,4310.0,4609600
2010-04-21,4344.39404296875,4344.39990234375,4356.9501953125,4334.35009765625,4340.0,4984600
2010-04-22,4356.59423828125,4356.60009765625,4394.10009765625,4331.7998046875,4337.0,4730700
2010-04-23,4368.994140625,4369.0,4381.39990234375,4355.5498046875,4360.0,4384400
2010-04-26,4383.7939453125,4383.7998046875,4396.39990234375,4378.89990234375,4383.89990234375,3703100
2010-04-27,4378.2939453125,4378.2998046875,4396.35009765625,4374.2998046875,4382.2998046875,4841700
2010-04-28,4315.09423828125,4315.10009765625,4350.2998046875,4302.10009765625,4323.5498046875,5505200
2010-04-29,4338.244140625,4338.25,4344.35009765625,4327.89990234375,4329.5,5310200
2010-04-30,4368.09423828125,4368.10009765625,4374.7998046875,4360.0498046875,4365.14990234375,5639200
2010-05-03,4341.244140625,4341.25,4358.4501953125,4331.2998046875,4346.25,4329000
2010-05-04,4277.8447265625,4277.85009765625,4360.4501953125,4270.64990234375,4359.0498046875,5036900
2010-05-05,4271.49462890625,4271.5,4280.64990234375,4199.5498046875,4216.39990234375,6230400
2010-05-06,4256.74462890625,4256.75,4275.75,4213.10009765625,4266.7001953125,5460200
2010-05-07,4182.24462890625,4182.25,4216.7001953125,4159.39990234375,4192.10009765625,7680900
2010-05-10,4298.59423828125,4298.60009765625,4306.35009765625,4229.25,4229.25,5276100
2010-05-11,4249.99462890625,4250.0,4301.7001953125,4244.10009765625,4298.10009765625,4833200
2010-05-12,4263.89453125,4263.89990234375,4273.0,4219.85009765625,4254.10009765625,4959500
2010-05-13,4290.59423828125,4290.60009765625,4311.89990234375,4281.60009765625,4287.60009765625,4771100
2010-05-14,4236.64453125,4236.64990234375,4302.5,4223.0498046875,4282.0498046875,4274500
2010-05-17,4213.24462890625,4213.25,4220.7998046875,4146.0,4192.10009765625,4272700
2010-05-18,4217.39453125,4217.39990234375,4246.25,4198.35009765625,4208.9501953125,3800100
2010-05-19,4106.39453125,4106.39990234375,4189.4501953125,4099.0498046875,4179.2001953125,5057200
2010-05-20,4133.44482421875,4133.4501953125,4163.85009765625,4117.64990234375,4144.0498046875,4417700
2010-05-21,4101.5947265625,4101.60009765625,4107.39990234375,4044.64990234375,4052.300048828125,5253900
2010-05-24,4110.79443359375,4110.7998046875,4177.10009765625,4098.75,4159.9501953125,4742400
2010-05-25,4001.894775390625,4001.89990234375,4070.699951171875,3986.949951171875,4066.39990234375,4581800
2010-05-26,4070.544677734375,4070.550048828125,4072.699951171875,4036.75,4050.25,4848900
2010-05-27,4125.74462890625,4125.75,4130.10009765625,4058.800048828125,4064.60009765625,5719700
2010-05-28,4186.79443359375,4186.7998046875,4191.2001953125,4154.7001953125,4171.60009765625,4895100
2010-05-31,4226.5947265625,4226.60009765625,4232.39990234375,4179.64990234375,4188.89990234375,5120200
2010-06-01,4149.0947265625,4149.10009765625,4226.14990234375,4142.7001953125,4221.7001953125,5393600
2010-06-02,4189.74462890625,4189.75,4196.75,4152.25,4163.75,5042500
2010-06-03,4253.14453125,4253.14990234375,4262.35009765625,4240.0,4240.14990234375,4918800
2010-06-04,4263.44482421875,4263.4501953125,4270.75,4244.0,4259.75,4470900
2010-06-07,4189.99462890625,4190.0,4199.0498046875,4164.5,4165.4501953125,4173500
2010-06-08,4151.99462890625,4152.0,4216.5,4136.9501953125,4188.39990234375,4443800
2010-06-09,4171.99462890625,4172.0,4205.60009765625,4154.5498046875,4154.5498046875,4469900
2010-06-10,4228.94482421875,4228.9501953125,4232.35009765625,4183.64990234375,4191.75,4564500
2010-06-11,4247.24462890625,4247.25,4268.5498046875,4236.60009765625,4268.5498046875,4486500
2010-06-14,4299.0439453125,4299.0498046875,4300.9501953125,4260.7998046875,4268.64990234375,4885900
2010-06-15,4314.7939453125,4314.7998046875,4320.89990234375,4288.4501953125,4306.9501953125,6765200
2010-06-16,4319.9443359375,4319.9501953125,4337.39990234375,4309.5,4330.60009765625,6016900
2010-06-17,4344.2939453125,4344.2998046875,4351.25,4305.39990234375,4326.5498046875,5253400
2010-06-18,4328.64404296875,4328.64990234375,4364.75,4317.75,4351.2001953125,5464800
2010-06-21,4388.6943359375,4388.7001953125,4396.75,4372.2998046875,4374.85009765625,4917300
2010-06-22,4368.6943359375,4368.7001953125,4391.2998046875,4364.85009765625,4370.85009765625,5298900
2010-06-23,4379.744140625,4379.75,4385.7001953125,4355.10009765625,4355.10009765625,4736200
2010-06-24,4372.34423828125,4372.35009765625,4399.64990234375,4355.10009765625,4382.89990234375,6271800
2010-06-25,4365.84423828125,4365.85009765625,4387.60009765625,4353.2001953125,4363.4501953125,5167500
2010-06-28,4429.244140625,4429.25,4432.4501953125,4383.10009765625,4387.64990234375,4956500
2010-06-29,4383.744140625,4383.75,4425.2001953125,4367.9501953125,4416.0498046875,4853000
2010-06-30,4420.6943359375,4420.7001953125,4424.2998046875,4352.2001953125,4352.2001953125,5543500
2010-07-01,4386.34423828125,4386.35009765625,4402.60009765625,4373.75,4391.9501953125,4588000
2010-07-02,4382.5439453125,4382.5498046875,4414.85009765625,4374.39990234375,4392.14990234375,5113000
2010-07-05,4379.64404296875,4379.64990234375,4394.7998046875,4372.39990234375,4381.0,3645200
2010-07-06,4413.6943359375,4413.7001953125,4419.35009765625,4382.14990234375,4382.14990234375,3932600
2010-07-07,4385.89404296875,4385.89990234375,4417.0498046875,4379.64990234375,4417.0498046875,4078300
2010-07-08,4424.34423828125,4424.35009765625,4445.5,4420.60009765625,4423.14990234375,4107600
2010-07-09,4461.5439453125,4461.5498046875,4469.25,4448.9501953125,4448.9501953125,5565800
2010-07-12,4474.6943359375,4474.7001953125,4494.4501953125,4461.75,4470.5,4617000
2010-07-13,4491.34423828125,4491.35009765625,4492.7001953125,4463.39990234375,4470.14990234375,5071900
2010-07-14,4479.244140625,4479.25,4528.10009765625,4471.39990234375,4528.10009765625,5391000
2010-07-15,4468.4443359375,4468.4501953125,4487.7998046875,4458.75,4481.9501953125,4240100
2010-07-16,4490.0439453125,4490.0498046875,4492.7998046875,4470.10009765625,4473.5,4415500
2010-07-19,4488.9443359375,4488.9501953125,4504.9501953125,4472.35009765625,4472.35009765625,4186000
2010-07-20,4474.744140625,4474.75,4510.5,4465.7001953125,4509.75,4053200
2010-07-21,4499.14404296875,4499.14990234375,4505.5498046875,4483.35009765625,4483.35009765625,4095200
2010-07-22,4528.64404296875,4528.64990234375,4530.75,4484.5,4492.64990234375,4453000
2010-07-23,4523.244140625,4523.25,4554.89990234375,4518.75,4554.89990234375,5276300
2010-07-26,4497.494140625,4497.5,4534.4501953125,4490.85009765625,4534.4501953125,4272500
2010-07-27,4508.89404296875,4508.89990234375,4523.14990234375,4494.2001953125,4505.0498046875,4106700
2010-07-28,4494.59423828125,4494.60009765625,4525.5498046875,4487.5498046875,4520.0,3813700
2010-07-29,4490.39404296875,4490.39990234375,4501.2001953125,4481.7998046875,4489.10009765625,5369800
2010-07-30,4475.14404296875,4475.14990234375,4501.0,4470.4501953125,4476.60009765625,4434600
2010-08-02,4523.494140625,4523.5,4526.39990234375,4501.7998046875,4501.7998046875,3865800
2010-08-03,4535.84423828125,4535.85009765625,4542.2001953125,4525.89990234375,4540.2001953125,4294500
2010-08-04,4551.84423828125,4551.85009765625,4557.4501953125,4527.9501953125,4543.60009765625,4486000
2010-08-05,4543.1943359375,4543.2001953125,4571.14990234375,4540.35009765625,4562.7001953125,4787800
2010-08-06,4539.84423828125,4539.85009765625,4564.7001953125,4531.0498046875,4542.60009765625,4754500
2010-08-09,4579.64404296875,4579.64990234375,4583.25,4546.39990234375,4549.7998046875,4453500
2010-08-10,4557.6943359375,4557.7001953125,4585.0,4549.5,4580.9501953125,5228700
2010-08-11,4535.39404296875,4535.39990234375,4570.5498046875,4531.2001953125,4563.0,5460000
2010-08-12,4544.6943359375,4544.7001953125,4550.2001953125,4503.0,4503.0,4805000
2010-08-13,4576.39404296875,4576.39990234375,4591.35009765625,4563.2998046875,4563.2998046875,5182400
2010-08-16,4554.4443359375,4554.4501953125,4593.35009765625,4535.60009765625,4585.7001953125,5038800
2010-08-17,4558.494140625,4558.5,4577.5498046875,4552.39990234375,4556.0,5042000
2010-08-18,4600.5439453125,4600.5498046875,4604.14990234375,4570.4501953125,4577.5,5397100
2010-08-19,4631.84423828125,4631.85009765625,4634.60009765625,4611.25,4617.2998046875,5583200
2010-08-20,4629.5439453125,4629.5498046875,4643.5498046875,4618.9501953125,4619.2998046875,4969000
2010-08-23,4655.74365234375,4655.75,4661.64990234375,4630.5498046875,4641.7001953125,4830500
2010-08-24,4624.84423828125,4624.85009765625,4665.10009765625,4616.0498046875,4663.7001953125,4717200
2010-08-25,4581.994140625,4582.0,4625.75,4576.4501953125,4617.7998046875,4534200
2010-08-26,4592.744140625,4592.75,4606.85009765625,4580.4501953125,4597.35009765625,5295800
2010-08-27,4550.89404296875,4550.89990234375,4613.7001953125,4539.9501953125,4589.64990234375,4379800
2010-08-30,4557.59423828125,4557.60009765625,4598.14990234375,4539.2001953125,4598.14990234375,3445000
2010-08-31,4537.244140625,4537.25,4546.0,4497.7998046875,4542.39990234375,4286900
2010-09-01,4603.4443359375,4603.4501953125,4607.4501953125,4559.89990234375,4561.60009765625,3972400
2010-09-02,4610.9443359375,4610.9501953125,4631.14990234375,4607.7001953125,4631.14990234375,4970200
2010-09-03,4623.64404296875,4623.64990234375,4633.9501953125,4615.85009765625,4624.35009765625,4697800
2010-09-06,4693.79345703125,4693.7998046875,4699.5,4651.4501953125,4655.10009765625,4997600
2010-09-07,4712.1435546875,4712.14990234375,4724.5,4700.39990234375,4702.14990234375,5439400
2010-09-08,4720.74365234375,4720.75,4732.5,4689.5498046875,4689.5498046875,5202200
2010-09-09,4740.34375,4740.35009765625,4750.7001953125,4723.75,4740.25,5224300
2010-09-13,4813.24365234375,4813.25,4822.5498046875,4765.85009765625,4765.85009765625,5084200
2010-09-14,4828.54345703125,4828.5498046875,4859.0,4807.5498046875,4823.60009765625,5961300
2010-09-15,4861.29345703125,4861.2998046875,4881.75,4840.14990234375,4840.14990234375,5408400
2010-09-16,4824.1435546875,4824.14990234375,4883.75,4815.5,4860.5498046875,5538100
2010-09-17,4876.49365234375,4876.5,4882.2001953125,4846.5,4846.5,6525100
2010-09-20,4929.99365234375,4930.0,4933.25,4888.10009765625,4894.85009765625,6358300
2010-09-21,4925.94384765625,4925.9501953125,4963.85009765625,4896.85009765625,4947.25,6092900
2010-09-22,4909.09375,4909.10009765625,4948.5498046875,4878.85009765625,4945.60009765625,5423000
2010-09-23,4891.54345703125,4891.5498046875,4921.10009765625,4871.7998046875,4921.10009765625,5016600
2010-09-24,4934.19384765625,4934.2001953125,4938.39990234375,4890.4501953125,4890.4501953125,5564600
2010-09-27,4958.3935546875,4958.39990234375,4981.7001953125,4948.89990234375,4969.2998046875,5242900
2010-09-28,4960.6435546875,4960.64990234375,4978.25,4935.0,4961.5,4792900
2010-09-29,4926.04345703125,4926.0498046875,4987.60009765625,4918.7998046875,4987.60009765625,4940900
2010-09-30,4925.1435546875,4925.14990234375,4935.14990234375,4889.4501953125,4930.10009765625,6049500
2010-10-01,5018.79345703125,5018.7998046875,5023.0,4945.39990234375,4945.39990234375,6633900
2010-10-04,5039.64306640625,5039.64990234375,5076.5498046875,5027.7001953125,5052.14990234375,6825000
2010-10-05,5046.693359375,5046.7001953125,5070.9501953125,5033.64990234375,5039.85009765625,6510100
2010-10-06,5091.04296875,5091.0498046875,5102.5,5069.7001953125,5100.64990234375,7428400
2010-10-07,5052.89306640625,5052.89990234375,5125.2998046875,5040.5,5104.64990234375,7681400
2010-10-08,5032.64306640625,5032.64990234375,5076.64990234375,5007.2001953125,5076.64990234375,5809000
2010-10-11,5064.943359375,5064.9501953125,5080.9501953125,5048.0498046875,5075.89990234375,5055300
2010-10-12,5027.443359375,5027.4501953125,5065.0498046875,5000.85009765625,5065.0498046875,5102600
2010-10-13,5121.79296875,5121.7998046875,5124.2998046875,5034.0498046875,5047.5498046875,6754600
2010-10-14,5084.7431640625,5084.75,5159.9501953125,5070.2001953125,5146.39990234375,7386200
2010-10-15,4998.69384765625,4998.7001953125,5101.2998046875,4990.35009765625,5100.5,5875000
2010-10-18,5001.69384765625,5001.7001953125,5026.2001953125,4932.4501953125,5026.2001953125,5259900
2010-10-19,4975.24365234375,4975.25,5047.9501953125,4962.64990234375,5022.7998046875,5468800
2010-10-20,4946.04345703125,4946.0498046875,4985.39990234375,4935.0,4961.89990234375,4851400
2010-10-21,5035.89306640625,5035.89990234375,5041.14990234375,4959.5,4960.75,5181000
2010-10-22,5018.69384765625,5018.7001953125,5055.7998046875,4998.5,5042.39990234375,5479600
2010-10-25,5046.943359375,5046.9501953125,5077.60009765625,5038.0,5038.0,5632500
2010-10-26,5031.09326171875,5031.10009765625,5059.64990234375,5025.64990234375,5052.7001953125,5221700
2010-10-27,4986.69384765625,4986.7001953125,5032.10009765625,4967.75,5027.5498046875,4990200
2010-10-28,4962.3935546875,4962.39990234375,5022.2998046875,4951.0498046875,5001.64990234375,8157100
2010-10-29,4972.94384765625,4972.9501953125,4981.5498046875,4915.10009765625,4980.75,6169400
2010-11-01,5052.943359375,5052.9501953125,5057.89990234375,5013.7998046875,5013.7998046875,5042300
2010-11-02,5060.84326171875,5060.85009765625,5070.89990234375,5039.10009765625,5058.39990234375,5275500
2010-11-03,5090.9931640625,5091.0,5109.7001953125,5078.2001953125,5078.2001953125,5903000
2010-11-04,5170.7431640625,5170.75,5173.75,5117.89990234375,5117.89990234375,4757300
2010-11-08,5174.2431640625,5174.25,5209.5,5162.5498046875,5209.5,5612300
2010-11-09,5198.29296875,5198.2998046875,5205.25,5157.60009765625,5178.5498046875,6012400
2010-11-10,5186.14306640625,5186.14990234375,5209.2001953125,5181.25,5199.2001953125,5566500
2010-11-11,5119.4931640625,5119.5,5206.39990234375,5108.2998046875,5192.0,6637600
2010-11-12,5012.29345703125,5012.2998046875,5129.85009765625,5002.39990234375,5112.9501953125,7036700
2010-11-15,5042.79296875,5042.7998046875,5047.0498046875,4980.5498046875,5016.7998046875,5780300
2010-11-16,4936.09375,4936.10009765625,5054.75,4922.64990234375,5054.75,5928900
2010-11-18,4940.04345703125,4940.0498046875,4983.89990234375,4857.5498046875,4983.89990234375,6862300
2010-11-19,4850.54345703125,4850.5498046875,4946.85009765625,4834.75,4946.85009765625,5760500
2010-11-22,4936.84375,4936.85009765625,4942.0498046875,4855.9501953125,4867.2998046875,4972500
2010-11-23,4877.04345703125,4877.0498046875,4915.7998046875,4785.2998046875,4915.7998046875,5963700
2010-11-24,4819.04345703125,4819.0498046875,4915.10009765625,4797.5498046875,4883.64990234375,5336300
2010-11-25,4742.84375,4742.85009765625,4842.64990234375,4730.2001953125,4829.0,8929600
2010-11-26,4677.49365234375,4677.5,4762.9501953125,4588.89990234375,4758.64990234375,10386300
2010-11-29,4736.44384765625,4736.4501953125,4742.5498046875,4669.7001953125,4698.2998046875,6317500
2010-11-30,4781.3935546875,4781.39990234375,4795.85009765625,4696.39990234375,4726.35009765625,7784500
2010-12-01,4876.29345703125,4876.2998046875,4881.7001953125,4785.9501953125,4785.9501953125,6186400
2010-12-02,4916.19384765625,4916.2001953125,4937.35009765625,4899.0,4910.39990234375,6152700
2010-12-03,4875.79345703125,4875.7998046875,4920.9501953125,4854.25,4917.14990234375,5975600
2010-12-06,4867.1435546875,4867.14990234375,4932.64990234375,4861.0,4898.2001953125,4668900
2010-12-07,4844.04345703125,4844.0498046875,4870.4501953125,4817.60009765625,4868.7001953125,5272800
2010-12-08,4774.44384765625,4774.4501953125,4831.89990234375,4760.10009765625,4831.89990234375,5435800
2010-12-09,4639.09423828125,4639.10009765625,4790.7001953125,4622.0,4785.7001953125,6934200
2010-12-10,4713.29345703125,4713.2998046875,4718.2001953125,4600.7001953125,4636.10009765625,6486600
2010-12-13,4765.59375,4765.60009765625,4768.64990234375,4688.35009765625,4727.14990234375,5429300
2010-12-14,4808.79345703125,4808.7998046875,4814.89990234375,4761.10009765625,4777.2001953125,4887400
2010-12-15,4760.29345703125,4760.2998046875,4809.35009765625,4739.4501953125,4801.64990234375,5399700
2010-12-16,4794.94384765625,4794.9501953125,4799.64990234375,4728.64990234375,4770.2998046875,5623400
2010-12-20,4792.79345703125,4792.7998046875,4819.5,4761.25,4782.89990234375,4984400
2010-12-21,4834.79345703125,4834.7998046875,4838.75,4800.10009765625,4800.10009765625,5010800
2010-12-22,4827.69384765625,4827.7001953125,4859.2998046875,4807.2998046875,4844.85009765625,5136900
2010-12-23,4821.1435546875,4821.14990234375,4845.75,4812.89990234375,4839.5,3887300
2010-12-24,4839.8935546875,4839.89990234375,4842.89990234375,4799.35009765625,4799.35009765625,3871500
2010-12-27,4827.8935546875,4827.89990234375,4865.7001953125,4823.39990234375,4840.85009765625,3235800
2010-12-28,4827.54345703125,4827.5498046875,4837.0,4818.0,4831.85009765625,3275600
2010-12-29,4873.54345703125,4873.5498046875,4876.4501953125,4832.60009765625,4832.60009765625,3393700
2010-12-30,4904.6435546875,4904.64990234375,4906.85009765625,4874.64990234375,4874.64990234375,5569700
2010-12-31,4940.94384765625,4940.9501953125,4947.5,4906.39990234375,4906.39990234375,4293400
2011-01-03,4967.29345703125,4967.2998046875,4980.4501953125,4959.89990234375,4964.5,4179500
2011-01-04,4957.09375,4957.10009765625,4988.25,4947.10009765625,4975.60009765625,5243000
2011-01-05,4903.09375,4903.10009765625,4954.35009765625,4891.75,4954.35009765625,4500400
2011-01-06,4865.04345703125,4865.0498046875,4926.7998046875,4850.89990234375,4918.0498046875,4850000
2011-01-07,4750.74365234375,4750.75,4863.9501953125,4737.7998046875,4855.5,4988500
2011-01-10,4636.1943359375,4636.2001953125,4750.60009765625,4624.2001953125,4748.9501953125,4733600
2011-01-11,4624.9443359375,4624.9501953125,4682.2001953125,4589.75,4639.0498046875,5112500
2011-01-12,4709.84375,4709.85009765625,4716.2001953125,4597.14990234375,4650.14990234375,5583900
2011-01-13,4639.7939453125,4639.7998046875,4718.2998046875,4629.35009765625,4703.0,5104400
2011-01-14,4566.744140625,4566.75,4691.5498046875,4557.14990234375,4639.9501953125,4946800
2011-01-17,4553.64404296875,4553.64990234375,4583.0498046875,4544.75,4563.60009765625,4206300
2011-01-18,4598.34423828125,4598.35009765625,4604.7998046875,4568.60009765625,4568.89990234375,4280800
2011-01-19,4583.84423828125,4583.85009765625,4620.5,4565.4501953125,4605.64990234375,4599600
2011-01-20,4597.6943359375,4597.7001953125,4605.2998046875,4547.2001953125,4564.64990234375,4630500
2011-01-21,4592.6943359375,4592.7001953125,4610.5498046875,4579.9501953125,4587.0,4114800
2011-01-24,4628.6943359375,4628.7001953125,4636.64990234375,4599.0498046875,4604.0,4364000
2011-01-25,4589.494140625,4589.5,4667.5,4585.2001953125,4639.7001953125,4119800
2011-01-27,4513.994140625,4514.0,4611.5,4509.39990234375,4610.2998046875,6598700
2011-01-28,4427.494140625,4427.5,4519.35009765625,4381.85009765625,4519.35009765625,6161100
2011-01-31,4424.59423828125,4424.60009765625,4435.10009765625,4342.7998046875,4394.85009765625,5845800
2011-02-01,4352.14404296875,4352.14990234375,4446.35009765625,4342.10009765625,4441.85009765625,5671500
2011-02-02,4362.34423828125,4362.35009765625,4405.64990234375,4350.7001953125,4380.85009765625,5470200
2011-02-03,4429.89404296875,4429.89990234375,4432.7001953125,4353.5498046875,4361.5,4635800
2011-02-04,4339.5439453125,4339.5498046875,4460.35009765625,4322.75,4426.14990234375,5242700
2011-02-07,4332.09423828125,4332.10009765625,4362.9501953125,4323.60009765625,4358.39990234375,4586600
2011-02-08,4255.69482421875,4255.7001953125,4352.0498046875,4250.25,4352.0498046875,5230400
2011-02-09,4178.29443359375,4178.2998046875,4257.7001953125,4160.2001953125,4245.0,7383800
2011-02-10,4164.29443359375,4164.2998046875,4193.7998046875,4128.25,4174.2001953125,7565200
2011-02-11,4240.44482421875,4240.4501953125,4244.9501953125,4130.5,4160.9501953125,7018200
2011-02-14,4365.744140625,4365.75,4371.10009765625,4257.0498046875,4257.0498046875,5482500
2011-02-15,4384.59423828125,4384.60009765625,4404.39990234375,4330.5498046875,4372.2001953125,6226800
2011-02-16,4391.34423828125,4391.35009765625,4405.60009765625,4376.7001953125,4377.2001953125,5489500
2011-02-17,4439.994140625,4440.0,4443.85009765625,4382.25,4402.2998046875,5259700
2011-02-18,4365.2939453125,4365.2998046875,4483.5,4355.0498046875,4446.10009765625,6012800
2011-02-21,4403.1943359375,4403.2001953125,4407.39990234375,4324.75,4364.0,4235900
2011-02-22,4363.4443359375,4363.4501953125,4400.0498046875,4342.39990234375,4395.39990234375,4854100
2011-02-23,4338.744140625,4338.75,4379.39990234375,4333.4501953125,4354.25,4580200
2011-02-24,4201.19482421875,4201.2001953125,4327.5,4187.89990234375,4323.0498046875,7593500
2011-02-25,4226.74462890625,4226.75,4248.85009765625,4173.75,4233.25,5456700
2011-02-28,4247.14453125,4247.14990234375,4343.2001953125,4233.64990234375,4241.39990234375,7151100
2011-03-01,4391.744140625,4391.75,4397.9501953125,4273.89990234375,4273.89990234375,5854500
2011-03-03,4400.6943359375,4400.7001953125,4425.2998046875,4355.7001953125,4367.75,6063100
2011-03-04,4403.744140625,4403.75,4455.0498046875,4395.9501953125,4428.10009765625,4804600
2011-03-07,4346.5439453125,4346.5498046875,4377.0498046875,4308.89990234375,4377.0498046875,3885100
2011-03-08,4390.59423828125,4390.60009765625,4396.7998046875,4348.14990234375,4348.14990234375,3898300
2011-03-09,4404.2939453125,4404.2998046875,4422.5,4369.5,4402.4501953125,4526300
2011-03-10,4382.1943359375,4382.2001953125,4396.10009765625,4364.9501953125,4396.10009765625,3738000
2011-03-11,4343.6943359375,4343.7001953125,4388.89990234375,4320.7998046875,4361.25,4249100
2011-03-14,4399.64404296875,4399.64990234375,4402.75,4338.7998046875,4338.7998046875,3818800
2011-03-15,4334.6943359375,4334.7001953125,4368.7998046875,4282.10009765625,4338.5,4659800
2011-03-16,4386.4443359375,4386.4501953125,4401.75,4349.14990234375,4349.14990234375,4163100
2011-03-17,4346.89404296875,4346.89990234375,4389.0498046875,4339.2998046875,4355.89990234375,3798800
2011-03-18,4298.39404296875,4298.39990234375,4370.39990234375,4293.4501953125,4362.64990234375,3594500
2011-03-21,4289.2939453125,4289.2998046875,4319.0,4276.25,4317.64990234375,3091300
2011-03-22,4326.494140625,4326.5,4336.2998046875,4302.25,4303.60009765625,3227900
2011-03-23,4373.34423828125,4373.35009765625,4374.89990234375,4320.5,4325.14990234375,3724400
2011-03-24,4406.64404296875,4406.64990234375,4410.14990234375,4385.2001953125,4385.2001953125,4402400
2011-03-25,4493.34423828125,4493.35009765625,4499.5,4434.9501953125,4442.85009765625,4861700
2011-03-28,4518.2939453125,4518.2998046875,4530.7998046875,4488.39990234375,4488.39990234375,5205100
2011-03-29,4548.994140625,4549.0,4570.25,4517.9501953125,4517.9501953125,5304700
2011-03-30,4598.4443359375,4598.4501953125,4606.7998046875,4559.64990234375,4559.64990234375,5103600
2011-03-31,4626.4443359375,4626.4501953125,4647.60009765625,4588.0498046875,4606.89990234375,6741300
2011-04-01,4640.0439453125,4640.0498046875,4646.0,4619.7001953125,4627.14990234375,5244900
2011-04-04,4707.19384765625,4707.2001953125,4714.4501953125,4648.75,4648.75,5111900
2011-04-05,4722.84375,4722.85009765625,4729.5498046875,4682.9501953125,4715.64990234375,6349300
2011-04-06,4718.59375,4718.60009765625,4753.5,4698.75,4721.75,6789100
2011-04-07,4727.34375,4727.35009765625,4741.35009765625,4709.2998046875,4716.7998046875,6006800
2011-04-08,4684.49365234375,4684.5,4749.5,4668.5498046875,4728.0,5702800
2011-04-11,4643.09423828125,4643.10009765625,4675.89990234375,4638.0498046875,4664.60009765625,4259700
2011-04-13,4730.49365234375,4730.5,4736.0,4614.75,4622.5498046875,5140900
2011-04-15,4679.79345703125,4679.7998046875,4727.2998046875,4664.9501953125,4723.5498046875,4885200
2011-04-18,4608.994140625,4609.0,4732.7001953125,4604.60009765625,4679.75,4820100
2011-04-19,4617.6943359375,4617.7001953125,4625.0,4582.2998046875,4601.9501953125,4405400
2011-04-20,4694.69384765625,4694.7001953125,4697.39990234375,4634.60009765625,4642.39990234375,5363900
2011-04-21,4711.54345703125,4711.5498046875,4736.0,4701.7001953125,4711.64990234375,4890800
2011-04-25,4708.34375,4708.35009765625,4730.39990234375,4697.85009765625,4697.85009765625,3638500
2011-04-26,4704.84375,4704.85009765625,4719.0,4652.7001953125,4709.7001953125,4420900
2011-04-27,4687.99365234375,4688.0,4723.35009765625,4678.39990234375,4713.4501953125,4338400
2011-04-28,4650.4443359375,4650.4501953125,4700.7998046875,4645.89990234375,4697.5,6396900
2011-04-29,4615.2939453125,4615.2998046875,4664.0498046875,4585.9501953125,4648.85009765625,5675900
2011-05-02,4573.64404296875,4573.64990234375,4632.89990234375,4563.0,4624.75,3945600
2011-05-03,4471.994140625,4472.0,4584.4501953125,4465.10009765625,4567.35009765625,4908700
2011-05-04,4448.64404296875,4448.64990234375,4476.14990234375,4422.7001953125,4473.35009765625,4403000
2011-05-05,4390.59423828125,4390.60009765625,4470.85009765625,4379.5498046875,4445.64990234375,4126700
2011-05-06,4460.4443359375,4460.4501953125,4466.5498046875,4400.25,4400.25,3898600
2011-05-09,4463.994140625,4464.0,4483.75,4430.25,4473.35009765625,3160500
2011-05-10,4458.1943359375,4458.2001953125,4493.14990234375,4442.35009765625,4466.35009765625,3207000
2011-05-11,4480.6943359375,4480.7001953125,4486.5498046875,4451.89990234375,4461.4501953125,3505100
2011-05-12,4424.59423828125,4424.60009765625,4489.4501953125,4420.7001953125,4465.89990234375,3336200
2011-05-13,4470.34423828125,4470.35009765625,4507.39990234375,4416.89990234375,4427.9501953125,3853600
2011-05-16,4436.09423828125,4436.10009765625,4469.0,4429.5,4469.0,3090700
2011-05-17,4395.9443359375,4395.9501953125,4459.14990234375,4381.85009765625,4434.5498046875,3344900
2011-05-18,4375.244140625,4375.25,4411.2998046875,4363.39990234375,4400.9501953125,3275600
2011-05-19,4372.0439453125,4372.0498046875,4393.7998046875,4362.4501953125,4390.2001953125,3038500
2011-05-20,4411.89404296875,4411.89990234375,4433.2998046875,4378.5,4384.2998046875,3772500
2011-05-23,4338.244140625,4338.25,4395.85009765625,4330.5498046875,4395.85009765625,3235200
2011-05-24,4347.1943359375,4347.2001953125,4361.75,4327.39990234375,4337.4501953125,3711600
2011-05-25,4317.89404296875,4317.89990234375,4344.10009765625,4303.85009765625,4344.10009765625,3660500
2011-05-26,4354.9443359375,4354.9501953125,4358.64990234375,4325.10009765625,4330.7998046875,5252400
2011-05-27,4409.7939453125,4409.7998046875,4412.7998046875,4355.64990234375,4355.64990234375,4099800
2011-05-30,4421.64404296875,4421.64990234375,4439.39990234375,4407.25,4419.39990234375,3623500
2011-05-31,4492.89404296875,4492.89990234375,4497.5498046875,4431.89990234375,4431.89990234375,5663400
2011-06-01,4517.7939453125,4517.7998046875,4521.39990234375,4493.4501953125,4493.4501953125,4238500
2011-06-02,4482.5439453125,4482.5498046875,4496.7001953125,4468.85009765625,4484.10009765625,4224500
2011-06-03,4457.89404296875,4457.89990234375,4525.2998046875,4451.64990234375,4490.85009765625,3662600
2011-06-06,4465.494140625,4465.5,4471.39990234375,4430.0,4451.14990234375,3018800
2011-06-07,4489.9443359375,4489.9501953125,4496.2998046875,4453.14990234375,4453.14990234375,3532600
2011-06-08,4473.244140625,4473.25,4496.0,4464.2001953125,4478.60009765625,3778000
2011-06-09,4468.2939453125,4468.2998046875,4484.0,4456.2998046875,4471.5,3111500
2011-06-10,4442.7939453125,4442.7998046875,4469.64990234375,4424.0,4466.7001953125,3409700
2011-06-13,4444.34423828125,4444.35009765625,4449.25,4405.60009765625,4434.2001953125,3510900
2011-06-14,4460.5439453125,4460.5498046875,4474.14990234375,4445.89990234375,4445.89990234375,3758900
2011-06-15,4422.994140625,4423.0,4458.85009765625,4418.9501953125,4457.2998046875,3664100
2011-06-16,4384.64404296875,4384.64990234375,4419.39990234375,4379.89990234375,4407.89990234375,4086600
2011-06-17,4357.744140625,4357.75,4401.35009765625,4352.7001953125,4393.2001953125,3465300
2011-06-20,4263.24462890625,4263.25,4364.35009765625,4220.10009765625,4360.9501953125,6487900
2011-06-21,4268.3447265625,4268.35009765625,4307.7001953125,4260.0498046875,4275.64990234375,4800300
2011-06-22,4258.49462890625,4258.5,4293.4501953125,4247.35009765625,4283.9501953125,4104400
2011-06-23,4281.0947265625,4281.10009765625,4287.60009765625,4232.0498046875,4253.60009765625,4995700
2011-06-24,4392.1943359375,4392.2001953125,4395.9501953125,4293.7998046875,4293.7998046875,5270600
2011-06-27,4439.34423828125,4439.35009765625,4454.25,4375.9501953125,4375.9501953125,5020600
2011-06-28,4454.34423828125,4454.35009765625,4464.85009765625,4421.89990234375,4451.35009765625,4663100
2011-06-29,4492.2939453125,4492.2998046875,4495.85009765625,4465.85009765625,4465.85009765625,5156600
2011-06-30,4522.9443359375,4522.9501953125,4528.0,4496.89990234375,4499.89990234375,6390900
2011-07-01,4522.0439453125,4522.0498046875,4554.5,4507.0,4554.5,5006100
2011-07-04,4549.14404296875,4549.14990234375,4560.0498046875,4534.2998046875,4550.2998046875,4184000
2011-07-05,4537.09423828125,4537.10009765625,4554.2001953125,4523.14990234375,4554.2001953125,4318100
2011-07-06,4535.2939453125,4535.2998046875,4555.2998046875,4524.5498046875,4532.0498046875,3828400
2011-07-07,4607.84423828125,4607.85009765625,4610.85009765625,4539.5498046875,4539.5498046875,4026100
2011-07-08,4554.7939453125,4554.7998046875,4611.39990234375,4549.7001953125,4610.89990234375,4790200
2011-07-11,4523.0439453125,4523.0498046875,4548.0,4512.10009765625,4548.0,3232300
2011-07-12,4459.2939453125,4459.2998046875,4499.7001953125,4437.25,4491.10009765625,3996200
2011-07-13,4508.39404296875,4508.39990234375,4514.85009765625,4467.89990234375,4467.89990234375,3797300
2011-07-14,4525.494140625,4525.5,4560.60009765625,4482.60009765625,4499.5498046875,4632700
2011-07-15,4514.64404296875,4514.64990234375,4550.89990234375,4502.85009765625,4527.25,3259400
2011-07-18,4509.744140625,4509.75,4531.4501953125,4499.7998046875,4515.0,2990000
2011-07-19,4538.744140625,4538.75,4549.89990234375,4504.9501953125,4511.25,3856600
2011-07-20,4498.09423828125,4498.10009765625,4560.2998046875,4493.14990234375,4554.14990234375,4461100
2011-07-21,4475.6943359375,4475.7001953125,4505.9501953125,4469.9501953125,4491.35009765625,4083000
2011-07-22,4544.2939453125,4544.2998046875,4547.7998046875,4494.89990234375,4494.89990234375,4670700
2011-07-25,4577.744140625,4577.75,4589.5498046875,4534.85009765625,4544.2001953125,4665500
2011-07-26,4504.84423828125,4504.85009765625,4591.35009765625,4494.2998046875,4582.2001953125,4695400
2011-07-27,4491.2939453125,4491.2998046875,4515.7001953125,4471.10009765625,4512.2001953125,4766400
2011-07-28,4444.89404296875,4444.89990234375,4465.0,4438.14990234375,4461.9501953125,7006800
2011-07-29,4424.0439453125,4424.0498046875,4467.0,4419.60009765625,4440.14990234375,5741900
2011-08-01,4440.84423828125,4440.85009765625,4476.9501953125,4421.2001953125,4448.85009765625,4246400
2011-08-02,4392.9443359375,4392.9501953125,4428.0498046875,4375.9501953125,4428.0498046875,4128200
2011-08-03,4359.2939453125,4359.2998046875,4365.4501953125,4334.7001953125,4363.4501953125,4738600
2011-08-04,4311.5439453125,4311.5498046875,4390.5,4306.64990234375,4363.5,4766100
2011-08-05,4220.49462890625,4220.5,4242.60009765625,4144.2998046875,4242.60009765625,6712400
2011-08-08,4150.49462890625,4150.5,4205.9501953125,4095.0,4150.2001953125,6136200
2011-08-09,4107.69482421875,4107.7001953125,4176.9501953125,4028.25,4057.199951171875,7202700
2011-08-10,4182.24462890625,4182.25,4196.89990234375,4154.89990234375,4175.7998046875,5477900
2011-08-11,4164.74462890625,4164.75,4195.5,4156.85009765625,4164.2998046875,4272400
2011-08-12,4121.3447265625,4121.35009765625,4197.14990234375,4112.89990234375,4195.5498046875,4598000
2011-08-16,4081.294677734375,4081.300048828125,4162.5498046875,4067.39990234375,4150.5498046875,5080900
2011-08-17,4081.294677734375,4081.300048828125,4122.7001953125,4056.199951171875,4078.550048828125,5685500
2011-08-18,3994.144775390625,3994.14990234375,4093.25,3985.199951171875,4093.25,5411100
2011-08-19,3925.794921875,3925.800048828125,3953.89990234375,3883.64990234375,3947.64990234375,5939100
2011-08-22,3970.494873046875,3970.5,3974.300048828125,3900.550048828125,3924.949951171875,4563400
2011-08-23,4010.694580078125,4010.699951171875,4020.449951171875,3947.60009765625,3984.800048828125,4590700
2011-08-24,3970.094970703125,3970.10009765625,4030.35009765625,3960.050048828125,4002.25,4674600
2011-08-25,3929.494873046875,3929.5,3987.800048828125,3921.64990234375,3984.10009765625,6585400
2011-08-26,3851.544921875,3851.550048828125,3949.300048828125,3833.699951171875,3929.60009765625,4775200
2011-08-29,3977.344970703125,3977.35009765625,3985.10009765625,3883.60009765625,3883.60009765625,4634000
2011-08-30,4038.3447265625,4038.35009765625,4047.699951171875,3986.25,4006.949951171875,5433400
2011-09-02,4070.89453125,4070.89990234375,4097.89990234375,4039.39990234375,4097.89990234375,5400100
2011-09-05,4063.14453125,4063.14990234375,4071.14990234375,4030.300048828125,4048.14990234375,4987800
2011-09-06,4093.194580078125,4093.199951171875,4098.0498046875,4013.300048828125,4050.14990234375,5818000
2011-09-07,4146.39453125,4146.39990234375,4165.25,4101.9501953125,4101.9501953125,6050200
2011-09-08,4163.8447265625,4163.85009765625,4175.35009765625,4131.2001953125,4154.25,5218700
2011-09-09,4098.0947265625,4098.10009765625,4175.64990234375,4090.89990234375,4168.5,6517400
2011-09-12,4010.74462890625,4010.75,4055.89990234375,3989.699951171875,4055.89990234375,5184900
2011-09-13,4007.0947265625,4007.10009765625,4074.89990234375,3987.64990234375,4027.75,5485100
2011-09-14,4051.544677734375,4051.550048828125,4060.39990234375,3992.0,4020.39990234375,5054900
2011-09-15,4096.99462890625,4097.0,4105.85009765625,4029.10009765625,4078.89990234375,4875700
2011-09-16,4105.0947265625,4105.10009765625,4136.0,4093.550048828125,4123.10009765625,6441500
2011-09-19,4072.044677734375,4072.050048828125,4096.2998046875,4064.39990234375,4096.2998046875,4180500
2011-09-20,4142.79443359375,4142.7998046875,4148.0,4075.85009765625,4077.89990234375,4553800
2011-09-21,4150.54443359375,4150.5498046875,4167.2001953125,4132.7998046875,4150.5,5094600
2011-09-22,3994.144775390625,3994.14990234375,4107.4501953125,3985.25,4107.4501953125,5205600
2011-09-23,3952.094970703125,3952.10009765625,3996.449951171875,3923.300048828125,3966.800048828125,5519300
2011-09-26,3914.794921875,3914.800048828125,3957.949951171875,3860.550048828125,3957.949951171875,4506100
2011-09-27,4010.044677734375,4010.050048828125,4017.85009765625,3953.35009765625,3953.35009765625,4237900
2011-09-28,3987.44482421875,3987.449951171875,4028.949951171875,3972.14990234375,4028.949951171875,4470000
2011-09-29,4024.74462890625,4024.75,4033.5,3955.89990234375,3975.60009765625,6053200
2011-09-30,3978.344970703125,3978.35009765625,4037.949951171875,3964.800048828125,4011.25,4975900
2011-10-03,3903.19482421875,3903.199951171875,3940.85009765625,3888.0,3940.85009765625,3890500
2011-10-04,3843.69482421875,3843.699951171875,3921.85009765625,3821.89990234375,3888.85009765625,4826600
2011-10-05,3821.844970703125,3821.85009765625,3877.300048828125,3817.35009765625,3854.300048828125,4423500
2011-10-07,3913.94482421875,3913.949951171875,3942.10009765625,3894.39990234375,3894.39990234375,4681600
2011-10-10,3977.894775390625,3977.89990234375,3983.89990234375,3910.60009765625,3913.35009765625,4644400
2011-10-11,3981.844970703125,3981.85009765625,4029.35009765625,3975.60009765625,3999.85009765625,805400
2011-10-12,4068.5947265625,4068.60009765625,4072.949951171875,4001.199951171875,4001.89990234375,554100
2011-10-13,4058.294677734375,4058.300048828125,4099.2001953125,4052.300048828125,4085.699951171875,716700
2011-10-14,4090.694580078125,4090.699951171875,4095.949951171875,4044.14990234375,4047.14990234375,393200
2011-10-17,4083.794677734375,4083.800048828125,4111.4501953125,4063.449951171875,4103.75,315500
2011-10-18,4023.14453125,4023.14990234375,4046.449951171875,4007.14990234375,4046.449951171875,312600
2011-10-19,4093.49462890625,4093.5,4098.7001953125,4046.60009765625,4046.60009765625,381300
2011-10-20,4057.3447265625,4057.35009765625,4064.949951171875,4022.5,4064.949951171875,293900
2011-10-21,4024.64453125,4024.64990234375,4079.050048828125,4017.5,4065.35009765625,321100
2011-10-24,4046.64453125,4046.64990234375,4089.0,4040.25,4059.949951171875,278100
2011-10-25,4101.39453125,4101.39990234375,4114.10009765625,4033.050048828125,4068.050048828125,470400
2011-10-28,4229.74462890625,4229.75,4235.14990234375,4195.25,4195.25,468300
2011-10-31,4215.89453125,4215.89990234375,4236.0498046875,4204.4501953125,4228.7001953125,386600
2011-11-01,4170.74462890625,4170.75,4210.2998046875,4156.2001953125,4189.75,411000
2011-11-02,4171.39453125,4171.39990234375,4198.7001953125,4148.2998046875,4148.2998046875,519300
2011-11-03,4179.64453125,4179.64990234375,4186.4501953125,4137.0,4162.25,399600
2011-11-04,4201.0947265625,4201.10009765625,4228.5498046875,4182.9501953125,4212.10009765625,408500
2011-11-08,4203.04443359375,4203.0498046875,4216.60009765625,4179.2998046875,4205.5498046875,324800
2011-11-09,4147.14453125,4147.14990234375,4217.85009765625,4141.39990234375,4214.10009765625,532300
2011-11-11,4100.89453125,4100.89990234375,4131.5,4084.60009765625,4113.85009765625,484200
2011-11-14,4074.544677734375,4074.550048828125,4141.9501953125,4069.39990234375,4127.0498046875,355500
2011-11-15,3996.94482421875,3996.949951171875,4076.0,3988.60009765625,4065.199951171875,420300
2011-11-16,3965.44482421875,3965.449951171875,3991.85009765625,3934.39990234375,3991.85009765625,5838400
2011-11-17,3894.744873046875,3894.75,3969.699951171875,3885.25,3963.75,5652300
2011-11-18,3869.044921875,3869.050048828125,3875.35009765625,3819.5,3875.35009765625,6252100
2011-11-21,3778.59521484375,3778.60009765625,3851.64990234375,3769.35009765625,3851.64990234375,5339700
2011-11-22,3800.59521484375,3800.60009765625,3827.449951171875,3776.949951171875,3787.60009765625,5410800
2011-11-23,3720.14501953125,3720.14990234375,3782.699951171875,3684.39990234375,3782.699951171875,6065200
2011-11-24,3762.84521484375,3762.85009765625,3768.75,3672.550048828125,3720.800048828125,7413200
2011-11-25,3742.195068359375,3742.199951171875,3782.550048828125,3729.75,3749.14990234375,5297300
2011-11-28,3839.544921875,3839.550048828125,3843.25,3774.60009765625,3774.60009765625,4735500
2011-11-29,3803.9951171875,3804.0,3852.449951171875,3795.050048828125,3846.64990234375,5192900
2011-11-30,3811.2451171875,3811.25,3824.10009765625,3768.050048828125,3782.85009765625,7245000
2011-12-01,3878.594970703125,3878.60009765625,3933.14990234375,3864.699951171875,3886.949951171875,5079300
2011-12-02,3962.094970703125,3962.10009765625,3968.64990234375,3867.199951171875,3880.85009765625,4872000
2011-12-05,3957.744873046875,3957.75,3968.64990234375,3935.10009765625,3954.75,4452800
2011-12-07,3970.594970703125,3970.60009765625,3997.25,3958.39990234375,3963.800048828125,5101700
2011-12-08,3883.744873046875,3883.75,3962.60009765625,3870.0,3956.89990234375,5263300
2011-12-09,3830.844970703125,3830.85009765625,3866.0,3815.0,3843.949951171875,5034400
2011-12-12,3751.045166015625,3751.050048828125,3854.14990234375,3745.35009765625,3852.75,4469800
2011-12-13,3767.09521484375,3767.10009765625,3782.85009765625,3722.300048828125,3734.14990234375,4992400
2011-12-14,3736.59521484375,3736.60009765625,3793.14990234375,3728.449951171875,3760.60009765625,4665700
2011-12-15,3720.195068359375,3720.199951171875,3733.60009765625,3670.25,3709.0,5294000
2011-12-16,3647.945068359375,3647.949951171875,3768.0,3632.75,3723.60009765625,5697700
2011-12-19,3603.79541015625,3603.800048828125,3632.449951171875,3565.39990234375,3632.449951171875,5354700
2011-12-20,3543.995361328125,3544.0,3618.39990234375,3535.85009765625,3616.25,5150200
2011-12-21,3640.89501953125,3640.89990234375,3650.550048828125,3581.550048828125,3594.39990234375,5362600
2011-12-22,3674.4951171875,3674.5,3677.35009765625,3600.550048828125,3610.25,5217800
2011-12-23,3660.545166015625,3660.550048828125,3699.550048828125,3646.89990234375,3690.550048828125,4577800
2011-12-26,3703.795166015625,3703.800048828125,3708.699951171875,3662.85009765625,3662.85009765625,3139000
2011-12-27,3680.195068359375,3680.199951171875,3720.199951171875,3663.39990234375,3704.550048828125,3406400
2011-12-28,3644.09521484375,3644.10009765625,3683.300048828125,3630.699951171875,3683.300048828125,3883500
2011-12-29,3607.595458984375,3607.60009765625,3642.0,3603.64990234375,3630.60009765625,6267500
2011-12-30,3597.745361328125,3597.75,3637.5,3582.449951171875,3615.10009765625,4055500
2012-01-02,3602.495361328125,3602.5,3615.10009765625,3568.75,3606.39990234375,3861100
2012-01-03,3700.795166015625,3700.800048828125,3705.199951171875,3623.85009765625,3623.85009765625,4631000
2012-01-04,3695.045166015625,3695.050048828125,3717.89990234375,3681.75,3706.050048828125,4948700
2012-01-05,3696.14501953125,3696.14990234375,3718.75,3682.5,3694.699951171875,4686000
2012-01-06,3694.795166015625,3694.800048828125,3720.949951171875,3651.10009765625,3682.050048828125,4823700
2012-01-09,3701.295166015625,3701.300048828125,3710.64990234375,3664.39990234375,3698.050048828125,4921300
2012-01-10,3785.34521484375,3785.35009765625,3790.35009765625,3717.10009765625,3717.10009765625,6199300
2012-01-11,3805.4951171875,3805.5,3816.199951171875,3785.300048828125,3792.800048828125,6898900
2012-01-12,3797.39501953125,3797.39990234375,3822.5,3775.800048828125,3794.60009765625,6325800
2012-01-13,3827.19482421875,3827.199951171875,3850.89990234375,3806.699951171875,3814.10009765625,7398100
2012-01-16,3833.144775390625,3833.14990234375,3836.949951171875,3798.64990234375,3815.25,5507200
2012-01-17,3899.994873046875,3900.0,3907.800048828125,3849.949951171875,3849.949951171875,6545200
2012-01-18,3881.794921875,3881.800048828125,3910.199951171875,3868.25,3905.75,6751400
2012-01-19,3931.94482421875,3931.949951171875,3934.550048828125,3903.449951171875,3903.449951171875,6380500
2012-01-20,3952.69482421875,3952.699951171875,3963.10009765625,3922.5,3946.449951171875,7274700
2012-01-23,3952.69482421875,3952.699951171875,3968.199951171875,3939.39990234375,3940.0,5613000
2012-01-24,4016.89453125,4016.89990234375,4026.10009765625,3955.449951171875,3962.85009765625,7986000
2012-01-25,4051.794677734375,4051.800048828125,4058.050048828125,4025.699951171875,4030.050048828125,8441800
2012-01-27,4085.3447265625,4085.35009765625,4090.25,4059.60009765625,4083.64990234375,7298300
2012-01-30,3995.794921875,3995.800048828125,4062.949951171875,3987.949951171875,4062.949951171875,6725700
2012-01-31,4082.8447265625,4082.85009765625,4092.699951171875,4016.5,4016.5,6834200
2012-02-01,4117.54443359375,4117.5498046875,4122.25,4062.25,4082.25,8235600
2012-02-02,4146.54443359375,4146.5498046875,4163.0,4109.25,4137.39990234375,10291900
2012-02-03,4188.44482421875,4188.4501953125,4194.5498046875,4139.25,4149.89990234375,7276800
2012-02-06,4227.0947265625,4227.10009765625,4251.5,4202.0,4217.75,8712000
2012-02-07,4199.04443359375,4199.0498046875,4255.0,4189.5,4255.0,7487900
2012-02-08,4232.74462890625,4232.75,4251.5,4199.5498046875,4203.89990234375,8043600
2012-02-09,4272.39453125,4272.39990234375,4277.85009765625,4219.2001953125,4219.2001953125,8695600
2012-02-10,4258.39453125,4258.39990234375,4294.5498046875,4225.60009765625,4265.5498046875,8581200
2012-02-13,4264.79443359375,4264.7998046875,4281.7001953125,4237.35009765625,4258.5498046875,6550200
2012-02-14,4289.494140625,4289.5,4296.0,4259.5498046875,4259.5498046875,8287100
2012-02-15,4381.4443359375,4381.4501953125,4388.5,4313.89990234375,4313.89990234375,11635200
2012-02-16,4385.89404296875,4385.89990234375,4392.5498046875,4354.2998046875,4371.4501953125,10836800
2012-02-17,4414.0439453125,4414.0498046875,4454.60009765625,4399.64990234375,4414.5,12930600
2012-02-21,4447.494140625,4447.5,4456.4501953125,4412.7998046875,4412.7998046875,9781300
2012-02-22,4340.84423828125,4340.85009765625,4465.25,4329.85009765625,4449.0,11611100
2012-02-23,4322.89404296875,4322.89990234375,4360.5498046875,4294.35009765625,4332.39990234375,11291600
2012-02-24,4284.5439453125,4284.5498046875,4355.5,4265.4501953125,4320.64990234375,9472600
2012-02-27,4165.04443359375,4165.0498046875,4294.7998046875,4156.75,4294.7998046875,7909500
2012-02-28,4258.49462890625,4258.5,4264.64990234375,4181.14990234375,4181.14990234375,7755200
2012-02-29,4275.54443359375,4275.5498046875,4325.4501953125,4242.7998046875,4285.64990234375,8691800
2012-03-01,4243.74462890625,4243.75,4265.0498046875,4215.39990234375,4265.0498046875,7898600
2012-03-02,4254.49462890625,4254.5,4285.0498046875,4229.0498046875,4260.0,7003200
2012-03-05,4195.44482421875,4195.4501953125,4246.85009765625,4186.5498046875,4246.85009765625,6038700
2012-03-06,4151.39453125,4151.39990234375,4270.4501953125,4140.85009765625,4187.60009765625,8061100
2012-03-07,4146.94482421875,4146.9501953125,4164.4501953125,4110.89990234375,4143.0,7006500
2012-03-09,4238.8447265625,4238.85009765625,4243.14990234375,4187.14990234375,4187.14990234375,6382500
2012-03-12,4265.24462890625,4265.25,4286.25,4240.0,4286.25,6691400
2012-03-13,4317.64404296875,4317.64990234375,4323.7998046875,4282.60009765625,4282.60009765625,7074200
2012-03-14,4343.0439453125,4343.0498046875,4365.5,4323.14990234375,4351.14990234375,7002400
2012-03-15,4275.74462890625,4275.75,4342.2001953125,4262.64990234375,4342.2001953125,6874000
2012-03-16,4226.04443359375,4226.0498046875,4322.0498046875,4219.39990234375,4275.75,8911900
2012-03-19,4176.99462890625,4177.0,4236.7001953125,4162.64990234375,4236.7001953125,5835600
2012-03-20,4197.04443359375,4197.0498046875,4210.2001953125,4161.89990234375,4177.0498046875,5773700
2012-03-21,4270.89453125,4270.89990234375,4276.2998046875,4184.75,4192.89990234375,6629200
2012-03-22,4165.29443359375,4165.2998046875,4291.0498046875,4154.0,4268.7998046875,7908000
2012-03-23,4202.24462890625,4202.25,4223.5498046875,4157.7001953125,4180.14990234375,5951100
2012-03-26,4131.24462890625,4131.25,4200.14990234375,4125.89990234375,4200.14990234375,5989600
2012-03-27,4168.54443359375,4168.5498046875,4190.14990234375,4131.7001953125,4163.5,6697000
2012-03-28,4129.14453125,4129.14990234375,4162.64990234375,4112.7998046875,4162.25,5726700
2012-03-29,4124.44482421875,4124.4501953125,4132.5,4089.75,4102.39990234375,7846800
2012-03-30,4221.79443359375,4221.7998046875,4226.64990234375,4139.64990234375,4139.64990234375,6225900
2012-04-02,4246.94482421875,4246.9501953125,4257.10009765625,4219.9501953125,4222.2001953125,5037400
2012-04-03,4283.09423828125,4283.10009765625,4295.60009765625,4266.25,4266.25,5457300
2012-04-04,4262.19482421875,4262.2001953125,4272.2998046875,4246.85009765625,4266.7001953125,4740000
2012-04-09,4193.89453125,4193.89990234375,4240.0498046875,4189.39990234375,4240.0498046875,4205800
2012-04-10,4196.69482421875,4196.7001953125,4207.39990234375,4172.14990234375,4204.75,5440700
2012-04-11,4179.39453125,4179.39990234375,4210.0,4161.7998046875,4177.89990234375,5470000
2012-04-12,4216.54443359375,4216.5498046875,4227.89990234375,4190.2998046875,4190.2998046875,5258700
2012-04-13,4169.54443359375,4169.5498046875,4245.7001953125,4163.0498046875,4205.10009765625,5451000
2012-04-16,4186.69482421875,4186.7001953125,4189.9501953125,4160.35009765625,4160.35009765625,4097500
2012-04-17,4232.0947265625,4232.10009765625,4235.85009765625,4178.5498046875,4208.75,5698600
2012-04-18,4241.99462890625,4242.0,4274.75,4237.7998046875,4249.0498046875,5880100
2012-04-19,4259.89453125,4259.89990234375,4266.2001953125,4236.64990234375,4253.25,4790700
2012-04-20,4226.3447265625,4226.35009765625,4263.5,4198.5498046875,4249.7998046875,4923200
2012-04-23,4154.8447265625,4154.85009765625,4243.64990234375,4146.89990234375,4219.0,4783500
2012-04-24,4163.99462890625,4164.0,4172.7001953125,4135.4501953125,4163.2001953125,4734800
2012-04-25,4146.29443359375,4146.2998046875,4177.85009765625,4117.5,4163.7001953125,5056500
2012-04-26,4133.14453125,4133.14990234375,4155.60009765625,4129.35009765625,4153.2001953125,6596000
2012-04-27,4131.14453125,4131.14990234375,4161.14990234375,4106.2001953125,4133.25,5060600
2012-04-30,4178.3447265625,4178.35009765625,4186.39990234375,4143.14990234375,4143.14990234375,4762800
2012-05-02,4171.29443359375,4171.2998046875,4203.2998046875,4163.7998046875,4182.0,5023600
2012-05-03,4128.64453125,4128.64990234375,4155.75,4123.0498046875,4155.75,4934500
2012-05-04,4050.8447265625,4050.85009765625,4118.89990234375,4039.449951171875,4116.5,5966800
2012-05-07,4074.944580078125,4074.949951171875,4081.64990234375,3973.75,4012.300048828125,6511300
2012-05-08,3992.544921875,3992.550048828125,4085.550048828125,3979.85009765625,4075.39990234375,5777700
2012-05-09,3963.69482421875,3963.699951171875,3999.64990234375,3952.449951171875,3974.64990234375,5886800
2012-05-10,3959.594970703125,3959.60009765625,4012.050048828125,3948.550048828125,3968.85009765625,5526500
2012-05-11,3928.244873046875,3928.25,3961.699951171875,3910.550048828125,3944.64990234375,5416700
2012-05-14,3906.894775390625,3906.89990234375,3946.050048828125,3884.300048828125,3931.35009765625,4538600
2012-05-15,3932.894775390625,3932.89990234375,3938.89990234375,3884.550048828125,3885.64990234375,5417200
2012-05-16,3871.394775390625,3871.39990234375,3895.14990234375,3854.10009765625,3895.14990234375,5833600
2012-05-17,3879.144775390625,3879.14990234375,3923.699951171875,3866.10009765625,3882.75,5239900
2012-05-18,3889.044921875,3889.050048828125,3899.64990234375,3818.25,3837.949951171875,4994900
2012-05-21,3904.44482421875,3904.449951171875,3926.85009765625,3887.699951171875,3887.699951171875,4330300
2012-05-22,3869.794921875,3869.800048828125,3940.050048828125,3863.25,3931.60009765625,4794100
2012-05-23,3848.794921875,3848.800048828125,3859.949951171875,3828.39990234375,3859.949951171875,4383500
2012-05-24,3904.844970703125,3904.85009765625,3911.25,3844.199951171875,3864.25,4629600
2012-05-25,3910.594970703125,3910.60009765625,3921.10009765625,3887.75,3896.35009765625,4445000
2012-05-28,3961.044921875,3961.050048828125,3966.300048828125,3917.14990234375,3917.14990234375,4011100
2012-05-29,3961.094970703125,3961.10009765625,3983.550048828125,3955.800048828125,3972.050048828125,4542400
2012-05-30,3923.844970703125,3923.85009765625,3946.64990234375,3920.550048828125,3946.64990234375,4718300
2012-05-31,3913.044921875,3913.050048828125,3923.10009765625,3878.949951171875,3893.699951171875,8416200
2012-06-01,3851.94482421875,3851.949951171875,3915.75,3845.85009765625,3905.699951171875,4834200
2012-06-04,3850.794921875,3850.800048828125,3857.14990234375,3793.449951171875,3827.300048828125,4606400
2012-06-05,3862.544921875,3862.550048828125,3888.39990234375,3851.75,3862.64990234375,4488000
2012-06-06,3958.994873046875,3959.0,3967.39990234375,3875.550048828125,3875.550048828125,6034000
2012-06-07,3996.494873046875,3996.5,4000.35009765625,3967.0,3980.39990234375,5801600
2012-06-08,4010.944580078125,4010.949951171875,4019.800048828125,3959.300048828125,3993.35009765625,5494900
2012-06-11,3998.044921875,3998.050048828125,4054.050048828125,3989.800048828125,4026.949951171875,6564800
2012-06-12,4040.89453125,4040.89990234375,4047.550048828125,3976.550048828125,3976.550048828125,5576400
2012-06-13,4043.74462890625,4043.75,4062.199951171875,4030.39990234375,4041.89990234375,5272700
2012-06-14,3992.244873046875,3992.25,4049.300048828125,3987.949951171875,4034.75,4685900
2012-06-15,4047.444580078125,4047.449951171875,4052.5,4000.5,4000.5,4557200
2012-06-18,3991.344970703125,3991.35009765625,4085.199951171875,3976.39990234375,4067.050048828125,5242300
2012-06-19,4016.444580078125,4016.449951171875,4022.60009765625,3976.14990234375,3983.199951171875,4942300
2012-06-20,4037.794677734375,4037.800048828125,4049.550048828125,4020.800048828125,4022.39990234375,4743200
2012-06-21,4074.194580078125,4074.199951171875,4076.449951171875,4022.0,4024.85009765625,5051600
2012-06-22,4063.74462890625,4063.75,4072.25,4025.699951171875,4038.89990234375,5674900
2012-06-25,4044.74462890625,4044.75,4103.39990234375,4040.14990234375,4070.75,5038000
2012-06-26,4053.194580078125,4053.199951171875,4060.449951171875,4034.35009765625,4040.800048828125,3917800
2012-06-27,4069.8447265625,4069.85009765625,4081.14990234375,4060.39990234375,4069.300048828125,4056300
2012-06-28,4075.044677734375,4075.050048828125,4083.64990234375,4056.89990234375,4073.800048828125,5853300
2012-06-29,4170.64453125,4170.64990234375,4174.2001953125,4098.60009765625,4098.60009765625,6732500
2012-07-02,4180.89453125,4180.89990234375,4196.14990234375,4165.85009765625,4173.60009765625,5741900
2012-07-03,4196.69482421875,4196.7001953125,4212.4501953125,4181.85009765625,4192.35009765625,6222500
2012-07-04,4213.04443359375,4213.0498046875,4217.5498046875,4190.4501953125,4209.14990234375,6213500
2012-07-05,4236.94482421875,4236.9501953125,4240.89990234375,4206.14990234375,4210.10009765625,6201600
2012-07-06,4224.14453125,4224.14990234375,4235.5498046875,4207.5498046875,4235.5498046875,6056600
2012-07-09,4184.14453125,4184.14990234375,4209.0,4171.2998046875,4205.60009765625,4896600
2012-07-10,4235.79443359375,4235.7998046875,4237.0,4190.4501953125,4190.4501953125,4904400
2012-07-11,4210.64453125,4210.64990234375,4234.75,4208.39990234375,4219.0498046875,5166900
2012-07-12,4164.5947265625,4164.60009765625,4179.75,4149.85009765625,4173.89990234375,4986100
2012-07-13,4156.74462890625,4156.75,4189.85009765625,4152.7998046875,4168.85009765625,4644800
2012-07-16,4134.74462890625,4134.75,4171.0,4130.7998046875,4159.64990234375,4197000
2012-07-17,4123.04443359375,4123.0498046875,4161.7001953125,4117.10009765625,4151.89990234375,4274500
2012-07-18,4139.74462890625,4139.75,4143.35009765625,4102.64990234375,4126.2998046875,4573000
2012-07-19,4157.29443359375,4157.2998046875,4170.10009765625,4152.2998046875,4158.5,4229900
2012-07-20,4134.74462890625,4134.75,4154.39990234375,4127.2998046875,4152.0,3951400
2012-07-23,4069.044677734375,4069.050048828125,4111.2998046875,4060.300048828125,4111.2998046875,4147300
2012-07-24,4079.294677734375,4079.300048828125,4086.199951171875,4057.64990234375,4074.949951171875,4761000
2012-07-25,4062.39453125,4062.39990234375,4073.64990234375,4040.10009765625,4073.64990234375,5249600
2012-07-26,4003.5947265625,4003.60009765625,4072.300048828125,3996.35009765625,4071.699951171875,8356800
2012-07-27,4028.24462890625,4028.25,4080.35009765625,4015.10009765625,4048.89990234375,6015400
2012-07-30,4104.0947265625,4104.10009765625,4107.75,4044.949951171875,4044.949951171875,4678600
2012-07-31,4126.44482421875,4126.4501953125,4130.60009765625,4072.35009765625,4112.5498046875,5453200
2012-08-01,4141.8447265625,4141.85009765625,4144.60009765625,4118.4501953125,4121.89990234375,4659500
2012-08-02,4138.89453125,4138.89990234375,4140.5498046875,4125.0,4137.64990234375,3817700
2012-08-03,4129.04443359375,4129.0498046875,4132.64990234375,4094.75,4121.0,4310300
2012-08-06,4172.44482421875,4172.4501953125,4184.64990234375,4154.25,4154.25,4146300
2012-08-07,4206.14453125,4206.14990234375,4217.0498046875,4174.89990234375,4179.64990234375,4509600
2012-08-08,4201.5947265625,4201.60009765625,4230.0,4196.39990234375,4211.0,5655600
2012-08-09,4190.14453125,4190.14990234375,4222.0,4181.9501953125,4207.39990234375,5274700
2012-08-10,4186.94482421875,4186.9501953125,4192.39990234375,4169.0498046875,4181.9501953125,4100100
2012-08-13,4213.24462890625,4213.25,4216.5,4184.5,4184.75,3953200
2012-08-14,4234.49462890625,4234.5,4239.10009765625,4201.89990234375,4210.39990234375,4270500
2012-08-16,4222.64453125,4222.64990234375,4242.35009765625,4218.4501953125,4237.7001953125,4632900
2012-08-17,4223.69482421875,4223.7001953125,4252.2998046875,4206.5,4225.89990234375,5239900
2012-08-21,4257.94482421875,4257.9501953125,4259.89990234375,4225.0498046875,4225.0498046875,4087900
2012-08-22,4249.64453125,4249.64990234375,4266.2001953125,4243.7998046875,4243.7998046875,4226300
2012-08-23,4248.04443359375,4248.0498046875,4274.0498046875,4233.39990234375,4256.7998046875,4851600
2012-08-24,4225.99462890625,4226.0,4235.85009765625,4213.10009765625,4235.35009765625,5145400
2012-08-27,4194.94482421875,4194.9501953125,4235.39990234375,4193.2001953125,4226.64990234375,4278300
2012-08-28,4176.3447265625,4176.35009765625,4199.89990234375,4155.10009765625,4193.7001953125,5586600
2012-08-29,4143.5947265625,4143.60009765625,4181.4501953125,4139.4501953125,4181.4501953125,5051700
2012-08-30,4162.94482421875,4162.9501953125,4173.14990234375,4119.10009765625,4132.9501953125,7592000
2012-08-31,4129.89453125,4129.89990234375,4162.5,4115.4501953125,4153.60009765625,5164400
2012-09-03,4128.0947265625,4128.10009765625,4157.4501953125,4120.7998046875,4140.0,4036200
2012-09-04,4148.29443359375,4148.2998046875,4149.9501953125,4118.39990234375,4125.60009765625,4364900
2012-09-05,4115.3447265625,4115.35009765625,4140.7001953125,4110.89990234375,4131.60009765625,4395300
2012-09-06,4125.94482421875,4125.9501953125,4142.10009765625,4110.7998046875,4110.7998046875,4152300
2012-09-07,4195.74462890625,4195.75,4198.10009765625,4165.39990234375,4165.39990234375,4403600
2012-09-10,4217.8447265625,4217.85009765625,4224.0,4205.64990234375,4212.60009765625,3707600
2012-09-11,4234.5947265625,4234.60009765625,4236.25,4201.10009765625,4202.60009765625,4219700
2012-09-12,4260.24462890625,4260.25,4262.10009765625,4236.85009765625,4242.64990234375,4660100
2012-09-13,4259.99462890625,4260.0,4273.85009765625,4252.85009765625,4262.5,4490900
2012-09-14,4348.7939453125,4348.7998046875,4353.64990234375,4311.60009765625,4311.60009765625,6685300
2012-09-17,4383.09423828125,4383.10009765625,4400.60009765625,4359.25,4378.89990234375,8925400
2012-09-18,4390.84423828125,4390.85009765625,4401.75,4371.89990234375,4378.9501953125,7706100
2012-09-20,4358.9443359375,4358.9501953125,4379.89990234375,4349.75,4355.9501953125,6419700
2012-09-21,4456.14404296875,4456.14990234375,4472.10009765625,4371.85009765625,4371.85009765625,9702400
2012-09-24,4450.9443359375,4450.9501953125,4481.25,4446.9501953125,4456.5498046875,9221500
2012-09-25,4460.39404296875,4460.39990234375,4476.85009765625,4440.4501953125,4454.35009765625,9497800
2012-09-26,4457.994140625,4458.0,4466.7998046875,4440.0,4448.9501953125,7449500
2012-09-27,4458.14404296875,4458.14990234375,4483.89990234375,4450.60009765625,4463.75,9816000
2012-09-28,4504.34423828125,4504.35009765625,4524.39990234375,4478.2998046875,4478.2998046875,7062200
2012-10-01,4522.9443359375,4522.9501953125,4525.0,4504.2998046875,4505.2998046875,5422600
2012-10-03,4539.59423828125,4539.60009765625,4548.25,4526.60009765625,4528.10009765625,6799600
2012-10-04,4579.39404296875,4579.39990234375,4597.64990234375,4551.14990234375,4551.14990234375,8780700
2012-10-05,4547.89404296875,4547.89990234375,4602.10009765625,4510.7998046875,4595.14990234375,8668700
2012-10-08,4499.84423828125,4499.85009765625,4550.64990234375,4493.35009765625,4550.64990234375,6092300
2012-10-09,4523.244140625,4523.25,4541.60009765625,4505.60009765625,4517.85009765625,6021400
2012-10-10,4477.2939453125,4477.2998046875,4509.7998046875,4474.60009765625,4504.25,5972700
2012-10-11,4523.59423828125,4523.60009765625,4531.85009765625,4465.4501953125,4483.7001953125,7401200
2012-10-12,4506.14404296875,4506.14990234375,4544.7001953125,4500.85009765625,4509.0498046875,6668400
2012-10-15,4511.84423828125,4511.85009765625,4516.89990234375,4490.75,4505.10009765625,4494700
2012-10-16,4480.4443359375,4480.4501953125,4533.35009765625,4474.0,4522.25,5396800
2012-10-17,4488.494140625,4488.5,4505.89990234375,4468.0498046875,4499.2001953125,5709400
2012-10-18,4535.1943359375,4535.2001953125,4536.60009765625,4486.25,4497.0498046875,6005800
2012-10-19,4509.4443359375,4509.4501953125,4533.4501953125,4491.60009765625,4526.35009765625,5368900
2012-10-22,4528.4443359375,4528.4501953125,4530.5498046875,4489.7998046875,4499.9501953125,4245300
2012-10-23,4509.994140625,4510.0,4534.5,4505.4501953125,4527.5498046875,4557700
2012-10-25,4518.39404296875,4518.39990234375,4524.14990234375,4504.89990234375,4508.75,6775800
2012-10-29,4474.994140625,4475.0,4503.25,4461.14990234375,4480.85009765625,4360400
2012-10-30,4424.09423828125,4424.10009765625,4490.2001953125,4418.5498046875,4469.85009765625,5311500
2012-10-31,4448.84423828125,4448.85009765625,4451.89990234375,4416.25,4423.39990234375,5128600
2012-11-01,4473.84423828125,4473.85009765625,4476.75,4440.75,4443.39990234375,4770900
2012-11-02,4510.244140625,4510.25,4521.25,4502.7998046875,4502.7998046875,5136100
2012-11-05,4511.2939453125,4511.2998046875,4519.5498046875,4495.60009765625,4507.5,3791800
2012-11-06,4528.2939453125,4528.2998046875,4531.64990234375,4505.4501953125,4505.4501953125,4626900
2012-11-07,4559.09423828125,4559.10009765625,4571.25,4524.10009765625,4525.14990234375,5793400
2012-11-08,4548.9443359375,4548.9501953125,4552.60009765625,4519.2998046875,4530.2998046875,5552100
2012-11-09,4508.7939453125,4508.7998046875,4563.0498046875,4505.0498046875,4544.7001953125,5509800
2012-11-12,4519.244140625,4519.25,4529.5498046875,4504.10009765625,4509.9501953125,5325000
2012-11-15,4496.994140625,4497.0,4508.60009765625,4474.7998046875,4508.60009765625,6983800
2012-11-16,4451.09423828125,4451.10009765625,4513.4501953125,4441.9501953125,4493.4501953125,6145300
2012-11-19,4437.244140625,4437.25,4466.39990234375,4424.5,4453.0498046875,4822600
2012-11-20,4428.39404296875,4428.39990234375,4465.85009765625,4411.14990234375,4456.2001953125,5378400
2012-11-21,4458.4443359375,4458.4501953125,4461.4501953125,4419.5,4434.64990234375,4775500
2012-11-22,4471.7939453125,4471.7998046875,4482.2001953125,4455.7001953125,4466.2998046875,4389900
2012-11-23,4474.14404296875,4474.14990234375,4482.14990234375,4450.25,4476.10009765625,4384800
2012-11-26,4493.59423828125,4493.60009765625,4500.75,4482.5,4486.4501953125,5071700
2012-11-27,4562.39404296875,4562.39990234375,4566.4501953125,4506.2998046875,4506.2998046875,6884200
2012-11-29,4631.89404296875,4631.89990234375,4635.64990234375,4567.7998046875,4567.7998046875,9546500
2012-11-30,4675.24365234375,4675.25,4677.7998046875,4638.2998046875,4638.2998046875,11054000
2012-12-03,4685.04345703125,4685.0498046875,4695.10009765625,4670.75,4674.5498046875,6938800
2012-12-04,4701.44384765625,4701.4501953125,4705.75,4677.39990234375,4682.7998046875,6870300
2012-12-05,4712.09375,4712.10009765625,4726.14990234375,4707.0498046875,4711.39990234375,7083700
2012-12-06,4740.19384765625,4740.2001953125,4746.7998046875,4675.14990234375,4726.64990234375,7527400
2012-12-07,4724.24365234375,4724.25,4758.0498046875,4712.2998046875,4742.10009765625,7252500
2012-12-10,4731.8935546875,4731.89990234375,4737.5498046875,4715.9501953125,4729.2998046875,5816900
2012-12-11,4716.24365234375,4716.25,4771.7998046875,4689.64990234375,4740.39990234375,7147500
2012-12-12,4709.84375,4709.85009765625,4735.25,4700.0,4727.0,6177600
2012-12-13,4674.04345703125,4674.0498046875,4724.35009765625,4667.14990234375,4716.85009765625,6823600
2012-12-14,4698.79345703125,4698.7998046875,4701.75,4667.0,4671.5498046875,5531300
2012-12-17,4693.94384765625,4693.9501953125,4710.60009765625,4688.2001953125,4688.2001953125,5269400
2012-12-18,4727.84375,4727.85009765625,4731.89990234375,4670.89990234375,4702.7001953125,7182500
2012-12-19,4755.29345703125,4755.2998046875,4761.2998046875,4739.64990234375,4739.64990234375,7228500
2012-12-20,4746.3935546875,4746.39990234375,4757.75,4720.0498046875,4757.75,6141000
2012-12-21,4686.8935546875,4686.89990234375,4730.35009765625,4683.10009765625,4730.35009765625,6067300
2012-12-24,4694.99365234375,4695.0,4705.0,4687.60009765625,4698.75,4303300
2012-12-26,4731.59375,4731.60009765625,4739.75,4700.25,4700.25,5050300
2012-12-27,4706.34375,4706.35009765625,4746.89990234375,4702.14990234375,4745.5,7297500
2012-12-28,4738.29345703125,4738.2998046875,4742.5498046875,4715.10009765625,4716.0498046875,5326600
2012-12-31,4743.44384765625,4743.4501953125,4748.64990234375,4734.35009765625,4734.35009765625,4422700
2013-01-01,4786.19384765625,4786.2001953125,4792.89990234375,4761.7998046875,4761.7998046875,4631300
2013-01-02,4818.8935546875,4818.89990234375,4830.89990234375,4804.14990234375,4804.14990234375,6137400
2013-01-03,4835.69384765625,4835.7001953125,4839.85009765625,4814.7998046875,4831.64990234375,6407600
2013-01-04,4843.99365234375,4844.0,4846.35009765625,4816.5498046875,4837.14990234375,7433300
2013-01-07,4831.44384765625,4831.4501953125,4861.35009765625,4823.89990234375,4858.64990234375,7423500
2013-01-08,4837.94384765625,4837.9501953125,4840.75,4811.25,4828.7001953125,6288100
2013-01-09,4815.74365234375,4815.75,4857.75,4808.0498046875,4840.64990234375,8217600
2013-01-10,4809.19384765625,4809.2001953125,4843.14990234375,4792.64990234375,4831.25,7665700
2013-01-11,4778.1435546875,4778.14990234375,4836.0,4770.5498046875,4833.60009765625,6445400
2013-01-14,4836.69384765625,4836.7001953125,4843.60009765625,4779.7998046875,4787.0,5744500
2013-01-15,4858.8935546875,4858.89990234375,4867.7998046875,4833.60009765625,4844.35009765625,6005300
2013-01-16,4807.54345703125,4807.5498046875,4860.75,4801.0498046875,4854.7001953125,6011900
2013-01-17,4831.34375,4831.35009765625,4842.10009765625,4803.7998046875,4807.2998046875,5848800
2013-01-18,4844.04345703125,4844.0498046875,4861.7001953125,4834.39990234375,4842.85009765625,6221600
2013-01-21,4855.99365234375,4856.0,4862.2998046875,4845.39990234375,4855.89990234375,5314300
2013-01-22,4822.34375,4822.35009765625,4872.7001953125,4817.60009765625,4854.89990234375,5811800
2013-01-23,4814.79345703125,4814.7998046875,4841.35009765625,4786.7998046875,4824.9501953125,6810500
2013-01-24,4763.84375,4763.85009765625,4820.9501953125,4758.25,4809.9501953125,8896600
2013-01-25,4816.44384765625,4816.4501953125,4819.5,4757.85009765625,4766.89990234375,8192200
2013-01-28,4818.29345703125,4818.2998046875,4831.0498046875,4808.7998046875,4820.7001953125,5440800
2013-01-29,4794.79345703125,4794.7998046875,4845.7001953125,4790.89990234375,4812.7001953125,7274700
2013-01-30,4797.1435546875,4797.14990234375,4814.75,4788.85009765625,4803.35009765625,6117900
2013-01-31,4795.29345703125,4795.2998046875,4803.64990234375,4784.2001953125,4791.5,9188600
2013-02-01,4775.8935546875,4775.89990234375,4814.5,4769.10009765625,4798.89990234375,6725300
2013-02-04,4759.24365234375,4759.25,4802.7001953125,4755.5498046875,4790.7001953125,5831100
2013-02-05,4733.59375,4733.60009765625,4743.5,4723.14990234375,4737.39990234375,5643700
2013-02-06,4738.09375,4738.10009765625,4761.39990234375,4734.5498046875,4751.14990234375,5961800
2013-02-07,4713.24365234375,4713.25,4753.89990234375,4705.89990234375,4725.2001953125,5683000
2013-02-08,4682.54345703125,4682.5498046875,4721.0,4668.89990234375,4707.89990234375,5973400
2013-02-11,4677.84375,4677.85009765625,4692.25,4668.7998046875,4691.85009765625,4233500
2013-02-12,4690.29345703125,4690.2998046875,4693.2001953125,4659.85009765625,4675.89990234375,6692700
2013-02-13,4688.44384765625,4688.4501953125,4726.5,4682.89990234375,4701.85009765625,5746800
2013-02-14,4650.34423828125,4650.35009765625,4693.0,4642.2998046875,4688.5,6485300
2013-02-15,4647.244140625,4647.25,4653.85009765625,4616.89990234375,4634.7998046875,5645700
2013-02-18,4659.59375,4659.60009765625,4669.0,4646.5498046875,4647.9501953125,4194500
2013-02-19,4697.09375,4697.10009765625,4701.75,4652.10009765625,4660.75,4674300
2013-02-20,4698.34375,4698.35009765625,4718.10009765625,4696.0,4712.0,5896200
2013-02-21,4621.744140625,4621.75,4679.39990234375,4617.2001953125,4679.39990234375,5592500
2013-02-22,4621.7939453125,4621.7998046875,4640.4501953125,4607.89990234375,4613.75,4860200
2013-02-25,4611.64404296875,4611.64990234375,4638.25,4590.5,4633.39990234375,5678300
2013-02-26,4537.09423828125,4537.10009765625,4602.25,4529.2001953125,4602.25,5385200
2013-02-27,4568.1943359375,4568.2001953125,4583.25,4527.2998046875,4550.4501953125,6972800
2013-02-28,4477.494140625,4477.5,4608.5,4464.7001953125,4589.25,13247500
2013-03-01,4499.744140625,4499.75,4515.75,4475.2998046875,4483.0,6701200
2013-03-04,4470.14404296875,4470.14990234375,4491.35009765625,4450.60009765625,4491.35009765625,7799600
2013-03-05,4538.994140625,4539.0,4542.5,4483.64990234375,4483.64990234375,6622000
2013-03-06,4570.4443359375,4570.4501953125,4581.10009765625,4555.25,4557.10009765625,6410400
2013-03-07,4601.5439453125,4601.5498046875,4608.35009765625,4560.7998046875,4560.7998046875,5137800
2013-03-08,4660.6435546875,4660.64990234375,4664.35009765625,4613.0,4613.0,5727700
2013-03-11,4661.24365234375,4661.25,4682.7001953125,4653.85009765625,4661.0,4875100
2013-03-12,4636.89404296875,4636.89990234375,4669.85009765625,4622.5,4662.64990234375,4936800
2013-03-13,4584.994140625,4585.0,4620.39990234375,4579.4501953125,4620.39990234375,4958500
2013-03-14,4625.744140625,4625.75,4631.4501953125,4540.39990234375,4582.14990234375,5819700
2013-03-15,4598.1943359375,4598.2001953125,4655.85009765625,4594.5498046875,4629.14990234375,6158900
2013-03-18,4572.64404296875,4572.64990234375,4583.2001953125,4556.0,4566.9501953125,4167700
2013-03-19,4500.84423828125,4500.85009765625,4587.4501953125,4492.2001953125,4586.10009765625,6240400
2013-03-20,4446.0439453125,4446.0498046875,4500.14990234375,4438.0,4497.75,7405500
2013-03-21,4413.494140625,4413.5,4489.2998046875,4407.4501953125,4452.64990234375,6610800
2013-03-22,4404.494140625,4404.5,4431.75,4386.2998046875,4413.9501953125,6077400
2013-03-25,4390.2939453125,4390.2998046875,4453.64990234375,4382.5,4436.10009765625,5938600
2013-03-26,4394.59423828125,4394.60009765625,4400.5498046875,4376.85009765625,4379.0,4888000
2013-03-28,4438.34423828125,4438.35009765625,4444.14990234375,4370.14990234375,4397.85009765625,7406700
2013-04-01,4465.59423828125,4465.60009765625,4471.2001953125,4441.39990234375,4449.35009765625,4347000
2013-04-02,4508.7939453125,4508.7998046875,4511.2001953125,4459.35009765625,4460.89990234375,5138300
2013-04-03,4457.1943359375,4457.2001953125,4515.2998046875,4442.0498046875,4504.0,6294900
2013-04-04,4378.64404296875,4378.64990234375,4433.39990234375,4373.25,4433.2001953125,5162800
2013-04-05,4366.64404296875,4366.64990234375,4386.5,4353.35009765625,4373.60009765625,4972800
2013-04-08,4361.14404296875,4361.14990234375,4381.2998046875,4358.5,4365.64990234375,3772200
2013-04-09,4323.39404296875,4323.39990234375,4404.0,4319.14990234375,4379.14990234375,4749300
2013-04-10,4366.4443359375,4366.4501953125,4370.4501953125,4305.0,4349.10009765625,5222400
2013-04-11,4388.0439453125,4388.0498046875,4397.7998046875,4353.7001953125,4393.64990234375,4827900
2013-04-12,4352.744140625,4352.75,4362.85009765625,4335.60009765625,4343.64990234375,4286700
2013-04-15,4376.0439453125,4376.0498046875,4395.7001953125,4335.64990234375,4338.5498046875,4657600
2013-04-16,4457.5439453125,4457.5498046875,4463.60009765625,4368.64990234375,4368.64990234375,5284000
2013-04-17,4461.744140625,4461.75,4496.25,4449.89990234375,4471.2001953125,5986400
2013-04-18,4526.7939453125,4526.7998046875,4532.64990234375,4457.7001953125,4457.7001953125,5227600
2013-04-22,4574.39404296875,4574.39990234375,4581.0498046875,4531.75,4531.75,5933700
2013-04-23,4572.39404296875,4572.39990234375,4581.0498046875,4540.60009765625,4581.0498046875,5443200
2013-04-25,4624.2939453125,4624.2998046875,4628.25,4586.14990234375,4586.14990234375,6781700
2013-04-26,4591.64404296875,4591.64990234375,4620.64990234375,4583.9501953125,4615.9501953125,4977800
2013-04-29,4620.89404296875,4620.89990234375,4628.14990234375,4593.0,4595.5498046875,4701800
2013-04-30,4641.744140625,4641.75,4658.35009765625,4595.2001953125,4640.0498046875,5518600
2013-05-02,4695.04345703125,4695.0498046875,4706.39990234375,4630.39990234375,4630.39990234375,5626000
2013-05-03,4659.09375,4659.10009765625,4696.60009765625,4651.0498046875,4692.10009765625,5733100
2013-05-06,4685.59375,4685.60009765625,4688.2998046875,4652.25,4659.5498046875,4680000
2013-05-07,4737.54345703125,4737.5498046875,4741.60009765625,4694.7001953125,4694.7001953125,5188900
2013-05-08,4754.44384765625,4754.4501953125,4760.85009765625,4725.25,4751.7001953125,5240100
2013-05-09,4737.69384765625,4737.7001953125,4764.0,4731.10009765625,4760.0,4954200
2013-05-10,4769.19384765625,4769.2001953125,4774.39990234375,4735.60009765625,4735.60009765625,4513400
2013-05-13,4689.74365234375,4689.75,4776.4501953125,4684.35009765625,4773.89990234375,4259400
2013-05-14,4702.49365234375,4702.5,4721.5,4684.35009765625,4694.7998046875,4078100
2013-05-15,4810.94384765625,4810.9501953125,4815.0498046875,4718.5498046875,4718.5498046875,6172400
2013-05-16,4830.24365234375,4830.25,4844.89990234375,4799.7998046875,4799.7998046875,5967900
2013-05-17,4847.09375,4847.10009765625,4853.5498046875,4814.5498046875,4832.75,6007400
2013-05-20,4821.94384765625,4821.9501953125,4877.64990234375,4815.0,4854.9501953125,5177500
2013-05-21,4788.19384765625,4788.2001953125,4833.75,4780.2998046875,4819.0498046875,4851400
2013-05-22,4766.84375,4766.85009765625,4814.0498046875,4753.14990234375,4798.2998046875,4783200
2013-05-23,4668.19384765625,4668.2001953125,4751.60009765625,4659.85009765625,4737.2998046875,6207000
2013-05-24,4685.59375,4685.60009765625,4699.89990234375,4644.60009765625,4695.39990234375,4856100
2013-05-27,4756.3935546875,4756.39990234375,4764.35009765625,4684.39990234375,4690.4501953125,3872100
2013-05-28,4777.04345703125,4777.0498046875,4789.25,4743.9501953125,4759.0,4401300
2013-05-29,4766.6435546875,4766.64990234375,4783.89990234375,4745.0,4781.75,4570100
2013-05-30,4773.99365234375,4774.0,4777.7001953125,4745.10009765625,4745.10009765625,6236900
2013-05-31,4681.44384765625,4681.4501953125,4759.2001953125,4675.7998046875,4759.2001953125,6346600
2013-06-03,4659.29345703125,4659.2998046875,4693.64990234375,4640.85009765625,4688.60009765625,4529700
2013-06-04,4652.5439453125,4652.5498046875,4695.5,4645.14990234375,4662.0,4444500
2013-06-05,4656.49365234375,4656.5,4663.25,4629.9501953125,4644.35009765625,4424000
2013-06-06,4653.39404296875,4653.39990234375,4676.60009765625,4619.0498046875,4634.5498046875,4588300
2013-06-07,4621.09423828125,4621.10009765625,4687.7998046875,4615.2001953125,4640.7001953125,4596300
2013-06-10,4604.39404296875,4604.39990234375,4656.7001953125,4590.5498046875,4638.75,4794900
2013-06-11,4529.84423828125,4529.85009765625,4593.9501953125,4523.9501953125,4582.7001953125,6035900
2013-06-12,4502.1943359375,4502.2001953125,4526.0,4487.7998046875,4516.0,5403000
2013-06-13,4447.39404296875,4447.39990234375,4478.0498046875,4441.75,4464.0498046875,5045900
2013-06-14,4525.9443359375,4525.9501953125,4533.4501953125,4480.85009765625,4480.85009765625,4732700
2013-06-17,4557.494140625,4557.5,4560.25,4498.7001953125,4533.89990234375,4301000
2013-06-18,4540.6943359375,4540.7001953125,4574.39990234375,4534.4501953125,4553.0498046875,4706100
2013-06-19,4552.6943359375,4552.7001953125,4556.4501953125,4523.4501953125,4534.9501953125,4418400
2013-06-20,4429.64404296875,4429.64990234375,4504.64990234375,4424.4501953125,4504.64990234375,5225600
2013-06-21,4420.14404296875,4420.14990234375,4446.7998046875,4392.14990234375,4415.25,6058800
2013-06-24,4345.59423828125,4345.60009765625,4400.7998046875,4331.7001953125,4400.7998046875,5319500
2013-06-25,4350.09423828125,4350.10009765625,4389.2001953125,4317.7001953125,4356.4501953125,6295200
2013-06-26,4335.494140625,4335.5,4371.85009765625,4330.10009765625,4365.5,5087100
2013-06-27,4393.89404296875,4393.89990234375,4400.5498046875,4360.2998046875,4377.0,6765800
2013-06-28,4510.89404296875,4510.89990234375,4516.35009765625,4441.35009765625,4441.35009765625,6100000
2013-07-01,4572.0439453125,4572.0498046875,4574.5498046875,4506.5,4509.35009765625,5503600
2013-07-02,4542.7939453125,4542.7998046875,4579.2998046875,4539.5498046875,4564.64990234375,5009800
2013-07-03,4473.34423828125,4473.35009765625,4511.2001953125,4467.5498046875,4511.2001953125,5154700
2013-07-04,4517.6943359375,4517.7001953125,4525.7998046875,4482.7998046875,4490.5498046875,6075500
2013-07-05,4535.7939453125,4535.7998046875,4566.60009765625,4528.64990234375,4555.4501953125,4254400
2013-07-08,4501.244140625,4501.25,4515.2001953125,4470.60009765625,4511.14990234375,4651700
2013-07-09,4539.9443359375,4539.9501953125,4542.0,4518.89990234375,4518.89990234375,4670800
2013-07-10,4511.39404296875,4511.39990234375,4556.85009765625,4504.0498046875,4548.60009765625,4494000
2013-07-11,4586.4443359375,4586.4501953125,4600.14990234375,4562.2998046875,4562.2998046875,4294800
2013-07-12,4630.9443359375,4630.9501953125,4636.7001953125,4595.35009765625,4626.0498046875,4162200
2013-07-15,4655.69384765625,4655.7001953125,4659.2001953125,4615.0498046875,4619.5498046875,4910000
2013-07-16,4596.494140625,4596.5,4604.39990234375,4573.5498046875,4586.14990234375,5492500
2013-07-17,4597.6943359375,4597.7001953125,4623.5498046875,4567.4501953125,4609.10009765625,6403500
2013-07-18,4647.5439453125,4647.5498046875,4654.60009765625,4601.39990234375,4606.14990234375,5287700
2013-07-19,4632.744140625,4632.75,4662.2001953125,4627.14990234375,4661.7998046875,4977100
2013-07-22,4631.09423828125,4631.10009765625,4656.5498046875,4618.64990234375,4618.64990234375,3930800
2013-07-23,4660.74365234375,4660.75,4673.0,4652.89990234375,4652.89990234375,4459200
2013-07-24,4588.244140625,4588.25,4635.4501953125,4570.2001953125,4629.39990234375,5088100
2013-07-25,4531.7939453125,4531.7998046875,4585.4501953125,4526.25,4574.14990234375,6877400
2013-07-26,4507.244140625,4507.25,4557.85009765625,4491.64990234375,4552.10009765625,5246100
2013-07-29,4459.89404296875,4459.89990234375,4500.2001953125,4456.75,4496.2998046875,4634800
2013-07-30,4390.34423828125,4390.35009765625,4471.9501953125,4386.64990234375,4462.5,5356600
2013-07-31,4379.64404296875,4379.64990234375,4383.35009765625,4319.7001953125,4376.9501953125,7232600
2013-08-01,4353.994140625,4354.0,4428.39990234375,4322.25,4402.7001953125,7006800
2013-08-02,4314.9443359375,4314.9501953125,4376.7998046875,4290.14990234375,4369.35009765625,6655200
2013-08-05,4323.34423828125,4323.35009765625,4339.9501953125,4299.4501953125,4320.14990234375,5620700
2013-08-06,4214.14453125,4214.14990234375,4305.14990234375,4199.5498046875,4305.14990234375,6170100
2013-08-07,4213.8447265625,4213.85009765625,4240.5,4184.85009765625,4217.7998046875,6772400
2013-08-08,4250.3447265625,4250.35009765625,4255.2998046875,4208.4501953125,4208.4501953125,5508600
2013-08-12,4293.1943359375,4293.2001953125,4311.7998046875,4249.5498046875,4279.10009765625,5341100
2013-08-13,4360.64404296875,4360.64990234375,4363.7001953125,4276.10009765625,4286.75,5839000
2013-08-14,4392.0439453125,4392.0498046875,4398.0498046875,4362.4501953125,4372.5,6152200
2013-08-16,4224.29443359375,4224.2998046875,4368.25,4217.10009765625,4365.60009765625,6309100
2013-08-19,4151.94482421875,4151.9501953125,4214.5498046875,4114.85009765625,4214.5498046875,5663400
2013-08-20,4138.39453125,4138.39990234375,4149.0498046875,4077.85009765625,4109.75,6276500
2013-08-21,4069.444580078125,4069.449951171875,4209.5498046875,4048.550048828125,4202.25,6603400
2013-08-22,4136.0947265625,4136.10009765625,4142.7001953125,4032.14990234375,4052.949951171875,6504900
2013-08-23,4183.64453125,4183.64990234375,4187.7001953125,4124.75,4152.0498046875,5646700
2013-08-26,4194.49462890625,4194.5,4228.0,4179.25,4203.9501953125,5389700
2013-08-27,4060.694580078125,4060.699951171875,4163.2998046875,4054.699951171875,4163.2998046875,6231400
2013-08-28,4047.694580078125,4047.699951171875,4067.300048828125,3937.699951171875,4022.800048828125,7307100
2013-08-29,4132.79443359375,4132.7998046875,4141.7001953125,4062.89990234375,4068.5,8304200
2013-08-30,4175.8447265625,4175.85009765625,4187.35009765625,4103.35009765625,4134.7001953125,7240600
2013-09-02,4235.24462890625,4235.25,4241.75,4182.64990234375,4182.64990234375,5225100
2013-09-03,4092.89453125,4092.89990234375,4256.2001953125,4082.5,4253.85009765625,5914100
2013-09-04,4164.49462890625,4164.5,4171.0,4084.699951171875,4104.10009765625,5444800
2013-09-05,4264.04443359375,4264.0498046875,4282.35009765625,4234.14990234375,4234.14990234375,6847800
2013-09-06,4319.39404296875,4319.39990234375,4323.0498046875,4248.7001953125,4281.60009765625,6301300
2013-09-10,4463.5439453125,4463.5498046875,4467.2001953125,4361.0498046875,4361.0498046875,6442600
2013-09-11,4489.4443359375,4489.4501953125,4496.2001953125,4434.0,4458.89990234375,7862100
2013-09-12,4445.9443359375,4445.9501953125,4504.85009765625,4423.0498046875,4503.7001953125,7735200
2013-09-13,4450.4443359375,4450.4501953125,4471.0,4430.60009765625,4433.10009765625,6176200
2013-09-16,4440.89404296875,4440.89990234375,4517.2998046875,4412.60009765625,4507.14990234375,6066700
2013-09-17,4444.494140625,4444.5,4448.2998046875,4414.60009765625,4429.9501953125,4002500
2013-09-18,4478.34423828125,4478.35009765625,4487.5498046875,4440.89990234375,4457.5498046875,4184200
2013-09-19,4627.84423828125,4627.85009765625,4643.0,4576.0,4576.0,7940300
2013-09-20,4560.09423828125,4560.10009765625,4636.85009765625,4503.0498046875,4622.35009765625,8677200
2013-09-23,4481.994140625,4482.0,4549.14990234375,4471.5498046875,4516.2998046875,5087500
2013-09-24,4484.09423828125,4484.10009765625,4515.35009765625,4459.7998046875,4459.7998046875,4976400
2013-09-25,4477.0439453125,4477.0498046875,4497.4501953125,4432.64990234375,4490.0498046875,5573100
2013-09-26,4482.2939453125,4482.2998046875,4503.25,4472.0498046875,4476.75,6032600
2013-09-27,4455.9443359375,4455.9501953125,4502.7998046875,4448.7998046875,4497.64990234375,4610600
2013-09-30,4392.0439453125,4392.0498046875,4434.0,4381.60009765625,4433.85009765625,4210300
2013-10-01,4422.89404296875,4422.89990234375,4425.75,4367.14990234375,4405.0,4491800
2013-10-03,4512.64404296875,4512.64990234375,4517.14990234375,4443.25,4448.0,5515500
2013-10-04,4516.14404296875,4516.14990234375,4543.39990234375,4499.10009765625,4499.35009765625,5362300
2013-10-07,4522.7939453125,4522.7998046875,4524.9501953125,4471.2001953125,4505.89990234375,4308400
2013-10-08,4536.4443359375,4536.4501953125,4573.85009765625,4528.25,4569.14990234375,5190400
2013-10-09,4592.4443359375,4592.4501953125,4596.75,4505.75,4512.2998046875,5853400
2013-10-10,4607.494140625,4607.5,4617.0,4582.85009765625,4589.7998046875,4998400
2013-10-11,4651.7939453125,4651.7998046875,4661.35009765625,4627.75,4661.35009765625,5483900
2013-10-14,4665.94384765625,4665.9501953125,4675.7998046875,4649.5498046875,4651.4501953125,4815200
2013-10-15,4639.494140625,4639.5,4696.75,4623.35009765625,4689.89990234375,5854300
2013-10-17,4612.0439453125,4612.0498046875,4659.0,4604.89990234375,4646.4501953125,5749600
2013-10-18,4706.8935546875,4706.89990234375,4713.39990234375,4628.5,4628.5,5904300
2013-10-21,4730.99365234375,4731.0,4737.0,4703.14990234375,4715.5498046875,6304300
2013-10-22,4738.34375,4738.35009765625,4749.0498046875,4723.89990234375,4723.9501953125,6879200
2013-10-23,4723.49365234375,4723.5,4752.10009765625,4680.5,4746.10009765625,6369900
2013-10-24,4712.99365234375,4713.0,4773.7998046875,4700.5498046875,4715.35009765625,5305600
2013-10-25,4693.3935546875,4693.39990234375,4715.0498046875,4684.2001953125,4705.35009765625,4536500
2013-10-28,4656.84375,4656.85009765625,4710.0,4652.2998046875,4699.5,4360300
2013-10-29,4741.09375,4741.10009765625,4744.9501953125,4640.0498046875,4660.39990234375,5764200
2013-10-30,4764.29345703125,4764.2998046875,4775.7998046875,4745.60009765625,4751.0498046875,5373000
2013-10-31,4804.84375,4804.85009765625,4811.14990234375,4755.4501953125,4755.4501953125,8200800
2013-11-01,4822.99365234375,4823.0,4833.9501953125,4798.39990234375,4798.39990234375,8185700
2013-11-05,4808.19384765625,4808.2001953125,4836.9501953125,4790.35009765625,4815.85009765625,7121600
2013-11-06,4784.6435546875,4784.64990234375,4827.5,4781.0498046875,4813.10009765625,5984000
2013-11-07,4751.99365234375,4752.0,4831.9501953125,4748.2998046875,4794.2001953125,6060900
2013-11-08,4725.8935546875,4725.89990234375,4754.35009765625,4710.10009765625,4741.60009765625,5305900
2013-11-11,4680.49365234375,4680.5,4725.7998046875,4675.5498046875,4710.0,5111600
2013-11-12,4637.34423828125,4637.35009765625,4701.64990234375,4634.2998046875,4686.7998046875,5275300
2013-11-13,4614.64404296875,4614.64990234375,4654.14990234375,4605.14990234375,4623.64990234375,5082700
2013-11-14,4670.09375,4670.10009765625,4698.2001953125,4648.2998046875,4648.2998046875,4661800
2013-11-18,4760.6435546875,4760.64990234375,4763.2998046875,4706.89990234375,4706.89990234375,5001500
2013-11-19,4771.74365234375,4771.75,4779.4501953125,4754.2001953125,4764.75,5515300
2013-11-20,4720.04345703125,4720.0498046875,4778.0498046875,4709.5,4762.4501953125,5997100
2013-11-21,4631.84423828125,4631.85009765625,4702.64990234375,4623.85009765625,4702.64990234375,4867000
2013-11-22,4632.4443359375,4632.4501953125,4668.9501953125,4617.14990234375,4653.25,4381000
2013-11-25,4715.99365234375,4716.0,4719.9501953125,4661.35009765625,4661.35009765625,4287100
2013-11-26,4679.1435546875,4679.14990234375,4718.75,4673.14990234375,4706.35009765625,6803400
2013-11-27,4679.84375,4679.85009765625,4690.10009765625,4659.25,4683.0,4581600
2013-11-28,4708.79345703125,4708.7998046875,4722.7001953125,4696.5,4704.5498046875,7201400
2013-11-29,4770.09375,4770.10009765625,4773.5,4717.14990234375,4717.14990234375,5781400
2013-12-02,4804.3935546875,4804.39990234375,4812.39990234375,4770.85009765625,4770.85009765625,4981100
2013-12-03,4795.8935546875,4795.89990234375,4815.9501953125,4788.7001953125,4796.2001953125,5196700
2013-12-04,4764.54345703125,4764.5498046875,4803.75,4758.85009765625,4787.64990234375,6958400
2013-12-05,4814.99365234375,4815.0,4857.85009765625,4809.85009765625,4836.5,6373300
2013-12-06,4830.79345703125,4830.7998046875,4838.0498046875,4809.25,4811.89990234375,5340400
2013-12-09,4898.1435546875,4898.14990234375,4938.75,4887.7001953125,4938.75,5984600
2013-12-10,4873.79345703125,4873.7998046875,4894.9501953125,4855.39990234375,4893.39990234375,6155400
2013-12-11,4855.59375,4855.60009765625,4865.85009765625,4835.64990234375,4857.7001953125,4829200
2013-12-12,4810.54345703125,4810.5498046875,4840.35009765625,4806.35009765625,4834.7998046875,4604700
2013-12-13,4756.04345703125,4756.0498046875,4791.2998046875,4752.2998046875,4785.60009765625,4583900
2013-12-16,4755.99365234375,4756.0,4773.5498046875,4746.25,4759.0498046875,4370900
2013-12-17,4748.49365234375,4748.5,4786.25,4745.2001953125,4774.7998046875,4735000
2013-12-18,4809.6435546875,4809.64990234375,4817.5498046875,4743.4501953125,4743.4501953125,6071800
2013-12-19,4780.59375,4780.60009765625,4841.75,4769.7998046875,4834.7001953125,7603600
2013-12-20,4861.6435546875,4861.64990234375,4868.10009765625,4787.10009765625,4788.60009765625,6159000
2013-12-23,4878.84375,4878.85009765625,4901.10009765625,4857.75,4857.75,5877900
2013-12-24,4876.09375,4876.10009765625,4896.60009765625,4868.7998046875,4888.14990234375,5382100
2013-12-26,4887.84375,4887.85009765625,4905.64990234375,4876.89990234375,4880.60009765625,7643700
2013-12-27,4914.69384765625,4914.7001953125,4922.75,4900.4501953125,4900.4501953125,4892000
2013-12-30,4899.94384765625,4899.9501953125,4937.25,4887.64990234375,4931.2998046875,4368400
2013-12-31,4914.84375,4914.85009765625,4921.0,4898.4501953125,4914.2001953125,4781100
2014-01-01,4921.24365234375,4921.25,4932.0,4915.9501953125,4928.7998046875,4755800
2014-01-02,4848.94384765625,4848.9501953125,4961.4501953125,4842.5498046875,4922.5,7852900
2014-01-03,4850.6435546875,4850.64990234375,4857.0,4814.85009765625,4830.14990234375,5510200
2014-01-06,4845.04345703125,4845.0498046875,4858.85009765625,4829.64990234375,4858.85009765625,5181600
2014-01-07,4820.24365234375,4820.25,4868.25,4811.4501953125,4854.64990234375,6398800
2014-01-08,4833.54345703125,4833.5498046875,4849.0,4822.2998046875,4832.89990234375,6253700
2014-01-09,4820.1435546875,4820.14990234375,4844.89990234375,4806.25,4839.39990234375,5750100
2014-01-10,4813.94384765625,4813.9501953125,4868.4501953125,4798.0498046875,4828.39990234375,5835000
2014-01-13,4869.94384765625,4869.9501953125,4877.7998046875,4825.10009765625,4825.10009765625,4733200
2014-01-14,4850.74365234375,4850.75,4875.9501953125,4844.9501953125,4861.2998046875,4219900
2014-01-15,4899.69384765625,4899.7001953125,4902.2001953125,4867.14990234375,4867.14990234375,5079100
2014-01-16,4891.3935546875,4891.39990234375,4917.2001953125,4882.35009765625,4913.2001953125,4730800
2014-01-17,4841.29345703125,4841.2998046875,4896.5498046875,4832.9501953125,4883.4501953125,4903800
2014-01-20,4878.24365234375,4878.25,4880.0,4833.0,4840.2998046875,4384800
2014-01-21,4886.69384765625,4886.7001953125,4900.4501953125,4876.7001953125,4889.89990234375,4555600
2014-01-22,4903.94384765625,4903.9501953125,4911.14990234375,4872.64990234375,4884.0498046875,4427100
2014-01-23,4903.49365234375,4903.5,4909.9501953125,4892.5498046875,4894.25,4277300
2014-01-24,4836.69384765625,4836.7001953125,4893.2001953125,4835.14990234375,4875.25,4485500
2014-01-27,4725.59375,4725.60009765625,4780.9501953125,4722.4501953125,4780.9501953125,5547100
2014-01-28,4720.59375,4720.60009765625,4748.2998046875,4694.0,4723.25,5571700
2014-01-29,4720.59375,4720.60009765625,4756.4501953125,4714.10009765625,4746.0498046875,4678400
2014-01-30,4675.09375,4675.10009765625,4680.89990234375,4645.25,4680.89990234375,6837300
2014-01-31,4709.1435546875,4709.14990234375,4714.64990234375,4680.35009765625,4685.2998046875,5316600
2014-02-03,4648.5439453125,4648.5498046875,4702.0,4643.64990234375,4690.14990234375,4487100
2014-02-04,4652.494140625,4652.5,4662.25,4596.0498046875,4609.7998046875,5355700
2014-02-05,4671.84375,4671.85009765625,4676.25,4632.89990234375,4656.35009765625,4802400
2014-02-06,4681.34375,4681.35009765625,4695.75,4638.0498046875,4680.5498046875,4961100
2014-02-07,4701.69384765625,4701.7001953125,4713.0498046875,4679.85009765625,4711.14990234375,4908300
2014-02-10,4692.54345703125,4692.5498046875,4714.0,4688.4501953125,4709.4501953125,4286000
2014-02-11,4699.59375,4699.60009765625,4713.75,4693.9501953125,4705.0,3975200
2014-02-12,4711.94384765625,4711.9501953125,4730.25,4706.7001953125,4717.14990234375,4112900
2014-02-13,4649.994140625,4650.0,4718.5498046875,4643.5498046875,4715.4501953125,4307900
2014-02-14,4677.79345703125,4677.7998046875,4682.39990234375,4632.85009765625,4664.39990234375,4275400
2014-02-17,4690.44384765625,4690.4501953125,4695.4501953125,4672.14990234375,4685.14990234375,3551300
2014-02-18,4731.49365234375,4731.5,4740.7998046875,4688.7001953125,4689.64990234375,3954200
2014-02-19,4752.8935546875,4752.89990234375,4756.64990234375,4733.9501953125,4735.2998046875,3542000
2014-02-20,4716.34375,4716.35009765625,4739.7001953125,4713.9501953125,4733.10009765625,4488600
2014-02-21,4762.74365234375,4762.75,4764.89990234375,4728.14990234375,4728.14990234375,4127900
2014-02-24,4783.1435546875,4783.14990234375,4786.25,4752.7001953125,4755.2998046875,4079600
2014-02-25,4793.8935546875,4793.89990234375,4808.75,4780.10009765625,4797.60009765625,4371800
2014-02-26,4816.3935546875,4816.39990234375,4819.39990234375,4796.89990234375,4796.89990234375,5639100
2014-02-28,4849.49365234375,4849.5,4852.0498046875,4814.4501953125,4814.4501953125,5700200
2014-03-03,4816.29345703125,4816.2998046875,4857.85009765625,4809.5498046875,4842.2998046875,4965900
2014-03-04,4873.19384765625,4873.2001953125,4875.2001953125,4815.2001953125,4815.2001953125,5315700
2014-03-05,4900.84375,4900.85009765625,4906.2001953125,4871.25,4896.2001953125,5589800
2014-03-06,4959.09375,4959.10009765625,4961.9501953125,4913.75,4913.75,6563800
2014-03-07,5033.84326171875,5033.85009765625,5040.9501953125,4971.0498046875,4971.0498046875,9144700
2014-03-10,5046.443359375,5046.4501953125,5060.7001953125,5010.35009765625,5010.35009765625,7371600
2014-03-11,5026.943359375,5026.9501953125,5069.10009765625,5016.39990234375,5048.64990234375,7414700
2014-03-12,5028.693359375,5028.7001953125,5050.14990234375,5011.60009765625,5017.0498046875,5620400
2014-03-13,5007.19384765625,5007.2001953125,5063.64990234375,4995.85009765625,5016.60009765625,5984500
2014-03-14,5011.54345703125,5011.5498046875,5019.64990234375,4962.9501953125,4977.4501953125,5452100
2014-03-18,5035.39306640625,5035.39990234375,5063.7998046875,5020.7998046875,5031.60009765625,5630300
2014-03-19,5044.193359375,5044.2001953125,5055.39990234375,5030.9501953125,5047.7001953125,5452400
2014-03-20,5014.79345703125,5014.7998046875,5045.0,5008.5,5032.85009765625,5088100
2014-03-21,5031.04296875,5031.0498046875,5041.7001953125,5024.4501953125,5037.5498046875,5875200
2014-03-24,5091.193359375,5091.2001953125,5095.10009765625,5049.89990234375,5049.89990234375,5192200
2014-03-25,5102.7431640625,5102.75,5105.35009765625,5071.0498046875,5071.0498046875,5628900
2014-03-26,5114.693359375,5114.7001953125,5132.2001953125,5097.0498046875,5121.89990234375,6852600
2014-03-27,5146.193359375,5146.2001953125,5165.7998046875,5117.39990234375,5121.64990234375,8873100
2014-03-28,5202.14306640625,5202.14990234375,5206.64990234375,5161.10009765625,5170.5,7057600
2014-03-31,5224.84326171875,5224.85009765625,5234.2998046875,5188.0498046875,5224.4501953125,8261900
2014-04-01,5232.84326171875,5232.85009765625,5244.14990234375,5199.39990234375,5244.14990234375,6940800
2014-04-02,5272.39306640625,5272.39990234375,5276.10009765625,5246.25,5261.7001953125,7905800
2014-04-03,5254.34326171875,5254.35009765625,5281.60009765625,5227.60009765625,5281.60009765625,8540000
2014-04-04,5234.4931640625,5234.5,5257.2998046875,5229.7001953125,5257.2998046875,8260400
2014-04-07,5234.193359375,5234.2001953125,5256.60009765625,5198.5,5236.2998046875,7972700
2014-04-09,5315.2431640625,5315.25,5321.2998046875,5252.60009765625,5254.7001953125,8562400
2014-04-10,5328.39306640625,5328.39990234375,5345.7998046875,5308.7998046875,5322.25,10421700
2014-04-11,5317.693359375,5317.7001953125,5326.85009765625,5294.14990234375,5302.39990234375,8473600
2014-04-15,5278.14306640625,5278.14990234375,5334.89990234375,5267.10009765625,5330.25,6781400
2014-04-16,5230.34326171875,5230.35009765625,5294.7001953125,5222.85009765625,5275.0,7083500
2014-04-17,5310.7431640625,5310.75,5312.64990234375,5242.2998046875,5246.2998046875,6515500
2014-04-21,5347.2431640625,5347.25,5352.5498046875,5321.4501953125,5321.4501953125,6060400
2014-04-22,5346.59326171875,5346.60009765625,5365.7998046875,5341.0,5354.2998046875,6832900
2014-04-23,5362.443359375,5362.4501953125,5377.9501953125,5351.85009765625,5352.7998046875,8493200
2014-04-25,5328.59326171875,5328.60009765625,5373.85009765625,5320.10009765625,5372.7998046875,7303500
2014-04-28,5321.4931640625,5321.5,5334.5,5307.5498046875,5327.5498046875,6763700
2014-04-29,5286.04296875,5286.0498046875,5338.2998046875,5283.25,5330.0498046875,7488100
2014-04-30,5255.64306640625,5255.64990234375,5334.10009765625,5221.9501953125,5294.7998046875,9291900
2014-05-02,5260.943359375,5260.9501953125,5291.10009765625,5256.2001953125,5271.0498046875,5788600
2014-05-05,5260.29296875,5260.2998046875,5289.60009765625,5253.75,5253.75,5569100
2014-05-06,5273.09326171875,5273.10009765625,5294.10009765625,5262.85009765625,5275.39990234375,4684400
2014-05-07,5232.84326171875,5232.85009765625,5278.5,5227.4501953125,5269.5,5464700
2014-05-08,5236.59326171875,5236.60009765625,5261.75,5222.39990234375,5246.2998046875,5010900
2014-05-09,5375.89306640625,5375.89990234375,5382.5,5231.89990234375,5232.25,8029100
2014-05-12,5479.69287109375,5479.7001953125,5482.89990234375,5380.25,5380.25,8821200
2014-05-13,5562.54248046875,5562.5498046875,5600.10009765625,5524.4501953125,5526.7998046875,11724700
2014-05-14,5583.5927734375,5583.60009765625,5593.5,5555.4501953125,5569.25,10516100
2014-05-15,5580.29248046875,5580.2998046875,5618.35009765625,5554.4501953125,5588.89990234375,9170000
2014-05-16,5655.99267578125,5656.0,5888.14990234375,5610.5,5689.2998046875,16545600
2014-05-19,5762.5927734375,5762.60009765625,5766.85009765625,5682.2001953125,5711.85009765625,17077800
2014-05-20,5790.9423828125,5790.9501953125,5824.4501953125,5762.25,5804.89990234375,16668400
2014-05-21,5792.2919921875,5792.2998046875,5809.2998046875,5748.64990234375,5799.89990234375,14366600
2014-05-22,5841.2919921875,5841.2998046875,5872.2001953125,5813.0498046875,5828.7001953125,16095000
2014-05-23,5923.64208984375,5923.64990234375,5931.60009765625,5870.0,5872.85009765625,15112100
2014-05-26,5883.7421875,5883.75,6035.14990234375,5804.14990234375,5976.85009765625,17941400
2014-05-27,5844.1923828125,5844.2001953125,5888.39990234375,5796.2998046875,5888.39990234375,11284200
2014-05-28,5861.2421875,5861.25,5870.60009765625,5835.75,5853.2998046875,11015200
2014-05-29,5796.4423828125,5796.4501953125,5860.85009765625,5788.85009765625,5855.85009765625,11076000
2014-05-30,5802.84228515625,5802.85009765625,5831.2001953125,5789.25,5813.9501953125,11858900
2014-06-02,5911.6923828125,5911.7001953125,5914.0498046875,5818.2998046875,5829.10009765625,9247700
2014-06-03,5956.84228515625,5956.85009765625,5963.10009765625,5906.4501953125,5926.2001953125,11448100
2014-06-04,5972.84228515625,5972.85009765625,5982.0498046875,5955.10009765625,5960.9501953125,12390200
2014-06-05,6037.64208984375,6037.64990234375,6043.0,5948.0498046875,5979.2001953125,13513700
2014-06-06,6129.9423828125,6129.9501953125,6134.14990234375,6067.60009765625,6078.0498046875,14105500
2014-06-09,6196.69189453125,6196.7001953125,6209.7998046875,6164.2998046875,6164.5498046875,16611500
2014-06-10,6192.29150390625,6192.2998046875,6218.2998046875,6125.2001953125,6218.2998046875,13972800
2014-06-11,6152.54150390625,6152.5498046875,6234.25,6123.60009765625,6207.2001953125,13387400
2014-06-12,6168.79150390625,6168.7998046875,6178.0498046875,6124.0498046875,6161.7001953125,9891800
2014-06-13,6057.4921875,6057.5,6191.0,6040.4501953125,6184.4501953125,11145900
2014-06-16,6056.6923828125,6056.7001953125,6064.0,5990.7001953125,6050.0,9817100
2014-06-17,6139.34228515625,6139.35009765625,6142.75,6044.2001953125,6051.25,9073400
2014-06-18,6084.84228515625,6084.85009765625,6177.7001953125,6049.2001953125,6146.25,11491000
2014-06-19,6064.7421875,6064.75,6127.2998046875,6040.9501953125,6103.0498046875,8198000
2014-06-20,6038.59228515625,6038.60009765625,6082.75,6026.89990234375,6066.4501953125,8772500
2014-06-23,6037.9423828125,6037.9501953125,6065.7001953125,6001.25,6044.39990234375,8160700
2014-06-24,6113.84228515625,6113.85009765625,6124.39990234375,6054.2001953125,6054.2001953125,9375300
2014-06-25,6115.14208984375,6115.14990234375,6127.25,6106.64990234375,6123.0498046875,8069800
2014-06-26,6065.7919921875,6065.7998046875,6119.89990234375,6058.5498046875,6107.7998046875,9385900
2014-06-27,6082.09228515625,6082.10009765625,6105.7998046875,6055.35009765625,6083.2998046875,8107000
2014-06-30,6174.19189453125,6174.2001953125,6180.85009765625,6102.39990234375,6102.39990234375,8186400
2014-07-01,6199.8916015625,6199.89990234375,6212.0,6187.2001953125,6192.0,8087800
2014-07-02,6276.8916015625,6276.89990234375,6282.2001953125,6240.10009765625,6240.10009765625,9331600
2014-07-03,6267.19189453125,6267.2001953125,6301.7001953125,6260.10009765625,6289.89990234375,8769300
2014-07-04,6297.591796875,6297.60009765625,6300.85009765625,6230.0,6273.0498046875,7669900
2014-07-07,6321.99169921875,6322.0,6329.2998046875,6300.89990234375,6319.7998046875,7538800
2014-07-08,6152.29150390625,6152.2998046875,6336.4501953125,6131.5498046875,6336.4501953125,9455700
2014-07-09,6103.9921875,6104.0,6169.0498046875,6076.2001953125,6159.2001953125,9796200
2014-07-10,6105.1923828125,6105.2001953125,6233.0498046875,6008.2001953125,6105.9501953125,14037900
2014-07-11,5991.6923828125,5991.7001953125,6153.5498046875,5981.4501953125,6116.0,10066000
2014-07-14,5990.6923828125,5990.7001953125,6008.5498046875,5958.89990234375,5993.64990234375,6888600
2014-07-15,6067.34228515625,6067.35009765625,6071.5498046875,6004.64990234375,6020.25,6964700
2014-07-16,6147.8916015625,6147.89990234375,6157.60009765625,6080.0,6096.14990234375,8350600
2014-07-17,6179.44189453125,6179.4501953125,6185.9501953125,6140.5498046875,6140.5498046875,7604600
2014-07-18,6184.54150390625,6184.5498046875,6199.5498046875,6135.25,6167.4501953125,7187500
2014-07-21,6200.29150390625,6200.2998046875,6234.7998046875,6193.5,6213.0498046875,5849300
2014-07-22,6251.341796875,6251.35009765625,6254.4501953125,6216.39990234375,6219.5498046875,6628400
2014-07-23,6261.091796875,6261.10009765625,6283.60009765625,6226.7998046875,6272.9501953125,7107000
2014-07-24,6278.94189453125,6278.9501953125,6283.35009765625,6242.9501953125,6263.89990234375,7032100
2014-07-25,6230.44189453125,6230.4501953125,6284.2998046875,6192.60009765625,6278.75,8198100
2014-07-28,6199.99169921875,6200.0,6237.10009765625,6182.2998046875,6231.5498046875,5976500
2014-07-30,6232.591796875,6232.60009765625,6237.5,6168.4501953125,6196.10009765625,7337100
2014-07-31,6194.44189453125,6194.4501953125,6243.5498046875,6189.5498046875,6227.39990234375,9630000
2014-08-01,6111.6923828125,6111.7001953125,6201.10009765625,6106.4501953125,6146.5498046875,8508000
2014-08-04,6175.69189453125,6175.7001953125,6183.60009765625,6136.60009765625,6138.2001953125,6214100
2014-08-05,6226.44189453125,6226.4501953125,6229.5498046875,6150.25,6192.2998046875,7415900
2014-08-06,6173.69189453125,6173.7001953125,6231.7998046875,6165.39990234375,6210.39990234375,6733500
2014-08-07,6153.49169921875,6153.5,6195.7001953125,6141.85009765625,6160.2998046875,6036100
2014-08-08,6072.64208984375,6072.64990234375,6104.0498046875,6051.35009765625,6104.0498046875,6196800
2014-08-11,6117.64208984375,6117.64990234375,6125.85009765625,6100.2001953125,6113.9501953125,5061100
2014-08-12,6186.1416015625,6186.14990234375,6190.4501953125,6139.85009765625,6158.60009765625,5246200
2014-08-13,6167.19189453125,6167.2001953125,6205.25,6130.85009765625,6177.7001953125,8557200
2014-08-14,6215.6416015625,6215.64990234375,6218.0,6168.5498046875,6178.25,7762200
2014-08-18,6294.091796875,6294.10009765625,6298.35009765625,6208.89990234375,6208.89990234375,6344200
2014-08-19,6328.79150390625,6328.7998046875,6335.0498046875,6309.10009765625,6316.2001953125,7068300
2014-08-20,6321.6416015625,6321.64990234375,6342.2001953125,6312.85009765625,6342.2001953125,6451100
2014-08-21,6339.341796875,6339.35009765625,6366.35009765625,6313.14990234375,6324.89990234375,6399900
2014-08-22,6352.341796875,6352.35009765625,6367.7998046875,6342.2001953125,6351.85009765625,6002800
2014-08-25,6332.44189453125,6332.4501953125,6391.2998046875,6327.10009765625,6366.0,6264900
2014-08-26,6328.44189453125,6328.4501953125,6340.60009765625,6289.89990234375,6311.25,6794600
2014-08-27,6355.1416015625,6355.14990234375,6365.5,6339.25,6352.10009765625,6031400
2014-08-28,6360.74169921875,6360.75,6378.9501953125,6349.64990234375,6363.75,8262100
2014-09-01,6438.44189453125,6438.4501953125,6441.5498046875,6388.10009765625,6388.10009765625,6740100
2014-09-02,6484.341796875,6484.35009765625,6499.7998046875,6447.7998046875,6447.7998046875,7209200
2014-09-03,6517.69140625,6517.7001953125,6536.5498046875,6500.5,6506.5,7911800
2014-09-04,6501.94189453125,6501.9501953125,6515.60009765625,6465.5498046875,6515.60009765625,9171200
2014-09-05,6502.29150390625,6502.2998046875,6528.39990234375,6476.14990234375,6506.60009765625,9353800
2014-09-08,6577.9912109375,6578.0,6580.7998046875,6537.0498046875,6537.60009765625,7368500
2014-09-09,6577.041015625,6577.0498046875,6584.9501953125,6553.64990234375,6574.64990234375,7109000
2014-09-10,6540.2412109375,6540.25,6563.14990234375,6531.85009765625,6562.4501953125,7777100
2014-09-11,6554.7412109375,6554.75,6572.4501953125,6527.9501953125,6558.39990234375,8095400
2014-09-12,6572.69140625,6572.7001953125,6579.2998046875,6548.4501953125,6559.7998046875,7561100
2014-09-15,6540.09130859375,6540.10009765625,6556.4501953125,6518.0498046875,6547.25,7726700
2014-09-16,6411.24169921875,6411.25,6550.25,6404.2001953125,6538.60009765625,9436300
2014-09-17,6442.49169921875,6442.5,6457.7001953125,6401.5498046875,6445.25,7065000
2014-09-18,6559.9912109375,6560.0,6563.9501953125,6423.75,6426.7998046875,8127200
2014-09-19,6561.64111328125,6561.64990234375,6603.5,6551.14990234375,6574.4501953125,9584100
2014-09-22,6576.59130859375,6576.60009765625,6586.7998046875,6521.0,6532.5498046875,6399300
2014-09-23,6464.79150390625,6464.7998046875,6591.5,6459.0498046875,6577.7001953125,7380000
2014-09-24,6437.24169921875,6437.25,6481.2998046875,6393.7998046875,6463.2998046875,8236500
2014-09-25,6343.1416015625,6343.14990234375,6448.89990234375,6319.14990234375,6438.7001953125,11549400
2014-09-26,6396.54150390625,6396.5498046875,6405.2998046875,6286.5,6319.85009765625,8435300
2014-09-29,6408.29150390625,6408.2998046875,6435.0498046875,6383.0,6403.9501953125,6021900
2014-09-30,6415.69189453125,6415.7001953125,6469.5,6384.7998046875,6399.0498046875,7463800
2014-10-01,6398.04150390625,6398.0498046875,6431.2001953125,6393.7998046875,6413.2001953125,7707900
2014-10-07,6324.841796875,6324.85009765625,6404.14990234375,6318.75,6369.35009765625,6691800
2014-10-08,6316.6416015625,6316.64990234375,6341.7998046875,6296.0,6308.7001953125,6112100
2014-10-09,6416.3916015625,6416.39990234375,6424.5,6348.64990234375,6348.64990234375,6667300
2014-10-10,6330.341796875,6330.35009765625,6386.7998046875,6323.35009765625,6377.9501953125,6482700
2014-10-13,6352.3916015625,6352.39990234375,6362.2998046875,6284.5498046875,6307.7001953125,5842200
2014-10-14,6339.8916015625,6339.89990234375,6384.5498046875,6319.35009765625,6380.2001953125,7166900
2014-10-16,6225.29150390625,6225.2998046875,6359.4501953125,6208.5498046875,6317.2001953125,7279200
2014-10-17,6255.1416015625,6255.14990234375,6283.5,6204.0,6221.89990234375,6647400
2014-10-20,6334.79150390625,6334.7998046875,6356.5,6317.5498046875,6346.9501953125,6256200
2014-10-21,6378.1416015625,6378.14990234375,6384.7001953125,6340.5,6355.5,6055600
2014-10-22,6436.54150390625,6436.5498046875,6441.7001953125,6418.5498046875,6431.39990234375,5581600
2014-10-27,6438.8916015625,6438.89990234375,6498.75,6434.9501953125,6498.75,5458800
2014-10-28,6465.1416015625,6465.14990234375,6469.2998046875,6439.64990234375,6444.0,5058900
2014-10-29,6513.74169921875,6513.75,6518.0498046875,6487.39990234375,6500.64990234375,5900000
2014-10-30,6570.291015625,6570.2998046875,6575.64990234375,6510.35009765625,6510.35009765625,8316100
2014-10-31,6685.7412109375,6685.75,6689.5498046875,6598.0498046875,6598.0498046875,8701000
2014-11-03,6704.291015625,6704.2998046875,6709.14990234375,6676.7998046875,6705.25,8727800
2014-11-05,6713.7412109375,6713.75,6742.9501953125,6707.5498046875,6726.60009765625,9295200
2014-11-07,6720.94140625,6720.9501953125,6734.10009765625,6680.10009765625,6717.4501953125,7990000
2014-11-10,6727.7412109375,6727.75,6757.39990234375,6701.2001953125,6728.2001953125,6892500
2014-11-11,6753.09130859375,6753.10009765625,6761.2001953125,6714.89990234375,6739.14990234375,7949700
2014-11-12,6777.59130859375,6777.60009765625,6801.9501953125,6767.7998046875,6767.7998046875,7241200
2014-11-13,6753.541015625,6753.5498046875,6798.5498046875,6725.85009765625,6797.5498046875,7834500
2014-11-14,6785.7412109375,6785.75,6792.4501953125,6749.7998046875,6758.9501953125,7427500
2014-11-17,6825.7412109375,6825.75,6829.2998046875,6766.7998046875,6781.5498046875,7288900
2014-11-18,6837.34130859375,6837.35009765625,6859.35009765625,6822.7001953125,6835.7998046875,7903800
2014-11-19,6797.69140625,6797.7001953125,6860.7001953125,6777.75,6850.85009765625,7274800
2014-11-20,6806.291015625,6806.2998046875,6817.5498046875,6767.60009765625,6815.14990234375,6291200
2014-11-21,6847.291015625,6847.2998046875,6864.4501953125,6808.85009765625,6813.0498046875,6445400
2014-11-24,6880.791015625,6880.7998046875,6890.2998046875,6858.10009765625,6863.60009765625,5927600
2014-11-25,6810.44140625,6810.4501953125,6882.85009765625,6776.2998046875,6882.85009765625,10830100
2014-11-26,6825.44140625,6825.4501953125,6843.2001953125,6792.75,6799.39990234375,6396500
2014-11-27,6845.291015625,6845.2998046875,6852.0,6819.85009765625,6825.9501953125,8547100
2014-11-28,6918.04052734375,6918.0498046875,6944.0498046875,6864.14990234375,6864.14990234375,7736200
2014-12-01,6898.04052734375,6898.0498046875,6943.5,6894.0498046875,6931.5,6400500
2014-12-02,6895.69091796875,6895.7001953125,6909.4501953125,6863.25,6882.75,6674900
2014-12-03,6935.54052734375,6935.5498046875,6942.9501953125,6901.75,6903.25,7872600
2014-12-04,6960.74072265625,6960.75,6995.7001953125,6928.14990234375,6968.0,7880300
2014-12-05,6937.54052734375,6937.5498046875,6984.10009765625,6927.35009765625,6975.75,7648800
2014-12-08,6857.14111328125,6857.14990234375,6948.7998046875,6852.85009765625,6941.89990234375,6883000
2014-12-09,6767.59130859375,6767.60009765625,6864.7001953125,6761.0,6855.2001953125,6454000
2014-12-10,6796.2412109375,6796.25,6809.85009765625,6751.60009765625,6751.60009765625,6036400
2014-12-11,6744.94140625,6744.9501953125,6793.0,6725.89990234375,6784.39990234375,6587500
2014-12-12,6680.541015625,6680.5498046875,6774.7001953125,6675.60009765625,6756.10009765625,6703200
2014-12-15,6667.541015625,6667.5498046875,6687.7998046875,6632.39990234375,6632.39990234375,5719100
2014-12-16,6525.19140625,6525.2001953125,6643.75,6513.10009765625,6630.25,8380700
2014-12-17,6492.8916015625,6492.89990234375,6535.7001953125,6410.35009765625,6501.7998046875,8534000
2014-12-18,6625.59130859375,6625.60009765625,6633.4501953125,6561.7998046875,6579.10009765625,6694300
2014-12-19,6670.14111328125,6670.14990234375,6709.0,6661.0,6684.14990234375,7489400
2014-12-22,6744.14111328125,6744.14990234375,6748.39990234375,6676.39990234375,6690.85009765625,5245700
2014-12-23,6702.9912109375,6703.0,6778.7998046875,6692.5498046875,6748.35009765625,5563400
2014-12-24,6650.59130859375,6650.60009765625,6718.4501953125,6641.4501953125,6706.9501953125,9186700
2014-12-26,6674.791015625,6674.7998046875,6696.7998046875,6635.25,6672.14990234375,4472200
2014-12-29,6718.59130859375,6718.60009765625,6741.4501953125,6688.75,6688.75,4896800
2014-12-30,6733.7412109375,6733.75,6739.2001953125,6708.64990234375,6730.64990234375,5123400
2014-12-31,6773.64111328125,6773.64990234375,6779.2998046875,6730.5,6730.5,5321900
2015-01-01,6786.09130859375,6786.10009765625,6794.25,6755.0,6767.60009765625,4409100
2015-01-02,6866.44140625,6866.4501953125,6883.0498046875,6792.39990234375,6792.39990234375,6177400
2015-01-05,6857.44140625,6857.4501953125,6913.25,6848.25,6877.35009765625,6143300
2015-01-06,6656.791015625,6656.7998046875,6817.64990234375,6646.39990234375,6817.64990234375,7169100
2015-01-07,6644.94140625,6644.9501953125,6680.5,6605.39990234375,6653.64990234375,7233000
2015-01-08,6755.44140625,6755.4501953125,6758.25,6708.0,6715.35009765625,6548900
2015-01-09,6782.9912109375,6783.0,6811.2998046875,6727.35009765625,6798.4501953125,6561500
2015-01-12,6815.041015625,6815.0498046875,6819.10009765625,6763.2001953125,6790.60009765625,5650600
2015-01-13,6801.39111328125,6801.39990234375,6846.7001953125,6777.7001953125,6835.25,6331000
2015-01-14,6787.14111328125,6787.14990234375,6828.89990234375,6759.5498046875,6810.2001953125,6173400
2015-01-15,6937.49072265625,6937.5,6962.14990234375,6870.9501953125,6897.14990234375,9081800
2015-01-16,6961.44091796875,6961.4501953125,6970.9501953125,6913.35009765625,6945.10009765625,7934000
2015-01-19,6992.140625,6992.14990234375,7013.2998046875,6984.4501953125,6988.2998046875,7531300
2015-01-20,7080.640625,7080.64990234375,7088.5498046875,7013.14990234375,7013.14990234375,7155300
2015-01-21,7099.5908203125,7099.60009765625,7117.0,7071.89990234375,7100.5,7401500
2015-01-22,7121.8408203125,7121.85009765625,7136.10009765625,7092.9501953125,7111.64990234375,8283700
2015-01-23,7170.24072265625,7170.25,7191.89990234375,7137.4501953125,7176.0,8537100
2015-01-27,7229.04052734375,7229.0498046875,7236.7998046875,7169.7998046875,7197.75,7533900
2015-01-28,7241.54052734375,7241.5498046875,7290.4501953125,7210.64990234375,7224.75,8362700
2015-01-29,7257.24072265625,7257.25,7264.5498046875,7203.25,7234.39990234375,9683700
2015-01-30,7166.69091796875,7166.7001953125,7293.25,7140.14990234375,7293.25,11510300
2015-02-02,7172.890625,7172.89990234375,7196.60009765625,7142.0,7164.60009765625,8626700
2015-02-03,7137.44091796875,7137.4501953125,7203.75,7124.2001953125,7196.75,8735100
2015-02-04,7108.74072265625,7108.75,7164.7998046875,7095.2998046875,7164.7998046875,9251200
2015-02-05,7076.640625,7076.64990234375,7176.7001953125,7056.39990234375,7116.7998046875,8018500
2015-02-06,7029.44091796875,7029.4501953125,7087.2001953125,7019.7001953125,7070.0498046875,7899700
2015-02-09,6922.3408203125,6922.35009765625,6978.64990234375,6915.4501953125,6973.35009765625,7091200
2015-02-10,6959.890625,6959.89990234375,7022.9501953125,6888.0498046875,6889.25,8353200
2015-02-11,7031.79052734375,7031.7998046875,7040.4501953125,6990.35009765625,6990.4501953125,7430400
2015-02-12,7108.19091796875,7108.2001953125,7117.2001953125,7032.2001953125,7071.14990234375,8811900
2015-02-13,7176.19091796875,7176.2001953125,7186.2998046875,7129.7998046875,7134.10009765625,8534500
2015-02-16,7174.99072265625,7175.0,7227.0498046875,7162.0,7200.60009765625,9275200
2015-02-18,7228.54052734375,7228.5498046875,7242.4501953125,7182.2001953125,7182.2001953125,10676600
2015-02-19,7242.8408203125,7242.85009765625,7258.9501953125,7168.0,7245.5498046875,9192900
2015-02-20,7209.390625,7209.39990234375,7250.75,7194.89990234375,7250.75,8752600
2015-02-23,7147.54052734375,7147.5498046875,7237.14990234375,7134.5,7233.35009765625,7086600
2015-02-24,7146.5908203125,7146.60009765625,7171.4501953125,7123.2001953125,7162.5498046875,7424400
2015-02-25,7144.19091796875,7144.2001953125,7204.75,7134.25,7177.4501953125,6718500
2015-02-26,7077.49072265625,7077.5,7154.75,7066.0498046875,7154.75,8402100
2015-02-27,7210.29052734375,7210.2998046875,7217.0498046875,7111.10009765625,7111.10009765625,11155200
2015-03-02,7299.64013671875,7299.64990234375,7308.0,7234.9501953125,7281.85009765625,9573800
2015-03-03,7345.5400390625,7345.5498046875,7352.60009765625,7288.0498046875,7309.5,8525200
2015-03-04,7279.7900390625,7279.7998046875,7428.10009765625,7260.60009765625,7426.7998046875,10964100
2015-03-05,7303.34033203125,7303.35009765625,7314.7998046875,7238.5,7287.7998046875,8043700
2015-03-09,7171.49072265625,7171.5,7267.14990234375,7162.2998046875,7267.14990234375,7493000
2015-03-10,7141.69091796875,7141.7001953125,7199.0,7116.75,7184.39990234375,6779600
2015-03-11,7126.5908203125,7126.60009765625,7166.2001953125,7115.7998046875,7156.14990234375,7483600
2015-03-12,7202.5908203125,7202.60009765625,7209.7998046875,7158.85009765625,7158.85009765625,8047600
2015-03-13,7099.890625,7099.89990234375,7253.75,7089.2001953125,7253.75,8042700
2015-03-16,7078.94091796875,7078.9501953125,7111.2998046875,7064.5498046875,7111.0498046875,6214200
2015-03-17,7154.04052734375,7154.0498046875,7166.39990234375,7087.25,7122.10009765625,6891900
2015-03-18,7137.04052734375,7137.0498046875,7175.10009765625,7120.64990234375,7172.64990234375,7576300
2015-03-19,7096.74072265625,7096.75,7217.7001953125,7086.25,7189.5498046875,7148400
2015-03-20,7028.19091796875,7028.2001953125,7096.2001953125,7016.0498046875,7096.2001953125,8459200
2015-03-23,6997.5908203125,6997.60009765625,7053.10009765625,6990.14990234375,7045.7998046875,6166900
2015-03-24,6984.74072265625,6984.75,7040.14990234375,6980.2998046875,6991.7001953125,6053900
2015-03-25,6972.44091796875,6972.4501953125,7006.2998046875,6963.7001953125,7005.25,6087400
2015-03-26,6846.2412109375,6846.25,6945.64990234375,6836.14990234375,6934.2001953125,8532100
2015-03-27,6846.59130859375,6846.60009765625,6894.75,6778.4501953125,6889.10009765625,7254100
2015-03-30,6969.94091796875,6969.9501953125,6976.75,6889.2001953125,6889.35009765625,5845800
2015-03-31,6978.140625,6978.14990234375,7020.7998046875,6952.35009765625,7001.7001953125,7307600
2015-04-01,7060.19091796875,7060.2001953125,7068.85009765625,6964.64990234375,6975.7998046875,6154000
2015-04-06,7126.74072265625,7126.75,7131.5498046875,7059.64990234375,7087.0498046875,7069400
2015-04-07,7144.390625,7144.39990234375,7158.10009765625,7083.64990234375,7148.85009765625,7985300
2015-04-08,7193.5908203125,7193.60009765625,7205.75,7168.39990234375,7176.7001953125,8562100
2015-04-09,7233.99072265625,7234.0,7237.35009765625,7171.10009765625,7229.89990234375,7634100
2015-04-10,7246.04052734375,7246.0498046875,7251.4501953125,7217.4501953125,7236.0,7287500
2015-04-13,7286.1904296875,7286.2001953125,7292.0,7245.60009765625,7266.14990234375,6252500
2015-04-15,7224.19091796875,7224.2001953125,7299.5498046875,7205.4501953125,7299.5498046875,7610100
2015-04-16,7183.3408203125,7183.35009765625,7233.85009765625,7134.5,7233.85009765625,6470300
2015-04-17,7093.8408203125,7093.85009765625,7180.39990234375,7087.10009765625,7180.39990234375,5534700
2015-04-20,6957.99072265625,6958.0,7104.64990234375,6933.0,7104.64990234375,5756900
2015-04-21,6907.99072265625,6908.0,6977.10009765625,6890.10009765625,6943.5,8332700
2015-04-22,6937.99072265625,6938.0,6948.5,6836.64990234375,6928.2998046875,6349800
2015-04-23,6922.390625,6922.39990234375,7002.5498046875,6899.5,6978.35009765625,5479500
2015-04-24,6826.541015625,6826.5498046875,6931.5498046875,6804.2001953125,6931.5498046875,6075600
2015-04-27,6723.89111328125,6723.89990234375,6846.7001953125,6715.89990234375,6846.7001953125,6531900
2015-04-28,6794.64111328125,6794.64990234375,6808.0,6698.4501953125,6720.64990234375,6672000
2015-04-29,6781.69140625,6781.7001953125,6823.10009765625,6757.89990234375,6793.7001953125,5977500
2015-04-30,6749.64111328125,6749.64990234375,6771.0498046875,6714.9501953125,6771.0498046875,8733500
2015-05-04,6873.39111328125,6873.39990234375,6883.2001953125,6788.5498046875,6790.7998046875,5730700
2015-05-05,6878.4912109375,6878.5,6900.4501953125,6847.39990234375,6880.64990234375,5936000
2015-05-06,6680.89111328125,6680.89990234375,6871.89990234375,6671.35009765625,6869.9501953125,7516000
2015-05-07,6616.84130859375,6616.85009765625,6688.75,6572.7001953125,6667.5,6936200
2015-05-08,6728.89111328125,6728.89990234375,6752.64990234375,6676.14990234375,6676.14990234375,5867200
2015-05-11,6838.9912109375,6839.0,6843.2998046875,6765.0498046875,6771.35009765625,5771500
2015-05-12,6689.39111328125,6689.39990234375,6842.60009765625,6683.14990234375,6842.60009765625,6139400
2015-05-13,6780.39111328125,6780.39990234375,6793.2001953125,6677.9501953125,6733.2998046875,6996000
2015-05-14,6796.7412109375,6796.75,6804.14990234375,6720.0,6778.5,6160600
2015-05-15,6827.041015625,6827.0498046875,6842.14990234375,6798.75,6813.10009765625,6320000
2015-05-18,6910.8408203125,6910.85009765625,6916.10009765625,6839.2998046875,6845.85009765625,6265800
2015-05-19,6909.69091796875,6909.7001953125,6955.0498046875,6886.89990234375,6901.7001953125,6509500
2015-05-20,6944.390625,6944.39990234375,6966.25,6933.60009765625,6933.7998046875,5362500
2015-05-21,6938.74072265625,6938.75,6958.14990234375,6909.75,6956.2001953125,5210500
2015-05-22,6964.44091796875,6964.4501953125,6988.2998046875,6941.39990234375,6951.35009765625,6060700
2015-05-25,6911.140625,6911.14990234375,6956.7998046875,6907.10009765625,6953.25,5300200
2015-05-26,6890.5908203125,6890.60009765625,6921.2998046875,6876.2001953125,6919.5,5125600
2015-05-27,6885.09130859375,6885.10009765625,6890.5498046875,6842.7998046875,6858.5498046875,5482400
2015-05-28,6867.7412109375,6867.75,6904.89990234375,6828.10009765625,6895.35009765625,7466200
2015-05-29,6959.8408203125,6959.85009765625,6963.9501953125,6864.85009765625,6878.5,10415600
2015-06-01,6957.44091796875,6957.4501953125,6980.64990234375,6947.7001953125,6947.7001953125,5141500
2015-06-02,6799.44140625,6799.4501953125,6966.5,6793.0,6966.5,6048000
2015-06-03,6703.44140625,6703.4501953125,6798.39990234375,6645.85009765625,6798.39990234375,14927200
2015-06-04,6704.7412109375,6704.75,6720.89990234375,6646.2998046875,6719.5498046875,8621300
2015-06-05,6700.69140625,6700.7001953125,6754.39990234375,6683.2001953125,6693.25,6374400
2015-06-08,6631.291015625,6631.2998046875,6710.25,6622.35009765625,6710.25,5414400
2015-06-09,6612.89111328125,6612.89990234375,6640.7001953125,6597.35009765625,6617.7998046875,5690100
2015-06-10,6691.2412109375,6691.25,6710.7001953125,6617.75,6617.75,5892900
2015-06-11,6568.4912109375,6568.5,6724.35009765625,6564.4501953125,6721.85009765625,6593300
2015-06-12,6577.39111328125,6577.39990234375,6584.2998046875,6543.5498046875,6562.0498046875,5682500
2015-06-15,6600.64111328125,6600.64990234375,6634.2001953125,6558.60009765625,6584.7001953125,5214200
2015-06-16,6626.9912109375,6627.0,6636.2998046875,6555.14990234375,6598.25,5043400
2015-06-17,6680.791015625,6680.7998046875,6711.9501953125,6639.14990234375,6657.5498046875,5806400
2015-06-18,6746.84130859375,6746.85009765625,6753.89990234375,6697.7001953125,6698.64990234375,5660800
2015-06-19,6785.09130859375,6785.10009765625,6803.7998046875,6768.10009765625,6770.35009765625,5699000
2015-06-22,6889.69091796875,6889.7001953125,6896.9501953125,6813.35009765625,6813.35009765625,7116100
2015-06-23,6912.44091796875,6912.4501953125,6930.14990234375,6877.5,6909.2998046875,6254300
2015-06-24,6887.791015625,6887.7998046875,6938.25,6871.64990234375,6926.89990234375,6415600
2015-06-25,6917.54052734375,6917.5498046875,6930.89990234375,6870.35009765625,6871.35009765625,8722700
2015-06-26,6908.8408203125,6908.85009765625,6924.14990234375,6873.10009765625,6913.25,7474000
2015-06-29,6843.94140625,6843.9501953125,6848.9501953125,6752.75,6792.89990234375,6193200
2015-06-30,6897.19091796875,6897.2001953125,6900.0498046875,6843.35009765625,6844.2001953125,6479300
2015-07-01,6972.29052734375,6972.2998046875,6987.7001953125,6908.60009765625,6908.60009765625,6327300
2015-07-02,6983.3408203125,6983.35009765625,7010.2001953125,6974.35009765625,6992.5498046875,6168200
2015-07-03,7003.94091796875,7003.9501953125,7028.14990234375,6984.60009765625,6984.64990234375,5230900
2015-07-06,7043.390625,7043.39990234375,7048.35009765625,6922.89990234375,6922.89990234375,6123800
2015-07-07,7051.04052734375,7051.0498046875,7081.9501953125,7025.2001953125,7052.64990234375,6895000
2015-07-08,6939.69091796875,6939.7001953125,7020.0,6919.60009765625,6993.64990234375,7957500
2015-07-09,6915.3408203125,6915.35009765625,6973.5,6910.2001953125,6947.7001953125,6201600
2015-07-10,6935.54052734375,6935.5498046875,6958.2998046875,6906.60009765625,6948.89990234375,5940600
2015-07-13,7016.54052734375,7016.5498046875,7021.85009765625,6940.25,6964.14990234375,5214100
2015-07-14,7020.24072265625,7020.25,7042.39990234375,7002.0,7030.64990234375,6219300
2015-07-15,7065.640625,7065.64990234375,7075.25,7030.85009765625,7030.85009765625,5886100
2015-07-16,7136.79052734375,7136.7998046875,7142.2001953125,7086.0,7086.0,5542300
2015-07-17,7148.04052734375,7148.0498046875,7166.9501953125,7132.60009765625,7154.25,5760000
2015-07-20,7148.49072265625,7148.5,7161.5,7121.14990234375,7161.5,5521300
2015-07-21,7070.29052734375,7070.2998046875,7167.25,7060.5498046875,7151.64990234375,6839200
2015-07-22,7149.44091796875,7149.4501953125,7154.35009765625,7051.25,7058.60009765625,5866500
2015-07-23,7129.3408203125,7129.35009765625,7172.7001953125,7120.0,7164.39990234375,5999200
2015-07-24,7074.94091796875,7074.9501953125,7131.89990234375,7068.60009765625,7131.0,5856300
2015-07-27,6955.3408203125,6955.35009765625,7055.7001953125,6950.7998046875,7055.7001953125,5792500
2015-07-28,6935.640625,6935.64990234375,6983.7001953125,6930.0,6968.14990234375,6612600
2015-07-29,6974.140625,6974.14990234375,6977.5498046875,6944.4501953125,6960.14990234375,6388100
2015-07-30,7019.5908203125,7019.60009765625,7046.14990234375,7006.5498046875,7008.75,9767100
2015-07-31,7106.19091796875,7106.2001953125,7117.2001953125,7045.7001953125,7045.7001953125,8130300
2015-08-03,7128.99072265625,7129.0,7146.89990234375,7099.75,7099.75,8896300
2015-08-04,7136.29052734375,7136.2998046875,7154.0498046875,7074.75,7150.2001953125,8361100
2015-08-05,7186.24072265625,7186.25,7207.9501953125,7166.75,7166.75,9644100
2015-08-06,7201.99072265625,7202.0,7214.2998046875,7174.35009765625,7203.2998046875,8441200
2015-08-07,7183.8408203125,7183.85009765625,7213.0,7175.0,7200.2001953125,7242600
2015-08-10,7157.54052734375,7157.5498046875,7233.75,7138.35009765625,7197.2998046875,6931300
2015-08-11,7101.0908203125,7101.10009765625,7179.2001953125,7079.14990234375,7179.2001953125,6848600
2015-08-12,6986.44091796875,6986.4501953125,7086.75,6979.60009765625,7086.75,7657800
2015-08-13,6976.5908203125,6976.60009765625,7059.14990234375,6964.85009765625,7017.85009765625,7735000
2015-08-14,7112.49072265625,7112.5,7120.0,7001.14990234375,7015.7998046875,7683800
2015-08-17,7098.69091796875,7098.7001953125,7125.5,7048.4501953125,7125.5,6741500
2015-08-18,7106.390625,7106.39990234375,7147.9501953125,7076.5,7126.35009765625,6486600
2015-08-19,7125.8408203125,7125.85009765625,7148.9501953125,7079.5498046875,7108.2998046875,7226000
2015-08-20,7016.94091796875,7016.9501953125,7130.2998046875,7010.7001953125,7111.85009765625,8655800
2015-08-21,6960.99072265625,6961.0,6973.89990234375,6889.0,6955.89990234375,7604300
2015-08-24,6493.841796875,6493.85009765625,6753.4501953125,6468.0498046875,6753.4501953125,11471100
2015-08-25,6569.84130859375,6569.85009765625,6601.2998046875,6352.89990234375,6567.5498046875,12477900
2015-08-26,6513.341796875,6513.35009765625,6621.2998046875,6487.0,6560.14990234375,8140600
2015-08-27,6657.2412109375,6657.25,6667.0498046875,6583.10009765625,6622.4501953125,10254000
2015-08-28,6694.44140625,6694.4501953125,6772.75,6666.64990234375,6738.7998046875,7494900
2015-08-31,6669.34130859375,6669.35009765625,6730.0498046875,6649.64990234375,6700.10009765625,7030900
2015-09-01,6522.2412109375,6522.25,6642.39990234375,6490.2001953125,6617.0,6512500
2015-09-02,6475.6416015625,6475.64990234375,6577.64990234375,6464.5,6577.64990234375,6579000
2015-09-03,6560.041015625,6560.0498046875,6580.75,6515.4501953125,6523.4501953125,6200100
2015-09-04,6421.04150390625,6421.0498046875,6548.4501953125,6392.85009765625,6548.4501953125,7662000
2015-09-07,6323.3916015625,6323.39990234375,6458.60009765625,6316.7001953125,6444.7998046875,5414700
2015-09-08,6406.99169921875,6407.0,6436.10009765625,6286.7001953125,6344.85009765625,6689700
2015-09-09,6522.291015625,6522.2998046875,6545.0,6480.89990234375,6501.75,7352500
2015-09-10,6504.49169921875,6504.5,6526.0,6403.9501953125,6447.39990234375,6065100
2015-09-11,6511.54150390625,6511.5498046875,6566.25,6491.64990234375,6544.7001953125,6128100
2015-09-14,6582.69140625,6582.7001953125,6586.64990234375,6504.39990234375,6536.2001953125,5606200
2015-09-15,6543.2412109375,6543.25,6595.2998046875,6523.85009765625,6583.64990234375,5164600
2015-09-16,6571.59130859375,6571.60009765625,6590.14990234375,6549.2001953125,6589.7001953125,4989100
2015-09-18,6636.94140625,6636.9501953125,6694.60009765625,6626.25,6628.14990234375,8885300
2015-09-21,6647.14111328125,6647.14990234375,6654.5,6586.14990234375,6586.7998046875,7446700
2015-09-22,6528.541015625,6528.5498046875,6686.60009765625,6512.7998046875,6680.2998046875,7167900
2015-09-23,6553.89111328125,6553.89990234375,6576.60009765625,6457.25,6468.14990234375,7107000
2015-09-24,6573.89111328125,6573.89990234375,6592.5498046875,6529.39990234375,6553.5,7994500
2015-09-28,6524.2412109375,6524.25,6595.35009765625,6519.35009765625,6595.35009765625,5700900
2015-09-29,6552.34130859375,6552.35009765625,6605.89990234375,6434.5,6465.10009765625,8538000
2015-09-30,6646.09130859375,6646.10009765625,6651.64990234375,6585.89990234375,6614.0,7059300
2015-10-01,6654.4912109375,6654.5,6694.10009765625,6640.7998046875,6685.64990234375,6323000
2015-10-05,6789.09130859375,6789.10009765625,6794.35009765625,6700.7998046875,6700.7998046875,7003400
2015-10-06,6818.64111328125,6818.64990234375,6835.9501953125,6778.85009765625,6835.9501953125,7896100
2015-10-07,6835.791015625,6835.7998046875,6845.2001953125,6807.60009765625,6817.64990234375,9662700
2015-10-08,6793.791015625,6793.7998046875,6850.39990234375,6776.10009765625,6850.39990234375,7542800
2015-10-09,6829.39111328125,6829.39990234375,6869.7001953125,6795.7001953125,6840.10009765625,7679400
2015-10-12,6802.291015625,6802.2998046875,6868.39990234375,6788.89990234375,6861.39990234375,7530400
2015-10-13,6797.541015625,6797.5498046875,6809.89990234375,6762.5,6794.5498046875,6668100
2015-10-14,6786.041015625,6786.0498046875,6810.4501953125,6780.7001953125,6782.5,6813400
2015-10-15,6834.041015625,6834.0498046875,6842.39990234375,6810.75,6810.75,7011700
2015-10-16,6870.84130859375,6870.85009765625,6874.89990234375,6813.25,6850.5498046875,6291000
2015-10-19,6907.69091796875,6907.7001953125,6911.5,6876.0,6891.0498046875,6268700
2015-10-20,6907.0908203125,6907.10009765625,6931.7998046875,6881.75,6916.9501953125,7901400
2015-10-21,6895.74072265625,6895.75,6931.9501953125,6867.39990234375,6908.7998046875,7616000
2015-10-23,6913.04052734375,6913.0498046875,6952.0,6904.85009765625,6944.10009765625,6368900
2015-10-26,6882.59130859375,6882.60009765625,6943.5498046875,6875.64990234375,6943.5498046875,5706200
2015-10-27,6870.34130859375,6870.35009765625,6874.39990234375,6855.60009765625,6863.0,5979000
2015-10-28,6828.14111328125,6828.14990234375,6859.60009765625,6798.14990234375,6843.5498046875,6820000
2015-10-29,6784.84130859375,6784.85009765625,6833.10009765625,6777.64990234375,6833.10009765625,8774500
2015-10-30,6750.94140625,6750.9501953125,6815.7998046875,6733.85009765625,6796.0498046875,7687100
2015-11-02,6740.89111328125,6740.89990234375,6747.64990234375,6695.39990234375,6747.39990234375,6509200
2015-11-03,6755.14111328125,6755.14990234375,6781.60009765625,6733.5,6771.9501953125,6163600
2015-11-04,6741.19140625,6741.2001953125,6796.35009765625,6733.5498046875,6790.10009765625,5713300
2015-11-05,6661.69140625,6661.7001953125,6734.7998046875,6654.10009765625,6734.7998046875,5866200
2015-11-06,6650.09130859375,6650.10009765625,6693.0,6629.14990234375,6663.39990234375,6444300
2015-11-09,6641.39111328125,6641.39990234375,6657.39990234375,6500.9501953125,6516.2001953125,6812100
2015-11-10,6536.44140625,6536.4501953125,6624.7001953125,6528.9501953125,6618.0,6530800
2015-11-13,6526.59130859375,6526.60009765625,6540.5,6500.75,6540.25,5741500
2015-11-16,6551.44140625,6551.4501953125,6573.5,6487.4501953125,6506.60009765625,6215600
2015-11-17,6580.791015625,6580.7998046875,6595.2998046875,6547.7001953125,6586.39990234375,6680300
2015-11-18,6507.54150390625,6507.5498046875,6591.60009765625,6502.64990234375,6574.7998046875,7519000
2015-11-19,6594.541015625,6594.5498046875,6601.89990234375,6537.60009765625,6551.35009765625,5809500
2015-11-20,6615.64111328125,6615.64990234375,6649.75,6586.7001953125,6599.0,6818100
2015-11-23,6615.4912109375,6615.5,6639.39990234375,6599.4501953125,6630.2998046875,5018100
2015-11-24,6609.09130859375,6609.10009765625,6636.25,6602.0,6610.14990234375,6413000
2015-11-26,6644.89111328125,6644.89990234375,6653.9501953125,6618.5,6618.5,9417500
2015-11-27,6686.89111328125,6686.89990234375,6696.85009765625,6646.4501953125,6667.89990234375,7918700
2015-11-30,6686.09130859375,6686.10009765625,6706.85009765625,6679.4501953125,6686.5498046875,10666800
2015-12-01,6712.4912109375,6712.5,6721.14990234375,6694.7001953125,6707.5498046875,7819500
2015-12-02,6699.791015625,6699.7998046875,6731.35009765625,6680.60009765625,6731.35009765625,6682100
2015-12-03,6649.4912109375,6649.5,6685.7998046875,6641.5498046875,6680.0,7594100
2015-12-04,6584.89111328125,6584.89990234375,6618.10009765625,6581.89990234375,6612.7998046875,8030900
2015-12-07,6576.84130859375,6576.85009765625,6622.5,6566.0,6615.25,6058300
2015-12-08,6515.1416015625,6515.14990234375,6582.89990234375,6504.60009765625,6556.60009765625,6563500
2015-12-09,6425.341796875,6425.35009765625,6511.9501953125,6420.9501953125,6510.0,6700100
2015-12-10,6484.24169921875,6484.25,6488.4501953125,6420.85009765625,6451.7001953125,6839200
2015-12-11,6425.44189453125,6425.4501953125,6499.2998046875,6399.9501953125,6499.2998046875,6630400
2015-12-14,6457.591796875,6457.60009765625,6467.2001953125,6386.4501953125,6389.7001953125,5772400
2015-12-15,6501.74169921875,6501.75,6504.2998046875,6446.85009765625,6467.10009765625,5042900
2015-12-16,6535.44140625,6535.4501953125,6562.75,6518.2001953125,6524.89990234375,6257300
2015-12-17,6621.7412109375,6621.75,6626.60009765625,6538.2001953125,6565.60009765625,7147900
2015-12-18,6570.791015625,6570.7998046875,6620.85009765625,6565.5498046875,6611.35009765625,7067000
2015-12-21,6628.041015625,6628.0498046875,6630.7001953125,6562.0,6563.64990234375,5632400
2015-12-22,6595.84130859375,6595.85009765625,6644.7998046875,6590.7998046875,6629.75,6242500
2015-12-23,6652.7412109375,6652.75,6656.4501953125,6630.2998046875,6630.2998046875,5296500
2015-12-24,6656.7412109375,6656.75,6672.60009765625,6637.39990234375,6672.60009765625,5637500
2015-12-28,6700.69140625,6700.7001953125,6707.25,6663.4501953125,6663.4501953125,5374100
2015-12-29,6705.2412109375,6705.25,6717.25,6685.4501953125,6707.64990234375,6197700
2015-12-30,6685.44140625,6685.4501953125,6718.2998046875,6681.0,6715.7998046875,5830100
2015-12-31,6724.7412109375,6724.75,6727.75,6687.4501953125,6690.64990234375,8227300
2016-01-01,6753.64111328125,6753.64990234375,6758.5498046875,6707.4501953125,6723.10009765625,5602700
2016-01-04,6630.791015625,6630.7998046875,6748.39990234375,6622.5,6729.5,8176100
2016-01-05,6639.4912109375,6639.5,6664.10009765625,6614.9501953125,6659.85009765625,8658900
2016-01-06,6607.64111328125,6607.64990234375,6660.2998046875,6593.0498046875,6645.0498046875,8134600
2016-01-07,6446.841796875,6446.85009765625,6550.39990234375,6437.89990234375,6550.39990234375,7944500
2016-01-08,6490.841796875,6490.85009765625,6512.35009765625,6466.7001953125,6483.9501953125,6822800
2016-01-11,6451.841796875,6451.85009765625,6485.0498046875,6395.64990234375,6434.0,7318900
2016-01-12,6405.44189453125,6405.4501953125,6471.10009765625,6391.7998046875,6471.0,7080600
2016-01-13,6415.94189453125,6415.9501953125,6467.0,6294.2998046875,6445.64990234375,10314700
2016-01-14,6378.19189453125,6378.2001953125,6433.9501953125,6304.10009765625,6334.7998046875,7940100
2016-01-15,6262.3916015625,6262.39990234375,6403.0498046875,6257.25,6400.89990234375,7842400
2016-01-18,6149.1416015625,6149.14990234375,6273.2001953125,6139.7001953125,6247.2001953125,8675000
2016-01-19,6225.19189453125,6225.2001953125,6243.10009765625,6156.0498046875,6172.4501953125,7314500
2016-01-20,6115.7421875,6115.75,6163.2001953125,6055.2998046875,6163.2001953125,7942600
2016-01-21,6092.0419921875,6092.0498046875,6196.2998046875,6067.2998046875,6171.2001953125,8055600
2016-01-22,6216.69189453125,6216.7001953125,6222.75,6137.4501953125,6157.7001953125,7035800
2016-01-25,6234.44189453125,6234.4501953125,6275.5,6226.39990234375,6259.7998046875,5566000
2016-01-27,6242.3916015625,6242.39990234375,6271.7001953125,6221.5,6263.25,6198400
2016-01-28,6229.99169921875,6230.0,6261.85009765625,6224.7998046875,6235.0498046875,8969400
2016-01-29,6339.44189453125,6339.4501953125,6346.2001953125,6228.0498046875,6228.0498046875,8255800
2016-02-01,6341.591796875,6341.60009765625,6374.5498046875,6330.7998046875,6367.35009765625,6249600
2016-02-02,6252.19189453125,6252.2001953125,6359.14990234375,6235.14990234375,6351.60009765625,7581600
2016-02-03,6166.19189453125,6166.2001953125,6209.9501953125,6159.25,6198.5498046875,9101300
2016-02-04,6186.24169921875,6186.25,6236.85009765625,6154.0498046875,6213.25,7527400
2016-02-05,6270.49169921875,6270.5,6280.14990234375,6191.2998046875,6201.4501953125,6949400
2016-02-08,6209.79150390625,6209.7998046875,6302.2001953125,6195.60009765625,6277.75,6260200
2016-02-09,6125.59228515625,6125.60009765625,6154.7998046875,6112.10009765625,6146.0,6264400
2016-02-10,6051.9423828125,6051.9501953125,6102.7001953125,6022.2001953125,6100.7998046875,8627100
2016-02-11,5843.1923828125,5843.2001953125,6042.39990234375,5831.10009765625,6042.39990234375,10239300
2016-02-12,5833.39208984375,5833.39990234375,5878.7998046875,5722.7998046875,5878.7998046875,11782800
2016-02-15,5999.0419921875,5999.0498046875,6013.5498046875,5903.7998046875,5903.7998046875,8640800
2016-02-16,5889.09228515625,5889.10009765625,6028.0498046875,5882.85009765625,6028.0498046875,7152300
2016-02-17,5930.14208984375,5930.14990234375,5940.9501953125,5801.0498046875,5897.89990234375,8214800
2016-02-18,5988.7919921875,5988.7998046875,6016.7998046875,5937.4501953125,5986.85009765625,6836200
2016-02-19,6000.39208984375,6000.39990234375,6009.0498046875,5955.5,5973.35009765625,5785700
2016-02-22,6024.14208984375,6024.14990234375,6034.64990234375,6000.2998046875,6007.14990234375,4788800
2016-02-23,5930.89208984375,5930.89990234375,6031.60009765625,5923.75,6031.60009765625,5900100
2016-02-24,5859.7421875,5859.75,5911.9501953125,5853.35009765625,5906.5,6362700
2016-02-25,5816.4921875,5816.5,5871.5,5810.64990234375,5871.5,9076500
2016-02-26,5852.89208984375,5852.89990234375,5878.89990234375,5818.5,5870.5498046875,6030500
2016-02-29,5829.9423828125,5829.9501953125,5897.9501953125,5717.0,5869.85009765625,11006500
2016-03-01,6020.0419921875,6020.0498046875,6027.4501953125,5866.64990234375,5866.64990234375,7799900
2016-03-02,6137.14208984375,6137.14990234375,6151.0498046875,6094.0498046875,6095.2998046875,9582600
2016-03-03,6218.3916015625,6218.39990234375,6223.0,6162.35009765625,6183.89990234375,8486400
2016-03-04,6239.341796875,6239.35009765625,6249.85009765625,6200.4501953125,6242.60009765625,8877500
2016-03-08,6243.6416015625,6243.64990234375,6278.39990234375,6209.25,6242.39990234375,9350600
2016-03-09,6275.091796875,6275.10009765625,6279.5,6193.4501953125,6208.2001953125,7979800
2016-03-10,6242.94189453125,6242.9501953125,6289.10009765625,6217.5498046875,6289.10009765625,7043000
2016-03-11,6258.44189453125,6258.4501953125,6287.89990234375,6223.2001953125,6242.60009765625,6695600
2016-03-14,6282.69189453125,6282.7001953125,6317.5,6263.0498046875,6287.2998046875,5900300
2016-03-15,6222.6416015625,6222.64990234375,6282.7001953125,6214.7001953125,6282.7001953125,6132300
2016-03-16,6238.44189453125,6238.4501953125,6244.5,6166.9501953125,6221.10009765625,6675900
2016-03-17,6255.74169921875,6255.75,6307.7998046875,6233.89990234375,6287.0498046875,7647100
2016-03-18,6322.6416015625,6322.64990234375,6325.89990234375,6254.9501953125,6273.0,7805000
2016-03-21,6406.69189453125,6406.7001953125,6411.7998046875,6336.7001953125,6336.7001953125,6350800
2016-03-22,6418.29150390625,6418.2998046875,6426.2998046875,6363.4501953125,6406.7998046875,7135800
2016-03-23,6423.69189453125,6423.7001953125,6430.0,6389.5,6421.2001953125,6363600
2016-03-28,6334.69189453125,6334.7001953125,6441.2001953125,6318.60009765625,6441.0,6877100
2016-03-29,6322.99169921875,6323.0,6359.2998046875,6302.0498046875,6329.2001953125,6644200
2016-03-30,6436.69189453125,6436.7001953125,6440.7998046875,6366.0498046875,6366.0498046875,7661400
2016-03-31,6452.1416015625,6452.14990234375,6468.0498046875,6420.2001953125,6437.10009765625,11220800
2016-04-01,6445.49169921875,6445.5,6462.60009765625,6409.7998046875,6438.39990234375,8186100
2016-04-04,6479.591796875,6479.60009765625,6482.5,6439.64990234375,6465.9501953125,6218800
2016-04-05,6358.341796875,6358.35009765625,6462.89990234375,6350.2001953125,6462.89990234375,7370700
2016-04-06,6377.99169921875,6378.0,6383.25,6352.10009765625,6381.9501953125,6660700
2016-04-07,6329.79150390625,6329.7998046875,6391.75,6322.14990234375,6391.75,7644600
2016-04-08,6346.6416015625,6346.64990234375,6351.7001953125,6316.14990234375,6327.10009765625,5857000
2016-04-11,6430.591796875,6430.60009765625,6434.75,6324.60009765625,6363.5498046875,6382700
2016-04-12,6470.091796875,6470.10009765625,6475.5,6432.10009765625,6433.7001953125,6206900
2016-04-13,6575.34130859375,6575.35009765625,6587.0498046875,6524.5,6524.64990234375,7855800
2016-04-18,6635.041015625,6635.0498046875,6638.60009765625,6568.89990234375,6610.89990234375,6872600
2016-04-20,6643.291015625,6643.2998046875,6669.7998046875,6615.39990234375,6663.25,8872600
2016-04-21,6634.291015625,6634.2998046875,6694.9501953125,6615.10009765625,6675.39990234375,7864400
2016-04-22,6627.94140625,6627.9501953125,6646.10009765625,6610.0498046875,6621.85009765625,6644700
2016-04-25,6593.44140625,6593.4501953125,6635.39990234375,6573.89990234375,6627.0,6015800
2016-04-26,6669.4912109375,6669.5,6676.35009765625,6570.60009765625,6577.2001953125,7097100
2016-04-27,6684.291015625,6684.2998046875,6695.25,6659.89990234375,6660.4501953125,7342000
2016-04-28,6583.14111328125,6583.14990234375,6695.2001953125,6575.4501953125,6680.0,10518000
2016-04-29,6588.541015625,6588.5498046875,6616.85009765625,6533.85009765625,6583.5498046875,8919600
2016-05-02,6580.14111328125,6580.14990234375,6587.0498046875,6548.9501953125,6569.5498046875,7248600
2016-05-03,6533.541015625,6533.5498046875,6642.85009765625,6527.85009765625,6597.14990234375,7533000
2016-05-04,6484.341796875,6484.35009765625,6529.10009765625,6477.89990234375,6515.64990234375,7410500
2016-05-05,6500.04150390625,6500.0498046875,6532.5498046875,6479.60009765625,6503.14990234375,6778300
2016-05-06,6504.54150390625,6504.5498046875,6508.5498046875,6463.7001953125,6488.4501953125,6342000
2016-05-09,6603.2412109375,6603.25,6608.10009765625,6525.5498046875,6525.5498046875,5953000
2016-05-10,6617.2412109375,6617.25,6626.10009765625,6586.10009765625,6610.39990234375,6000600
2016-05-11,6592.9912109375,6593.0,6625.35009765625,6533.60009765625,6549.64990234375,8265100
2016-05-12,6640.89111328125,6640.89990234375,6646.0498046875,6603.2998046875,6611.89990234375,6142700
2016-05-13,6582.291015625,6582.2998046875,6634.9501953125,6566.7001953125,6628.4501953125,7177800
2016-05-16,6608.2412109375,6608.25,6616.7001953125,6548.9501953125,6595.5498046875,6448100
2016-05-17,6629.69140625,6629.7001953125,6666.60009765625,6622.5,6638.0,6842600
2016-05-18,6621.541015625,6621.5498046875,6629.14990234375,6577.0498046875,6600.10009765625,6417900
2016-05-19,6546.4912109375,6546.5,6626.25,6537.39990234375,6626.25,7165900
2016-05-20,6513.091796875,6513.10009765625,6567.39990234375,6503.85009765625,6555.64990234375,5851100
2016-05-23,6495.24169921875,6495.25,6560.5498046875,6491.0,6560.5498046875,5935700
2016-05-24,6498.591796875,6498.60009765625,6507.0,6472.35009765625,6502.64990234375,6364600
2016-05-25,6626.84130859375,6626.85009765625,6631.2001953125,6547.35009765625,6547.35009765625,6682300
2016-05-26,6725.19140625,6725.2001953125,6732.4501953125,6636.85009765625,6655.2998046875,10028200
2016-05-27,6796.9912109375,6797.0,6801.7998046875,6739.2001953125,6739.2001953125,8525200
2016-05-30,6820.291015625,6820.2998046875,6835.64990234375,6795.2998046875,6811.14990234375,7334800
2016-05-31,6803.9912109375,6804.0,6842.64990234375,6782.5,6842.64990234375,13049600
2016-06-01,6815.44140625,6815.4501953125,6850.4501953125,6811.10009765625,6820.0,7633100
2016-06-02,6849.19140625,6849.2001953125,6856.2001953125,6795.39990234375,6802.85009765625,6377700
2016-06-03,6844.7412109375,6844.75,6885.7001953125,6839.60009765625,6871.85009765625,8928500
2016-06-06,6832.291015625,6832.2998046875,6858.10009765625,6822.10009765625,6853.35009765625,5678300
2016-06-07,6884.14111328125,6884.14990234375,6903.64990234375,6848.39990234375,6859.2001953125,7381900
2016-06-08,6901.79052734375,6901.7998046875,6906.7998046875,6883.4501953125,6899.0498046875,7627900
2016-06-09,6857.7412109375,6857.75,6908.2998046875,6843.5498046875,6908.2998046875,8089800
2016-06-10,6832.041015625,6832.0498046875,6907.2998046875,6828.5,6846.0498046875,9118100
2016-06-13,6785.14111328125,6785.14990234375,6791.5,6745.7001953125,6778.25,8535800
2016-06-14,6793.84130859375,6793.85009765625,6804.60009765625,6762.5,6804.60009765625,9718300
2016-06-15,6865.041015625,6865.0498046875,6870.35009765625,6810.89990234375,6819.14990234375,8503900
2016-06-16,6819.84130859375,6819.85009765625,6851.0498046875,6767.85009765625,6851.0498046875,9157900
2016-06-17,6842.34130859375,6842.35009765625,6865.0,6815.5,6851.25,9591800
2016-06-20,6891.29052734375,6891.2998046875,6894.4501953125,6791.14990234375,6798.2001953125,8202800
2016-06-21,6886.14111328125,6886.14990234375,6906.64990234375,6873.5498046875,6906.64990234375,7385600
2016-06-22,6870.9912109375,6871.0,6902.7001953125,6839.7998046875,6885.89990234375,7202300
2016-06-23,6910.54052734375,6910.5498046875,6919.85009765625,6852.2998046875,6871.7998046875,6481900
2016-06-24,6775.541015625,6775.5498046875,6780.5,6630.5498046875,6722.25,11844300
2016-06-27,6803.69140625,6803.7001953125,6820.39990234375,6743.7001953125,6743.7001953125,7565700
2016-06-28,6837.7412109375,6837.75,6850.39990234375,6811.5,6811.5,7118400
2016-06-29,6907.0908203125,6907.10009765625,6912.9501953125,6872.10009765625,6874.35009765625,8461800
2016-06-30,6980.79052734375,6980.7998046875,6990.5,6944.4501953125,6951.85009765625,13152300
2016-07-01,7027.8408203125,7027.85009765625,7043.4501953125,7003.89990234375,7003.89990234375,9061800
2016-07-04,7071.8408203125,7071.85009765625,7092.10009765625,7066.75,7067.0498046875,8999700
2016-07-05,7050.99072265625,7051.0,7078.4501953125,7035.2001953125,7078.4501953125,14009300
2016-07-07,7050.0908203125,7050.10009765625,7071.75,7039.7001953125,7058.85009765625,10781200
2016-07-08,7039.390625,7039.39990234375,7062.25,7008.0498046875,7062.25,8182300
2016-07-11,7151.3408203125,7151.35009765625,7156.75,7110.39990234375,7111.64990234375,8178700
2016-07-12,7192.24072265625,7192.25,7195.10009765625,7158.2001953125,7179.5,11265800
2016-07-13,7176.99072265625,7177.0,7213.10009765625,7161.0498046875,7208.89990234375,11991900
2016-07-14,7215.3408203125,7215.35009765625,7218.25,7169.64990234375,7178.39990234375,9146400
2016-07-15,7194.390625,7194.39990234375,7245.0498046875,7181.5,7223.60009765625,9387400
2016-07-18,7162.24072265625,7162.25,7232.0,7154.5498046875,7214.2998046875,9121400
2016-07-19,7178.19091796875,7178.2001953125,7186.2001953125,7134.5498046875,7169.25,8868200
2016-07-20,7221.29052734375,7221.2998046875,7222.75,7174.0,7174.0,7823700
2016-07-21,7186.69091796875,7186.7001953125,7243.7001953125,7182.64990234375,7241.85009765625,10275500
2016-07-22,7227.44091796875,7227.4501953125,7230.10009765625,7173.89990234375,7197.0,8654300
2016-07-25,7305.59033203125,7305.60009765625,7307.60009765625,7222.5498046875,7222.5498046875,8877900
2016-07-26,7269.990234375,7270.0,7320.7998046875,7259.89990234375,7309.10009765625,10622300
2016-07-27,7297.89013671875,7297.89990234375,7328.14990234375,7258.0,7282.5,9667100
2016-07-28,7338.64013671875,7338.64990234375,7343.7998046875,7309.9501953125,7315.7001953125,12523400
2016-07-29,7329.990234375,7330.0,7357.4501953125,7324.39990234375,7344.5,8858700
2016-08-01,7335.0400390625,7335.0498046875,7395.0,7292.35009765625,7350.25,9234400
2016-08-02,7310.89013671875,7310.89990234375,7372.35009765625,7306.75,7346.14990234375,8583500
2016-08-03,7232.79052734375,7232.7998046875,7321.5498046875,7220.64990234375,7321.5498046875,7810000
2016-08-04,7248.54052734375,7248.5498046875,7281.7001953125,7215.39990234375,7281.7001953125,7420400
2016-08-05,7364.0400390625,7364.0498046875,7368.2001953125,7289.5498046875,7289.5498046875,8019800
2016-08-08,7398.240234375,7398.25,7406.39990234375,7376.4501953125,7391.2998046875,7092300
2016-08-09,7368.4404296875,7368.4501953125,7411.89990234375,7337.85009765625,7411.89990234375,8785700
2016-08-10,7276.990234375,7277.0,7377.60009765625,7270.10009765625,7377.60009765625,8049500
2016-08-11,7289.490234375,7289.5,7297.60009765625,7237.89990234375,7277.64990234375,7924800
2016-08-12,7347.4404296875,7347.4501953125,7357.2998046875,7301.0,7301.0,7851000
2016-08-16,7339.240234375,7339.25,7362.85009765625,7305.4501953125,7350.60009765625,8183000
2016-08-17,7343.6904296875,7343.7001953125,7368.25,7322.85009765625,7341.25,7816800
2016-08-18,7390.1904296875,7390.2001953125,7398.64990234375,7364.64990234375,7364.64990234375,7607700
2016-08-19,7397.7900390625,7397.7998046875,7413.2998046875,7378.9501953125,7408.14990234375,7944900
2016-08-22,7363.7900390625,7363.7998046875,7414.0,7354.14990234375,7400.60009765625,6419700
2016-08-23,7359.740234375,7359.75,7369.5498046875,7320.89990234375,7363.85009765625,7264100
2016-08-24,7386.0400390625,7386.0498046875,7393.35009765625,7364.10009765625,7372.9501953125,6431900
2016-08-25,7343.490234375,7343.5,7416.0498046875,7337.2001953125,7404.10009765625,10606900
2016-08-26,7334.7900390625,7334.7998046875,7374.2998046875,7317.89990234375,7363.2998046875,7496500
2016-08-29,7360.990234375,7361.0,7367.85009765625,7308.10009765625,7344.60009765625,6287600
2016-08-30,7461.9404296875,7461.9501953125,7465.5498046875,7393.0,7393.0,7049100
2016-08-31,7490.64013671875,7490.64990234375,7520.4501953125,7473.89990234375,7473.89990234375,11638200
2016-09-01,7474.2900390625,7474.2998046875,7512.2998046875,7463.60009765625,7498.25,9358500
2016-09-02,7504.59033203125,7504.60009765625,7513.89990234375,7474.75,7491.5,7136100
2016-09-06,7614.990234375,7615.0,7619.9501953125,7540.7998046875,7540.7998046875,7258100
2016-09-07,7607.1904296875,7607.2001953125,7638.5498046875,7599.85009765625,7638.14990234375,12060900
2016-09-08,7642.68994140625,7642.7001953125,7647.5,7598.2001953125,7610.5498046875,10748000
2016-09-09,7575.5400390625,7575.5498046875,7634.5,7567.60009765625,7634.5,10210700
2016-09-12,7420.490234375,7420.5,7469.5,7410.10009765625,7459.7001953125,8927300
2016-09-14,7455.2900390625,7455.2998046875,7462.75,7409.85009765625,7423.39990234375,8777400
2016-09-15,7462.6904296875,7462.7001953125,7475.35009765625,7435.2001953125,7471.0,7952900
2016-09-16,7487.1904296875,7487.2001953125,7553.7998046875,7461.4501953125,7499.10009765625,11264500
2016-09-19,7513.7900390625,7513.7998046875,7525.89990234375,7486.0498046875,7500.10009765625,7099400
2016-09-20,7490.2900390625,7490.2998046875,7523.85009765625,7478.10009765625,7522.89990234375,6870400
2016-09-21,7491.6904296875,7491.7001953125,7534.10009765625,7478.4501953125,7504.64990234375,6458500
2016-09-22,7572.990234375,7573.0,7588.2998046875,7540.9501953125,7570.39990234375,7519700
2016-09-23,7554.89013671875,7554.89990234375,7592.4501953125,7547.14990234375,7587.7001953125,7670100
2016-09-26,7479.740234375,7479.75,7541.14990234375,7472.14990234375,7540.9501953125,6491900
2016-09-27,7469.9404296875,7469.9501953125,7520.5,7456.0,7503.5,6489300
2016-09-28,7514.9404296875,7514.9501953125,7529.7001953125,7472.0498046875,7478.25,7913200
2016-09-29,7336.84033203125,7336.85009765625,7562.0,7303.9501953125,7555.7001953125,15989800
2016-09-30,7394.84033203125,7394.85009765625,7409.14990234375,7308.85009765625,7326.60009765625,8773200
2016-10-03,7532.240234375,7532.25,7535.0,7429.5,7443.14990234375,7530100
2016-10-04,7567.6904296875,7567.7001953125,7576.10009765625,7533.0498046875,7560.60009765625,8056400
2016-10-05,7565.490234375,7565.5,7600.5498046875,7542.64990234375,7599.39990234375,8278300
2016-10-06,7537.240234375,7537.25,7605.64990234375,7509.75,7588.85009765625,8274000
2016-10-07,7527.1904296875,7527.2001953125,7557.89990234375,7496.85009765625,7552.39990234375,7413600
2016-10-10,7532.6904296875,7532.7001953125,7567.4501953125,7527.9501953125,7559.5,5430200
2016-10-13,7418.34033203125,7418.35009765625,7514.35009765625,7377.2001953125,7508.2998046875,8357000
2016-10-14,7439.84033203125,7439.85009765625,7453.0498046875,7404.0,7437.89990234375,6667000
2016-10-17,7384.490234375,7384.5,7465.4501953125,7371.35009765625,7464.14990234375,7913700
2016-10-18,7512.2900390625,7512.2998046875,7517.2998046875,7416.0,7416.14990234375,7484000
2016-10-19,7507.6904296875,7507.7001953125,7534.2998046875,7486.10009765625,7533.64990234375,7601900
2016-10-20,7538.7900390625,7538.7998046875,7565.5,7526.5,7539.35009765625,7679300
2016-10-21,7541.6904296875,7541.7001953125,7550.10009765625,7505.14990234375,7550.0,7509200
2016-10-24,7551.5400390625,7551.5498046875,7575.4501953125,7535.35009765625,7559.0,6963000
2016-10-25,7541.490234375,7541.5,7561.25,7512.5,7561.0498046875,7258400
2016-10-26,7476.740234375,7476.75,7519.2998046875,7459.2998046875,7519.2998046875,8426400
2016-10-27,7452.14013671875,7452.14990234375,7467.7998046875,7407.10009765625,7467.14990234375,10091700
2016-10-28,7494.09033203125,7494.10009765625,7502.2001953125,7439.35009765625,7464.5498046875,7478500
2016-11-01,7502.1904296875,7502.2001953125,7539.10009765625,7491.7998046875,7525.25,7020800
2016-11-02,7391.39013671875,7391.39990234375,7433.5498046875,7383.2998046875,7433.5498046875,6696000
2016-11-03,7344.09033203125,7344.10009765625,7420.0,7335.75,7382.75,7015100
2016-11-04,7274.09033203125,7274.10009765625,7359.89990234375,7245.5,7359.7001953125,8254800
2016-11-07,7330.9404296875,7330.9501953125,7366.9501953125,7317.85009765625,7360.75,6039700
2016-11-08,7366.0400390625,7366.0498046875,7377.60009765625,7314.25,7366.35009765625,5935800
2016-11-09,7247.44091796875,7247.4501953125,7276.7001953125,6829.7998046875,6924.9501953125,13735500
2016-11-10,7342.2900390625,7342.2998046875,7408.7998046875,7329.89990234375,7358.0498046875,10348700
2016-11-11,7126.49072265625,7126.5,7284.75,7112.5498046875,7280.4501953125,9721600
2016-11-15,6916.44091796875,6916.4501953125,7122.2001953125,6902.89990234375,7120.89990234375,11531000
2016-11-16,6928.0908203125,6928.10009765625,7014.25,6897.75,7002.0,8909500
2016-11-17,6903.44091796875,6903.4501953125,6966.5,6884.85009765625,6928.4501953125,6672200
2016-11-18,6908.49072265625,6908.5,6943.5498046875,6873.0498046875,6920.5498046875,6621900
2016-11-21,6761.541015625,6761.5498046875,6934.35009765625,6751.14990234375,6934.35009765625,7902000
2016-11-22,6835.291015625,6835.2998046875,6850.39990234375,6764.25,6811.75,7464700
2016-11-23,6882.64111328125,6882.64990234375,6890.14990234375,6817.35009765625,6881.2001953125,6736800
2016-11-24,6837.4912109375,6837.5,6879.2998046875,6820.14990234375,6863.25,9320600
2016-11-25,6960.74072265625,6960.75,6966.4501953125,6849.75,6873.89990234375,7038500
2016-11-28,6983.390625,6983.39990234375,7000.9501953125,6929.2001953125,6940.0,6779000
2016-11-29,7003.5908203125,7003.60009765625,7048.7001953125,6991.5498046875,6993.5,6702700
2016-11-30,7079.390625,7079.39990234375,7085.7998046875,7009.64990234375,7030.25,10781400
2016-12-01,7040.24072265625,7040.25,7103.7998046875,7034.64990234375,7099.60009765625,6756300
2016-12-02,6947.29052734375,6947.2998046875,7008.64990234375,6934.85009765625,7005.5,6547700
2016-12-05,6984.24072265625,6984.25,6993.60009765625,6929.4501953125,6951.7998046875,5441500
2016-12-06,7001.5908203125,7001.60009765625,7030.35009765625,6994.0498046875,7007.14990234375,5324200
2016-12-07,6971.19091796875,6971.2001953125,7037.75,6948.9501953125,7026.60009765625,6697200
2016-12-08,7089.24072265625,7089.25,7094.2001953125,7014.75,7015.7998046875,6022700
2016-12-09,7101.140625,7101.14990234375,7112.25,7085.2001953125,7111.75,6243400
2016-12-12,7023.19091796875,7023.2001953125,7083.10009765625,7009.25,7083.10009765625,4887500
2016-12-13,7045.3408203125,7045.35009765625,7050.2001953125,7007.64990234375,7040.5,6103400
2016-12-14,7004.640625,7004.64990234375,7053.89990234375,6999.2001953125,7053.89990234375,5698900
2016-12-15,6989.24072265625,6989.25,7047.35009765625,6953.10009765625,6957.4501953125,6120500
2016-12-16,6976.49072265625,6976.5,7009.5498046875,6965.60009765625,7009.39990234375,6083800
2016-12-19,6943.3408203125,6943.35009765625,6973.5,6936.5498046875,6973.0498046875,4701000
2016-12-20,6908.0908203125,6908.10009765625,6960.10009765625,6892.7998046875,6948.89990234375,5560700
2016-12-21,6895.99072265625,6896.0,6933.85009765625,6889.7001953125,6929.75,5443900
2016-12-22,6816.34130859375,6816.35009765625,6883.89990234375,6806.10009765625,6883.39990234375,5093000
2016-12-23,6814.89111328125,6814.89990234375,6850.89990234375,6779.2001953125,6814.0498046875,5544300
2016-12-26,6724.44140625,6724.4501953125,6801.7998046875,6720.25,6800.2001953125,4999400
2016-12-27,6831.9912109375,6832.0,6840.85009765625,6711.64990234375,6730.89990234375,5688100
2016-12-28,6847.39111328125,6847.39990234375,6902.0,6839.89990234375,6849.4501953125,5655700
2016-12-29,6915.44091796875,6915.4501953125,6920.89990234375,6839.7998046875,6846.7998046875,8649800
2016-12-30,6982.79052734375,6982.7998046875,6993.39990234375,6928.85009765625,6931.85009765625,6361900
2017-01-02,7002.49072265625,7002.5,7014.14990234375,6955.4501953125,7007.39990234375,6022500
2017-01-03,7028.74072265625,7028.75,7048.0,6989.0,7019.0,6274000
2017-01-04,7030.74072265625,7030.75,7058.60009765625,7024.2001953125,7042.25,8000400
2017-01-05,7106.890625,7106.89990234375,7112.60009765625,7061.7998046875,7063.14990234375,8271200
2017-01-06,7083.0908203125,7083.10009765625,7140.25,7073.5,7119.0498046875,7023500
2017-01-09,7085.140625,7085.14990234375,7101.75,7076.85009765625,7099.5498046875,5765600
2017-01-10,7132.19091796875,7132.2001953125,7136.0498046875,7106.4501953125,7108.35009765625,6678400
2017-01-11,7214.140625,7214.14990234375,7220.35009765625,7160.35009765625,7163.89990234375,8249300
2017-01-12,7231.8408203125,7231.85009765625,7244.2001953125,7209.10009765625,7225.35009765625,7869200
2017-01-13,7228.29052734375,7228.2998046875,7271.0,7202.9501953125,7268.9501953125,6765900
2017-01-16,7247.94091796875,7247.9501953125,7255.64990234375,7209.2998046875,7224.0,6036700
2017-01-17,7243.640625,7243.64990234375,7276.0498046875,7227.0,7255.7001953125,6148700
2017-01-18,7268.990234375,7269.0,7299.2001953125,7249.7998046875,7252.25,7011300
2017-01-19,7287.740234375,7287.75,7295.39990234375,7260.35009765625,7271.9501953125,7354700
2017-01-20,7202.74072265625,7202.75,7281.85009765625,7196.64990234375,7267.10009765625,8692300
2017-01-23,7242.54052734375,7242.5498046875,7251.0,7189.7998046875,7191.39990234375,6636200
2017-01-24,7315.240234375,7315.25,7319.7001953125,7254.60009765625,7259.7998046875,6834100
2017-01-25,7417.6904296875,7417.7001953125,7424.89990234375,7334.7998046875,7338.89990234375,11139800
2017-01-27,7455.14013671875,7455.14990234375,7483.89990234375,7424.39990234375,7426.85009765625,10439600
2017-01-30,7452.14013671875,7452.14990234375,7473.0,7432.10009765625,7451.7001953125,9434900
2017-01-31,7379.2900390625,7379.2998046875,7455.2001953125,7372.5498046875,7453.7998046875,13031800
2017-02-01,7516.0400390625,7516.0498046875,7520.7001953125,7366.89990234375,7390.5498046875,13216500
2017-02-02,7547.09033203125,7547.10009765625,7564.4501953125,7501.5498046875,7525.4501953125,12299300
2017-02-03,7569.89013671875,7569.89990234375,7578.0498046875,7544.0,7555.7001953125,13269300
2017-02-06,7628.09033203125,7628.10009765625,7638.35009765625,7600.25,7610.7998046875,11724400
2017-02-07,7603.1904296875,7603.2001953125,7638.7998046875,7576.0498046875,7637.5498046875,12424400
2017-02-08,7614.740234375,7614.75,7630.60009765625,7562.35009765625,7615.14990234375,10482200
2017-02-09,7623.59033203125,7623.60009765625,7660.2998046875,7577.5498046875,7636.2998046875,10362100
2017-02-10,7631.240234375,7631.25,7656.7998046875,7613.75,7651.89990234375,8979100
2017-02-13,7626.9404296875,7626.9501953125,7660.0498046875,7583.10009765625,7655.2998046875,9225000
2017-02-14,7605.0400390625,7605.0498046875,7640.64990234375,7593.14990234375,7640.60009765625,8533000
2017-02-15,7531.59033203125,7531.60009765625,7613.60009765625,7519.85009765625,7597.39990234375,9415100
2017-02-16,7599.4404296875,7599.4501953125,7602.4501953125,7522.4501953125,7543.2998046875,8747300
2017-02-17,7637.98974609375,7638.0,7681.10009765625,7617.2001953125,7672.7998046875,10030400
2017-02-20,7691.83984375,7691.85009765625,7694.7001953125,7632.14990234375,7640.10009765625,9755300
2017-02-21,7725.23974609375,7725.25,7735.35009765625,7690.25,7704.39990234375,8837600
2017-02-22,7721.58984375,7721.60009765625,7756.4501953125,7706.2998046875,7745.10009765625,10059900
2017-02-23,7729.6396484375,7729.64990234375,7762.60009765625,7720.75,7741.60009765625,13034000
2017-02-27,7706.48974609375,7706.5,7746.14990234375,7700.39990234375,7733.2998046875,9800700
2017-02-28,7709.08984375,7709.10009765625,7729.2998046875,7695.25,7713.39990234375,11216300
2017-03-01,7754.68994140625,7754.7001953125,7769.9501953125,7729.35009765625,7733.2998046875,10291000
2017-03-02,7691.6396484375,7691.64990234375,7793.89990234375,7676.0,7787.9501953125,10381200
2017-03-03,7696.18994140625,7696.2001953125,7703.7001953125,7659.25,7679.10009765625,7933700
2017-03-06,7745.3896484375,7745.39990234375,7749.60009765625,7715.4501953125,7716.14990234375,7194500
2017-03-07,7735.28955078125,7735.2998046875,7758.7998046875,7723.25,7758.75,7592000
2017-03-08,7710.93994140625,7710.9501953125,7745.5498046875,7678.7001953125,7740.9501953125,8094300
2017-03-09,7709.98974609375,7710.0,7731.89990234375,7692.75,7704.0498046875,7769400
2017-03-10,7710.8896484375,7710.89990234375,7751.2998046875,7690.9501953125,7732.5,6850800
2017-03-14,7835.6396484375,7835.64990234375,7864.60009765625,7807.5,7844.2998046875,9908800
2017-03-15,7854.73974609375,7854.75,7869.5498046875,7836.10009765625,7842.14990234375,9807900
2017-03-16,7928.53955078125,7928.5498046875,7931.64990234375,7892.64990234375,7893.5,10594300
2017-03-17,7933.08984375,7933.10009765625,7974.9501953125,7913.39990234375,7967.7001953125,11678900
2017-03-20,7918.58984375,7918.60009765625,7945.0498046875,7906.0,7944.89990234375,10467300
2017-03-21,7909.18994140625,7909.2001953125,7933.2001953125,7874.5,7927.5,8739200
2017-03-22,7830.08984375,7830.10009765625,7861.14990234375,7817.64990234375,7849.64990234375,8606300
2017-03-23,7885.68994140625,7885.7001953125,7895.7001953125,7852.0498046875,7852.0498046875,8349700
2017-03-24,7905.28955078125,7905.2998046875,7926.85009765625,7894.75,7900.5,9531800
2017-03-27,7865.28955078125,7865.2998046875,7900.60009765625,7847.75,7899.75,8099400
2017-03-28,7912.08984375,7912.10009765625,7919.85009765625,7894.0,7895.2998046875,7780300
2017-03-29,7945.28955078125,7945.2998046875,7950.9501953125,7916.7998046875,7935.64990234375,9471600
2017-03-30,7976.8896484375,7976.89990234375,7983.85009765625,7946.75,7950.0,13676200
2017-03-31,7995.03955078125,7995.0498046875,8005.75,7971.0,7975.0498046875,10366700
2017-04-03,8053.13916015625,8053.14990234375,8057.39990234375,8014.39990234375,8028.5498046875,8364400
2017-04-05,8095.08935546875,8095.10009765625,8100.7001953125,8045.75,8077.85009765625,10730600
2017-04-06,8092.08935546875,8092.10009765625,8096.25,8056.35009765625,8081.5,9448300
2017-04-07,8045.33935546875,8045.35009765625,8100.5,8035.0,8064.0498046875,9889200
2017-04-10,8052.08935546875,8052.10009765625,8077.9501953125,8038.2998046875,8070.4501953125,7817400
2017-04-11,8107.08935546875,8107.10009765625,8108.4501953125,8050.10009765625,8056.5498046875,11557500
2017-04-12,8078.83935546875,8078.85009765625,8122.5498046875,8028.7001953125,8115.2001953125,10915600
2017-04-13,8044.88916015625,8044.89990234375,8080.7001953125,8040.35009765625,8080.7001953125,8120400
2017-04-17,8042.58935546875,8042.60009765625,8058.0,8017.2001953125,8044.0,10835500
2017-04-18,8003.1396484375,8003.14990234375,8117.2001953125,7995.35009765625,8065.10009765625,12769200
2017-04-19,8020.9892578125,8021.0,8031.25,7983.2001953125,8008.39990234375,9477100
2017-04-20,8063.08935546875,8063.10009765625,8069.35009765625,8032.5498046875,8036.25,9469400
2017-04-21,8057.689453125,8057.7001953125,8106.5,8030.4501953125,8099.9501953125,10842700
2017-04-24,8137.33935546875,8137.35009765625,8142.4501953125,8072.7998046875,8075.2001953125,10664200
2017-04-25,8216.689453125,8216.7001953125,8218.900390625,8167.7001953125,8183.60009765625,10554200
2017-04-26,8230.8388671875,8230.849609375,8260.349609375,8178.9501953125,8244.7001953125,11935100
2017-04-27,8222.189453125,8222.2001953125,8245.25,8210.650390625,8241.9501953125,11412300
2017-04-28,8214.2890625,8214.2998046875,8227.7998046875,8195.5498046875,8226.400390625,11592200
2017-05-02,8231.3388671875,8231.349609375,8260.0498046875,8186.0,8244.7001953125,10324500
2017-05-03,8227.689453125,8227.7001953125,8260.7998046875,8215.400390625,8259.5498046875,9679800
2017-05-04,8265.7890625,8265.7998046875,8269.099609375,8235.7998046875,8263.849609375,10514700
2017-05-05,8193.2392578125,8193.25,8279.0,8174.25,8277.7001953125,12055400
2017-05-08,8226.0888671875,8226.099609375,8241.25,8206.599609375,8216.9501953125,8799800
2017-05-09,8242.689453125,8242.7001953125,8256.0,8222.650390625,8246.2998046875,9992700
2017-05-10,8320.189453125,8320.2001953125,8325.599609375,8265.0498046875,8266.650390625,9261700
2017-05-11,8330.9892578125,8331.0,8358.5,8323.7001953125,8354.650390625,8974100
2017-05-12,8299.189453125,8299.2001953125,8343.900390625,8271.9501953125,8343.150390625,8323100
2017-05-15,8351.2890625,8351.2998046875,8353.7001953125,8322.5,8329.75,9751000
2017-05-16,8398.939453125,8398.9501953125,8401.400390625,8359.099609375,8367.25,10574900
2017-05-17,8395.9892578125,8396.0,8404.099609375,8371.75,8402.0,9203300
2017-05-18,8279.1396484375,8279.150390625,8361.4501953125,8269.25,8334.2998046875,10670300
2017-05-19,8258.189453125,8258.2001953125,8352.4501953125,8218.5498046875,8318.2001953125,10385200
2017-05-22,8235.0390625,8235.0498046875,8322.5,8228.7998046875,8304.900390625,9537300
2017-05-23,8159.13916015625,8159.14990234375,8243.349609375,8119.89990234375,8242.7998046875,11349000
2017-05-24,8106.58935546875,8106.60009765625,8192.25,8087.0,8178.35009765625,11360300
2017-05-25,8233.8896484375,8233.900390625,8240.9501953125,8119.14990234375,8130.7001953125,13702700
2017-05-26,8331.8388671875,8331.849609375,8335.7998046875,8231.349609375,8238.9501953125,10798500
2017-05-29,8299.4892578125,8299.5,8353.7001953125,8266.099609375,8315.7001953125,10544200
2017-05-30,8328.939453125,8328.9501953125,8334.349609375,8262.400390625,8286.0,11140600
2017-05-31,8350.939453125,8350.9501953125,8369.099609375,8330.2001953125,8344.25,15686900
2017-06-01,8367.1396484375,8367.150390625,8374.650390625,8338.0498046875,8343.849609375,9220300
2017-06-02,8406.5390625,8406.5498046875,8416.849609375,8385.099609375,8403.9501953125,12111500
2017-06-05,8435.7392578125,8435.75,8448.2998046875,8404.5,8418.650390625,8178900
2017-06-06,8397.189453125,8397.2001953125,8460.5,8383.75,8457.4501953125,7746300
2017-06-07,8431.4892578125,8431.5,8442.0,8400.2001953125,8420.099609375,7987800
2017-06-08,8429.1396484375,8429.150390625,8456.849609375,8415.5498046875,8451.75,7371900
2017-06-09,8452.7392578125,8452.75,8459.2001953125,8398.5,8427.150390625,7834000
2017-06-12,8408.689453125,8408.7001953125,8439.150390625,8392.25,8439.0,7809600
2017-06-13,8407.9892578125,8408.0,8448.5,8396.7001953125,8415.75,8858200
2017-06-14,8420.7890625,8420.7998046875,8424.9501953125,8381.099609375,8421.0498046875,9381200
2017-06-15,8400.189453125,8400.2001953125,8427.7001953125,8383.5498046875,8420.849609375,10093500
2017-06-16,8411.439453125,8411.4501953125,8440.9501953125,8392.2001953125,8416.5498046875,10150200
2017-06-19,8453.0888671875,8453.099609375,8467.4501953125,8428.7001953125,8446.9501953125,6872700
2017-06-20,8453.9892578125,8454.0,8475.900390625,8444.75,8467.2998046875,7686100
2017-06-21,8443.5888671875,8443.599609375,8454.9501953125,8424.0498046875,8451.5498046875,9176100
2017-06-22,8423.8388671875,8423.849609375,8496.0,8412.099609375,8455.900390625,12237900
2017-06-23,8355.0888671875,8355.099609375,8438.349609375,8332.7001953125,8435.599609375,11567000
2017-06-27,8285.4892578125,8285.5,8382.150390625,8249.5,8372.349609375,11788800
2017-06-28,8279.689453125,8279.7001953125,8303.099609375,8249.099609375,8286.7001953125,10067200
2017-06-29,8301.0888671875,8301.099609375,8352.9501953125,8292.75,8308.400390625,15074200
2017-06-30,8331.5888671875,8331.599609375,8343.7998046875,8250.2998046875,8280.099609375,11194800
2017-07-03,8416.3896484375,8416.400390625,8423.4501953125,8348.400390625,8380.0,9133000
2017-07-04,8410.689453125,8410.7001953125,8450.7998046875,8394.7998046875,8442.900390625,9347600
2017-07-05,8451.4892578125,8451.5,8456.400390625,8412.400390625,8419.400390625,9712000
2017-07-06,8481.7392578125,8481.75,8506.150390625,8463.5498046875,8470.25,10331700
2017-07-07,8479.439453125,8479.4501953125,8494.349609375,8457.25,8480.150390625,11035600
2017-07-10,8556.939453125,8556.9501953125,8563.849609375,8465.5,8521.150390625,2648400
2017-07-11,8544.8896484375,8544.900390625,8596.9501953125,8539.599609375,8580.0,10236700
2017-07-12,8585.48828125,8585.5,8591.650390625,8552.25,8564.2998046875,9770900
2017-07-13,8646.2880859375,8646.2998046875,8649.650390625,8619.2001953125,8620.5498046875,8869200
2017-07-14,8640.6884765625,8640.7001953125,8664.2998046875,8599.5,8664.2998046875,9161400
2017-07-17,8659.48828125,8659.5,8668.0,8637.4501953125,8659.7001953125,10828900
2017-07-18,8589.7880859375,8589.7998046875,8642.349609375,8579.9501953125,8605.400390625,11118400
2017-07-19,8662.138671875,8662.150390625,8665.599609375,8616.150390625,8617.9501953125,11233700
2017-07-20,8641.587890625,8641.599609375,8680.349609375,8634.2998046875,8678.0498046875,9512500
2017-07-21,8669.73828125,8669.75,8678.150390625,8602.599609375,8663.849609375,14089400
2017-07-24,8702.837890625,8702.849609375,8719.4501953125,8676.2001953125,8687.900390625,14760600
2017-07-25,8710.587890625,8710.599609375,8735.849609375,8693.2998046875,8735.2001953125,12171200
2017-07-26,8748.73828125,8748.75,8753.400390625,8717.349609375,8727.349609375,15808500
2017-07-27,8737.087890625,8737.099609375,8817.349609375,8724.7001953125,8783.2998046875,17086400
2017-07-28,8747.4384765625,8747.4501953125,8755.9501953125,8691.349609375,8715.75,12811500
2017-07-31,8793.2880859375,8793.2998046875,8799.2998046875,8752.25,8767.0498046875,10210000
2017-08-01,8812.587890625,8812.599609375,8820.75,8786.0498046875,8815.25,8351500
2017-08-02,8786.837890625,8786.849609375,8832.7998046875,8765.9501953125,8831.5,10078300
2017-08-03,8729.2880859375,8729.2998046875,8788.349609375,8715.0498046875,8788.349609375,12177600
2017-08-04,8776.1884765625,8776.2001953125,8784.9501953125,8705.0498046875,8722.7001953125,10649100
2017-08-07,8806.4384765625,8806.4501953125,8822.400390625,8784.150390625,8789.849609375,9910400
2017-08-08,8726.837890625,8726.849609375,8831.0498046875,8695.5,8820.849609375,11905400
2017-08-09,8637.138671875,8637.150390625,8711.900390625,8620.7001953125,8709.099609375,12238900
2017-08-10,8497.7392578125,8497.75,8606.900390625,8443.099609375,8603.7001953125,12891700
2017-08-11,8427.689453125,8427.7001953125,8487.75,8371.2001953125,8395.400390625,14135600
2017-08-14,8541.4892578125,8541.5,8558.7001953125,8477.5,8479.4501953125,11073000
2017-08-16,8635.6884765625,8635.7001953125,8640.5,8526.9501953125,8575.0,10559300
2017-08-17,8643.2880859375,8643.2998046875,8685.25,8627.400390625,8674.150390625,10102800
2017-08-18,8594.23828125,8594.25,8607.0498046875,8541.5,8607.0498046875,9666200
2017-08-21,8509.3896484375,8509.400390625,8635.400390625,8497.25,8618.5,8626400
2017-08-22,8499.2890625,8499.2998046875,8575.9501953125,8487.099609375,8558.9501953125,9474200
2017-08-23,8584.98828125,8585.0,8589.400390625,8523.0498046875,8536.650390625,8309800
2017-08-24,8605.73828125,8605.75,8622.099609375,8586.5498046875,8610.2001953125,8963300
2017-08-28,8669.587890625,8669.599609375,8677.349609375,8632.75,8646.2998046875,8634900
2017-08-29,8571.7880859375,8571.7998046875,8648.900390625,8561.75,8648.7001953125,9149400
2017-08-30,8663.138671875,8663.150390625,8678.7001953125,8625.7998046875,8628.4501953125,9505800
2017-08-31,8694.9384765625,8694.9501953125,8700.5,8647.75,8683.400390625,13565400
2017-09-01,8755.23828125,8755.25,8763.2998046875,8700.4501953125,8717.0498046875,10602500
2017-09-04,8700.337890625,8700.349609375,8765.7998046875,8639.900390625,8763.75,10399000
2017-09-05,8747.1884765625,8747.2001953125,8754.900390625,8698.400390625,8723.0,8891600
2017-09-06,8732.388671875,8732.400390625,8745.7001953125,8686.9501953125,8703.2998046875,10296200
2017-09-07,8757.138671875,8757.150390625,8785.900390625,8747.900390625,8766.2001953125,10303100
2017-09-08,8749.9384765625,8749.9501953125,8792.0498046875,8729.9501953125,8785.7001953125,10428800
2017-09-11,8810.9384765625,8810.9501953125,8830.400390625,8782.5498046875,8789.2998046875,10085800
2017-09-12,8890.638671875,8890.650390625,8894.2001953125,8833.75,8854.849609375,10463500
2017-09-13,8866.837890625,8866.849609375,8928.099609375,8853.099609375,8900.75,11750800
2017-09-14,8884.9384765625,8884.9501953125,8918.7001953125,8865.900390625,8894.75,10056200
2017-09-15,8887.587890625,8887.599609375,8906.7998046875,8839.25,8864.0,12258000
2017-09-18,8946.888671875,8946.900390625,8963.7998046875,8931.7998046875,8932.900390625,9990800
2017-09-19,8951.73828125,8951.75,8970.099609375,8930.099609375,8967.7998046875,12039200
2017-09-20,8938.388671875,8938.400390625,8976.75,8932.7001953125,8970.349609375,11029600
2017-09-21,8911.1884765625,8911.2001953125,8957.5498046875,8845.900390625,8942.0,10844100
2017-09-22,8737.98828125,8738.0,8887.0498046875,8726.25,8886.7001953125,10798700
2017-09-25,8638.2880859375,8638.2998046875,8738.0498046875,8574.7998046875,8737.849609375,11547500
2017-09-26,8654.587890625,8654.599609375,8677.5,8592.900390625,8641.099609375,9497800
2017-09-27,8520.939453125,8520.9501953125,8700.349609375,8502.400390625,8700.349609375,9928200
2017-09-28,8557.0888671875,8557.099609375,8571.9501953125,8476.2998046875,8529.150390625,13920800
2017-09-29,8599.98828125,8600.0,8653.5,8586.5,8597.7998046875,9845300
2017-10-03,8662.388671875,8662.400390625,8691.900390625,8640.7998046875,8689.75,8502000
2017-10-04,8706.837890625,8706.849609375,8725.849609375,8658.2998046875,8687.7998046875,8483000
2017-10-05,8706.4384765625,8706.4501953125,8746.150390625,8699.75,8721.75,8661800
2017-10-06,8787.388671875,8787.400390625,8793.400390625,8729.0,8729.9501953125,10059900
2017-10-09,8798.2880859375,8798.2998046875,8824.75,8774.650390625,8799.7998046875,10125200
2017-10-10,8836.388671875,8836.400390625,8848.599609375,8816.5498046875,8823.4501953125,10090800
2017-10-11,8792.388671875,8792.400390625,8886.7998046875,8760.650390625,8865.75,11633000
2017-10-12,8890.0380859375,8890.0498046875,8895.7001953125,8784.650390625,8818.599609375,9567800
2017-10-13,8937.1884765625,8937.2001953125,8954.650390625,8913.9501953125,8916.650390625,10718800
2017-10-16,8985.23828125,8985.25,9000.099609375,8937.650390625,8974.25,9807700
2017-10-17,9002.337890625,9002.349609375,9011.099609375,8972.7998046875,8988.75,9506500
2017-10-18,8984.638671875,8984.650390625,9005.900390625,8957.0498046875,8991.650390625,9285600
2017-10-19,8937.638671875,8937.650390625,8994.7998046875,8915.099609375,8992.9501953125,2251400
2017-10-23,8972.888671875,8972.900390625,8998.2001953125,8922.75,8961.9501953125,10216900
2017-10-24,8993.7880859375,8993.7998046875,9017.900390625,8973.7001953125,9002.7001953125,10635800
2017-10-25,9065.138671875,9065.150390625,9103.0,9017.7998046875,9089.5,22925000
2017-10-26,9106.73828125,9106.75,9115.150390625,9047.400390625,9067.2001953125,20422800
2017-10-27,9104.4384765625,9104.4501953125,9136.4501953125,9094.5,9128.849609375,13558400
2017-10-30,9165.087890625,9165.099609375,9177.2001953125,9132.150390625,9137.5498046875,11916800
2017-10-31,9153.587890625,9153.599609375,9175.5,9130.9501953125,9173.9501953125,13728300
2017-11-01,9234.837890625,9234.849609375,9249.150390625,9201.0498046875,9203.9501953125,14645600
2017-11-02,9237.73828125,9237.75,9264.099609375,9217.599609375,9243.2998046875,12672600
2017-11-03,9260.638671875,9260.650390625,9272.150390625,9219.7001953125,9272.099609375,14136300
2017-11-06,9273.087890625,9273.099609375,9305.75,9242.25,9254.2998046875,12496600
2017-11-07,9169.5380859375,9169.5498046875,9309.650390625,9152.650390625,9303.150390625,14520000
2017-11-08,9117.5380859375,9117.5498046875,9201.2001953125,9097.599609375,9183.900390625,11864000
2017-11-09,9147.2880859375,9147.2998046875,9183.2001953125,9087.2001953125,9169.650390625,11302900
2017-11-10,9154.9384765625,9154.9501953125,9178.400390625,9100.349609375,9144.75,12472100
2017-11-13,9082.4384765625,9082.4501953125,9171.150390625,9075.7998046875,9163.0498046875,13299500
2017-11-14,9051.48828125,9051.5,9106.9501953125,9042.0,9085.7001953125,12167100
2017-11-15,8973.73828125,8973.75,9043.150390625,8949.0,9039.849609375,12193800
2017-11-16,9064.98828125,9065.0,9078.599609375,8993.900390625,9005.099609375,12216600
2017-11-17,9137.087890625,9137.099609375,9185.5,9125.150390625,9161.7998046875,12064000
2017-11-20,9161.888671875,9161.900390625,9169.9501953125,9122.349609375,9143.5,10617100
2017-11-21,9185.388671875,9185.400390625,9215.849609375,9166.400390625,9192.0498046875,12374000
2017-11-22,9195.6884765625,9195.7001953125,9219.9501953125,9161.75,9210.849609375,11286000
2017-11-23,9207.388671875,9207.400390625,9226.75,9164.2998046875,9212.349609375,10331700
2017-11-24,9246.0380859375,9246.0498046875,9254.5,9221.0,9226.75,10347100
2017-11-27,9267.48828125,9267.5,9272.849609375,9212.9501953125,9228.2001953125,10588500
2017-11-28,9254.2880859375,9254.2998046875,9286.849609375,9234.7998046875,9266.2998046875,11826600
2017-11-29,9244.6884765625,9244.7001953125,9280.650390625,9231.650390625,9265.5,10193500
2017-11-30,9154.48828125,9154.5,9220.349609375,9143.400390625,9220.349609375,16439300
2017-12-01,9060.388671875,9060.400390625,9209.150390625,9046.7001953125,9191.4501953125,10353800
2017-12-04,9059.337890625,9059.349609375,9110.849609375,9023.599609375,9106.7001953125,8572100
2017-12-05,9056.587890625,9056.599609375,9074.9501953125,8995.0,9052.4501953125,8822900
2017-12-06,8988.5380859375,8988.5498046875,9050.9501953125,8981.9501953125,9034.849609375,8899200
2017-12-07,9103.0380859375,9103.0498046875,9114.400390625,9005.5498046875,9005.75,9330600
2017-12-08,9190.5380859375,9190.5498046875,9197.0498046875,9135.400390625,9136.599609375,12479500
2017-12-11,9231.888671875,9231.900390625,9241.150390625,9205.2001953125,9232.25,9608500
2017-12-12,9156.48828125,9156.5,9237.599609375,9149.349609375,9237.150390625,9037600
2017-12-13,9101.7880859375,9101.7998046875,9197.5498046875,9078.7998046875,9155.849609375,10629300
2017-12-14,9133.638671875,9133.650390625,9150.25,9043.849609375,9135.25,8837700
2017-12-15,9216.73828125,9216.75,9242.849609375,9207.599609375,9217.7998046875,9898400
2017-12-18,9270.837890625,9270.849609375,9318.650390625,9000.400390625,9162.5498046875,11288200
2017-12-19,9360.4375,9360.4501953125,9367.0498046875,9297.75,9300.849609375,9921400
2017-12-20,9363.4375,9363.4501953125,9398.9501953125,9351.0,9386.650390625,14662000
2017-12-21,9387.7373046875,9387.75,9399.75,9364.2998046875,9391.2998046875,18463900
2017-12-22,9431.4873046875,9431.5,9440.2001953125,9402.25,9408.75,13876200
2017-12-26,9470.3369140625,9470.349609375,9477.400390625,9427.900390625,9452.0,15672000
2017-12-27,9438.2373046875,9438.25,9493.849609375,9413.25,9478.150390625,19714700
2017-12-28,9435.8369140625,9435.849609375,9481.099609375,9425.7998046875,9450.25,24402600
2017-12-29,9490.6376953125,9490.650390625,9496.400390625,9454.650390625,9456.7998046875,25971400
2018-01-01,9434.4873046875,9434.5,9518.900390625,9421.7001953125,9500.2001953125,21722200
2018-01-02,9417.8369140625,9417.849609375,9487.7998046875,9377.2998046875,9474.099609375,20647700
2018-01-03,9439.3369140625,9439.349609375,9483.349609375,9424.099609375,9455.5498046875,15767100
2018-01-04,9505.7373046875,9505.75,9511.849609375,9441.900390625,9468.099609375,18783300
2018-01-05,9573.4375,9573.4501953125,9577.2998046875,9529.9501953125,9536.75,20064800
2018-01-08,9639.2373046875,9639.25,9645.75,9606.5,9608.150390625,15777600
2018-01-09,9640.7373046875,9640.75,9669.4501953125,9607.7001953125,9661.099609375,15900200
2018-01-10,9630.5869140625,9630.599609375,9658.7998046875,9593.5,9655.75,15578100
2018-01-11,9650.287109375,9650.2998046875,9669.2998046875,9614.650390625,9635.900390625,13859300
2018-01-12,9665.1875,9665.2001953125,9689.75,9583.2001953125,9681.849609375,16541500
2018-01-15,9699.8369140625,9699.849609375,9743.650390625,9690.900390625,9700.9501953125,13428200
2018-01-16,9612.5869140625,9612.599609375,9720.349609375,9598.0498046875,9720.099609375,16595100
2018-01-17,9686.5869140625,9686.599609375,9696.400390625,9536.2001953125,9612.099609375,17409100
2018-01-18,9646.787109375,9646.7998046875,9769.7998046875,9605.400390625,9761.099609375,17720100
2018-01-19,9723.0869140625,9723.099609375,9733.5,9625.099609375,9658.400390625,13060800
2018-01-22,9787.287109375,9787.2998046875,9793.400390625,9710.9501953125,9721.4501953125,12662800
2018-01-23,9877.1875,9877.2001953125,9885.25,9814.650390625,9816.400390625,15139800
2018-01-24,9853.8876953125,9853.900390625,9895.0,9825.25,9865.7001953125,13711300
2018-01-25,9809.9873046875,9810.0,9866.849609375,9780.349609375,9866.849609375,16417600
2018-01-29,9819.4375,9819.4501953125,9868.400390625,9806.0498046875,9829.0,11459400
2018-01-30,9743.037109375,9743.0498046875,9810.0,9729.150390625,9809.9501953125,13659100
2018-01-31,9697.8876953125,9697.900390625,9746.0498046875,9648.150390625,9716.7001953125,12618100
2018-02-01,9687.037109375,9687.0498046875,9764.349609375,9551.5498046875,9717.2998046875,14403900
2018-02-02,9409.787109375,9409.7998046875,9611.349609375,9392.900390625,9606.099609375,18861200
2018-02-05,9344.3876953125,9344.400390625,9367.5498046875,9221.0498046875,9254.5498046875,14829200
2018-02-06,9190.5380859375,9190.5498046875,9265.900390625,8968.5,8985.7998046875,15601400
2018-02-07,9206.337890625,9206.349609375,9306.7998046875,9181.7001953125,9300.150390625,12547900
2018-02-08,9322.5869140625,9322.599609375,9365.75,9220.349609375,9246.0498046875,12408500
2018-02-09,9251.087890625,9251.099609375,9272.0498046875,9155.0,9167.0,12634500
2018-02-12,9348.4375,9348.4501953125,9362.2998046875,9296.599609375,9314.2998046875,12341600
2018-02-14,9326.6875,9326.7001953125,9399.7998046875,9292.849609375,9397.7998046875,14034600
2018-02-15,9323.5869140625,9323.599609375,9399.400390625,9293.349609375,9360.4501953125,12631700
2018-02-16,9235.587890625,9235.599609375,9386.0,9212.2001953125,9369.25,11410200
2018-02-19,9159.9384765625,9159.9501953125,9265.25,9091.75,9265.0,11988700
2018-02-20,9151.0380859375,9151.0498046875,9207.349609375,9135.7001953125,9171.2001953125,10580100
2018-02-21,9167.587890625,9167.599609375,9205.400390625,9129.349609375,9205.099609375,9881300
2018-02-22,9138.48828125,9138.5,9160.599609375,9119.2998046875,9133.900390625,13419300
2018-02-23,9251.337890625,9251.349609375,9257.5,9157.099609375,9165.4501953125,12211300
2018-02-26,9332.6376953125,9332.650390625,9338.2001953125,9280.7998046875,9291.0498046875,12108300
2018-02-27,9302.23828125,9302.25,9374.900390625,9289.25,9360.900390625,11646700
2018-02-28,9261.888671875,9261.900390625,9290.2001953125,9213.849609375,9244.5,13962600
2018-03-01,9225.337890625,9225.349609375,9297.400390625,9215.7998046875,9254.400390625,10347900
2018-03-05,9136.087890625,9136.099609375,9202.2001953125,9104.150390625,9202.099609375,11388100
2018-03-06,9039.7880859375,9039.7998046875,9214.4501953125,9013.4501953125,9191.4501953125,11898400
2018-03-07,8936.837890625,8936.849609375,9029.9501953125,8924.7001953125,9025.099609375,14601200
2018-03-08,9000.6884765625,9000.7001953125,9021.650390625,8898.900390625,8992.400390625,13999900
2018-03-09,8986.388671875,8986.400390625,9051.400390625,8972.5,9032.5498046875,11524500
2018-03-12,9121.73828125,9121.75,9130.400390625,9034.25,9053.7001953125,12690100
2018-03-13,9157.888671875,9157.900390625,9194.349609375,9096.2001953125,9102.7001953125,15445800
2018-03-14,9151.5380859375,9151.5498046875,9158.2001953125,9091.4501953125,9126.900390625,13006500
2018-03-15,9133.888671875,9133.900390625,9177.9501953125,9122.650390625,9151.349609375,13828000
2018-03-16,9004.4384765625,9004.4501953125,9128.5,8991.849609375,9127.7998046875,17778700
2018-03-19,8894.1884765625,8894.2001953125,9032.2998046875,8879.2998046875,9026.400390625,12329400
2018-03-20,8920.4384765625,8920.4501953125,8945.349609375,8847.7998046875,8854.0,12323800
2018-03-21,8949.087890625,8949.099609375,9015.650390625,8929.650390625,8970.849609375,11810200
2018-03-22,8903.98828125,8904.0,8991.7001953125,8897.2998046875,8961.9501953125,12015700
2018-03-23,8800.7880859375,8800.7998046875,8815.5498046875,8744.5,8765.650390625,13975900
2018-03-26,8914.337890625,8914.349609375,8923.0498046875,8765.849609375,8795.0498046875,13631900
2018-03-27,8978.087890625,8978.099609375,8995.349609375,8938.900390625,8968.349609375,12046900
2018-03-28,8912.087890625,8912.099609375,8953.900390625,8899.0,8940.2001953125,15917800
2018-04-02,9023.587890625,9023.599609375,9030.7001953125,8933.4501953125,8949.4501953125,10131700
2018-04-03,9074.837890625,9074.849609375,9082.0498046875,8997.7001953125,9004.900390625,12218000
2018-04-04,8975.587890625,8975.599609375,9120.099609375,8962.4501953125,9105.5,14681500
2018-04-05,9146.138671875,9146.150390625,9150.849609375,9068.400390625,9069.0498046875,13037800
2018-04-06,9172.0380859375,9172.0498046875,9183.4501953125,9116.5498046875,9148.4501953125,13370000
2018-04-09,9205.1884765625,9205.2001953125,9223.349609375,9175.900390625,9179.2001953125,10638300
2018-04-10,9219.138671875,9219.150390625,9246.4501953125,9199.2001953125,9237.7998046875,11227400
2018-04-11,9230.837890625,9230.849609375,9242.2998046875,9179.849609375,9242.2998046875,11473600
2018-04-12,9247.23828125,9247.25,9263.349609375,9210.25,9226.4501953125,10999300
2018-04-13,9267.638671875,9267.650390625,9304.099609375,9240.7001953125,9276.650390625,10221900
2018-04-16,9311.287109375,9311.2998046875,9317.849609375,9202.7998046875,9205.0498046875,9922500
2018-04-17,9330.287109375,9330.2998046875,9340.5,9287.599609375,9339.400390625,9701100
2018-04-18,9311.5869140625,9311.599609375,9366.75,9295.75,9359.099609375,11023800
2018-04-19,9356.3876953125,9356.400390625,9360.7998046875,9328.5,9345.650390625,11533900
2018-04-20,9347.6376953125,9347.650390625,9359.099609375,9315.150390625,9349.2001953125,10781800
2018-04-23,9373.3876953125,9373.400390625,9410.900390625,9324.0,9366.7998046875,9283000
2018-04-24,9390.3876953125,9390.400390625,9403.400390625,9359.0498046875,9375.9501953125,12082400
2018-04-25,9349.9375,9349.9501953125,9393.5,9323.400390625,9387.4501953125,12017900
2018-04-26,9381.3369140625,9381.349609375,9388.849609375,9339.650390625,9368.75,14945600
2018-04-27,9443.6376953125,9443.650390625,9467.0498046875,9410.4501953125,9412.9501953125,11317600
2018-04-30,9496.4873046875,9496.5,9503.599609375,9463.2001953125,9464.0,10329800
2018-05-02,9444.4873046875,9444.5,9531.650390625,9416.5,9531.599609375,12929100
2018-05-03,9388.6376953125,9388.650390625,9442.2001953125,9355.0498046875,9442.099609375,12511300
2018-05-04,9339.7373046875,9339.75,9402.5,9327.2998046875,9402.5,12206200
2018-05-07,9418.787109375,9418.7998046875,9424.400390625,9353.2998046875,9371.7001953125,10437000
2018-05-08,9419.8369140625,9419.849609375,9452.4501953125,9396.75,9451.900390625,12725200
2018-05-09,9418.8876953125,9418.900390625,9443.150390625,9399.4501953125,9401.2001953125,10216100
2018-05-10,9360.9375,9360.9501953125,9448.5,9351.5,9444.650390625,11881900
2018-05-11,9416.3369140625,9416.349609375,9421.349609375,9356.0,9385.7998046875,11134500
2018-05-14,9389.9375,9389.9501953125,9432.400390625,9371.4501953125,9425.25,11259700
2018-05-15,9365.8876953125,9365.900390625,9490.7998046875,9341.2001953125,9391.099609375,13188200
2018-05-16,9328.6875,9328.7001953125,9365.0,9275.599609375,9324.7001953125,13921700
2018-05-17,9304.4384765625,9304.4501953125,9360.150390625,9290.2998046875,9359.150390625,17660800
2018-05-18,9209.1884765625,9209.2001953125,9300.5498046875,9200.2998046875,9298.9501953125,18984600
2018-05-21,9108.6884765625,9108.7001953125,9224.9501953125,9099.849609375,9221.099609375,14382900
2018-05-22,9145.638671875,9145.650390625,9152.25,9080.349609375,9110.650390625,14447800
2018-05-23,9069.7880859375,9069.7998046875,9151.7998046875,9059.349609375,9136.650390625,11838000
2018-05-24,9115.5380859375,9115.5498046875,9130.9501953125,9046.7001953125,9098.75,11682800
2018-05-25,9215.5380859375,9215.5498046875,9230.7001953125,9126.599609375,9135.0498046875,11832600
2018-05-28,9307.5380859375,9307.5498046875,9320.099609375,9251.7998046875,9256.7998046875,12007700
2018-05-29,9270.587890625,9270.599609375,9337.25,9250.5,9309.9501953125,12491500
2018-05-30,9254.98828125,9255.0,9283.5498046875,9209.849609375,9220.7998046875,13835700
2018-05-31,9315.3369140625,9315.349609375,9333.650390625,9249.2001953125,9299.400390625,23950000
2018-06-01,9255.087890625,9255.099609375,9334.7001953125,9245.5498046875,9317.7998046875,14690600
2018-06-04,9175.888671875,9175.900390625,9310.900390625,9167.9501953125,9308.2998046875,10707900
2018-06-05,9110.48828125,9110.5,9178.2998046875,9072.650390625,9176.650390625,13037400
2018-06-06,9205.888671875,9205.900390625,9214.2998046875,9096.0,9114.2001953125,13338700
2018-06-07,9300.087890625,9300.099609375,9327.849609375,9243.7001953125,9244.7001953125,12970300
2018-06-08,9316.2373046875,9316.25,9324.7001953125,9254.2998046875,9275.2001953125,11045300
2018-06-11,9332.3876953125,9332.400390625,9386.150390625,9324.2998046875,9334.4501953125,10561900
2018-06-12,9386.4375,9386.4501953125,9394.900390625,9338.2998046875,9355.650390625,10482500
2018-06-13,9386.3876953125,9386.400390625,9423.2001953125,9382.5498046875,9421.0,11302400
2018-06-14,9356.6376953125,9356.650390625,9372.5498046875,9322.5,9372.2998046875,9767200
2018-06-15,9343.6875,9343.7001953125,9376.650390625,9303.25,9358.349609375,12050000
2018-06-18,9318.537109375,9318.5498046875,9354.0498046875,9311.349609375,9350.650390625,9104200
2018-06-19,9234.48828125,9234.5,9305.400390625,9225.75,9305.400390625,11505800
2018-06-20,9276.388671875,9276.400390625,9286.650390625,9239.0498046875,9255.0,10248900
2018-06-21,9240.23828125,9240.25,9307.0,9229.7998046875,9305.0498046875,9382000
2018-06-22,9296.638671875,9296.650390625,9307.25,9204.0498046875,9241.150390625,9403200
2018-06-25,9234.388671875,9234.400390625,9310.5,9225.349609375,9297.650390625,9297700
2018-06-26,9231.7880859375,9231.7998046875,9261.7001953125,9209.849609375,9217.0498046875,10381000
2018-06-27,9129.23828125,9129.25,9246.5,9110.25,9246.5,12202400
2018-06-28,9036.9384765625,9036.9501953125,9125.599609375,9018.0498046875,9119.849609375,16869700
2018-06-29,9162.4384765625,9162.4501953125,9167.5,9065.5498046875,9065.900390625,11909000
2018-07-02,9108.98828125,9109.0,9186.5498046875,9060.599609375,9185.2001953125,11514800
2018-07-03,9149.388671875,9149.400390625,9156.349609375,9078.7998046875,9113.849609375,9391000
2018-07-04,9194.5380859375,9194.5498046875,9200.25,9123.599609375,9158.7998046875,8879700
2018-07-05,9166.587890625,9166.599609375,9207.599609375,9153.4501953125,9207.599609375,9187000
2018-07-06,9194.48828125,9194.5,9233.0,9153.400390625,9160.7001953125,9741900
2018-07-09,9277.9384765625,9277.9501953125,9281.2998046875,9231.7998046875,9250.400390625,9071700
2018-07-10,9359.3876953125,9359.400390625,9365.150390625,9305.400390625,9321.4501953125,9701100
2018-07-11,9344.2373046875,9344.25,9379.599609375,9333.849609375,9362.599609375,11175000
2018-07-12,9380.8876953125,9380.900390625,9442.400390625,9373.099609375,9392.75,11567800
2018-07-13,9349.037109375,9349.0498046875,9408.2998046875,9335.099609375,9406.0,11041700
2018-07-16,9231.23828125,9231.25,9350.2001953125,9222.2998046875,9350.099609375,11497400
2018-07-17,9315.2373046875,9315.25,9321.900390625,9214.7001953125,9232.5498046875,13157800
2018-07-18,9269.5380859375,9269.5498046875,9371.9501953125,9244.9501953125,9359.5,13608700
2018-07-19,9236.2880859375,9236.2998046875,9287.7998046875,9210.099609375,9284.849609375,12062100
2018-07-20,9286.087890625,9286.099609375,9295.0498046875,9217.599609375,9238.599609375,10896200
2018-07-23,9363.8369140625,9363.849609375,9369.7998046875,9295.9501953125,9301.7001953125,12759700
2018-07-24,9450.6376953125,9450.650390625,9454.7998046875,9383.349609375,9385.9501953125,15286100
2018-07-25,9449.8876953125,9449.900390625,9476.5,9433.900390625,9466.9501953125,13420600
2018-07-26,9487.8876953125,9487.900390625,9502.150390625,9454.0,9455.849609375,16074000
2018-07-27,9579.037109375,9579.0498046875,9583.150390625,9526.5498046875,9537.0,13257900
2018-07-30,9618.6875,9618.7001953125,9624.900390625,9566.349609375,9598.5,13346900
2018-07-31,9650.5869140625,9650.599609375,9657.599609375,9582.7001953125,9615.099609375,14494500
2018-08-01,9651.6875,9651.7001953125,9683.599609375,9620.9501953125,9661.7001953125,14097900
2018-08-02,9588.787109375,9588.7998046875,9642.099609375,9579.7001953125,9642.099609375,11975400
2018-08-03,9685.6875,9685.7001953125,9690.5498046875,9630.4501953125,9631.400390625,13370800
2018-08-06,9709.3369140625,9709.349609375,9743.650390625,9698.0,9723.0498046875,12154200
2018-08-07,9704.787109375,9704.7998046875,9744.25,9675.75,9740.650390625,13951300
2018-08-08,9744.7373046875,9744.75,9754.2998046875,9696.7001953125,9723.7998046875,13088500
2018-08-09,9769.0869140625,9769.099609375,9784.0498046875,9752.9501953125,9779.349609375,17970200
2018-08-10,9724.4375,9724.4501953125,9777.849609375,9715.2998046875,9776.7001953125,14482000
2018-08-13,9656.4873046875,9656.5,9704.900390625,9641.150390625,9673.0,12891900
2018-08-14,9726.1376953125,9726.150390625,9730.650390625,9672.150390625,9678.7001953125,11529900
2018-08-16,9685.6376953125,9685.650390625,9742.5,9666.5,9696.900390625,13633700
2018-08-17,9770.1875,9770.2001953125,9776.2998046875,9728.2001953125,9730.849609375,12926000
2018-08-20,9839.7373046875,9839.75,9846.5498046875,9798.900390625,9800.7998046875,12305300
2018-08-21,9862.4873046875,9862.5,9868.5,9831.0498046875,9862.900390625,12707800
2018-08-23,9872.537109375,9872.5498046875,9900.0498046875,9839.0,9900.0498046875,10832500
2018-08-24,9850.787109375,9850.7998046875,9889.9501953125,9821.4501953125,9860.900390625,12479200
2018-08-27,9958.787109375,9958.7998046875,9966.900390625,9887.5,9893.4501953125,11293200
2018-08-28,9985.8876953125,9985.900390625,10012.849609375,9963.349609375,9990.25,12302200
2018-08-29,9973.6376953125,9973.650390625,10015.349609375,9964.349609375,9995.099609375,13815600
2018-08-30,9975.1875,9975.2001953125,9986.349609375,9947.0,9979.349609375,15882900
2018-08-31,9991.9873046875,9992.0,10027.0,9951.5498046875,9978.25,15166100
2018-09-03,9921.6376953125,9921.650390625,10049.849609375,9908.7001953125,10049.849609375,13135600
2018-09-04,9806.037109375,9806.0498046875,9937.75,9784.25,9933.0,13172400
2018-09-05,9764.537109375,9764.5498046875,9817.849609375,9678.2001953125,9795.7001953125,14544600
2018-09-06,9815.4375,9815.4501953125,9832.400390625,9730.849609375,9801.9501953125,11421300
2018-09-07,9875.1875,9875.2001953125,9885.599609375,9779.349609375,9834.5498046875,11579800
2018-09-10,9740.0869140625,9740.099609375,9870.7001953125,9730.2001953125,9862.7998046875,11135500
2018-09-11,9607.0869140625,9607.099609375,9775.0498046875,9596.5,9770.900390625,11968900
2018-09-12,9660.5869140625,9660.599609375,9669.2001953125,9552.2001953125,9641.650390625,13495600
2018-09-14,9792.7373046875,9792.75,9799.150390625,9722.75,9724.2001953125,11672500
2018-09-17,9696.4375,9696.4501953125,9754.599609375,9687.2998046875,9754.599609375,12372800
2018-09-18,9594.2373046875,9594.25,9728.150390625,9586.0,9701.2998046875,14794000
2018-09-19,9545.6875,9545.7001953125,9640.2998046875,9516.25,9633.900390625,12659700
2018-09-21,9425.537109375,9425.5498046875,9630.7001953125,9134.5498046875,9585.099609375,25031500
2018-09-24,9243.138671875,9243.150390625,9449.75,9223.25,9445.2001953125,15661900
2018-09-25,9303.337890625,9303.349609375,9317.099609375,9149.0,9238.2998046875,17990000
2018-09-26,9302.23828125,9302.25,9367.599609375,9255.349609375,9367.599609375,15067400
2018-09-27,9202.337890625,9202.349609375,9324.5,9188.599609375,9319.7998046875,15728700
2018-09-28,9115.98828125,9116.0,9249.349609375,9041.650390625,9230.099609375,18592200
2018-10-01,9165.48828125,9165.5,9185.5,8986.400390625,9107.0,16021100
2018-10-03,9056.6884765625,9056.7001953125,9157.2001953125,9042.0498046875,9147.25,15335900
2018-10-04,8854.837890625,8854.849609375,8963.7001953125,8812.0,8963.7001953125,14942000
2018-10-05,8624.9384765625,8624.9501953125,8815.7998046875,8582.150390625,8793.2001953125,15683500
2018-10-08,8602.587890625,8602.599609375,8671.2998046875,8483.150390625,8611.349609375,15430100
2018-10-09,8562.939453125,8562.9501953125,8645.7998046875,8519.2998046875,8635.849609375,13710200
2018-10-10,8748.48828125,8748.5,8762.25,8588.349609375,8590.4501953125,14669900
2018-10-11,8565.587890625,8565.599609375,8657.0,8473.5498046875,8501.400390625,14777800
2018-10-12,8767.087890625,8767.099609375,8783.900390625,8643.349609375,8649.2998046875,13506900
2018-10-15,8811.98828125,8812.0,8821.650390625,8732.2998046875,8815.150390625,11079900
2018-10-16,8893.7880859375,8893.7998046875,8902.650390625,8835.400390625,8849.25,12397600
2018-10-17,8758.587890625,8758.599609375,8999.650390625,8746.75,8982.5498046875,12843500
2018-10-19,8640.638671875,8640.650390625,8716.5498046875,8595.4501953125,8676.5,13566000
2018-10-22,8576.9384765625,8576.9501953125,8719.5,8560.5498046875,8717.25,11221900
2018-10-23,8489.8896484375,8489.900390625,8559.099609375,8447.4501953125,8502.599609375,11267100
2018-10-24,8555.6396484375,8555.650390625,8600.0,8474.5498046875,8585.900390625,11106400
2018-10-25,8473.4892578125,8473.5,8500.849609375,8432.5,8476.099609375,15921600
2018-10-26,8417.2392578125,8417.25,8493.849609375,8370.7998046875,8473.2001953125,13557700
2018-10-29,8610.087890625,8610.099609375,8623.4501953125,8409.599609375,8457.5,14121300
2018-10-30,8600.2880859375,8600.2998046875,8652.75,8575.0498046875,8607.400390625,14390400
2018-10-31,8753.4384765625,8753.4501953125,8760.349609375,8536.0,8617.400390625,13885500
2018-11-01,8772.48828125,8772.5,8800.849609375,8742.5,8798.2998046875,14600500
2018-11-02,8899.388671875,8899.400390625,8953.599609375,8840.2001953125,8844.099609375,17206700
2018-11-05,8877.888671875,8877.900390625,8913.0,8839.7998046875,8904.25,12456000
2018-11-06,8870.2880859375,8870.2998046875,8934.900390625,8839.650390625,8902.75,10499200
2018-11-07,8929.837890625,8929.849609375,8940.7001953125,8926.400390625,8938.7001953125,137800
2018-11-09,8946.337890625,8946.349609375,8966.5,8898.0,8947.599609375,12144900
2018-11-12,8859.23828125,8859.25,8991.150390625,8846.400390625,8967.7998046875,10863800
2018-11-13,8923.5380859375,8923.5498046875,8932.9501953125,8814.599609375,8834.5498046875,10956400
2018-11-14,8921.4384765625,8921.4501953125,8980.25,8887.9501953125,8967.25,13525200
2018-11-15,8954.638671875,8954.650390625,8971.099609375,8894.9501953125,8926.5498046875,11219600
2018-11-16,8993.23828125,8993.25,9011.150390625,8951.5,8975.5498046875,13399500
2018-11-19,9052.73828125,9052.75,9060.349609375,8996.349609375,9031.7998046875,11728200
2018-11-20,8960.138671875,8960.150390625,9039.7001953125,8948.75,9033.2001953125,11446100
2018-11-21,8940.2880859375,8940.2998046875,8982.900390625,8896.099609375,8973.900390625,10967000
2018-11-22,8878.98828125,8879.0,8973.900390625,8868.2001953125,8952.4501953125,10149700
2018-11-26,8942.98828125,8943.0,8950.7001953125,8841.099609375,8913.9501953125,10746700
2018-11-27,8983.888671875,8983.900390625,8990.4501953125,8924.400390625,8938.2998046875,11296000
2018-11-28,8993.23828125,8993.25,9027.349609375,8984.5,9001.2998046875,12565900
2018-11-29,9081.837890625,9081.849609375,9097.0,9031.0498046875,9051.849609375,17525400
2018-11-30,9109.138671875,9109.150390625,9134.349609375,9074.7001953125,9107.7998046875,16052000
2018-12-03,9126.888671875,9126.900390625,9157.9501953125,9097.5,9153.599609375,15231400
2018-12-04,9116.4384765625,9116.4501953125,9137.650390625,9094.849609375,9125.2001953125,13530900
2018-12-05,9029.4384765625,9029.4501953125,9075.349609375,8999.650390625,9075.0498046875,11986300
2018-12-06,8883.23828125,8883.25,8975.650390625,8874.9501953125,8975.400390625,12294400
2018-12-07,8940.638671875,8940.650390625,8947.349609375,8876.5498046875,8917.349609375,11663300
2018-12-10,8769.587890625,8769.599609375,8818.650390625,8760.150390625,8789.75,10775400
2018-12-11,8845.138671875,8845.150390625,8859.650390625,8646.5498046875,8655.099609375,12922700
2018-12-12,9021.587890625,9021.599609375,9031.599609375,8865.0,8882.2001953125,12379700
2018-12-13,9077.2880859375,9077.2998046875,9113.150390625,9037.849609375,9078.75,12707400
2018-12-14,9091.2880859375,9091.2998046875,9104.4501953125,9046.4501953125,9072.4501953125,13256700
2018-12-17,9153.9384765625,9153.9501953125,9162.9501953125,9118.5,9127.5498046875,9418300
2018-12-18,9177.337890625,9177.349609375,9183.25,9108.099609375,9126.5,10612200
2018-12-19,9246.7880859375,9246.7998046875,9258.349609375,9201.5498046875,9203.0498046875,14336700
2018-12-20,9234.4384765625,9234.4501953125,9241.099609375,9180.0,9188.349609375,12638400
2018-12-21,9082.5380859375,9082.5498046875,9255.7998046875,9071.4501953125,9236.5498046875,13793700
2018-12-24,9002.4384765625,9002.4501953125,9102.0498046875,8992.2001953125,9100.900390625,10317600
2018-12-26,9041.6884765625,9041.7001953125,9056.2001953125,8879.4501953125,8977.9501953125,10985800
2018-12-27,9078.7880859375,9078.7998046875,9119.7998046875,9070.650390625,9110.849609375,14940200
2018-12-28,9152.5380859375,9152.5498046875,9173.599609375,9109.7001953125,9111.9501953125,9852600
2018-12-31,9169.98828125,9170.0,9207.099609375,9159.2998046875,9194.650390625,8577200
2019-01-01,9197.888671875,9197.900390625,9206.0498046875,9128.400390625,9186.7001953125,7246600
2019-01-02,9103.388671875,9103.400390625,9195.25,9065.4501953125,9169.7001953125,11093400
2019-01-03,9014.7880859375,9014.7998046875,9130.0,9006.75,9106.650390625,9927100
2019-01-04,9054.888671875,9054.900390625,9064.849609375,8978.2001953125,9034.25,11817000
2019-01-07,9081.138671875,9081.150390625,9136.2998046875,9064.650390625,9117.2001953125,9850700
2019-01-08,9098.638671875,9098.650390625,9109.099609375,9052.099609375,9090.7998046875,9761700
2019-01-09,9127.4384765625,9127.4501953125,9149.349609375,9050.150390625,9143.2001953125,11013100
2019-01-10,9119.388671875,9119.400390625,9144.0,9102.5498046875,9132.7998046875,9075300
2019-01-11,9098.1884765625,9098.2001953125,9142.2998046875,9057.150390625,9130.7001953125,8617400
2019-01-14,9051.4384765625,9051.4501953125,9102.900390625,9014.9501953125,9102.400390625,9119400
2019-01-15,9157.138671875,9157.150390625,9163.2998046875,9082.5,9082.5,9788900
2019-01-16,9158.73828125,9158.75,9195.0498046875,9150.0,9167.4501953125,9732800
2019-01-17,9161.587890625,9161.599609375,9191.849609375,9119.599609375,9182.0,10075800
2019-01-18,9140.087890625,9140.099609375,9180.2998046875,9113.4501953125,9173.2001953125,9593900
2019-01-21,9155.2880859375,9155.2998046875,9195.7998046875,9125.4501953125,9150.599609375,9988200
2019-01-22,9131.138671875,9131.150390625,9146.2998046875,9075.25,9146.2998046875,10070700
2019-01-23,9068.837890625,9068.849609375,9151.0498046875,9055.150390625,9138.75,9885700
2019-01-24,9072.1884765625,9072.2001953125,9086.349609375,9039.4501953125,9080.25,9798600
2019-01-25,8994.337890625,8994.349609375,9133.150390625,8974.5498046875,9085.599609375,12626700
2019-01-28,8876.587890625,8876.599609375,9001.150390625,8849.9501953125,8999.2998046875,13465400
2019-01-29,8875.638671875,8875.650390625,8904.900390625,8825.599609375,8865.2998046875,12133600
2019-01-30,8884.888671875,8884.900390625,8919.4501953125,8851.0498046875,8913.4501953125,11725600
2019-01-31,9003.837890625,9003.849609375,9007.4501953125,8899.5498046875,8916.400390625,16599100
2019-02-01,9056.2880859375,9056.2998046875,9130.099609375,8988.25,9024.9501953125,14904600
2019-02-04,9041.98828125,9042.0,9052.5498046875,8974.650390625,9045.0,16236500
2019-02-05,9033.587890625,9033.599609375,9064.599609375,9016.7001953125,9039.7001953125,19884700
2019-02-06,9118.6884765625,9118.7001953125,9128.0498046875,9039.2998046875,9056.900390625,18255100
2019-02-07,9145.7880859375,9145.7998046875,9179.75,9116.150390625,9125.5,17573800
2019-02-08,9036.888671875,9036.900390625,9122.650390625,9024.75,9112.7001953125,15209800
2019-02-11,8967.138671875,8967.150390625,9026.099609375,8949.849609375,9026.099609375,11761800
2019-02-12,8925.2880859375,8925.2998046875,8987.849609375,8917.650390625,8961.900390625,12185300
2019-02-14,8869.2880859375,8869.2998046875,8891.900390625,8837.75,8878.849609375,18240100
2019-02-15,8827.0380859375,8827.0498046875,8889.900390625,8753.650390625,8887.5498046875,14737800
2019-02-18,8754.337890625,8754.349609375,8849.0498046875,8744.9501953125,8836.0,12633700
2019-02-19,8742.2880859375,8742.2998046875,8825.7998046875,8729.7001953125,8753.7001953125,11278700
2019-02-20,8845.587890625,8845.599609375,8858.0498046875,8780.0,8781.400390625,12213000
2019-02-21,8901.6884765625,8901.7001953125,8912.400390625,8839.75,8857.5,13783000
2019-02-22,8919.73828125,8919.75,8925.7001953125,8885.900390625,8899.599609375,16937700
2019-02-25,8983.837890625,8983.849609375,8989.900390625,8921.900390625,8941.150390625,14693800
2019-02-26,8953.138671875,8953.150390625,8994.0,8846.099609375,8899.0,14828900
2019-02-27,8946.1884765625,8946.2001953125,9057.400390625,8896.2001953125,8991.7998046875,15118700
2019-02-28,8955.9384765625,8955.9501953125,8990.599609375,8941.599609375,8990.349609375,18127300
2019-03-01,9037.48828125,9037.5,9045.7001953125,8994.0,8995.4501953125,15252300
2019-03-05,9173.587890625,9173.599609375,9178.9501953125,9014.7001953125,9042.900390625,19294400
2019-03-06,9230.4384765625,9230.4501953125,9243.2998046875,9197.900390625,9211.7998046875,19183500
2019-03-07,9225.337890625,9225.349609375,9254.4501953125,9210.900390625,9251.650390625,16680900
2019-03-08,9211.0380859375,9211.0498046875,9225.2998046875,9184.5498046875,9213.2998046875,14225200
2019-03-11,9345.5869140625,9345.599609375,9353.400390625,9235.599609375,9240.7998046875,15397400
2019-03-12,9440.8369140625,9440.849609375,9461.599609375,9396.849609375,9399.599609375,16213000
2019-03-13,9450.2373046875,9450.25,9471.400390625,9416.650390625,9461.25,14433400
2019-03-14,9447.1875,9447.2001953125,9486.5,9424.5,9481.849609375,13519200
2019-03-15,9499.3876953125,9499.400390625,9540.9501953125,9471.400390625,9473.849609375,18611400
2019-03-18,9516.6875,9516.7001953125,9572.9501953125,9481.650390625,9536.0498046875,14135500
2019-03-19,9570.1376953125,9570.150390625,9576.0498046875,9513.4501953125,9549.75,15538200
2019-03-20,9552.9873046875,9553.0,9588.5,9540.900390625,9587.5,15192200
2019-03-22,9500.037109375,9500.0498046875,9594.099609375,9485.4501953125,9572.349609375,15660600
2019-03-25,9411.6376953125,9411.650390625,9446.849609375,9381.900390625,9446.849609375,12679500
2019-03-26,9512.5869140625,9512.599609375,9522.4501953125,9421.599609375,9431.900390625,14751200
2019-03-27,9501.787109375,9501.7998046875,9569.599609375,9475.400390625,9552.2001953125,15642600
2019-03-28,9601.9375,9601.9501953125,9613.5498046875,9510.7998046875,9518.7001953125,18825500
2019-04-01,9701.9873046875,9702.0,9756.2998046875,9683.9501953125,9703.0,15815900
2019-04-02,9720.787109375,9720.7998046875,9735.0498046875,9681.599609375,9735.0498046875,16133100
2019-04-03,9658.3876953125,9658.400390625,9765.650390625,9647.2001953125,9742.349609375,14716800
2019-04-04,9626.6376953125,9626.650390625,9675.2001953125,9590.849609375,9674.0,15094000
2019-04-05,9684.9375,9684.9501953125,9700.400390625,9641.4501953125,9659.650390625,12569300
2019-04-08,9634.3876953125,9634.400390625,9719.9501953125,9593.849609375,9715.4501953125,13681900
2019-04-09,9677.7373046875,9677.75,9685.849609375,9594.9501953125,9641.900390625,11975800
2019-04-10,9622.9375,9622.9501953125,9690.349609375,9612.849609375,9661.5498046875,12314300
2019-04-11,9634.537109375,9634.5498046875,9641.75,9599.2001953125,9630.150390625,11765200
2019-04-12,9674.5869140625,9674.599609375,9682.2998046875,9626.9501953125,9646.599609375,12478400
2019-04-15,9716.4873046875,9716.5,9726.849609375,9683.7998046875,9697.650390625,12877700
2019-04-16,9781.3876953125,9781.400390625,9796.099609375,9748.7001953125,9751.349609375,13416700
2019-04-18,9738.6875,9738.7001953125,9826.4501953125,9721.400390625,9826.4501953125,14380900
2019-04-22,9599.787109375,9599.7998046875,9715.9501953125,9591.7998046875,9715.9501953125,11241100
2019-04-23,9587.287109375,9587.2998046875,9642.150390625,9577.0,9614.849609375,12335800
2019-04-24,9687.537109375,9687.5498046875,9696.5498046875,9585.25,9607.400390625,12882000
2019-04-25,9628.787109375,9628.7998046875,9742.849609375,9616.2998046875,9697.7998046875,16547600
2019-04-26,9689.6875,9689.7001953125,9695.400390625,9632.0498046875,9661.099609375,12423000
2019-04-30,9664.287109375,9664.2998046875,9684.7998046875,9592.150390625,9684.7998046875,15989700
2019-05-02,9637.4873046875,9637.5,9694.9501953125,9620.7001953125,9646.400390625,14517900
2019-05-03,9624.537109375,9624.5498046875,9665.5,9613.599609375,9637.5,11949900
2019-05-06,9532.4375,9532.4501953125,9567.400390625,9513.849609375,9544.9501953125,11324300
2019-05-07,9450.787109375,9450.7998046875,9578.5498046875,9441.5,9573.2998046875,12938900
2019-05-08,9340.2373046875,9340.25,9433.4501953125,9331.7001953125,9433.099609375,14854400
2019-05-09,9299.73828125,9299.75,9339.5498046875,9261.5,9313.5498046875,13325900
2019-05-10,9290.1884765625,9290.2001953125,9335.150390625,9271.099609375,9309.349609375,14103600
2019-05-13,9159.9384765625,9159.9501953125,9288.849609375,9143.9501953125,9274.0498046875,14485500
2019-05-14,9212.337890625,9212.349609375,9261.849609375,9108.4501953125,9156.0,16104600
2019-05-15,9160.087890625,9160.099609375,9265.650390625,9145.7998046875,9247.150390625,13544400
2019-05-16,9221.638671875,9221.650390625,9238.9501953125,9136.400390625,9176.5,12882200
2019-05-17,9329.6875,9329.7001953125,9339.349609375,9221.599609375,9224.75,14013000
2019-05-20,9671.8876953125,9671.900390625,9681.099609375,9485.849609375,9538.2998046875,17608200
2019-05-21,9578.8369140625,9578.849609375,9713.5,9556.75,9701.0,13575700
2019-05-22,9598.1875,9598.2001953125,9629.75,9555.7998046875,9595.599609375,14715000
2019-05-23,9552.7373046875,9552.75,9835.7001953125,9521.599609375,9730.0,20870200
2019-05-24,9722.037109375,9722.0498046875,9728.7998046875,9563.599609375,9618.75,16182500
2019-05-27,9804.8876953125,9804.900390625,9820.9501953125,9702.5,9732.650390625,14931900
2019-05-28,9815.4873046875,9815.5,9834.9501953125,9768.2998046875,9834.9501953125,20834700
2019-05-29,9757.1376953125,9757.150390625,9812.0,9737.9501953125,9802.400390625,12287400
2019-05-30,9815.287109375,9815.2998046875,9827.25,9759.5,9762.7998046875,17000600
2019-05-31,9805.037109375,9805.0498046875,9889.2998046875,9734.2001953125,9855.5498046875,17229000
2019-06-03,9922.5869140625,9922.599609375,9931.650390625,9796.849609375,9827.75,11865200
2019-06-04,9876.1875,9876.2001953125,9941.4501953125,9865.599609375,9898.0,12227000
2019-06-06,9722.4873046875,9722.5,9889.5498046875,9712.0498046875,9889.5498046875,15350100
2019-06-07,9735.8369140625,9735.849609375,9761.75,9653.7001953125,9736.0498046875,13587300
2019-06-10,9765.8369140625,9765.849609375,9813.650390625,9727.900390625,9784.4501953125,15015500
2019-06-11,9805.0869140625,9805.099609375,9826.650390625,9743.0498046875,9791.900390625,14034000
2019-06-12,9749.9375,9749.9501953125,9802.0498046875,9727.75,9801.9501953125,11264200
2019-06-13,9747.037109375,9747.0498046875,9758.900390625,9668.0498046875,9727.150390625,13648200
2019-06-14,9669.9375,9669.9501953125,9745.150390625,9652.599609375,9742.7998046875,12085700
2019-06-17,9543.5869140625,9543.599609375,9681.9501953125,9533.349609375,9681.900390625,11683600
2019-06-18,9551.3369140625,9551.349609375,9587.0498046875,9514.099609375,9547.5,13950000
2019-06-19,9526.1875,9526.2001953125,9634.150390625,9476.099609375,9592.150390625,17789400
2019-06-20,9645.9873046875,9646.0,9655.25,9476.25,9501.5498046875,18778100
2019-06-21,9581.5869140625,9581.599609375,9641.25,9566.099609375,9641.150390625,17244900
2019-06-24,9564.0869140625,9564.099609375,9605.0498046875,9543.400390625,9585.9501953125,13036700
2019-06-25,9632.8369140625,9632.849609375,9643.75,9525.9501953125,9548.650390625,13944600
2019-06-26,9682.787109375,9682.7998046875,9699.650390625,9604.150390625,9611.9501953125,16573200
2019-06-27,9692.3369140625,9692.349609375,9733.9501953125,9675.5,9694.5498046875,20235100
2019-06-28,9657.9375,9657.9501953125,9713.75,9644.099609375,9707.4501953125,12898700
2019-07-01,9712.9873046875,9713.0,9724.349609375,9691.900390625,9697.0,10776000
2019-07-02,9744.8369140625,9744.849609375,9750.0498046875,9675.7998046875,9734.75,11967700
2019-07-03,9757.287109375,9757.2998046875,9774.7998046875,9731.5,9762.849609375,10657500
2019-07-04,9776.787109375,9776.7998046875,9793.5,9765.2001953125,9767.7998046875,11471200
2019-07-05,9657.6376953125,9657.650390625,9805.2998046875,9644.849609375,9793.650390625,13960900
2019-07-08,9447.787109375,9447.7998046875,9620.900390625,9418.0,9619.400390625,12886200
2019-07-09,9455.6376953125,9455.650390625,9473.400390625,9375.7998046875,9428.0498046875,12144600
2019-07-10,9400.0869140625,9400.099609375,9482.5,9385.7001953125,9443.650390625,10260500
2019-07-11,9466.3876953125,9466.400390625,9475.7001953125,9414.099609375,9447.150390625,10798500
2019-07-12,9457.7373046875,9457.75,9519.75,9448.400390625,9480.0498046875,11902500
2019-07-15,9469.1376953125,9469.150390625,9502.7001953125,9427.849609375,9499.25,10338800
2019-07-16,9529.8369140625,9529.849609375,9533.5498046875,9456.599609375,9473.849609375,11907200
2019-07-17,9543.3369140625,9543.349609375,9563.9501953125,9520.150390625,9535.25,12125500
2019-07-18,9456.1376953125,9456.150390625,9534.5,9447.650390625,9534.150390625,12282600
2019-07-19,9304.638671875,9304.650390625,9494.900390625,9288.7998046875,9484.5498046875,13150300
2019-07-22,9247.73828125,9247.75,9285.2998046875,9197.2998046875,9282.599609375,12439200
2019-07-23,9233.5380859375,9233.5498046875,9277.650390625,9208.900390625,9265.849609375,12699900
2019-07-24,9160.4384765625,9160.4501953125,9256.400390625,9134.650390625,9228.7998046875,13084700
2019-07-25,9159.138671875,9159.150390625,9232.4501953125,9148.4501953125,9173.75,14141400
2019-07-26,9192.587890625,9192.599609375,9206.7001953125,9125.349609375,9156.0,13474600
2019-07-29,9108.888671875,9108.900390625,9208.2001953125,9081.7001953125,9205.349609375,18021700
2019-07-30,9004.0380859375,9004.0498046875,9165.7998046875,8995.25,9123.650390625,16915000
2019-07-31,9044.9384765625,9044.9501953125,9058.4501953125,8928.0,8963.2998046875,15162700
2019-08-01,8935.73828125,8935.75,9026.150390625,8859.5498046875,9001.7001953125,13764900
2019-08-02,8943.9384765625,8943.9501953125,9007.0498046875,8821.099609375,8890.5,16107600
2019-08-05,8831.9384765625,8831.9501953125,8866.900390625,8765.2001953125,8866.900390625,13911300
2019-08-06,8918.587890625,8918.599609375,8960.9501953125,8791.599609375,8792.650390625,14294800
2019-08-07,8854.638671875,8854.650390625,8953.25,8840.150390625,8928.599609375,14779300
2019-08-08,8979.638671875,8979.650390625,8998.900390625,8844.400390625,8888.4501953125,14152600
2019-08-09,9046.5380859375,9046.5498046875,9103.099609375,9010.349609375,9022.5,14886400
2019-08-13,8890.087890625,8890.099609375,9070.2001953125,8874.849609375,9066.349609375,15502200
2019-08-14,8971.087890625,8971.099609375,8998.25,8897.0,8942.0,13999400
2019-08-16,8988.7880859375,8988.7998046875,8999.2001953125,8886.2998046875,8971.650390625,14091900
2019-08-19,8997.9384765625,8997.9501953125,9061.400390625,8983.650390625,9022.599609375,11295000
2019-08-20,8957.388671875,8957.400390625,9012.099609375,8930.5,9004.75,12006400
2019-08-21,8864.48828125,8864.5,8965.099609375,8858.4501953125,8957.849609375,13423900
2019-08-22,8719.23828125,8719.25,8853.25,8706.4501953125,8851.349609375,17483600
2019-08-23,8790.5380859375,8790.5498046875,8812.849609375,8628.349609375,8687.4501953125,17203700
2019-08-26,8964.6884765625,8964.7001953125,8973.2001953125,8735.2998046875,8933.0498046875,18075000
2019-08-27,9022.23828125,9022.25,9047.849609375,8972.900390625,9004.0,18566800
2019-08-28,8970.888671875,8970.900390625,9047.5498046875,8930.099609375,9023.7998046875,14455000
2019-08-29,8906.087890625,8906.099609375,8954.650390625,8874.25,8938.0498046875,16308400
2019-08-30,8977.5380859375,8977.5498046875,8991.2001953125,8859.75,8936.4501953125,15239100
2019-09-03,8802.337890625,8802.349609375,8931.650390625,8783.75,8927.900390625,12556700
2019-09-04,8833.087890625,8833.099609375,8841.9501953125,8751.25,8798.75,12695700
2019-09-05,8846.2880859375,8846.2998046875,8894.900390625,8825.0,8848.0,13510900
2019-09-06,8920.388671875,8920.400390625,8928.4501953125,8859.25,8873.75,12849500
2019-09-09,8972.388671875,8972.400390625,8986.599609375,8882.900390625,8914.7001953125,11806900
2019-09-11,9015.138671875,9015.150390625,9026.25,8981.099609375,8992.7001953125,16867100
2019-09-12,8981.587890625,8981.599609375,9061.0,8969.849609375,9036.9501953125,15105700
2019-09-13,9050.837890625,9050.849609375,9056.7998046875,8945.599609375,8992.650390625,15287900
2019-09-16,9009.138671875,9009.150390625,9044.4501953125,8978.9501953125,8992.150390625,12670600
2019-09-17,8853.888671875,8853.900390625,9012.099609375,8838.25,9010.5498046875,15282100
2019-09-18,8877.6884765625,8877.7001953125,8912.2001953125,8841.5498046875,8898.9501953125,13272900
2019-09-19,8766.4384765625,8766.4501953125,8884.5,8738.650390625,8884.5,16548500
2019-09-20,9230.48828125,9230.5,9293.900390625,8748.0498046875,8799.4501953125,32740500
2019-09-23,9486.5869140625,9486.599609375,9552.25,9386.900390625,9425.400390625,22172100
2019-09-24,9474.7373046875,9474.75,9530.349609375,9434.650390625,9489.099609375,16933000
2019-09-25,9344.1376953125,9344.150390625,9458.4501953125,9326.099609375,9458.0498046875,15740200
2019-09-26,9443.787109375,9443.7998046875,9471.25,9363.25,9365.5,19114400
2019-09-27,9395.5869140625,9395.599609375,9465.349609375,9388.5,9435.5498046875,15704100
2019-09-30,9340.8876953125,9340.900390625,9389.5498046875,9276.900390625,9384.650390625,20505000
2019-10-01,9236.388671875,9236.400390625,9402.0,9140.0498046875,9372.7001953125,8878200
2019-10-03,9198.388671875,9198.400390625,9243.7998046875,9153.7001953125,9207.150390625,19082700
2019-10-04,9091.638671875,9091.650390625,9264.0,9078.7998046875,9253.099609375,17664500
2019-10-07,9040.638671875,9040.650390625,9120.2998046875,9031.599609375,9104.5,15486100
2019-10-09,9177.9384765625,9177.9501953125,9183.2998046875,9008.849609375,9059.099609375,17561000
2019-10-10,9112.73828125,9112.75,9165.0498046875,9097.5498046875,9153.5,17267000
2019-10-11,9161.388671875,9161.400390625,9207.349609375,9076.2998046875,9132.400390625,16980600
2019-10-14,9192.638671875,9192.650390625,9248.5,9156.900390625,9187.7001953125,14616600
2019-10-15,9253.837890625,9253.849609375,9277.25,9196.849609375,9208.7001953125,14676900
2019-10-16,9281.837890625,9281.849609375,9301.75,9246.650390625,9282.9501953125,16306200
2019-10-17,9390.9873046875,9391.0,9399.25,9268.0498046875,9286.650390625,18376000
2019-10-18,9479.1875,9479.2001953125,9494.7001953125,9373.5,9391.849609375,21894300
2019-10-22,9448.2373046875,9448.25,9526.7998046875,9435.849609375,9481.0498046875,19939500
2019-10-23,9458.6376953125,9458.650390625,9497.75,9418.25,9457.25,17000300
2019-10-24,9437.6376953125,9437.650390625,9516.650390625,9402.5,9501.349609375,22261300
2019-10-25,9431.0869140625,9431.099609375,9479.0498046875,9365.5498046875,9478.4501953125,20623400
2019-10-29,9598.3369140625,9598.349609375,9615.75,9475.5,9490.099609375,21713500
2019-10-30,9647.537109375,9647.5498046875,9673.7001953125,9602.099609375,9666.599609375,19182500
2019-10-31,9689.6376953125,9689.650390625,9733.349609375,9671.2998046875,9686.400390625,28856500
2019-11-01,9703.9873046875,9704.0,9730.75,9678.2001953125,9703.099609375,26818300
2019-11-04,9732.3876953125,9732.400390625,9780.0,9712.099609375,9736.75,19823600
2019-11-05,9694.037109375,9694.0498046875,9760.7998046875,9657.7001953125,9757.75,16944200
2019-11-06,9721.3369140625,9721.349609375,9750.5498046875,9646.099609375,9694.849609375,16912200
2019-11-07,9764.287109375,9764.2998046875,9771.2998046875,9718.25,9768.900390625,16864700
2019-11-08,9683.287109375,9683.2998046875,9785.400390625,9669.9501953125,9753.25,19752800
2019-11-11,9695.8369140625,9695.849609375,9708.349609375,9655.5,9665.650390625,15657600
2019-11-13,9633.9375,9633.9501953125,9730.599609375,9618.25,9698.099609375,18213500
2019-11-14,9650.3876953125,9650.400390625,9671.099609375,9596.849609375,9648.849609375,19531200
2019-11-15,9667.287109375,9667.2998046875,9721.2998046875,9657.7998046875,9676.9501953125,22612500
2019-11-18,9668.5869140625,9668.599609375,9705.7001953125,9654.400390625,9685.849609375,18168600
2019-11-19,9702.1376953125,9702.150390625,9714.25,9662.599609375,9692.2001953125,25121000
2019-11-20,9744.8876953125,9744.900390625,9776.7001953125,9725.7001953125,9748.400390625,34360000
2019-11-21,9712.3369140625,9712.349609375,9769.5,9703.900390625,9768.0498046875,24411000
2019-11-22,9679.287109375,9679.2998046875,9715.5,9650.2001953125,9715.0498046875,17645200
2019-11-25,9802.037109375,9802.0498046875,9809.099609375,9687.0498046875,9688.849609375,19054900
2019-11-26,9762.8369140625,9762.849609375,9852.900390625,9739.2001953125,9833.599609375,37029400
2019-11-27,9815.9375,9815.9501953125,9824.5,9778.150390625,9787.2998046875,16745200
2019-11-28,9869.7373046875,9869.75,9874.900390625,9816.75,9838.4501953125,22874100
2019-11-29,9813.6376953125,9813.650390625,9872.099609375,9781.0498046875,9871.099609375,24093500
2019-12-02,9797.9873046875,9798.0,9863.150390625,9778.599609375,9863.099609375,29711100
2019-12-03,9743.1376953125,9743.150390625,9815.9501953125,9715.5,9814.75,21251400
2019-12-04,9782.0869140625,9782.099609375,9790.099609375,9699.599609375,9722.25,22775000
2019-12-05,9757.5869140625,9757.599609375,9805.599609375,9741.9501953125,9801.099609375,16298700
2019-12-06,9669.3876953125,9669.400390625,9787.25,9642.150390625,9781.900390625,20041400
2019-12-09,9671.4375,9671.4501953125,9714.2998046875,9636.75,9682.0,16475100
2019-12-10,9595.3876953125,9595.400390625,9682.650390625,9585.0,9680.5498046875,16887500
2019-12-11,9636.2373046875,9636.25,9645.9501953125,9574.849609375,9605.599609375,19091700
2019-12-12,9691.1376953125,9691.150390625,9714.9501953125,9657.349609375,9666.5,15091300
2019-12-13,9783.5869140625,9783.599609375,9791.0498046875,9731.150390625,9732.349609375,17187300
2019-12-16,9752.9873046875,9753.0,9817.650390625,9747.9501953125,9815.25,12404900
2019-12-17,9831.3369140625,9831.349609375,9842.900390625,9766.5498046875,9776.4501953125,15166700
2019-12-18,9864.537109375,9864.5498046875,9876.400390625,9821.2001953125,9854.75,15186300
2019-12-19,9892.287109375,9892.2998046875,9898.5498046875,9845.5498046875,9866.150390625,14711400
2019-12-20,9905.3369140625,9905.349609375,9920.650390625,9891.650390625,9899.5,18139400
2019-12-23,9897.6376953125,9897.650390625,9922.0498046875,9861.400390625,9882.9501953125,13469500
2019-12-24,9868.3876953125,9868.400390625,9915.25,9860.349609375,9905.349609375,11316600
2019-12-26,9817.1875,9817.2001953125,9877.150390625,9811.349609375,9871.4501953125,13728700
2019-12-27,9908.6875,9908.7001953125,9916.25,9842.9501953125,9852.150390625,11994800
2019-12-30,9924.6875,9924.7001953125,9946.0498046875,9891.0498046875,9931.599609375,11473600
2019-12-31,9872.537109375,9872.5498046875,9921.7001953125,9861.5,9921.5,11862400
2020-01-01,9888.537109375,9888.5498046875,9914.400390625,9875.099609375,9897.9501953125,8669900
2020-01-02,9979.9873046875,9980.0,9984.400390625,9901.400390625,9903.25,13807300
2020-01-03,9941.6376953125,9941.650390625,9976.75,9913.599609375,9966.7998046875,13777400
2020-01-06,9747.3876953125,9747.400390625,9901.599609375,9731.849609375,9896.4501953125,13305200
2020-01-07,9805.3876953125,9805.400390625,9883.4501953125,9765.5,9814.4501953125,12705200
2020-01-08,9792.1875,9792.2001953125,9798.25,9700.349609375,9708.7001953125,15446700
2020-01-09,9943.8876953125,9943.900390625,9951.2001953125,9882.150390625,9894.0498046875,16682300
2020-01-10,9977.9873046875,9978.0,10023.150390625,9947.349609375,9985.0,16223200
2020-01-13,10042.4873046875,10042.5,10046.4501953125,10006.25,10012.7998046875,12975600
2020-01-14,10075.8359375,10075.849609375,10083.849609375,10032.849609375,10051.2001953125,13984000
2020-01-15,10087.0361328125,10087.0498046875,10095.9501953125,10030.9501953125,10070.0,17406900
2020-01-16,10110.0361328125,10110.0498046875,10132.150390625,10076.599609375,10099.9501953125,13973900
2020-01-17,10118.6865234375,10118.7001953125,10138.4501953125,10089.5,10096.400390625,22525300
2020-01-20,10025.6875,10025.7001953125,10174.9501953125,10019.0498046875,10174.9501953125,15704800
2020-01-21,9987.537109375,9987.5498046875,10033.2998046875,9977.7001953125,10001.849609375,17900
2020-01-22,9946.9873046875,9947.0,10034.0498046875,9935.0,10029.5498046875,16000
2020-01-23,10021.3876953125,10021.400390625,10027.7998046875,9944.099609375,9961.7998046875,23475300
2020-01-24,10083.6865234375,10083.7001953125,10101.25,9999.25,10019.9501953125,15534900
2020-01-27,9999.5869140625,9999.599609375,10077.4501953125,9989.5498046875,10046.4501953125,12548200
2020-01-28,9956.9375,9956.9501953125,10041.0498046875,9934.2001953125,10023.5,15245400
2020-01-29,10009.287109375,10009.2998046875,10039.0498046875,9990.2001953125,10006.9501953125,14210700
2020-01-30,9919.1875,9919.2001953125,10026.900390625,9902.2998046875,10025.349609375,15760600
2020-01-31,9861.4375,9861.4501953125,9971.2001953125,9849.25,9968.400390625,16760200
2020-02-03,9650.537109375,9650.5498046875,9682.650390625,9559.849609375,9578.5,15170600
2020-02-04,9853.037109375,9853.0498046875,9858.650390625,9711.099609375,9711.9501953125,14763000
2020-02-05,9951.3369140625,9951.349609375,9955.900390625,9847.0498046875,9880.150390625,16625300
2020-02-06,10004.1875,10004.2001953125,10022.5,9953.2001953125,9979.650390625,15840900
2020-02-07,10000.7373046875,10000.75,10021.7001953125,9974.5498046875,10019.4501953125,13516900
2020-02-10,9945.6376953125,9945.650390625,10008.75,9917.650390625,10008.75,12720800
2020-02-11,9987.037109375,9987.0498046875,10044.150390625,9979.599609375,10004.0498046875,12801700
2020-02-12,10037.0869140625,10037.099609375,10067.7001953125,10015.849609375,10020.599609375,15152000
2020-02-13,10017.7373046875,10017.75,10053.2001953125,9990.349609375,10049.849609375,12807500
2020-02-14,9961.037109375,9961.0498046875,10071.7001953125,9947.650390625,10031.25,26840400
2020-02-17,9890.9873046875,9891.0,9990.75,9884.9501953125,9976.150390625,0
2020-02-18,9845.537109375,9845.5498046875,9877.599609375,9768.4501953125,9876.7001953125,21250600
2020-02-19,9970.4873046875,9970.5,9974.849609375,9895.400390625,9921.2998046875,21953400
2020-02-20,9958.6376953125,9958.650390625,10016.650390625,9950.599609375,9969.900390625,23129000
2020-02-24,9758.1875,9758.2001953125,9904.5,9745.5498046875,9904.5,19233300
2020-02-25,9724.6875,9724.7001953125,9813.7998046875,9711.75,9796.4501953125,18377800
2020-02-26,9622.6875,9622.7001953125,9713.2001953125,9596.2998046875,9680.099609375,16572100
2020-02-27,9579.3369140625,9579.349609375,9613.5,9496.5498046875,9612.400390625,17747000
2020-02-28,9236.0380859375,9236.0498046875,9374.849609375,9214.099609375,9372.7001953125,22528700
2020-03-02,9178.7880859375,9178.7998046875,9436.5,9105.0,9380.400390625,18603000
2020-03-03,9324.287109375,9324.2998046875,9348.5498046875,9201.0,9251.400390625,18210600
2020-03-04,9258.23828125,9258.25,9368.5498046875,9125.4501953125,9362.900390625,18769300
2020-03-05,9280.138671875,9280.150390625,9365.5498046875,9250.0498046875,9305.5498046875,24994200
2020-03-06,9059.9384765625,9059.9501953125,9089.2001953125,8918.5498046875,8997.0498046875,29361700
2020-03-09,8631.337890625,8631.349609375,8870.150390625,8520.9501953125,8862.7001953125,32066200
2020-03-11,8618.0380859375,8618.0498046875,8709.5,8555.7998046875,8556.099609375,28714100
2020-03-12,7901.33984375,7901.35009765625,8272.849609375,7841.5,8272.400390625,34715700
2020-03-13,8162.9892578125,8163.0,8298.0,7028.7001953125,7425.0498046875,41734500
2020-03-16,7591.89013671875,7591.89990234375,7904.25,7564.7998046875,7867.0,31756000
2020-03-17,7417.64013671875,7417.64990234375,7746.14990234375,7383.35009765625,7642.35009765625,25419900
2020-03-18,7010.54052734375,7010.5498046875,7543.0498046875,6969.35009765625,7512.2998046875,48742700
2020-03-19,6807.19140625,6807.2001953125,7041.7001953125,6483.14990234375,6676.85009765625,27415800
2020-03-20,7160.0908203125,7160.10009765625,7267.25,6744.7998046875,6833.64990234375,28681600
2020-03-23,6242.99169921875,6243.0,6692.85009765625,6226.10009765625,6522.7998046875,16536600
2020-03-24,6365.44189453125,6365.4501953125,6556.64990234375,6151.60009765625,6421.0,18218300
2020-03-25,6723.9912109375,6724.0,6758.75,6291.85009765625,6299.75,16082700
2020-03-26,6993.8408203125,6993.85009765625,7079.75,6722.35009765625,6826.0498046875,20578700
2020-03-27,7003.29052734375,7003.2998046875,7311.0498046875,6902.89990234375,7230.5498046875,19528000
2020-03-30,6749.19140625,6749.2001953125,6947.9501953125,6721.25,6810.5,13416500
2020-03-31,6996.74072265625,6996.75,7041.64990234375,6808.75,6938.0498046875,16366900
2020-04-01,6761.94140625,6761.9501953125,6998.39990234375,6720.4501953125,6995.5498046875,13239600
2020-04-03,6638.44140625,6638.4501953125,6831.64990234375,6619.5498046875,6831.64990234375,16287700
2020-04-07,7148.99072265625,7149.0,7164.7001953125,6842.9501953125,6913.5,19047300
2020-04-08,7161.44091796875,7161.4501953125,7435.5,7061.35009765625,7090.39990234375,21739200
2020-04-09,7441.64013671875,7441.64990234375,7454.89990234375,7298.39990234375,7335.2001953125,19020400
2020-04-13,7360.34033203125,7360.35009765625,7453.64990234375,7279.0,7450.2001953125,24148300
2020-04-15,7344.34033203125,7344.35009765625,7581.60009765625,7298.5498046875,7503.0,28227200
2020-04-16,7412.2900390625,7412.2998046875,7453.0498046875,7268.25,7297.7998046875,21057100
2020-04-17,7614.39013671875,7614.39990234375,7665.64990234375,7489.2001953125,7665.39990234375,24966400
2020-04-20,7614.59033203125,7614.60009765625,7712.39990234375,7602.10009765625,7712.2001953125,22190500
2020-04-21,7395.84033203125,7395.85009765625,7446.0498046875,7346.5498046875,7436.5,18829400
2020-04-22,7533.7900390625,7533.7998046875,7543.7998046875,7350.25,7421.85009765625,21423700
2020-04-23,7625.2900390625,7625.2998046875,7655.60009765625,7540.39990234375,7575.5498046875,22850400
2020-04-24,7493.4404296875,7493.4501953125,7599.89990234375,7485.5498046875,7519.60009765625,19394200
2020-04-27,7603.9404296875,7603.9501953125,7657.64990234375,7572.10009765625,7578.0,16303300
2020-04-28,7672.43994140625,7672.4501953125,7698.5498046875,7584.85009765625,7690.5498046875,17820300
2020-04-29,7797.18994140625,7797.2001953125,7828.2998046875,7692.9501953125,7702.60009765625,20612500
2020-04-30,8012.88916015625,8012.89990234375,8041.0498046875,7933.2998046875,7947.14990234375,26580200
2020-05-04,7596.89013671875,7596.89990234375,7765.7998046875,7578.75,7764.9501953125,21674900
2020-05-05,7523.0400390625,7523.0498046875,7727.75,7513.25,7704.5,18397000
2020-05-06,7575.490234375,7575.5,7620.7998046875,7451.2001953125,7544.14990234375,20962000
2020-05-07,7520.84033203125,7520.85009765625,7592.4501953125,7509.7998046875,7551.60009765625,16292800
2020-05-08,7551.990234375,7552.0,7654.14990234375,7542.7998046875,7649.35009765625,0
2020-05-11,7556.39013671875,7556.39990234375,7692.35009765625,7542.75,7628.5,25057500
2020-05-12,7520.89013671875,7520.89990234375,7552.60009765625,7403.2998046875,7508.5498046875,22496800
2020-05-13,7666.98974609375,7667.0,7819.2001953125,7632.85009765625,7819.14990234375,29043800
2020-05-14,7514.5400390625,7514.5498046875,7614.7998046875,7495.89990234375,7558.14990234375,21444600
2020-05-15,7504.0400390625,7504.0498046875,7547.60009765625,7447.7001953125,7547.60009765625,18293500
2020-05-18,7245.24072265625,7245.25,7522.5,7234.4501953125,7522.4501953125,22358500
2020-05-19,7284.490234375,7284.5,7398.0498046875,7266.14990234375,7350.10009765625,26744700
2020-05-20,7426.84033203125,7426.85009765625,7446.85009765625,7281.7998046875,7292.89990234375,20534100
2020-05-21,7470.59033203125,7470.60009765625,7525.2998046875,7429.25,7444.4501953125,19930000
2020-05-22,7415.990234375,7416.0,7507.5,7368.7001953125,7446.0,20121100
2020-05-26,7424.490234375,7424.5,7502.7001953125,7395.9501953125,7463.60009765625,18462100
2020-05-27,7595.5400390625,7595.5498046875,7607.39990234375,7394.0498046875,7462.9501953125,20211800
2020-05-28,7732.23974609375,7732.25,7746.39990234375,7616.7998046875,7635.0,25754400
2020-05-29,7822.3896484375,7822.39990234375,7834.0498046875,7658.7998046875,7687.60009765625,54042400
2020-06-01,8020.08935546875,8020.10009765625,8087.0,7923.7001953125,7935.7001953125,29915300
2020-06-02,8137.439453125,8137.4501953125,8147.39990234375,8030.64990234375,8068.14990234375,31957200
2020-06-03,8202.9892578125,8203.0,8295.349609375,8182.14990234375,8241.599609375,34838000
2020-06-04,8185.88916015625,8185.89990234375,8266.9501953125,8117.2001953125,8209.0,32952800
2020-06-05,8299.3388671875,8299.349609375,8319.400390625,8206.099609375,8243.599609375,45184000
2020-06-08,8323.939453125,8323.9501953125,8445.650390625,8287.900390625,8444.5498046875,47571200
2020-06-09,8238.0888671875,8238.099609375,8422.150390625,8213.599609375,8350.2998046875,40620300
2020-06-10,8293.3388671875,8293.349609375,8314.599609375,8224.7001953125,8260.150390625,32714600
2020-06-11,8136.9892578125,8137.0,8306.4501953125,8125.0,8284.099609375,45938500
2020-06-12,8196.3896484375,8196.400390625,8212.7998046875,7839.14990234375,7839.7998046875,37565800
2020-06-15,8086.439453125,8086.4501953125,8196.400390625,8030.39990234375,8171.75,0
2020-06-16,8152.2890625,8152.2998046875,8260.2001953125,8015.14990234375,8239.400390625,0
2020-06-17,8140.439453125,8140.4501953125,8223.9501953125,8098.0,8126.2998046875,0
2020-06-18,8283.6396484375,8283.650390625,8297.0,8117.9501953125,8130.89990234375,0
2020-06-19,8403.3896484375,8403.400390625,8420.849609375,8282.5,8314.9501953125,0
2020-06-22,8486.439453125,8486.4501953125,8538.75,8447.9501953125,8471.900390625,38391800
2020-06-23,8621.087890625,8621.099609375,8629.900390625,8488.349609375,8527.5,28347000
2020-06-24,8496.2392578125,8496.25,8699.5498046875,8476.849609375,8678.7001953125,37250100
2020-06-25,8499.8896484375,8499.900390625,8543.5498046875,8410.150390625,8440.75,32949100
2020-06-26,8558.9892578125,8559.0,8595.4501953125,8515.650390625,8572.4501953125,31776100
2020-06-29,8488.0390625,8488.0498046875,8521.400390625,8426.9501953125,8514.599609375,28424100
2020-06-30,8474.7890625,8474.7998046875,8560.2998046875,8448.5498046875,8544.7001953125,26583700
2020-07-01,8554.7392578125,8554.75,8567.349609375,8466.7001953125,8493.75,21687600
2020-07-02,8647.837890625,8647.849609375,8677.9501953125,8598.7998046875,8602.4501953125,22396000
2020-07-03,8696.23828125,8696.25,8712.900390625,8660.650390625,8700.849609375,21076100
2020-07-06,8815.6884765625,8815.7001953125,8843.099609375,8761.9501953125,8782.0,23473700
2020-07-07,8850.2880859375,8850.2998046875,8861.4501953125,8762.2001953125,8847.25,25059200
2020-07-08,8784.98828125,8785.0,8894.0498046875,8763.5498046875,8872.0498046875,30968900
2020-07-09,8851.48828125,8851.5,8867.2998046875,8808.0,8823.75,23002800
2020-07-10,8813.9384765625,8813.9501953125,8865.349609375,8772.4501953125,8818.7001953125,28165600
2020-07-13,8834.1884765625,8834.2001953125,8901.2998046875,8796.5498046875,8879.5498046875,20738700
2020-07-14,8693.337890625,8693.349609375,8802.7001953125,8655.400390625,8799.5498046875,19535800
2020-07-15,8689.837890625,8689.849609375,8846.900390625,8661.4501953125,8764.0498046875,23275300
2020-07-16,8766.587890625,8766.599609375,8776.0498046875,8650.599609375,8750.599609375,26639800
2020-07-17,8895.2880859375,8895.2998046875,8915.25,8781.4501953125,8783.0498046875,26162900
2020-07-20,8985.087890625,8985.099609375,8994.9501953125,8938.099609375,8965.25,26737600
2020-07-21,9070.587890625,9070.599609375,9089.2001953125,9049.4501953125,9066.150390625,25123800
2020-07-22,9046.587890625,9046.599609375,9123.0498046875,8988.5498046875,9119.150390625,24837500
2020-07-23,9114.0380859375,9114.0498046875,9129.2998046875,9034.599609375,9054.849609375,17271500
2020-07-24,9085.9384765625,9085.9501953125,9108.2001953125,9011.5,9066.650390625,20245700
2020-07-27,9024.888671875,9024.900390625,9112.4501953125,8995.099609375,9112.4501953125,16647500
2020-07-28,9141.73828125,9141.75,9153.0,9043.900390625,9045.4501953125,18020900
2020-07-29,9096.087890625,9096.099609375,9180.7001953125,9057.900390625,9135.5,21091100
2020-07-30,9031.6884765625,9031.7001953125,9163.9501953125,9013.900390625,9136.2001953125,19996000
2020-07-31,9035.73828125,9035.75,9076.9501953125,8997.7001953125,9061.5,19817500
2020-08-03,8932.0380859375,8932.0498046875,9029.7998046875,8925.0498046875,9029.599609375,21390200
2020-08-04,9074.9384765625,9074.9501953125,9085.75,8951.0,8980.5498046875,0
2020-08-05,9088.73828125,9088.75,9175.4501953125,9060.7998046875,9126.650390625,20324500
2020-08-06,9169.087890625,9169.099609375,9205.099609375,9115.75,9150.150390625,19051500
2020-08-07,9198.638671875,9198.650390625,9211.75,9142.2998046875,9170.0498046875,23343800
2020-08-10,9268.5380859375,9268.5498046875,9308.75,9241.5,9257.2001953125,20768500
2020-08-11,9290.98828125,9291.0,9346.900390625,9283.0,9315.150390625,20230100
2020-08-12,9284.7880859375,9284.7998046875,9294.900390625,9229.2001953125,9269.150390625,21423700
2020-08-13,9307.837890625,9307.849609375,9339.2001953125,9280.2998046875,9314.9501953125,23392200
2020-08-14,9214.388671875,9214.400390625,9365.849609375,9157.650390625,9350.650390625,24665600
2020-08-17,9267.888671875,9267.900390625,9281.9501953125,9184.25,9278.849609375,17520500
2020-08-18,9382.037109375,9382.0498046875,9392.75,9282.099609375,9286.099609375,0
2020-08-19,9412.537109375,9412.5498046875,9449.150390625,9402.25,9436.9501953125,0
2020-08-20,9368.7373046875,9368.75,9398.599609375,9325.0498046875,9347.900390625,0
2020-08-21,9423.537109375,9423.5498046875,9465.0498046875,9415.650390625,9451.2001953125,0
2020-08-24,9498.3369140625,9498.349609375,9523.400390625,9465.7001953125,9466.7998046875,0
2020-08-25,9509.2373046875,9509.25,9556.5,9469.2001953125,9545.599609375,0
2020-08-26,9567.1376953125,9567.150390625,9575.2001953125,9508.0,9547.0498046875,0
2020-08-27,9580.6875,9580.7001953125,9625.650390625,9568.7998046875,9619.599609375,0
2020-08-28,9641.037109375,9641.0498046875,9675.900390625,9614.75,9623.0,0
2020-08-31,9372.037109375,9372.0498046875,9747.0498046875,9324.650390625,9735.7001953125,0
2020-09-01,9442.2373046875,9442.25,9479.099609375,9353.2001953125,9422.4501953125,0
2020-09-02,9518.3876953125,9518.400390625,9534.5,9429.7001953125,9457.650390625,0
2020-09-03,9534.6376953125,9534.650390625,9567.75,9520.099609375,9550.349609375,0
2020-09-04,9377.9375,9377.9501953125,9476.599609375,9355.0498046875,9388.349609375,0
2020-09-07,9379.0869140625,9379.099609375,9420.7001953125,9307.5498046875,9403.4501953125,27227900
2020-09-08,9329.8369140625,9329.849609375,9436.7001953125,9306.25,9400.599609375,0
2020-09-09,9290.1884765625,9290.2001953125,9306.2998046875,9203.5,9250.099609375,0
2020-09-10,9420.2373046875,9420.25,9429.900390625,9345.599609375,9359.5498046875,0
2020-09-11,9446.3876953125,9446.400390625,9460.650390625,9405.150390625,9424.4501953125,0
2020-09-14,9493.287109375,9493.2998046875,9577.849609375,9446.849609375,9520.0,0
2020-09-15,9573.3369140625,9573.349609375,9583.2001953125,9515.349609375,9538.150390625,0
2020-09-16,9632.4873046875,9632.5,9640.9501953125,9575.0,9595.75,0
2020-09-17,9566.7373046875,9566.75,9624.650390625,9553.849609375,9584.5498046875,0
2020-09-18,9559.4873046875,9559.5,9626.5498046875,9517.7998046875,9622.150390625,0
2020-09-21,9312.9873046875,9313.0,9582.349609375,9284.75,9565.9501953125,0
2020-09-22,9213.888671875,9213.900390625,9340.25,9117.9501953125,9339.7998046875,0
2020-09-23,9194.337890625,9194.349609375,9309.0498046875,9106.0,9296.4501953125,0
2020-09-24,8944.73828125,8944.75,9097.400390625,8933.9501953125,9094.099609375,0
2020-09-25,9156.087890625,9156.099609375,9171.150390625,8985.75,9032.7001953125,0
2020-09-28,9330.2373046875,9330.25,9338.7001953125,9212.75,9237.75,0
2020-09-29,9319.6875,9319.7001953125,9401.7998046875,9286.0498046875,9385.75,0
2020-09-30,9341.7373046875,9341.75,9375.849609375,9292.349609375,9344.2998046875,0
2020-10-01,9461.6875,9461.7001953125,9472.400390625,9423.7998046875,9433.7001953125,0
2020-10-05,9516.287109375,9516.2998046875,9567.5498046875,9476.7998046875,9518.2001953125,0
2020-10-06,9622.3369140625,9622.349609375,9633.349609375,9564.0498046875,9592.650390625,0
2020-10-07,9654.4873046875,9654.5,9673.2998046875,9593.7001953125,9637.150390625,0
2020-10-08,9711.787109375,9711.7998046875,9759.2998046875,9674.9501953125,9724.5498046875,0
2020-10-09,9750.1376953125,9750.150390625,9774.75,9691.2001953125,9728.75,0
2020-10-12,9745.3369140625,9745.349609375,9822.9501953125,9698.900390625,9793.349609375,0
2020-10-13,9736.4375,9736.4501953125,9784.7998046875,9715.9501953125,9745.900390625,0
2020-10-14,9763.3876953125,9763.400390625,9781.25,9657.5,9726.4501953125,0
2020-10-15,9550.037109375,9550.0498046875,9802.900390625,9535.7001953125,9801.5498046875,0
2020-10-16,9626.2373046875,9626.25,9635.0,9536.4501953125,9588.7998046875,0
2020-10-19,9709.287109375,9709.2998046875,9717.599609375,9664.4501953125,9710.9501953125,0
2020-10-20,9732.9873046875,9733.0,9760.349609375,9682.2998046875,9699.2998046875,0
2020-10-21,9756.5869140625,9756.599609375,9821.9501953125,9635.2998046875,9780.5,0
2020-10-22,9745.037109375,9745.0498046875,9763.7998046875,9683.7998046875,9726.4501953125,0
2020-10-23,9780.3369140625,9780.349609375,9807.150390625,9764.5498046875,9794.400390625,0
2020-10-26,9647.6376953125,9647.650390625,9797.7001953125,9609.2001953125,9794.9501953125,0
2020-10-27,9748.287109375,9748.2998046875,9756.0498046875,9607.599609375,9674.150390625,0
2020-10-28,9632.3369140625,9632.349609375,9782.9501953125,9602.75,9773.849609375,0
2020-10-29,9593.3876953125,9593.400390625,9637.849609375,9530.25,9557.150390625,0
2020-10-30,9581.6376953125,9581.650390625,9665.0,9500.7001953125,9605.099609375,0
2020-11-02,9595.9375,9595.9501953125,9634.150390625,9524.2001953125,9622.7001953125,0
2020-11-03,9696.287109375,9696.2998046875,9715.4501953125,9643.0,9648.650390625,0
2020-11-04,9764.5869140625,9764.599609375,9778.099609375,9654.599609375,9684.099609375,0
2020-11-05,9935.3369140625,9935.349609375,9941.5,9857.25,9874.349609375,0
2020-11-06,10033.4873046875,10033.5,10044.900390625,9951.2001953125,9965.0498046875,0
2020-11-09,10176.3359375,10176.349609375,10183.5,10100.4501953125,10137.2998046875,0
2020-11-10,10268.986328125,10269.0,10277.0,10181.650390625,10252.7998046875,0
2020-11-11,10356.486328125,10356.5,10378.0498046875,10233.349609375,10308.5,0
2020-11-12,10342.6865234375,10342.7001953125,10367.849609375,10294.5498046875,10334.75,0
2020-11-13,10387.1865234375,10387.2001953125,10394.150390625,10293.25,10324.099609375,0
2020-11-17,10523.986328125,10524.0,10543.849609375,10459.599609375,10543.25,0
2020-11-18,10588.3359375,10588.349609375,10594.9501953125,10491.5,10516.75,0
2020-11-19,10477.486328125,10477.5,10633.150390625,10453.599609375,10522.900390625,0
2020-11-20,10560.5361328125,10560.5498046875,10583.75,10456.9501953125,10514.849609375,0
2020-11-23,10635.9365234375,10635.9501953125,10661.25,10567.4501953125,10642.849609375,0
2020-11-24,10733.5859375,10733.599609375,10749.349609375,10686.5,10698.2998046875,0
2020-11-25,10574.9365234375,10574.9501953125,10804.099609375,10556.2001953125,10794.400390625,0
2020-11-26,10674.0361328125,10674.0498046875,10694.75,10531.900390625,10611.0498046875,20812300
2020-11-27,10719.0361328125,10719.0498046875,10751.0,10670.2001953125,10703.25,0
2020-12-01,10835.1357421875,10835.150390625,10850.150390625,10734.2998046875,10803.25,0
2020-12-02,10858.1357421875,10858.150390625,10866.150390625,10755.900390625,10856.25,0
2020-12-03,10893.5849609375,10893.599609375,10936.75,10871.7998046875,10936.75,0
2020-12-04,10978.8349609375,10978.849609375,10990.2001953125,10888.9501953125,10934.650390625,0
2020-12-07,11070.2353515625,11070.25,11078.349609375,10982.75,10994.150390625,0
2020-12-08,11088.6357421875,11088.650390625,11136.7998046875,11008.400390625,11112.599609375,0
2020-12-09,11181.185546875,11181.2001953125,11201.75,11143.4501953125,11147.5498046875,0
2020-12-10,11141.3349609375,11141.349609375,11156.900390625,11060.2001953125,11156.900390625,0
2020-12-11,11171.3857421875,11171.400390625,11221.9501953125,11082.0,11172.650390625,0
2020-12-14,11215.2353515625,11215.25,11240.400390625,11157.650390625,11223.2998046875,21523600
2020-12-15,11223.8857421875,11223.900390625,11234.4501953125,11128.400390625,11212.349609375,23302700
2020-12-16,11320.0849609375,11320.099609375,11328.400390625,11265.7998046875,11299.2001953125,0
2020-12-17,11346.3349609375,11346.349609375,11385.599609375,11322.75,11347.099609375,0
2020-12-18,11354.9853515625,11355.0,11376.7001953125,11263.150390625,11368.7001953125,0
2020-12-21,10964.2353515625,10964.25,11365.5498046875,10787.5,11338.400390625,0
2020-12-22,11075.7353515625,11075.75,11097.2998046875,10791.849609375,10979.849609375,0
2020-12-23,11225.53515625,11225.5498046875,11239.599609375,11062.2001953125,11092.400390625,0
2020-12-24,11325.2353515625,11325.25,11342.4501953125,11245.75,11292.0498046875,0
2020-12-28,11434.685546875,11434.7001953125,11443.4501953125,11386.099609375,11387.4501953125,0
2020-12-29,11466.9853515625,11467.0,11506.2001953125,11405.7998046875,11475.25,0
2020-12-30,11509.6357421875,11509.650390625,11521.2001953125,11414.099609375,11507.0498046875,0
2020-12-31,11518.28515625,11518.2998046875,11548.349609375,11483.5498046875,11508.5498046875,0
2021-01-04,11691.7841796875,11691.7998046875,11703.25,11542.150390625,11651.5,0
2021-01-05,11766.984375,11767.0,11780.7998046875,11613.5,11647.599609375,0
2021-01-06,11737.884765625,11737.900390625,11817.099609375,11640.150390625,11806.75,0
2021-01-07,11766.083984375,11766.099609375,11834.400390625,11753.7998046875,11833.599609375,0
2021-01-08,11925.583984375,11925.599609375,11940.4501953125,11841.849609375,11865.5,0
2021-01-11,12006.484375,12006.5,12024.650390625,11921.75,12024.650390625,0
2021-01-12,12058.333984375,12058.349609375,12083.7001953125,11969.75,12000.7998046875,0
2021-01-13,12041.083984375,12041.099609375,12133.400390625,11925.0,12123.0,0
2021-01-14,12069.484375,12069.5,12081.5498046875,11976.150390625,12043.400390625,0
2021-01-15,11931.1845703125,11931.2001953125,12100.849609375,11864.0498046875,12078.599609375,0
2021-01-18,11776.1845703125,11776.2001953125,11948.2001953125,11733.349609375,11943.650390625,28376400
2021-01-19,11981.833984375,11981.849609375,11993.2998046875,11849.150390625,11851.150390625,22124700
2021-01-20,12078.333984375,12078.349609375,12092.0498046875,11987.599609375,12002.099609375,0
2021-01-21,12015.9345703125,12015.9501953125,12167.9501953125,11959.599609375,12154.7001953125,0
2021-01-22,11854.484375,11854.5,12053.099609375,11842.400390625,12020.2998046875,0
2021-01-25,11743.6845703125,11743.7001953125,11968.400390625,11719.5498046875,11951.099609375,0
2021-01-27,11546.333984375,11546.349609375,11744.2998046875,11511.5498046875,11744.2998046875,0
2021-01-28,11442.53515625,11442.5498046875,11503.2001953125,11365.849609375,11419.2998046875,0
2021-01-29,11302.3857421875,11302.400390625,11568.900390625,11273.5498046875,11549.849609375,0
2021-02-01,11770.134765625,11770.150390625,11806.4501953125,11304.0,11396.900390625,0
2021-02-02,12053.234375,12053.25,12102.599609375,11916.650390625,11921.7001953125,31156100
2021-02-03,12174.0341796875,12174.0498046875,12234.7001953125,12005.400390625,12139.7001953125,30767100
2021-02-04,12285.833984375,12285.849609375,12297.5498046875,12140.849609375,12184.650390625,0
2021-02-05,12279.833984375,12279.849609375,12386.25,12247.4501953125,12345.25,0
2021-02-08,12441.283203125,12441.2998046875,12469.2998046875,12376.650390625,12389.5,0
2021-02-09,12434.18359375,12434.2001953125,12545.4501953125,12396.2001953125,12487.599609375,0
2021-02-10,12452.43359375,12452.4501953125,12490.4501953125,12347.099609375,12452.9501953125,0
2021-02-11,12514.0830078125,12514.099609375,12522.4501953125,12426.150390625,12433.5,0
2021-02-12,12508.533203125,12508.5498046875,12571.0,12443.0498046875,12531.349609375,0
2021-02-15,12632.033203125,12632.0498046875,12648.7001953125,12576.7001953125,12592.0,0
2021-02-16,12647.18359375,12647.2001953125,12724.5498046875,12580.9501953125,12679.650390625,0
2021-02-17,12597.43359375,12597.4501953125,12669.849609375,12561.5498046875,12631.099609375,0
2021-02-18,12565.68359375,12565.7001953125,12655.400390625,12535.650390625,12633.2998046875,0
2021-02-19,12438.783203125,12438.7998046875,12592.5,12360.7001953125,12540.849609375,0
2021-02-22,12212.5341796875,12212.5498046875,12471.650390625,12174.599609375,12457.25,0
2021-02-23,12263.6845703125,12263.7001953125,12356.4501953125,12190.650390625,12294.2998046875,0
2021-02-24,12455.18359375,12455.2001953125,12470.2001953125,12294.849609375,12299.5498046875,18208600
2021-02-25,12567.8330078125,12567.849609375,12615.400390625,12533.2998046875,12543.5,32736600
2021-02-26,12181.384765625,12181.400390625,12449.0,12134.5,12401.0498046875,0
2021-03-01,12368.283203125,12368.2998046875,12395.7998046875,12271.849609375,12316.2998046875,0
2021-03-02,12519.3837890625,12519.400390625,12548.2001953125,12385.9501953125,12458.349609375,0
2021-03-03,12764.783203125,12764.7998046875,12781.849609375,12603.0498046875,12635.849609375,0
2021-03-04,12688.8330078125,12688.849609375,12771.099609375,12589.75,12607.5498046875,0
2021-03-05,12538.9833984375,12539.0,12697.0498046875,12478.4501953125,12621.9501953125,0
2021-03-08,12558.93359375,12558.9501953125,12682.5498046875,12534.75,12607.0498046875,0
2021-03-09,12617.18359375,12617.2001953125,12679.650390625,12494.599609375,12638.400390625,0
2021-03-10,12691.3330078125,12691.349609375,12722.599609375,12627.7998046875,12705.099609375,0
2021-03-12,12593.8837890625,12593.900390625,12816.150390625,12534.4501953125,12806.150390625,0
2021-03-15,12510.1337890625,12510.150390625,12624.2998046875,12364.9501953125,12623.0498046875,0
2021-03-16,12512.68359375,12512.7001953125,12601.0498046875,12487.7998046875,12564.7998046875,0
2021-03-17,12319.8837890625,12319.900390625,12546.5498046875,12301.150390625,12540.150390625,0
2021-03-18,12174.4345703125,12174.4501953125,12449.849609375,12100.599609375,12426.900390625,0
2021-03-19,12314.4833984375,12314.5,12342.2998046875,11951.400390625,12096.7998046875,0
2021-03-22,12338.5830078125,12338.599609375,12360.4501953125,12235.599609375,12322.75,0
2021-03-23,12417.283203125,12417.2998046875,12462.0,12340.2998046875,12375.400390625,0
2021-03-24,12197.1845703125,12197.2001953125,12390.599609375,12183.7001953125,12346.0498046875,0
2021-03-25,11993.2841796875,11993.2998046875,12221.5498046875,11939.0,12218.7998046875,0
2021-03-26,12148.884765625,12148.900390625,12191.9501953125,12072.2001953125,12134.75,0
2021-03-30,12387.8837890625,12387.900390625,12404.25,12249.0,12256.0,23368900
2021-03-31,12313.68359375,12313.7001953125,12376.7998046875,12298.7001953125,12376.7998046875,0
2021-04-01,12478.9833984375,12479.0,12492.5498046875,12334.349609375,12401.349609375,0
2021-04-05,12298.5830078125,12298.599609375,12466.25,12149.400390625,12463.7001953125,0
2021-04-06,12358.0830078125,12358.099609375,12422.849609375,12254.9501953125,12374.7001953125,0
2021-04-07,12481.283203125,12481.2998046875,12510.7001953125,12347.7001953125,12389.25,0
2021-04-08,12541.6337890625,12541.650390625,12624.25,12501.25,12533.4501953125,0
2021-04-09,12527.3837890625,12527.400390625,12591.9501953125,12490.0,12552.900390625,0
2021-04-12,12024.083984375,12024.099609375,12361.400390625,11978.4501953125,12357.349609375,0
2021-04-13,12186.6845703125,12186.7001953125,12201.5498046875,12006.7001953125,12068.0498046875,0
2021-04-15,12237.583984375,12237.599609375,12248.900390625,12055.150390625,12189.7998046875,0
2021-04-16,12298.033203125,12298.0498046875,12358.5498046875,12232.400390625,12261.900390625,0
2021-04-19,12076.4345703125,12076.4501953125,12094.5498046875,11923.2001953125,12032.75,0
2021-04-20,12055.384765625,12055.400390625,12232.849609375,11981.349609375,12213.5498046875,0
2021-04-22,12132.0341796875,12132.0498046875,12147.5,11950.650390625,11997.2001953125,19333500
2021-04-23,12105.583984375,12105.599609375,12199.400390625,12044.900390625,12086.2001953125,0
2021-04-26,12216.833984375,12216.849609375,12263.599609375,12180.849609375,12197.099609375,0
2021-04-27,12362.533203125,12362.5498046875,12374.0,12232.7998046875,12238.5498046875,0
2021-04-28,12517.93359375,12517.9501953125,12537.0498046875,12412.0,12422.5,0
2021-04-29,12532.783203125,12532.7998046875,12659.400390625,12471.900390625,12613.7998046875,0
2021-04-30,12364.3330078125,12364.349609375,12524.099609375,12341.2001953125,12425.7998046875,0
2021-05-03,12395.2333984375,12395.25,12419.0,12210.5498046875,12256.849609375,23244300
2021-05-04,12300.43359375,12300.4501953125,12487.150390625,12272.349609375,12457.400390625,30886900
2021-05-05,12412.9833984375,12413.0,12426.9501953125,12319.25,12394.849609375,0
2021-05-06,12501.8837890625,12501.900390625,12514.099609375,12407.650390625,12465.7001953125,0
2021-05-07,12563.0830078125,12563.099609375,12600.150390625,12527.349609375,12579.900390625,0
2021-05-10,12669.8837890625,12669.900390625,12685.7998046875,12625.900390625,12649.4501953125,0
2021-05-11,12642.2333984375,12642.25,12675.2001953125,12538.650390625,12559.9501953125,0
2021-05-12,12537.93359375,12537.9501953125,12646.9501953125,12496.650390625,12646.25,0
2021-05-14,12472.1337890625,12472.150390625,12595.349609375,12408.099609375,12595.150390625,0
2021-05-17,12672.0830078125,12672.099609375,12683.7998046875,12511.2998046875,12544.5498046875,0
2021-05-18,12839.0830078125,12839.099609375,12855.599609375,12783.150390625,12794.9501953125,0
2021-05-19,12808.9833984375,12809.0,12882.5,12791.150390625,12816.5498046875,0
2021-05-20,12736.43359375,12736.4501953125,12854.650390625,12718.2001953125,12831.2998046875,0
2021-05-21,12917.8330078125,12917.849609375,12929.0498046875,12803.150390625,12815.5498046875,0
2021-05-24,12962.43359375,12962.4501953125,13003.599609375,12912.25,12963.0,0
2021-05-25,12962.9833984375,12963.0,13046.150390625,12929.150390625,13045.400390625,0
2021-05-26,13022.18359375,13022.2001953125,13043.849609375,12954.150390625,13010.0,0
2021-05-27,13066.232421875,13066.25,13091.349609375,13007.150390625,13052.849609375,0
2021-05-28,13117.0322265625,13117.0498046875,13160.349609375,13098.849609375,13134.7001953125,0
2021-05-31,13226.33203125,13226.349609375,13244.400390625,13080.650390625,13135.849609375,0
2021-06-01,13210.3828125,13210.400390625,13292.400390625,13164.849609375,13274.25,0
2021-06-02,13274.232421875,13274.25,13290.7001953125,13177.7998046875,13183.7998046875,0
2021-06-03,13380.482421875,13380.5,13392.75,13332.0,13347.0498046875,0
2021-06-04,13393.8828125,13393.900390625,13433.599609375,13352.150390625,13412.75,0
2021-06-07,13479.6328125,13479.650390625,13498.2998046875,13418.5,13454.099609375,0
2021-06-08,13496.5322265625,13496.5498046875,13513.0498046875,13420.5498046875,13510.0498046875,0
2021-06-09,13396.3828125,13396.400390625,13569.75,13333.849609375,13532.2001953125,0
2021-06-10,13517.1826171875,13517.2001953125,13524.849609375,13431.25,13458.650390625,0
2021-06-11,13563.83203125,13563.849609375,13601.0,13513.849609375,13577.0498046875,0
2021-06-14,13554.1328125,13554.150390625,13565.0,13342.400390625,13551.75,0
2021-06-15,13607.7822265625,13607.7998046875,13634.349609375,13587.75,13601.349609375,0
2021-06-16,13510.58203125,13510.599609375,13621.650390625,13487.150390625,13595.099609375,0
2021-06-17,13425.1328125,13425.150390625,13520.900390625,13372.400390625,13405.900390625,0
2021-06-18,13386.5322265625,13386.5498046875,13474.9501953125,13155.5498046875,13471.900390625,0
2021-06-21,13456.08203125,13456.099609375,13468.7998046875,13221.0498046875,13240.900390625,0
2021-06-22,13491.08203125,13491.099609375,13589.650390625,13473.349609375,13543.400390625,0
2021-06-23,13423.33203125,13423.349609375,13570.2001953125,13412.4501953125,13570.099609375,0
2021-06-24,13468.232421875,13468.25,13486.75,13434.5,13460.7998046875,0
2021-06-25,13539.3828125,13539.400390625,13549.099609375,13471.0,13512.150390625,0
2021-06-28,13533.0322265625,13533.0498046875,13589.849609375,13515.0498046875,13589.75,0
2021-06-29,13481.9326171875,13481.9501953125,13567.7998046875,13461.25,13535.5498046875,0
2021-06-30,13473.5322265625,13473.5498046875,13552.9501953125,13462.2001953125,13513.25,0
2021-07-01,13454.08203125,13454.099609375,13505.0498046875,13441.5498046875,13504.7001953125,20510400
2021-07-02,13494.4326171875,13494.4501953125,13506.099609375,13435.25,13480.2998046875,18071800
2021-07-05,13585.732421875,13585.75,13593.5,13536.900390625,13558.400390625,0
2021-07-06,13574.1328125,13574.150390625,13661.900390625,13561.75,13579.150390625,0
2021-07-07,13630.982421875,13631.0,13644.4501953125,13542.0498046875,13577.5,0
2021-07-08,13532.6826171875,13532.7001953125,13660.849609375,13488.099609375,13627.7001953125,0
2021-07-09,13527.9326171875,13527.9501953125,13545.650390625,13470.2001953125,13513.5,0
2021-07-12,13548.982421875,13549.0,13620.150390625,13512.7001953125,13603.599609375,0
2021-07-13,13628.83203125,13628.849609375,13635.5498046875,13580.4501953125,13633.099609375,0
2021-07-14,13661.08203125,13661.099609375,13678.7998046875,13606.349609375,13638.2998046875,0
2021-07-15,13720.33203125,13720.349609375,13738.599609375,13677.349609375,13686.349609375,0
2021-07-16,13742.33203125,13742.349609375,13761.099609375,13706.5,13756.75,0
2021-07-19,13619.83203125,13619.849609375,13693.349609375,13573.650390625,13624.2998046875,0
2021-07-20,13495.58203125,13495.599609375,13614.75,13437.150390625,13594.849609375,0
2021-07-22,13670.1826171875,13670.2001953125,13678.9501953125,13590.2998046875,13592.400390625,0
2021-07-23,13686.982421875,13687.0,13728.400390625,13629.650390625,13711.25,0
2021-07-26,13675.08203125,13675.099609375,13731.099609375,13648.4501953125,13692.2001953125,0
2021-07-27,13610.2822265625,13610.2998046875,13740.900390625,13569.349609375,13715.150390625,0
2021-07-28,13579.1328125,13579.150390625,13631.5498046875,13409.099609375,13631.5498046875,0
2021-07-29,13643.732421875,13643.75,13668.900390625,13608.900390625,13631.5,0
2021-07-30,13664.232421875,13664.25,13739.7001953125,13635.4501953125,13671.5498046875,0
2021-08-02,13783.681640625,13783.7001953125,13789.900390625,13732.849609375,13759.7998046875,0
2021-08-03,13939.181640625,13939.2001953125,13950.25,13817.900390625,13840.599609375,0
2021-08-04,13969.3310546875,13969.349609375,14045.0498046875,13944.099609375,13998.0498046875,0
2021-08-05,13981.53125,13981.5498046875,14003.099609375,13891.7001953125,14000.900390625,0
2021-08-06,13954.6318359375,13954.650390625,14029.7998046875,13946.0498046875,13996.599609375,0
2021-08-09,13935.03125,13935.0498046875,14007.5498046875,13870.25,13993.599609375,0
2021-08-10,13892.7314453125,13892.75,13996.849609375,13809.4501953125,13957.599609375,19351700
2021-08-11,13876.53125,13876.5498046875,13938.599609375,13716.7001953125,13924.0498046875,19712500
2021-08-12,13971.931640625,13971.9501953125,13979.849609375,13884.0498046875,13901.099609375,14930300
2021-08-13,14065.28125,14065.2998046875,14079.650390625,13991.7001953125,13997.75,15572800
2021-08-16,14070.78125,14070.7998046875,14087.400390625,14016.75,14063.75,13096000
2021-08-17,14113.0810546875,14113.099609375,14123.599609375,14010.900390625,14063.900390625,15694800
2021-08-18,14095.53125,14095.5498046875,14186.5,14072.0,14171.0498046875,17533500
2021-08-20,13943.931640625,13943.9501953125,14047.900390625,13910.2001953125,13951.5,18901100
2021-08-23,13930.53125,13930.5498046875,14063.5,13841.0,14063.349609375,20346100
2021-08-24,14063.2314453125,14063.25,14075.900390625,13942.5,13986.9501953125,16106000
2021-08-25,14093.5810546875,14093.599609375,14145.4501953125,14070.5498046875,14103.099609375,13765300
2021-08-26,14106.931640625,14106.9501953125,14147.0498046875,14074.900390625,14106.4501953125,14919000
2021-08-27,14192.4814453125,14192.5,14203.9501953125,14064.099609375,14126.2998046875,13229300
2021-08-30,14397.8818359375,14397.900390625,14411.9501953125,14250.5498046875,14257.400390625,14181900
2021-08-31,14555.880859375,14555.900390625,14571.7998046875,14393.5,14421.2998046875,19398800
2021-09-01,14551.330078125,14551.349609375,14640.599609375,14527.0498046875,14611.650390625,18422700
2021-09-02,14684.330078125,14684.349609375,14692.0,14548.5,14571.2998046875,22044800
2021-09-03,14759.2802734375,14759.2998046875,14770.849609375,14682.2001953125,14724.7001953125,24543700
2021-09-06,14805.830078125,14805.849609375,14843.400390625,14783.4501953125,14827.0498046875,16059600
2021-09-07,14784.23046875,14784.25,14852.25,14713.5498046875,14834.9501953125,23696100
2021-09-08,14803.580078125,14803.599609375,14825.099609375,14716.650390625,14802.849609375,26775300
2021-09-09,14836.4306640625,14836.4501953125,14844.400390625,14774.150390625,14780.599609375,18261800
2021-09-13,14852.1806640625,14852.2001953125,14865.75,14769.099609375,14839.7998046875,16737100
2021-09-14,14904.330078125,14904.349609375,14935.5498046875,14881.5498046875,14917.0498046875,29200400
2021-09-15,15020.5302734375,15020.5498046875,15028.650390625,14921.099609375,14927.9501953125,31359100
2021-09-16,15104.880859375,15104.900390625,15115.349609375,15012.25,15050.849609375,53456100
2021-09-17,15027.23046875,15027.25,15207.7001953125,14979.349609375,15169.900390625,42884200
2021-09-20,14826.73046875,14826.75,15047.650390625,14800.849609375,14907.5,24323400
2021-09-21,14946.2802734375,14946.2998046875,14959.4501953125,14734.7001953125,14856.849609375,22286700
2021-09-22,14990.5302734375,14990.5498046875,15030.849609375,14950.349609375,14977.2998046875,20244400
2021-09-23,15205.4306640625,15205.4501953125,15219.349609375,15085.5498046875,15097.099609375,20467000
2021-09-24,15191.9306640625,15191.9501953125,15305.2001953125,15160.4501953125,15274.099609375,26783800
2021-09-27,15189.0302734375,15189.0498046875,15262.650390625,15139.599609375,15261.349609375,18550100
2021-09-28,15095.580078125,15095.599609375,15239.650390625,14967.0498046875,15235.099609375,22453400
2021-09-29,15086.9306640625,15086.9501953125,15141.0498046875,14985.400390625,15023.2998046875,30743000
2021-09-30,15052.630859375,15052.650390625,15137.5498046875,15026.9501953125,15109.7001953125,32462500
2021-10-01,15013.9306640625,15013.9501953125,15031.5498046875,14932.75,14994.7998046875,25478800
2021-10-04,15181.130859375,15181.150390625,15195.2001953125,15075.25,15094.400390625,20508200
2021-10-05,15280.0791015625,15280.099609375,15287.7001953125,15150.5,15171.25,25286700
2021-10-06,15134.5302734375,15134.5498046875,15349.2001953125,15109.099609375,15328.9501953125,25794100
2021-10-07,15290.1298828125,15290.150390625,15335.9501953125,15251.0,15274.650390625,21341200
2021-10-08,15365.1796875,15365.2001953125,15402.7001953125,15317.400390625,15375.2998046875,18598500
2021-10-11,15427.9794921875,15428.0,15497.7998046875,15356.5498046875,15374.5,21710600
2021-10-12,15481.8798828125,15481.900390625,15493.25,15371.7998046875,15426.599609375,27763700
2021-10-13,15631.3798828125,15631.400390625,15660.2001953125,15546.849609375,15573.599609375,30276800
2021-10-14,15769.2294921875,15769.25,15781.0,15710.099609375,15733.2998046875,25796300
2021-10-18,15886.1298828125,15886.150390625,15949.2001953125,15871.400390625,15924.099609375,37294700
2021-10-19,15757.8291015625,15757.849609375,16004.4501953125,15716.7001953125,16003.9501953125,29624900
2021-10-20,15568.6298828125,15568.650390625,15776.349609375,15497.0,15768.0,26118900
2021-10-21,15487.6298828125,15487.650390625,15667.0,15373.4501953125,15666.599609375,25219900
2021-10-22,15399.6796875,15399.7001953125,15600.4501953125,15328.900390625,15537.0498046875,26580900
2021-10-25,15334.3291015625,15334.349609375,15498.400390625,15181.599609375,15492.0,24239700
2021-10-26,15499.6298828125,15499.650390625,15528.900390625,15356.5,15360.349609375,23773200
2021-10-27,15484.3291015625,15484.349609375,15583.2001953125,15454.099609375,15541.75,19087300
2021-10-28,15190.830078125,15190.849609375,15475.4501953125,15148.2001953125,15475.400390625,23872900
2021-10-29,15086.880859375,15086.900390625,15266.400390625,14961.5,15163.5,23416500
2021-11-01,15302.6796875,15302.7001953125,15318.150390625,15111.2998046875,15179.400390625,18625900
2021-11-02,15314.6298828125,15314.650390625,15373.7001953125,15278.7001953125,15344.349609375,17088900
2021-11-03,15282.7294921875,15282.75,15397.2998046875,15212.150390625,15367.7001953125,16168200
2021-11-04,15376.8798828125,15376.900390625,15396.849609375,15363.349609375,15380.9501953125,3711800
2021-11-08,15520.1298828125,15520.150390625,15535.0498046875,15313.2001953125,15474.25,17639800
2021-11-09,15541.9296875,15541.9501953125,15579.5,15487.7001953125,15542.0498046875,20442100
2021-11-10,15521.0791015625,15521.099609375,15562.4501953125,15458.5,15492.0498046875,18928100
2021-11-11,15411.0791015625,15411.099609375,15499.900390625,15351.2001953125,15497.25,15128100
2021-11-12,15578.9794921875,15579.0,15591.4501953125,15429.599609375,15504.349609375,15403600
2021-11-15,15592.5791015625,15592.599609375,15664.4501953125,15558.0498046875,15625.75,13277500
2021-11-16,15525.3798828125,15525.400390625,15626.650390625,15492.599609375,15613.099609375,15066000
2021-11-17,15454.9296875,15454.9501953125,15560.75,15436.9501953125,15487.150390625,13699600
2021-11-18,15302.529296875,15302.5498046875,15502.599609375,15239.7998046875,15461.5,17285100
2021-11-22,14976.6806640625,14976.7001953125,15339.650390625,14846.7001953125,15333.900390625,21107300
2021-11-23,15107.7802734375,15107.7998046875,15137.150390625,14820.400390625,14876.0,21444000
2021-11-24,15046.48046875,15046.5,15199.2001953125,14997.2998046875,15159.9501953125,18733500
2021-11-25,15150.580078125,15150.599609375,15166.650390625,14984.7001953125,15057.599609375,18600600
2021-11-26,14707.1806640625,14707.2001953125,15012.099609375,14674.75,14990.849609375,22366800
2021-11-29,14656.4306640625,14656.4501953125,14749.5,14402.099609375,14683.0498046875,22389800
2021-11-30,14648.330078125,14648.349609375,14912.75,14608.599609375,14662.0498046875,27044600
2021-12-01,14784.6806640625,14784.7001953125,14822.5,14694.2998046875,14743.7001953125,23191800
2021-12-02,14973.9306640625,14973.9501953125,14990.2998046875,14786.650390625,14808.7998046875,21443100
2021-12-03,14856.2802734375,14856.2998046875,15054.9501953125,14845.25,15002.650390625,24686700
2021-12-06,14618.330078125,14618.349609375,14882.150390625,14599.349609375,14876.25,29125700
2021-12-07,14834.48046875,14834.5,14881.75,14683.25,14733.25,20653700
2021-12-08,15073.23046875,15073.25,15084.5,14941.2998046875,14945.2998046875,17358100
2021-12-09,15126.580078125,15126.599609375,15141.0,15023.2001953125,15126.5498046875,31331000
2021-12-10,15154.98046875,15155.0,15168.7998046875,15069.7998046875,15103.650390625,24527100
2021-12-13,15064.23046875,15064.25,15280.0,15052.900390625,15258.099609375,20542300
2021-12-14,15043.23046875,15043.25,15072.0,14947.9501953125,15005.5,18233700
2021-12-15,14953.080078125,14953.099609375,15075.7001953125,14936.599609375,15050.099609375,15148200
2021-12-16,14936.4306640625,14936.4501953125,15078.849609375,14891.599609375,15072.9501953125,16631600
2021-12-17,14673.130859375,14673.150390625,14966.099609375,14658.5,14952.75,19187800
2021-12-20,14300.681640625,14300.7001953125,14533.7998046875,14128.150390625,14523.5,21177200
2021-12-21,14461.3818359375,14461.400390625,14584.9501953125,14386.4501953125,14423.7001953125,16597200
2021-12-22,14639.73046875,14639.75,14652.349609375,14522.5498046875,14542.7001953125,14099700
2021-12-23,14751.4306640625,14751.4501953125,14779.2998046875,14708.7001953125,14738.2998046875,12816000
2021-12-24,14664.7802734375,14664.7998046875,14819.2001953125,14605.0498046875,14813.900390625,13972600
2021-12-27,14727.580078125,14727.599609375,14745.5498046875,14515.25,14617.150390625,13582600
2021-12-28,14867.830078125,14867.849609375,14880.849609375,14805.2998046875,14809.5,12287100
2021-12-29,14863.380859375,14863.400390625,14922.349609375,14835.349609375,14866.2001953125,16171400
2021-12-30,14842.0302734375,14842.0498046875,14894.650390625,14815.0,14856.099609375,18167500
2021-12-31,14996.1806640625,14996.2001953125,15022.349609375,14877.849609375,14879.25,18385200
2022-01-03,15204.580078125,15204.599609375,15220.0498046875,15028.5498046875,15030.5,17499900
2022-01-04,15318.7294921875,15318.75,15333.599609375,15168.150390625,15260.900390625,20299700
2022-01-05,15396.3798828125,15396.400390625,15410.599609375,15264.849609375,15329.75,19135100
2022-01-06,15290.0791015625,15290.099609375,15315.5,15197.099609375,15275.75,18769800
2022-01-07,15348.529296875,15348.5498046875,15418.400390625,15255.4501953125,15333.4501953125,19623500
2022-01-10,15495.529296875,15495.5498046875,15504.0,15400.5498046875,15427.650390625,18574200
2022-01-11,15530.529296875,15530.5498046875,15559.099609375,15462.0498046875,15497.5,39161700
2022-01-12,15667.8798828125,15667.900390625,15678.7001953125,15595.650390625,15627.0498046875,24868800
2022-01-13,15721.029296875,15721.0498046875,15730.9501953125,15629.4501953125,15710.2998046875,19011400
2022-01-14,15730.3798828125,15730.400390625,15754.4501953125,15619.5498046875,15667.9501953125,16010500
2022-01-17,15781.2294921875,15781.25,15794.9501953125,15718.25,15731.349609375,16968900
2022-01-18,15573.0791015625,15573.099609375,15834.2001953125,15546.650390625,15819.4501953125,18803800
2022-01-19,15472.4794921875,15472.5,15580.400390625,15403.2001953125,15580.400390625,18236200
2022-01-20,15361.0791015625,15361.099609375,15486.150390625,15280.5498046875,15464.4501953125,14523600
2022-01-21,15180.7802734375,15180.7998046875,15294.7001953125,15069.0498046875,15252.900390625,16241600
2022-01-24,14712.0302734375,14712.0498046875,15165.400390625,14577.150390625,15155.0,20927900
2022-01-25,14832.1806640625,14832.2001953125,14853.0,14410.900390625,14577.5498046875,20596200
2022-01-27,14679.6806640625,14679.7001953125,14735.75,14489.7998046875,14671.7001953125,22473700
2022-01-28,14723.23046875,14723.25,14952.150390625,14701.599609375,14773.0498046875,21083500
2022-01-31,14921.4306640625,14921.4501953125,14975.7998046875,14857.5498046875,14894.75,17018300
2022-02-01,15116.1806640625,15116.2001953125,15138.2001953125,14850.2998046875,15073.150390625,22909000
2022-02-02,15293.3291015625,15293.349609375,15304.599609375,15201.4501953125,15218.25,19792700
2022-02-03,15135.880859375,15135.900390625,15296.349609375,15101.0,15289.150390625,17185400
2022-02-04,15085.4306640625,15085.4501953125,15188.400390625,15048.349609375,15159.599609375,17002800
2022-02-07,14870.580078125,14870.599609375,15126.650390625,14796.2001953125,15065.0498046875,17777600
2022-02-08,14857.0302734375,14857.0498046875,14955.25,14689.150390625,14926.5,17937100
2022-02-09,15016.330078125,15016.349609375,15026.5,14925.0498046875,14942.75,14131700
2022-02-10,15112.1806640625,15112.2001953125,15134.099609375,14972.349609375,15084.349609375,16758500
2022-02-11,14891.2802734375,14891.2998046875,14990.599609375,14862.0498046875,14988.9501953125,13991100
2022-02-14,14400.3818359375,14400.400390625,14638.650390625,14370.7001953125,14606.5498046875,17338500
2022-02-15,14805.5302734375,14805.5498046875,14822.75,14348.400390625,14469.0,18131200
2022-02-16,14789.880859375,14789.900390625,14935.599609375,14756.5,14876.650390625,14687200
2022-02-17,14772.0302734375,14772.0498046875,14895.650390625,14725.0498046875,14857.099609375,11736900
2022-02-18,14710.6806640625,14710.7001953125,14815.0,14692.650390625,14711.2998046875,11076300
2022-02-21,14597.080078125,14597.099609375,14733.099609375,14498.2001953125,14638.349609375,16852100
2022-02-22,14489.03125,14489.0498046875,14527.2001953125,14267.599609375,14269.4501953125,17897800
2022-02-23,14506.931640625,14506.9501953125,14629.0498046875,14482.2998046875,14581.0498046875,13590500
2022-02-24,13775.6826171875,13775.7001953125,14180.849609375,13747.4501953125,14055.849609375,28966600
2022-02-25,14187.3818359375,14187.400390625,14247.0498046875,14007.7001953125,14018.099609375,20825600
2022-02-28,14307.931640625,14307.9501953125,14320.9501953125,13928.7998046875,14047.75,20396100
2022-03-02,14199.78125,14199.7998046875,14265.5,14104.75,14161.7001953125,19608300
2022-03-03,14135.931640625,14135.9501953125,14364.599609375,14094.2998046875,14327.7001953125,19812900
2022-03-04,13893.1318359375,13893.150390625,14075.0,13828.4501953125,14020.2001953125,21633600
2022-03-07,13564.232421875,13564.25,13637.5,13438.2998046875,13594.75,21321300
2022-03-08,13706.732421875,13706.75,13720.099609375,13423.5498046875,13504.75,19866800
2022-03-09,13979.5810546875,13979.599609375,14037.650390625,13721.9501953125,13786.400390625,18635900
2022-03-10,14188.9814453125,14189.0,14316.7998046875,14079.849609375,14313.2001953125,19468100
2022-03-11,14237.1318359375,14237.150390625,14268.2998046875,14098.7001953125,14145.5,15297400
2022-03-14,14374.5810546875,14374.599609375,14389.349609375,14189.099609375,14248.900390625,14504100
2022-03-15,14215.8310546875,14215.849609375,14433.75,14130.900390625,14408.75,17662800
2022-03-16,14481.78125,14481.7998046875,14491.4501953125,14369.5,14392.5498046875,12845200
2022-03-17,14721.6806640625,14721.7001953125,14756.5498046875,14644.75,14667.2001953125,26001700
2022-03-21,14602.330078125,14602.349609375,14789.849609375,14590.7001953125,14773.0498046875,14982200
2022-03-22,14724.0302734375,14724.0498046875,14738.150390625,14492.25,14613.099609375,15208600
2022-03-23,14695.130859375,14695.150390625,14833.2998046875,14660.4501953125,14806.599609375,16799700
2022-03-24,14699.330078125,14699.349609375,14744.7001953125,14595.7001953125,14598.75,16090800
2022-03-25,14651.6806640625,14651.7001953125,14768.2998046875,14590.4501953125,14763.900390625,13966800
2022-03-28,14675.830078125,14675.849609375,14694.849609375,14515.650390625,14686.25,15473700
2022-03-29,14761.880859375,14761.900390625,14773.150390625,14689.599609375,14744.0498046875,17226200
2022-03-30,14896.880859375,14896.900390625,14924.75,14823.5498046875,14880.7001953125,21485900
2022-03-31,14894.48046875,14894.5,14963.400390625,14871.0,14925.5498046875,18152500
2022-04-01,15087.2802734375,15087.2998046875,15111.349609375,14882.599609375,14890.099609375,18543400
2022-04-04,15384.1796875,15384.2001953125,15393.349609375,15184.7001953125,15192.7998046875,19565500
2022-04-05,15390.4794921875,15390.5,15477.7998046875,15360.2001953125,15433.0498046875,18703800
2022-04-06,15327.8798828125,15327.900390625,15387.400390625,15293.849609375,15318.150390625,28404700
2022-04-07,15201.23046875,15201.25,15361.2001953125,15185.7001953125,15292.349609375,33025600
2022-04-08,15342.3798828125,15342.400390625,15386.099609375,15202.5,15271.349609375,23851300
2022-04-11,15325.4794921875,15325.5,15386.849609375,15294.2998046875,15337.5,17506800
2022-04-12,15164.6806640625,15164.7001953125,15283.349609375,15078.4501953125,15281.849609375,17714300
2022-04-13,15138.5302734375,15138.5498046875,15284.7001953125,15126.650390625,15239.650390625,13886300
2022-04-18,14926.0302734375,14926.0498046875,14971.5,14821.25,14942.599609375,16671700
2022-04-19,14726.630859375,14726.650390625,15041.650390625,14617.0498046875,15012.75,18536600
2022-04-20,14850.2802734375,14850.2998046875,14905.25,14747.9501953125,14807.150390625,14619100
2022-04-21,15053.9306640625,15053.9501953125,15067.4501953125,14929.150390625,14946.2998046875,14359400
2022-04-22,14894.830078125,14894.849609375,15015.349609375,14875.7998046875,14948.099609375,14869400
2022-04-25,14672.98046875,14673.0,14769.099609375,14623.099609375,14758.599609375,15260000
2022-04-26,14898.330078125,14898.349609375,14915.349609375,14785.849609375,14818.7998046875,13574900
2022-04-27,14755.98046875,14756.0,14825.5498046875,14678.9501953125,14797.349609375,15429600
2022-04-28,14913.880859375,14913.900390625,14964.599609375,14765.849609375,14886.5,16131500
2022-04-29,14783.330078125,14783.349609375,15011.7001953125,14743.349609375,14991.4501953125,16095600
2022-05-02,14736.2802734375,14736.2998046875,14751.0498046875,14617.75,14647.25,14132500
2022-05-04,14393.3310546875,14393.349609375,14798.2998046875,14343.599609375,14771.4501953125,16213000
2022-05-05,14395.4814453125,14395.5,14606.0498046875,14365.5498046875,14542.150390625,13458000
2022-05-06,14145.7314453125,14145.75,14205.0,14073.4501953125,14159.099609375,15272500
2022-05-09,13991.7314453125,13991.75,14088.2998046875,13879.5498046875,14002.75,14199300
2022-05-10,13855.931640625,13855.9501953125,14068.400390625,13823.349609375,13953.9501953125,13461200
2022-05-11,13771.7822265625,13771.7998046875,13949.099609375,13589.349609375,13888.150390625,17869000
2022-05-12,13465.232421875,13465.25,13671.0,13389.75,13656.9501953125,18293200
2022-05-13,13471.482421875,13471.5,13738.5498046875,13435.0498046875,13621.2001953125,17319000
2022-05-16,13571.1826171875,13571.2001953125,13646.2998046875,13434.4501953125,13540.25,15045600
2022-05-17,13926.03125,13926.0498046875,13944.7001953125,13632.150390625,13648.4501953125,15444600
2022-05-18,13918.181640625,13918.2001953125,14064.0,13896.599609375,13989.349609375,15887800
2022-05-19,13550.8828125,13550.900390625,13680.650390625,13520.9501953125,13625.75,15232100
2022-05-20,13895.03125,13895.0498046875,13906.400390625,13733.5498046875,13755.0498046875,13959800
2022-05-23,13835.78125,13835.7998046875,14005.5,13813.599609375,13929.75,15691000
2022-05-24,13747.232421875,13747.25,13883.5498046875,13709.400390625,13858.0498046875,15712100
2022-05-25,13587.732421875,13587.75,13821.400390625,13574.5,13805.099609375,13674500
2022-05-26,13722.5322265625,13722.5498046875,13756.849609375,13445.25,13651.5498046875,16812400
2022-05-27,13873.1318359375,13873.150390625,13885.0498046875,13768.2998046875,13839.2998046875,12515500
2022-05-30,14154.78125,14154.7998046875,14163.0498046875,14009.650390625,14022.599609375,13958800
2022-05-31,14119.5810546875,14119.599609375,14215.4501953125,14067.0498046875,14106.0,25869900
2022-06-01,14082.8818359375,14082.900390625,14186.900390625,14009.0498046875,14132.099609375,13703100
2022-06-02,14167.931640625,14167.9501953125,14179.2998046875,14029.7998046875,14059.25,12776700
2022-06-03,14077.8818359375,14077.900390625,14300.0,14064.900390625,14280.349609375,12054000
2022-06-06,14054.0810546875,14054.099609375,14081.2001953125,13932.150390625,14042.400390625,11181400
2022-06-07,13935.5810546875,13935.599609375,13990.2001953125,13883.75,13978.650390625,11151200
2022-06-08,13886.8818359375,13886.900390625,14020.4501953125,13832.4501953125,13981.650390625,12313500
2022-06-09,13977.0810546875,13977.099609375,13989.0,13790.0,13816.7001953125,11137600
2022-06-10,13781.7314453125,13781.75,13860.0498046875,13757.9501953125,13825.0,10328000
2022-06-13,13416.8828125,13416.900390625,13527.75,13356.2001953125,13521.2001953125,13059200
2022-06-14,13388.2822265625,13388.2998046875,13506.5,13324.150390625,13341.9501953125,12380200
2022-06-15,13380.83203125,13380.849609375,13448.4501953125,13366.75,13412.2001953125,9733400
2022-06-16,13089.1826171875,13089.2001953125,13527.7998046875,13064.0498046875,13508.7001953125,13847500
2022-06-17,12994.7333984375,12994.75,13111.9501953125,12903.849609375,13011.400390625,16444300
2022-06-20,12950.7333984375,12950.75,13049.400390625,12855.5498046875,13026.150390625,15527100
2022-06-21,13241.8828125,13241.900390625,13275.5,13019.349609375,13042.7998046875,14516100
2022-06-22,13047.732421875,13047.75,13184.900390625,13028.349609375,13176.099609375,12845000
2022-06-23,13178.7822265625,13178.7998046875,13231.900390625,13021.25,13081.900390625,12346900
2022-06-24,13322.482421875,13322.5,13337.7001953125,13247.9501953125,13269.2001953125,11934800
2022-06-27,13444.5322265625,13444.5498046875,13510.7998046875,13432.650390625,13506.349609375,12031200
2022-06-28,13464.232421875,13464.25,13487.5,13330.75,13389.849609375,12423600
2022-06-29,13417.83203125,13417.849609375,13462.0498046875,13328.2001953125,13337.650390625,14134000
2022-06-30,13387.5322265625,13387.5498046875,13492.150390625,13352.400390625,13410.7998046875,12962500
2022-07-01,13394.4326171875,13394.4501953125,13422.4501953125,13192.900390625,13335.25,12922700
2022-07-04,13472.6328125,13472.650390625,13483.7001953125,13337.2001953125,13378.400390625,10897700
2022-07-05,13461.83203125,13461.849609375,13628.4501953125,13439.400390625,13533.75,11431600
2022-07-06,13631.2822265625,13631.2998046875,13647.2001953125,13443.349609375,13472.7998046875,11623700
2022-07-07,13765.58203125,13765.599609375,13777.75,13687.5498046875,13736.9501953125,12224500
2022-07-08,13828.2314453125,13828.25,13874.7001953125,13770.900390625,13873.75,10898100
2022-07-11,13886.8310546875,13886.849609375,13905.9501953125,13755.75,13771.400390625,12512900
2022-07-12,13778.9814453125,13779.0,13866.650390625,13757.2998046875,13823.599609375,12288000
2022-07-13,13726.9326171875,13726.9501953125,13861.2998046875,13714.2001953125,13842.7998046875,11008700
2022-07-14,13702.6328125,13702.650390625,13797.599609375,13617.150390625,13771.2001953125,10796000
2022-07-15,13790.181640625,13790.2001953125,13804.0498046875,13695.2001953125,13761.099609375,10832100
2022-07-18,13984.3818359375,13984.400390625,13993.400390625,13877.599609375,13883.7998046875,11714500
2022-07-19,14051.6318359375,14051.650390625,14067.75,13922.349609375,13922.5498046875,12817300
2022-07-20,14164.3818359375,14164.400390625,14230.900390625,14140.0,14220.2001953125,13558800
2022-07-21,14271.78125,14271.7998046875,14288.599609375,14141.650390625,14172.7998046875,13814800
2022-07-22,14336.5810546875,14336.599609375,14359.75,14265.25,14325.0498046875,12466000
2022-07-25,14279.4814453125,14279.5,14335.099609375,14228.150390625,14307.900390625,13890600
2022-07-26,14141.431640625,14141.4501953125,14286.5,14122.5498046875,14284.7001953125,14923400
2022-07-27,14262.53125,14262.5498046875,14272.2001953125,14099.900390625,14131.7998046875,15076700
2022-07-28,14469.0810546875,14469.099609375,14481.4501953125,14330.2998046875,14365.0498046875,17419500
2022-07-29,14665.630859375,14665.650390625,14677.75,14553.650390625,14588.150390625,19163900
2022-08-01,14846.830078125,14846.849609375,14858.2998046875,14666.2001953125,14741.400390625,21202300
2022-08-02,14876.580078125,14876.599609375,14906.0,14765.2998046875,14831.900390625,32645700
2022-08-03,14878.0302734375,14878.0498046875,14906.7001953125,14750.75,14880.650390625,24019400
2022-08-04,14892.4306640625,14892.4501953125,14974.7001953125,14688.0,14944.9501953125,23193600
2022-08-05,14900.380859375,14900.400390625,14972.099609375,14874.25,14933.2001953125,21526200
2022-08-08,14993.330078125,14993.349609375,15009.900390625,14867.2001953125,14910.599609375,14420200
2022-08-10,14985.7802734375,14985.7998046875,15033.2998046875,14919.2001953125,15033.2998046875,16945800
2022-08-11,15095.130859375,15095.150390625,15130.0498046875,15069.900390625,15123.650390625,14965900
2022-08-12,15140.5302734375,15140.5498046875,15162.2998046875,15060.75,15102.7998046875,17364300
2022-08-16,15280.4794921875,15280.5,15287.4501953125,15203.5,15222.900390625,0
2022-08-17,15379.029296875,15379.0498046875,15398.4501953125,15306.5498046875,15325.349609375,18814700
2022-08-18,15404.5791015625,15404.599609375,15415.25,15325.2001953125,15355.599609375,17490400
2022-08-19,15236.630859375,15236.650390625,15445.5,15205.5498046875,15426.2001953125,19251200
2022-08-22,15001.73046875,15001.75,15186.150390625,14980.400390625,15183.099609375,16482400
2022-08-23,15090.48046875,15090.5,15128.25,14879.900390625,14887.0,18442000
2022-08-24,15140.380859375,15140.400390625,15152.4501953125,15037.150390625,15062.4501953125,17547700
2022-08-25,15100.630859375,15100.650390625,15252.7998046875,15075.099609375,15208.849609375,21575500
2022-08-26,15147.5302734375,15147.5498046875,15242.650390625,15116.2001953125,15187.099609375,17144700
2022-08-29,14972.73046875,14972.75,15016.25,14793.9501953125,14797.7998046875,15438100
2022-08-30,15325.029296875,15325.0498046875,15338.7998046875,15065.349609375,15071.4501953125,18493600
2022-09-01,15211.1806640625,15211.2001953125,15309.849609375,15141.4501953125,15142.7001953125,18877200
2022-09-02,15201.580078125,15201.599609375,15305.0,15184.2998046875,15272.4501953125,17211000
2022-09-05,15294.3798828125,15294.400390625,15311.9501953125,15217.349609375,15221.75,20630200
2022-09-06,15313.029296875,15313.0498046875,15386.75,15248.0,15339.2998046875,23402700
2022-09-07,15319.3798828125,15319.400390625,15334.0,15199.400390625,15222.25,23294700
2022-09-08,15440.6796875,15440.7001953125,15448.75,15365.7001953125,15430.2001953125,19620900
2022-09-09,15467.3798828125,15467.400390625,15548.849609375,15426.400390625,15547.5498046875,18832800
2022-09-12,15577.3798828125,15577.400390625,15600.150390625,15522.400390625,15524.7001953125,14038300
2022-09-13,15669.8291015625,15669.849609375,15686.849609375,15635.150390625,15667.349609375,17992800
2022-09-14,15630.6796875,15630.7001953125,15688.099609375,15423.900390625,15423.900390625,20237900
2022-09-15,15580.3291015625,15580.349609375,15724.4501953125,15543.900390625,15686.0,18056700
2022-09-16,15243.9306640625,15243.9501953125,15542.0,15197.900390625,15529.349609375,25828900
2022-09-19,15293.529296875,15293.5498046875,15348.7998046875,15135.150390625,15264.25,15928100
2022-09-20,15470.3291015625,15470.349609375,15557.2998046875,15410.25,15423.5,15145400
2022-09-21,15361.2294921875,15361.25,15516.5,15320.0498046875,15449.25,16338000
2022-09-22,15335.279296875,15335.2998046875,15386.75,15224.9501953125,15284.599609375,18682200
2022-09-23,15057.630859375,15057.650390625,15360.2001953125,15032.75,15324.2998046875,17232300
2022-09-26,14725.6806640625,14725.7001953125,14932.5,14671.0498046875,14916.900390625,19942400
2022-09-27,14727.2802734375,14727.2998046875,14874.4501953125,14652.2998046875,14805.849609375,16767400
2022-09-28,14620.580078125,14620.599609375,14768.25,14577.0498046875,14617.400390625,15591200
2022-09-29,14602.48046875,14602.5,14783.75,14569.099609375,14748.2001953125,18135900
2022-09-30,14829.330078125,14829.349609375,14881.2998046875,14516.2998046875,14586.900390625,18679700
2022-10-03,14638.48046875,14638.5,14858.650390625,14585.7998046875,14837.099609375,16507500
2022-10-04,14965.7802734375,14965.7998046875,14975.599609375,14852.5498046875,14869.5498046875,15374400
2022-10-06,15053.0302734375,15053.0498046875,15119.900390625,15042.2001953125,15063.5498046875,16492500
2022-10-07,15036.6806640625,15036.7001953125,15055.650390625,14943.150390625,15030.2001953125,15358600
2022-10-10,14951.630859375,14951.650390625,14989.0498046875,14818.5,14857.0,14204600
2022-10-11,14721.880859375,14721.900390625,14982.75,14692.5498046875,14980.4501953125,14988000
2022-10-12,14829.9306640625,14829.9501953125,14844.849609375,14676.5498046875,14761.4501953125,14189900
2022-10-13,14730.2802734375,14730.2998046875,14832.349609375,14683.5498046875,14811.2001953125,13160400
2022-10-14,14815.080078125,14815.099609375,14989.150390625,14803.7001953125,14979.150390625,12700800
2022-10-17,14906.130859375,14906.150390625,14920.7001953125,14718.7998046875,14783.2001953125,14007300
2022-10-18,15056.5302734375,15056.5498046875,15071.9501953125,15007.25,15009.099609375,17377200
2022-10-19,15068.580078125,15068.599609375,15153.0498046875,15039.7998046875,15120.400390625,18958400
2022-10-20,15112.080078125,15112.099609375,15128.400390625,14979.599609375,14998.4501953125,19466800
2022-10-21,15081.080078125,15081.099609375,15181.900390625,15036.099609375,15159.599609375,16520100
2022-10-24,15198.73046875,15198.75,15248.0498046875,15179.150390625,15225.4501953125,3966500
2022-10-25,15158.080078125,15158.099609375,15253.75,15143.4501953125,15251.75,17178200
2022-10-27,15244.23046875,15244.25,15273.2998046875,15172.150390625,15246.5498046875,17901900
2022-10-28,15241.580078125,15241.599609375,15290.150390625,15191.599609375,15265.4501953125,14885300
2022-10-31,15423.9794921875,15424.0,15433.0498046875,15327.400390625,15333.150390625,14360800
2022-11-01,15537.3798828125,15537.400390625,15545.849609375,15460.7001953125,15507.9501953125,17563700
2022-11-02,15497.529296875,15497.5498046875,15561.099609375,15470.400390625,15560.4501953125,13563700
2022-11-03,15484.6796875,15484.7001953125,15519.150390625,15401.2998046875,15407.7998046875,15335800
2022-11-04,15530.8291015625,15530.849609375,15542.150390625,15454.2998046875,15495.75,17997500
2022-11-07,15615.1298828125,15615.150390625,15647.25,15505.75,15610.9501953125,20987100
2022-11-09,15567.2294921875,15567.25,15686.349609375,15534.849609375,15684.4501953125,22865100
2022-11-10,15439.9794921875,15440.0,15523.900390625,15384.349609375,15490.25,16961400
2022-11-11,15649.0791015625,15649.099609375,15662.0498046875,15612.4501953125,15633.5,23015400
2022-11-14,15650.1796875,15650.2001953125,15684.25,15627.75,15672.5,19758100
2022-11-15,15693.8798828125,15693.900390625,15708.900390625,15609.5,15678.5,14906000
2022-11-16,15663.279296875,15663.2998046875,15711.2998046875,15607.25,15696.5498046875,18956700
2022-11-17,15597.2294921875,15597.25,15661.099609375,15573.9501953125,15630.5498046875,17510700
2022-11-18,15550.8291015625,15550.849609375,15644.7998046875,15472.349609375,15634.2998046875,17409900
2022-11-21,15453.779296875,15453.7998046875,15523.150390625,15431.2001953125,15514.599609375,18970500
2022-11-22,15509.1796875,15509.2001953125,15518.099609375,15437.2998046875,15472.650390625,18894300
2022-11-23,15538.1298828125,15538.150390625,15572.900390625,15520.25,15572.75,19665600
2022-11-24,15680.779296875,15680.7998046875,15706.5,15567.75,15588.4501953125,19380200
2022-11-25,15727.2294921875,15727.25,15743.099609375,15668.349609375,15719.7998046875,25809200
2022-11-28,15784.4296875,15784.4501953125,15817.349609375,15642.7998046875,15683.75,24072600
2022-11-29,15812.4296875,15812.4501953125,15859.349609375,15782.400390625,15784.5498046875,20853400
2022-11-30,15946.1298828125,15946.150390625,15991.599609375,15820.5498046875,15827.4501953125,31486200
2022-12-01,16003.9296875,16003.9501953125,16041.650390625,15972.75,16041.150390625,20872600
2022-12-02,15963.4794921875,15963.5,15991.0498046875,15909.599609375,15977.5,22312000
2022-12-05,15967.1796875,15967.2001953125,15999.7998046875,15881.7998046875,15994.9501953125,23665500
2022-12-06,15922.8291015625,15922.849609375,15936.7001953125,15881.599609375,15904.099609375,23116300
2022-12-07,15861.9794921875,15862.0,15953.25,15836.0498046875,15932.25,20084400
2022-12-08,15911.0791015625,15911.099609375,15918.75,15860.2998046875,15881.7998046875,19672900
2022-12-09,15812.7294921875,15812.75,15967.2998046875,15727.349609375,15964.849609375,36793400
2022-12-12,15827.9794921875,15828.0,15836.849609375,15687.9501953125,15759.650390625,27913900
2022-12-13,15904.4794921875,15904.5,15913.7998046875,15830.650390625,15863.25,34973000
2022-12-14,15963.779296875,15963.7998046875,15988.5498046875,15946.2998046875,15958.150390625,44159300
2022-12-15,15783.779296875,15783.7998046875,15968.2001953125,15758.849609375,15938.0498046875,33354300
2022-12-16,15636.3291015625,15636.349609375,15799.349609375,15625.25,15710.900390625,28777500
2022-12-19,15755.1796875,15755.2001953125,15764.0,15606.150390625,15658.849609375,25370500
2022-12-20,15726.1796875,15726.2001953125,15740.25,15580.7998046875,15704.0498046875,23261300
2022-12-21,15527.529296875,15527.5498046875,15812.0498046875,15497.599609375,15772.9501953125,30620200
2022-12-22,15431.4794921875,15431.5,15636.099609375,15369.599609375,15599.5498046875,27560300
2022-12-23,15045.98046875,15046.0,15349.349609375,15018.75,15300.75,28171000
2022-12-27,15418.3291015625,15418.349609375,15433.650390625,15278.599609375,15375.2001953125,25513000
2022-12-28,15432.779296875,15432.7998046875,15468.150390625,15363.650390625,15390.5498046875,23697500
2022-12-29,15485.1796875,15485.2001953125,15517.4501953125,15307.0,15370.0,21215900
2022-12-30,15448.8291015625,15448.849609375,15581.9501953125,15425.650390625,15557.75,21417000
2023-01-02,15523.650390625,15523.650390625,15536.349609375,15433.2998046875,15479.9501953125,2100336300
2023-01-03,15557.7998046875,15557.7998046875,15575.7001953125,15500.75,15515.75,20771100
2023-01-04,15393.0,15393.0,15574.5,15375.7998046875,15563.150390625,21390500
2023-01-05,15386.2001953125,15386.2001953125,15462.150390625,15286.400390625,15446.5,17566700
2023-01-06,15272.0,15272.0,15419.400390625,15219.849609375,15401.349609375,17314600
2023-01-09,15450.099609375,15450.099609375,15472.150390625,15353.349609375,15360.400390625,16224900
2023-01-10,15325.25,15325.25,15472.4501953125,15262.099609375,15470.0,16031600
2023-01-11,15301.349609375,15301.349609375,15375.099609375,15257.0,15342.75,16188500
2023-01-12,15279.599609375,15279.599609375,15347.2001953125,15203.5498046875,15329.7001953125,15254100
2023-01-13,15346.099609375,15346.099609375,15370.0498046875,15215.0,15295.900390625,16543300
2023-01-16,15305.4501953125,15305.4501953125,15421.25,15276.5,15398.150390625,18627400
2023-01-17,15396.150390625,15396.150390625,15411.0,15291.599609375,15328.849609375,16620100
2023-01-18,15466.349609375,15466.349609375,15479.650390625,15376.5,15416.599609375,14567100
2023-01-19,15419.7001953125,15419.7001953125,15455.150390625,15387.25,15427.150390625,13979400
2023-01-20,15347.900390625,15347.900390625,15443.4501953125,15336.7001953125,15428.2001953125,14565800
2023-01-23,15403.2001953125,15403.2001953125,15427.5,15364.25,15411.5,17463500
2023-01-24,15388.5498046875,15388.5498046875,15459.2998046875,15364.2001953125,15451.2001953125,13851600
2023-01-25,15171.9501953125,15171.9501953125,15368.7001953125,15146.400390625,15364.400390625,17964600
2023-01-27,14874.75,14874.75,15165.400390625,14779.099609375,15160.150390625,23619800
2023-01-30,14854.2001953125,14854.2001953125,14955.150390625,14675.0498046875,14807.5,21766700
2023-01-31,14935.5,14935.5,14962.9501953125,14787.849609375,14906.4501953125,21357100
2023-02-01,14847.650390625,14847.650390625,15154.099609375,14622.650390625,15054.7998046875,26382500
2023-02-02,14839.400390625,14839.400390625,14887.4501953125,14698.400390625,14760.349609375,20569100
2023-02-03,14962.349609375,14962.349609375,14972.150390625,14746.4501953125,14904.099609375,20226200
2023-02-06,14934.150390625,14934.150390625,14954.2998046875,14870.5498046875,14939.400390625,21782900
2023-02-07,14902.2001953125,14902.2001953125,14970.7998046875,14845.9501953125,14950.150390625,16800000
2023-02-08,15028.2998046875,15028.2998046875,15046.7001953125,14924.0498046875,14927.5498046875,17301500
2023-02-09,15030.099609375,15030.099609375,15054.75,14956.900390625,15036.849609375,15692900
2023-02-10,15015.849609375,15015.849609375,15031.099609375,14969.5498046875,14992.650390625,15674600
2023-02-13,14900.5,14900.5,15022.5498046875,14875.849609375,15011.349609375,13892400
2023-02-14,14968.900390625,14968.900390625,14988.0,14879.349609375,14936.2001953125,13173500
2023-02-15,15039.650390625,15039.650390625,15053.5498046875,14923.25,14939.0,12612200
2023-02-16,15083.75,15083.75,15135.349609375,15060.0,15098.4501953125,12628100
2023-02-17,15003.9501953125,15003.9501953125,15077.0,14966.2998046875,15036.25,11788700
2023-02-20,14938.650390625,14938.650390625,15036.4501953125,14920.7001953125,15023.4501953125,14870400
2023-02-21,14913.9501953125,14913.9501953125,14992.7001953125,14894.150390625,14982.0,13621400
2023-02-22,14701.900390625,14701.900390625,14861.0498046875,14674.25,14854.150390625,14453300
2023-02-23,14666.75,14666.75,14740.7998046875,14599.099609375,14715.2001953125,17382800
2023-02-24,14630.4501953125,14630.4501953125,14741.9501953125,14598.9501953125,14723.400390625,14434600
2023-02-27,14548.7001953125,14548.7001953125,14609.400390625,14465.7001953125,14600.900390625,13597900
2023-02-28,14518.75,14518.75,14584.4501953125,14476.0,14550.0,20385500
2023-03-01,14664.849609375,14664.849609375,14675.0498046875,14550.099609375,14557.0,16097000
2023-03-02,14587.25,14587.25,14668.400390625,14575.9501953125,14654.7998046875,15599200
2023-03-03,14774.75,14774.75,14813.0498046875,14676.0498046875,14686.25,18314000
2023-03-06,14881.0,14881.0,14942.0498046875,14843.7001953125,14848.349609375,16186000
2023-03-08,14921.9501953125,14921.9501953125,14932.400390625,14791.25,14843.099609375,13836400
2023-03-09,14803.9501953125,14803.9501953125,14952.849609375,14788.900390625,14947.0498046875,13376000
2023-03-10,14679.849609375,14679.849609375,14699.349609375,14593.400390625,14695.0498046875,12540400
2023-03-13,14454.4501953125,14454.4501953125,14752.849609375,14420.5,14681.5498046875,18200100
2023-03-14,14358.5498046875,14358.5498046875,14499.2001953125,14306.7998046875,14462.0,15415200
2023-03-15,14320.2998046875,14320.2998046875,14494.349609375,14298.150390625,14458.150390625,13865700
2023-03-16,14330.349609375,14330.349609375,14387.650390625,14189.0,14328.5,21668100
2023-03-17,14420.849609375,14420.849609375,14464.900390625,14327.75,14436.25,23358000
2023-03-20,14317.099609375,14317.099609375,14393.599609375,14196.5,14389.849609375,16179700
2023-03-21,14411.2998046875,14411.2998046875,14428.150390625,14339.9501953125,14379.0498046875,13293900
2023-03-22,14460.0,14460.0,14497.150390625,14432.2001953125,14470.0498046875,0
2023-03-23,14403.599609375,14403.599609375,14490.650390625,14388.2998046875,14422.9501953125,11622300
2023-03-24,14279.0,14279.0,14434.099609375,14257.5,14409.0,13960500
2023-03-27,14262.7001953125,14262.7001953125,14348.9501953125,14238.900390625,14306.599609375,14815600
2023-03-28,14211.7998046875,14211.7998046875,14300.2001953125,14177.5,14289.9501953125,14615200
2023-03-29,14345.599609375,14345.599609375,14377.2998046875,14218.599609375,14218.599609375,19557100
2023-03-31,14557.849609375,14557.849609375,14577.150390625,14438.7998046875,14442.2998046875,17405600
2023-04-03,14601.9501953125,14601.9501953125,14621.0498046875,14541.599609375,14621.0498046875,13824900
2023-04-05,14709.400390625,14709.400390625,14718.900390625,14611.25,14620.7001953125,13452400
2023-04-06,14759.2001953125,14759.2001953125,14786.0,14673.7001953125,14701.099609375,13016900
2023-04-10,14790.5498046875,14790.5498046875,14833.4501953125,14767.0,14797.349609375,12063200
2023-04-11,14867.25,14867.25,14893.599609375,14814.349609375,14854.650390625,12444900
2023-04-12,14941.5498046875,14941.5498046875,14949.900390625,14871.900390625,14902.2001953125,11965900
2023-04-13,14954.25,14954.25,14965.7001953125,14885.25,14946.4501953125,12962500
2023-04-17,14904.2998046875,14904.2998046875,14970.349609375,14794.4501953125,14970.349609375,13960200
2023-04-18,14897.0,14897.0,14949.099609375,14852.650390625,14949.099609375,15883500
2023-04-19,14856.900390625,14856.900390625,14905.599609375,14832.900390625,14901.25,14657200
2023-04-20,14861.75,14861.75,14905.7998046875,14835.900390625,14878.5498046875,11133000
2023-04-21,14847.099609375,14847.099609375,14888.650390625,14789.9501953125,14879.599609375,14464900
2023-04-24,14930.150390625,14930.150390625,14937.2001953125,14841.599609375,14903.9501953125,15603800
2023-04-25,14955.7001953125,14955.7001953125,14981.2998046875,14916.349609375,14945.7998046875,19990300
2023-04-26,14994.400390625,14994.400390625,15003.099609375,14918.5498046875,14954.2001953125,21127900
2023-04-27,15075.0498046875,15075.0498046875,15085.849609375,14989.2001953125,14999.900390625,19847000
2023-04-28,15219.5498046875,15219.5498046875,15235.4501953125,15077.4501953125,15111.0498046875,22144800
2023-05-02,15300.75,15300.75,15327.75,15261.150390625,15276.2001953125,21880900
2023-05-03,15276.400390625,15276.400390625,15305.0498046875,15239.5,15277.75,21733900
2023-05-04,15405.5,15405.5,15414.7001953125,15272.7001953125,15282.25,22255200
2023-05-05,15278.599609375,15278.599609375,15394.900390625,15265.849609375,15330.349609375,21111500
2023-05-08,15427.099609375,15427.099609375,15440.849609375,15310.75,15321.900390625,17561300
2023-05-09,15420.599609375,15420.599609375,15502.7001953125,15393.9501953125,15462.75,18148500
2023-05-10,15466.0498046875,15466.0498046875,15476.099609375,15372.4501953125,15458.0498046875,16332600
2023-05-11,15484.0498046875,15484.0498046875,15526.75,15461.849609375,15512.349609375,15978800
2023-05-12,15477.349609375,15477.349609375,15506.150390625,15401.650390625,15475.0498046875,13497800
2023-05-15,15549.7001953125,15549.7001953125,15591.9501953125,15464.650390625,15495.849609375,13567700
2023-05-16,15492.400390625,15492.400390625,15592.25,15476.650390625,15584.400390625,17817900
2023-05-17,15426.349609375,15426.349609375,15512.849609375,15367.0,15508.25,17073900
2023-05-18,15361.599609375,15361.599609375,15514.900390625,15346.849609375,15506.650390625,15928500
2023-05-19,15407.5498046875,15407.5498046875,15418.7998046875,15278.7001953125,15399.5,13957600
2023-05-22,15504.0,15504.0,15517.650390625,15386.900390625,15409.0498046875,16992200
2023-05-23,15544.75,15544.75,15595.650390625,15528.75,15551.0498046875,14883100
2023-05-24,15515.9501953125,15515.9501953125,15591.400390625,15493.2998046875,15517.2001953125,17595700
2023-05-25,15555.25,15555.25,15568.5498046875,15474.150390625,15510.2001953125,17916200
2023-05-26,15696.75,15696.75,15704.0,15567.849609375,15589.5,15551800
2023-05-29,15772.349609375,15772.349609375,15805.75,15758.150390625,15791.75,17560100
2023-05-30,15799.4501953125,15799.4501953125,15823.900390625,15759.349609375,15784.25,16359800
2023-05-31,15766.400390625,15766.400390625,15789.2001953125,15706.5,15773.7998046875,34527400
2023-06-01,15760.349609375,15760.349609375,15823.9501953125,15743.400390625,15801.9501953125,17566700
2023-06-02,15811.2001953125,15811.2001953125,15838.4501953125,15774.650390625,15816.7998046875,18505700
2023-06-05,15859.5,15859.5,15899.150390625,15851.75,15877.4501953125,17899700
2023-06-06,15878.400390625,15878.400390625,15895.7001953125,15816.7001953125,15873.75,17273800
2023-06-07,16006.7001953125,16006.7001953125,16016.0,15920.25,15938.2998046875,31132700
2023-06-08,15921.0498046875,15921.0498046875,16048.7998046875,15906.150390625,16021.7001953125,23687500
2023-06-09,15877.400390625,15877.400390625,15961.7001953125,15866.7998046875,15947.9501953125,18992700
2023-06-12,15929.099609375,15929.099609375,15946.150390625,15874.400390625,15913.2001953125,17248900
2023-06-13,16048.2001953125,16048.2001953125,16057.5,15964.2998046875,15964.7998046875,19119800
2023-06-14,16084.0498046875,16084.0498046875,16094.099609375,16035.150390625,16082.150390625,20155200
2023-06-15,16058.25,16058.25,16138.7001953125,16039.0498046875,16106.849609375,17043200
2023-06-16,16181.4501953125,16181.4501953125,16211.25,16091.7998046875,16100.900390625,20414800
2023-06-19,16142.150390625,16142.150390625,16244.9501953125,16117.849609375,16231.0498046875,17333000
2023-06-20,16199.9501953125,16199.9501953125,16215.599609375,16080.9501953125,16147.5498046875,16932200
2023-06-21,16240.9501953125,16240.9501953125,16277.349609375,16201.400390625,16244.5498046875,18561500
2023-06-22,16140.7998046875,16140.7998046875,16264.150390625,16128.7998046875,16252.75,17972000
2023-06-23,16011.7998046875,16011.7998046875,16133.9501953125,15999.400390625,16126.7001953125,15066500
2023-06-26,16066.150390625,16066.150390625,16079.0,15995.099609375,16017.5,13334300
2023-06-27,16163.5,16163.5,16171.2001953125,16104.2001953125,16118.650390625,14832100
2023-06-28,16277.2001953125,16277.2001953125,16296.0,16210.4501953125,16239.849609375,20741900
2023-06-30,16430.0,16430.0,16437.44921875,16326.0,16354.9501953125,21663000
2023-07-03,16527.94921875,16527.94921875,16541.900390625,16485.30078125,16490.94921875,22143300
2023-07-04,16556.05078125,16556.05078125,16599.25,16499.150390625,16597.5,28937900
2023-07-05,16597.19921875,16597.19921875,16611.150390625,16540.19921875,16580.19921875,23384400
2023-07-06,16695.05078125,16695.05078125,16703.30078125,16590.69921875,16600.75,24845700
2023-07-07,16564.900390625,16564.900390625,16718.19921875,16541.599609375,16653.30078125,21794000
2023-07-10,16553.75,16553.75,16623.94921875,16530.75,16620.900390625,17837500
2023-07-11,16648.0,16648.0,16698.80078125,16597.55078125,16610.94921875,19751600
2023-07-12,16641.05078125,16641.05078125,16703.25,16627.30078125,16697.099609375,21120500
2023-07-13,16623.900390625,16623.900390625,16774.5,16596.44921875,16726.94921875,21563600
2023-07-14,16765.44921875,16765.44921875,16786.0,16655.05078125,16695.69921875,16827100
2023-07-17,16872.05078125,16872.05078125,16884.94921875,16784.349609375,16811.650390625,20461300
2023-07-18,16872.0,16872.0,16940.150390625,16818.30078125,16932.94921875,19999200
2023-07-19,16953.5,16953.5,16964.25,16877.44921875,16919.05078125,19868200
2023-07-20,17042.55078125,17042.55078125,17051.0,16912.69921875,16965.44921875,21616500
2023-07-21,16904.30078125,16904.30078125,16991.400390625,16874.94921875,16931.94921875,23571800
2023-07-24,16865.150390625,16865.150390625,16948.400390625,16852.19921875,16921.75,28840000
2023-07-25,16896.900390625,16896.900390625,16918.849609375,16832.44921875,16918.80078125,22880300
2023-07-26,16975.0,16975.0,17011.0,16931.599609375,16950.69921875,23136100
2023-07-27,16919.19921875,16919.19921875,17056.19921875,16873.0,17038.349609375,24802600
2023-07-28,16948.349609375,16948.349609375,16960.5,16880.599609375,16935.05078125,20685400
2023-07-31,17059.0,17059.0,17072.80078125,16939.0,16972.5,24434300
2023-08-01,17051.150390625,17051.150390625,17102.099609375,17026.30078125,17096.599609375,23309200
2023-08-02,16858.94921875,16858.94921875,17018.849609375,16755.900390625,17005.599609375,24246300
2023-08-03,16772.30078125,16772.30078125,16878.75,16691.650390625,16818.349609375,25498600
2023-08-04,16890.599609375,16890.599609375,16914.44921875,16836.55078125,16847.400390625,26290700
2023-08-07,16956.349609375,16956.349609375,16970.05078125,16897.5,16948.349609375,22503500
2023-08-08,16949.25,16949.25,16998.150390625,16889.849609375,16991.849609375,23945400
2023-08-09,17003.849609375,17003.849609375,17011.94921875,16881.75,16966.849609375,21148900
2023-08-10,16939.849609375,16939.849609375,17013.44921875,16901.55078125,16999.5,23453800
2023-08-11,16860.150390625,16860.150390625,16972.05078125,16845.80078125,16970.05078125,22768800
2023-08-14,16825.55078125,16825.55078125,16854.099609375,16661.0,16827.75,20268700
2023-08-16,16853.05078125,16853.05078125,16867.80078125,16732.75,16779.599609375,0
2023-08-17,16802.25,16802.25,16869.400390625,16781.599609375,16858.849609375,20478700
2023-08-18,16757.69921875,16757.69921875,16803.25,16722.05078125,16768.0,19005500
2023-08-21,16852.05078125,16852.05078125,16872.55078125,16766.69921875,16780.75,17652800
2023-08-22,16905.25,16905.25,16925.44921875,16874.80078125,16886.94921875,22516400
2023-08-23,16950.25,16950.25,16981.849609375,16912.150390625,16950.900390625,22837200
2023-08-24,16930.150390625,16930.150390625,17074.25,16916.400390625,17039.25,24143400
2023-08-25,16820.849609375,16820.849609375,16905.69921875,16785.25,16871.0,25050200
2023-08-28,16875.30078125,16875.30078125,16918.25,16823.400390625,16866.400390625,24426100
2023-08-29,16927.30078125,16927.30078125,16938.80078125,16898.05078125,16933.849609375,25140300
2023-08-30,16968.94921875,16968.94921875,17035.599609375,16959.099609375,17010.150390625,22475100
2023-08-31,16924.30078125,16924.30078125,17011.80078125,16904.69921875,17001.349609375,38895000
2023-09-01,17074.55078125,17074.55078125,17088.099609375,16931.5,16940.19921875,39465900
2023-09-04,17180.94921875,17180.94921875,17191.19921875,17074.55078125,17157.900390625,4456715100
2023-09-05,17252.099609375,17252.099609375,17264.900390625,17180.94921875,17228.19921875,37702500
2023-09-06,17284.599609375,17284.599609375,17298.80078125,17198.75,17274.19921875,30486500
2023-09-07,17385.5,17385.5,17395.0,17269.099609375,17292.349609375,27654800
2023-09-08,17487.44921875,17487.44921875,17519.599609375,17385.5,17437.650390625,29913900
2023-09-11,17653.349609375,17653.349609375,17660.80078125,17550.19921875,17567.19921875,37172200
2023-09-12,17460.55078125,17460.55078125,17754.05078125,17422.05078125,17753.94921875,44340200
2023-09-13,17526.75,17526.75,17540.849609375,17364.349609375,17458.400390625,34773200
2023-09-14,17603.5,17603.5,17648.55078125,17546.0,17593.25,29508800
2023-09-15,17665.80078125,17665.80078125,17691.849609375,17620.900390625,17662.80078125,41392000
2023-09-18,17613.599609375,17613.599609375,17671.599609375,17601.55078125,17666.849609375,44639200
2023-09-20,17449.349609375,17449.349609375,17571.150390625,17419.75,17513.19921875,30967800
2023-09-21,17303.5,17303.5,17422.75,17273.099609375,17409.099609375,28822700
2023-09-22,17260.80078125,17260.80078125,17361.80078125,17226.05078125,17314.400390625,30348000
2023-09-25,17272.55078125,17272.55078125,17308.19921875,17198.19921875,17276.349609375,23415700
2023-09-26,17276.75,17276.75,17312.349609375,17250.30078125,17284.900390625,23871700
2023-09-27,17341.599609375,17341.599609375,17352.099609375,17217.44921875,17270.400390625,24176400
2023-09-28,17170.44921875,17170.44921875,17389.19921875,17147.0,17384.05078125,29247500
2023-09-29,17292.599609375,17292.599609375,17357.150390625,17205.19921875,17227.55078125,20880800
2023-10-03,17254.400390625,17254.400390625,17295.44921875,17201.69921875,17294.5,24738400
2023-10-04,17123.099609375,17123.099609375,17200.69921875,17032.599609375,17195.55078125,29957400
2023-10-05,17195.80078125,17195.80078125,17234.0,17154.30078125,17202.25,24783900
2023-10-06,17293.599609375,17293.599609375,17310.099609375,17237.099609375,17263.349609375,22409800
2023-10-09,17127.69921875,17127.69921875,17206.849609375,17096.650390625,17170.5,23369400
2023-10-10,17303.349609375,17303.349609375,17319.30078125,17184.55078125,17184.55078125,20047300
2023-10-11,17407.349609375,17407.349609375,17447.80078125,17375.5,17380.650390625,21946300
2023-10-12,17419.69921875,17419.69921875,17457.849609375,17402.44921875,17438.30078125,21367300
2023-10-13,17390.349609375,17390.349609375,17436.5,17306.55078125,17323.05078125,22759700
2023-10-16,17393.0,17393.0,17431.5,17353.150390625,17390.349609375,21609200
2023-10-17,17467.69921875,17467.69921875,17494.5,17437.94921875,17490.05078125,21889100
2023-10-18,17344.0,17344.0,17492.400390625,17332.30078125,17484.349609375,23155700
2023-10-19,17310.5,17310.5,17344.599609375,17202.25,17251.19921875,20476800
2023-10-20,17208.75,17208.75,17295.05078125,17190.599609375,17258.30078125,25928300
2023-10-23,16888.69921875,16888.69921875,17224.80078125,16859.849609375,17204.75,25439800
2023-10-25,16760.80078125,16760.80078125,16967.099609375,16677.150390625,16912.400390625,24536000
2023-10-26,16555.44921875,16555.44921875,16689.099609375,16466.25,16678.69921875,25590800
2023-10-27,16765.44921875,16765.44921875,16793.099609375,16634.599609375,16636.05078125,21446600
2023-10-30,16826.099609375,16826.099609375,16837.80078125,16661.94921875,16784.94921875,20563300
2023-10-31,16801.099609375,16801.099609375,16910.0,16785.55078125,16909.69921875,18455500
2023-11-01,16732.94921875,16732.94921875,16834.099609375,16719.099609375,16808.5,23946000
2023-11-02,16890.80078125,16890.80078125,16903.75,16823.0,16849.94921875,22356100
2023-11-03,17000.94921875,17000.94921875,17027.44921875,16983.05078125,16990.349609375,24482900
2023-11-06,17159.400390625,17159.400390625,17168.75,17080.94921875,17105.349609375,18888700
2023-11-07,17187.80078125,17187.80078125,17200.599609375,17120.75,17170.349609375,21619300
2023-11-08,17259.69921875,17259.69921875,17269.25,17215.0,17242.650390625,23112000
2023-11-09,17218.900390625,17218.900390625,17288.599609375,17209.55078125,17284.94921875,21496900
2023-11-10,17256.599609375,17256.599609375,17274.900390625,17156.849609375,17189.69921875,16533000
2023-11-13,17318.599609375,17318.599609375,17339.150390625,17278.650390625,17335.0,22743900
2023-11-15,17508.05078125,17508.05078125,17518.900390625,17448.30078125,17493.30078125,27787100
2023-11-16,17593.099609375,17593.099609375,17668.650390625,17486.5,17518.099609375,22354800
2023-11-17,17600.5,17600.5,17649.05078125,17528.849609375,17537.44921875,29718400
2023-11-20,17573.650390625,17573.650390625,17636.400390625,17556.099609375,17618.55078125,21843200
2023-11-21,17627.599609375,17627.599609375,17665.0,17617.19921875,17644.5,20175000
2023-11-22,17627.69921875,17627.69921875,17654.599609375,17533.75,17637.44921875,18139100
2023-11-23,17639.400390625,17639.400390625,17693.25,17627.349609375,17654.150390625,16889200
2023-11-24,17643.5,17643.5,17684.150390625,17631.75,17661.30078125,18055700
2023-11-28,17741.80078125,17741.80078125,17760.0,17665.650390625,17701.05078125,22613200
2023-11-29,17904.099609375,17904.099609375,17911.349609375,17823.44921875,17831.650390625,22418200
2023-11-30,17987.94921875,17987.94921875,18007.099609375,17845.900390625,17926.900390625,46145900
2023-12-01,18115.349609375,18115.349609375,18141.650390625,18053.150390625,18061.80078125,24790000
2023-12-04,18448.5,18448.5,18460.0,18315.44921875,18422.349609375,29478500
2023-12-05,18588.55078125,18588.55078125,18594.900390625,18453.650390625,18541.30078125,28525000
2023-12-06,18680.0,18680.0,18698.80078125,18594.400390625,18677.25,27288500
2023-12-07,18703.849609375,18703.849609375,18721.80078125,18619.75,18696.75,32793000
2023-12-08,18703.5,18703.5,18785.69921875,18588.150390625,18752.25,35541800
2023-12-11,18770.19921875,18770.19921875,18780.44921875,18710.150390625,18726.349609375,29109900
2023-12-12,18686.80078125,18686.80078125,18819.69921875,18635.349609375,18809.900390625,33150900
2023-12-13,18751.44921875,18751.44921875,18770.44921875,18601.5,18723.69921875,29800900
2023-12-14,18973.849609375,18973.849609375,18996.25,18893.75,18906.400390625,39641300
2023-12-15,19145.05078125,19145.05078125,19165.099609375,19020.55078125,19071.94921875,40267000
2023-12-18,19155.55078125,19155.55078125,19201.55078125,19073.099609375,19149.150390625,34119200
2023-12-19,19169.25,19169.25,19213.55078125,19067.19921875,19212.55078125,29523800
2023-12-20,18779.44921875,18779.44921875,19303.599609375,18727.099609375,19264.400390625,38696000
2023-12-21,18941.80078125,18941.80078125,18965.80078125,18582.94921875,18647.849609375,30612700
2023-12-22,19054.69921875,19054.69921875,19089.94921875,18934.75,19011.25,26069600
2023-12-26,19148.849609375,19148.849609375,19173.80078125,19059.400390625,19095.0,22132200
2023-12-27,19296.94921875,19296.94921875,19312.30078125,19189.80078125,19219.400390625,20854200
2023-12-28,19399.25,19399.25,19414.55078125,19313.099609375,19358.349609375,32391400
2023-12-29,19429.150390625,19429.150390625,19450.099609375,19338.349609375,19394.5,42430900
2024-01-02,19418.400390625,19418.400390625,19499.80078125,19271.650390625,19496.80078125,40598500
2024-01-03,19367.150390625,19367.150390625,19442.19921875,19343.150390625,19434.30078125,36356200
2024-01-04,19541.25,19541.25,19560.400390625,19433.5,19451.80078125,32459600
2024-01-05,19590.599609375,19590.599609375,19637.099609375,19490.94921875,19602.099609375,40342900
2024-01-08,19417.69921875,19417.69921875,19641.849609375,19400.599609375,19636.0,35203500
2024-01-09,19459.55078125,19459.55078125,19596.05078125,19439.099609375,19549.5,37052500
2024-01-10,19517.849609375,19517.849609375,19532.30078125,19354.099609375,19463.55078125,36103400
2024-01-11,19584.349609375,19584.349609375,19626.5,19532.30078125,19589.75,33718400
2024-01-12,19745.599609375,19745.599609375,19775.900390625,19635.75,19691.25,31008900
2024-01-15,19885.55078125,19885.55078125,19896.900390625,19763.80078125,19876.5,35121900
2024-01-16,19827.55078125,19827.55078125,19923.30078125,19736.19921875,19894.30078125,41454800
2024-01-17,19487.599609375,19487.599609375,19707.69921875,19470.05078125,19556.400390625,41490700
2024-01-18,19414.80078125,19414.80078125,19468.650390625,19143.5,19388.400390625,37178000
2024-01-19,19606.400390625,19606.400390625,19618.94921875,19537.150390625,19555.94921875,37538800
2024-01-23,19206.44921875,19206.44921875,19752.349609375,19158.75,19743.5,44759000
2024-01-24,19451.0,19451.0,19470.650390625,19080.5,19193.150390625,41769400
2024-01-25,19393.0,19393.0,19480.05078125,19289.80078125,19479.650390625,38563500
2024-01-29,19711.650390625,19711.650390625,19728.900390625,19470.05078125,19475.400390625,41540400
2024-01-30,19574.19921875,19574.19921875,19799.25,19558.80078125,19770.25,39664800
2024-01-31,19802.099609375,19802.099609375,19813.30078125,19546.400390625,19574.150390625,35992100
2024-02-01,19777.349609375,19777.349609375,19871.25,19703.75,19869.94921875,42128500
2024-02-02,19910.80078125,19910.80078125,20101.150390625,19874.80078125,19884.650390625,49946000
2024-02-05,19853.5,19853.5,20044.0,19805.75,19989.650390625,51778800
2024-02-06,20033.75,20033.75,20044.44921875,19824.849609375,19923.19921875,45963000
2024-02-07,20109.55078125,20109.55078125,20169.900390625,20011.44921875,20157.19921875,58018300
2024-02-08,19987.55078125,19987.55078125,20209.05078125,19949.349609375,20207.55078125,55978000
2024-02-09,19961.5,19961.5,20040.650390625,19745.44921875,20015.0,54127000
2024-02-12,19675.19921875,19675.19921875,20015.0,19634.599609375,19999.94921875,40401200
2024-02-13,19782.900390625,19782.900390625,19796.05078125,19508.75,19709.80078125,39268800
2024-02-14,19922.30078125,19922.30078125,19943.75,19579.19921875,19618.099609375,34524400
2024-02-15,20037.0,20037.0,20065.75,19952.0,20011.69921875,35406900
2024-02-16,20164.900390625,20164.900390625,20191.44921875,20098.099609375,20136.849609375,31059200
2024-02-20,20271.900390625,20271.900390625,20285.80078125,20190.69921875,20242.650390625,26832800
2024-02-21,20128.30078125,20128.30078125,20342.30078125,20077.80078125,20329.099609375,31364400
2024-02-22,20283.94921875,20283.94921875,20308.900390625,20004.099609375,20179.25,31743900
2024-02-23,20313.5,20313.5,20365.650390625,20280.150390625,20358.69921875,39835600
2024-02-26,20255.80078125,20255.80078125,20335.75,20210.349609375,20299.5,28150900
2024-02-27,20292.849609375,20292.849609375,20329.099609375,20234.94921875,20249.25,28512700
2024-02-28,20020.400390625,20020.400390625,20335.650390625,19987.349609375,20323.5,38512900
2024-02-29,20090.05078125,20090.05078125,20160.05078125,19901.30078125,20009.25,48948700
2024-03-01,20349.80078125,20349.80078125,20360.19921875,20171.0,20171.900390625,28202800
2024-03-04,20432.05078125,20432.05078125,20482.599609375,20383.150390625,20456.75,25412600
2024-03-05,20382.0,20382.0,20440.400390625,20328.0,20422.30078125,27107000
2024-03-06,20379.55078125,20379.55078125,20396.75,20139.349609375,20368.75,35547900
2024-03-07,20434.80078125,20434.80078125,20471.349609375,20384.5,20413.650390625,24346300
2024-03-11,20288.75,20288.75,20483.25,20264.30078125,20478.75,22816800
2024-03-12,20171.400390625,20171.400390625,20326.25,20135.30078125,20299.80078125,24347400
2024-03-13,19646.30078125,19646.30078125,20247.900390625,19549.5,20236.80078125,41486300
2024-03-14,19916.349609375,19916.349609375,19933.900390625,19514.69921875,19598.400390625,38249400
2024-03-15,19825.19921875,19825.19921875,19942.400390625,19671.150390625,19867.75,41574600
2024-03-18,19843.099609375,19843.099609375,19894.44921875,19709.19921875,19804.30078125,22428300
2024-03-19,19610.55078125,19610.55078125,19798.94921875,19594.099609375,19785.80078125,21287100
2024-03-20,19632.05078125,19632.05078125,19697.44921875,19465.849609375,19651.69921875,21521000
2024-03-21,19897.400390625,19897.400390625,19916.44921875,19790.849609375,19790.849609375,22056500
2024-03-22,19994.599609375,19994.599609375,20048.599609375,19806.69921875,19855.0,26015800
2024-03-26,20005.25,20005.25,20044.5,19895.30078125,19895.55078125,23428500
2024-03-27,20087.80078125,20087.80078125,20174.400390625,20063.0,20063.0,28219300
2024-03-28,20255.150390625,20255.150390625,20380.5,20146.150390625,20150.349609375,26471400
2024-04-01,20492.55078125,20492.55078125,20504.5,20387.05078125,20392.25,24756300
2024-04-02,20569.75,20569.75,20579.25,20481.849609375,20524.150390625,28128700
2024-04-03,20605.69921875,20605.69921875,20657.900390625,20496.55078125,20528.19921875,30258700
2024-04-04,20664.650390625,20664.650390625,20772.400390625,20537.5,20755.349609375,33121800
2024-04-05,20715.099609375,20715.099609375,20730.150390625,20609.900390625,20654.75,28297700
2024-04-08,20819.099609375,20819.099609375,20866.099609375,20768.5,20806.849609375,27481500
2024-04-09,20790.69921875,20790.69921875,20912.75,20741.5,20912.75,22792400
2024-04-10,20915.19921875,20915.19921875,20933.849609375,20822.849609375,20864.55078125,25719500
2024-04-12,20745.5,20745.5,20931.400390625,20735.150390625,20873.19921875,32597400
2024-04-15,20478.75,20478.75,20623.80078125,20362.30078125,20493.30078125,31952800
2024-04-16,20423.0,20423.0,20495.19921875,20326.25,20361.25,31141100
2024-04-18,20324.69921875,20324.69921875,20617.099609375,20291.150390625,20515.150390625,29636300
2024-04-19,20385.19921875,20385.19921875,20428.400390625,20038.349609375,20178.25,27183000
2024-04-22,20574.849609375,20574.849609375,20604.099609375,20468.099609375,20566.19921875,36990800
2024-04-23,20652.650390625,20652.650390625,20689.75,20621.55078125,20687.900390625,48926300
2024-04-24,20730.650390625,20730.650390625,20772.55078125,20710.19921875,20723.19921875,36984300
2024-04-25,20867.900390625,20867.900390625,20894.0,20686.69921875,20690.849609375,107777900
2024-04-26,20839.349609375,20839.349609375,20941.099609375,20814.5,20926.400390625,66099300
2024-04-29,20992.19921875,20992.19921875,21002.099609375,20847.849609375,20911.099609375,41065400
2024-04-30,20997.19921875,20997.19921875,21146.5,20971.849609375,21052.349609375,36823500
2024-05-02,21083.599609375,21083.599609375,21126.099609375,21009.349609375,21010.44921875,32855900
2024-05-03,20959.55078125,20959.55078125,21208.69921875,20830.650390625,21193.44921875,40630500
2024-05-06,20864.94921875,20864.94921875,21048.94921875,20805.05078125,21044.099609375,30888200
2024-05-07,20636.05078125,20636.05078125,20914.900390625,20548.80078125,20911.349609375,37453900
2024-05-08,20704.900390625,20704.900390625,20768.75,20516.25,20586.80078125,27005200
2024-05-09,20344.80078125,20344.80078125,20736.25,20318.900390625,20681.099609375,26295900
2024-05-10,20469.099609375,20469.099609375,20482.05078125,20299.099609375,20398.0,22511100
2024-05-13,20511.0,20511.0,20540.25,20184.099609375,20471.650390625,24038600
2024-05-14,20683.80078125,20683.80078125,20709.75,20508.0,20544.349609375,26136600
2024-05-15,20741.849609375,20741.849609375,20811.25,20681.900390625,20744.5,21688100
2024-05-16,20929.05078125,20929.05078125,20950.55078125,20667.80078125,20846.849609375,24680000
2024-05-17,21064.55078125,21064.55078125,21078.650390625,20934.44921875,20967.400390625,26742600
2024-05-21,21187.650390625,21187.650390625,21224.69921875,21068.849609375,21114.650390625,35418000
2024-05-22,21237.75,21237.75,21261.75,21103.19921875,21255.19921875,29683000
2024-05-23,21489.55078125,21489.55078125,21505.25,21249.150390625,21280.05078125,34296400
2024-05-24,21483.75,21483.75,21567.44921875,21444.94921875,21483.0,52358500
2024-05-27,21493.0,21493.0,21613.599609375,21439.150390625,21573.80078125,35971800
2024-05-28,21387.349609375,21387.349609375,21558.150390625,21345.349609375,21542.5,28460800
2024-05-29,21256.30078125,21256.30078125,21356.150390625,21243.19921875,21288.349609375,25281000
2024-05-30,21038.55078125,21038.55078125,21262.849609375,20983.94921875,21201.80078125,35289300
2024-05-31,21103.30078125,21103.30078125,21177.25,21003.0,21129.349609375,64228200
2024-06-03,21797.400390625,21797.400390625,21926.599609375,21629.30078125,21926.599609375,52059200
2024-06-04,20323.849609375,20323.849609375,21753.349609375,19624.25,21753.349609375,92929300
2024-06-05,21054.400390625,21054.400390625,21092.150390625,20116.599609375,20570.75,55213500
2024-06-06,21365.0,21365.0,21462.80078125,21193.19921875,21253.69921875,38366900
2024-06-07,21764.150390625,21764.150390625,21781.349609375,21333.5,21390.19921875,37282200
2024-06-10,21808.25,21808.25,21930.5,21758.30078125,21844.30078125,37085600
2024-06-11,21852.0,21852.0,21961.44921875,21782.349609375,21856.349609375,44745100
2024-06-12,21960.94921875,21960.94921875,22023.900390625,21904.69921875,21935.19921875,35472600
2024-06-13,22074.30078125,22074.30078125,22120.80078125,21992.150390625,22120.75,31190000
2024-06-14,22214.30078125,22214.30078125,22229.400390625,22054.150390625,22148.25,34231400
2024-06-18,22329.599609375,22329.599609375,22338.150390625,22253.349609375,22323.55078125,32391200
2024-06-19,22224.900390625,22224.900390625,22406.30078125,22127.25,22406.30078125,52210600
2024-06-20,22305.099609375,22305.099609375,22333.599609375,22182.19921875,22293.55078125,34702700
2024-06-21,22236.19921875,22236.19921875,22393.30078125,22186.19921875,22392.599609375,48207200
2024-06-24,22289.099609375,22289.099609375,22309.099609375,22073.650390625,22150.650390625,32202800
2024-06-25,22370.650390625,22370.650390625,22391.75,22287.099609375,22349.75,26474200
2024-06-26,22436.80078125,22436.80078125,22464.849609375,22309.5,22379.5,38300800
2024-06-27,22537.400390625,22537.400390625,22571.650390625,22395.900390625,22459.900390625,42989900
2024-06-28,22559.69921875,22559.69921875,22673.650390625,22537.69921875,22592.25,43007900
2024-07-01,22727.599609375,22727.599609375,22739.69921875,22570.400390625,22580.400390625,0
2024-07-02,22677.80078125,22677.80078125,22810.650390625,22592.19921875,22806.30078125,0
2024-07-03,22851.19921875,22851.19921875,22871.650390625,22764.099609375,22820.55078125,0
2024-07-04,22914.19921875,22914.19921875,22962.80078125,22866.69921875,22937.599609375,30704400
2024-07-05,22987.650390625,22987.650390625,23011.80078125,22838.19921875,22878.5,41259000
2024-07-08,22971.150390625,22971.150390625,23040.75,22897.94921875,23029.349609375,37034300
2024-07-09,23067.349609375,23067.349609375,23082.349609375,22974.94921875,23035.05078125,32561800
2024-07-10,22977.650390625,22977.650390625,23125.30078125,22685.650390625,23124.150390625,32958800
2024-07-11,23005.25,23005.25,23063.099609375,22904.30078125,23059.94921875,33766300
2024-07-12,23095.44921875,23095.44921875,23189.400390625,23021.400390625,23086.25,35369700
2024-07-15,23209.849609375,23209.849609375,23234.30078125,23081.30078125,23188.80078125,34314300
2024-07-16,23204.25,23204.25,23288.05078125,23181.349609375,23258.19921875,34335200
2024-07-18,23210.05078125,23210.05078125,23233.849609375,22993.55078125,23167.650390625,35622300
2024-07-19,22853.599609375,22853.599609375,23232.5,22833.0,23232.5,30218600
2024-07-22,22942.650390625,22942.650390625,23001.05078125,22667.75,22761.5,29609000
2024-07-23,22865.19921875,22865.19921875,23031.94921875,22307.19921875,23022.80078125,45631600
2024-07-24,22921.44921875,22921.44921875,22965.44921875,22816.75,22856.849609375,31512400
2024-07-25,22917.25,22917.25,22938.650390625,22732.19921875,22753.19921875,34439400
2024-07-26,23292.05078125,23292.05078125,23306.75,22965.5,22970.400390625,34525200
2024-07-29,23394.19921875,23394.19921875,23496.400390625,23326.05078125,23423.150390625,36107300
2024-07-30,23440.900390625,23440.900390625,23530.0,23381.349609375,23421.19921875,29987100
2024-07-31,23530.80078125,23530.80078125,23556.0,23459.599609375,23495.849609375,32149100
2024-08-01,23506.599609375,23506.599609375,23637.75,23429.55078125,23608.849609375,29214900
2024-08-02,23259.44921875,23259.44921875,23395.099609375,23225.650390625,23296.099609375,30923600
2024-08-05,22542.44921875,22542.44921875,22868.349609375,22397.69921875,22772.55078125,40193400
2024-08-06,22443.30078125,22443.30078125,22910.75,22406.05078125,22696.94921875,27000600
2024-08-07,22848.900390625,22848.900390625,22870.849609375,22650.80078125,22773.44921875,24591600
2024-08-08,22705.69921875,22705.69921875,22905.599609375,22676.0,22842.0,24382600
2024-08-09,22923.5,22923.5,22982.44921875,22869.400390625,22948.150390625,21118900
2024-08-12,22915.849609375,22915.849609375,22993.25,22753.75,22862.900390625,25324300
2024-08-13,22705.80078125,22705.80078125,22962.75,22684.44921875,22952.69921875,27582500
2024-08-14,22672.650390625,22672.650390625,22778.94921875,22599.94921875,22765.650390625,23576200
2024-08-16,23056.5,23056.5,23071.75,22750.30078125,22846.099609375,20454900
2024-08-19,23139.75,23139.75,23195.599609375,23104.099609375,23174.19921875,21337100
2024-08-20,23280.349609375,23280.349609375,23292.69921875,23175.400390625,23223.599609375,21727000
2024-08-21,23368.650390625,23368.650390625,23383.19921875,23256.25,23283.75,22340700
2024-08-22,23440.69921875,23440.69921875,23474.849609375,23408.94921875,23467.150390625,21863200
2024-08-23,23418.650390625,23418.650390625,23496.849609375,23401.0,23485.30078125,23411800
2024-08-26,23561.75,23561.75,23579.75,23466.75,23514.30078125,19994300
2024-08-27,23604.849609375,23604.849609375,23633.19921875,23555.55078125,23592.0,22130300
2024-08-28,23615.94921875,23615.94921875,23679.349609375,23547.25,23646.80078125,24488600
2024-08-29,23631.400390625,23631.400390625,23664.349609375,23494.44921875,23618.25,29804300
2024-08-30,23734.55078125,23734.55078125,23766.400390625,23673.94921875,23728.55078125,70150200
2024-09-02,23760.69921875,23760.69921875,23835.19921875,23693.650390625,23835.19921875,25228700
2024-09-03,23788.44921875,23788.44921875,23817.55078125,23771.19921875,23817.0,18146200
2024-09-04,23748.900390625,23748.900390625,23761.400390625,23605.349609375,23611.80078125,20620200
2024-09-05,23762.80078125,23762.80078125,23836.349609375,23749.05078125,23821.0,23179400
2024-09-06,23477.69921875,23477.69921875,23794.349609375,23434.900390625,23746.0,38704200
2024-09-09,23502.150390625,23502.150390625,23526.55078125,23294.44921875,23452.849609375,23648800
2024-09-10,23643.650390625,23643.650390625,23712.94921875,23531.650390625,23591.849609375,22265300
2024-09-11,23531.25,23531.25,23723.05078125,23498.150390625,23665.099609375,23090100
2024-09-12,23907.349609375,23907.349609375,23934.599609375,23593.599609375,23680.0,23740100
2024-09-13,23928.19921875,23928.19921875,23966.55078125,23885.19921875,23966.5,20577800
2024-09-16,23968.19921875,23968.19921875,24026.0,23917.5,24006.150390625,17209800
2024-09-17,23969.900390625,23969.900390625,24008.25,23912.55078125,24008.25,16183800
2024-09-18,23898.650390625,23898.650390625,24000.30078125,23800.849609375,23972.55078125,18564600
2024-09-19,23853.94921875,23853.94921875,24078.0,23702.0,24012.30078125,45138100
2024-09-20,24193.80078125,24193.80078125,24243.150390625,23885.0,23956.55078125,42372300
2024-09-23,24379.19921875,24379.19921875,24393.69921875,24262.30078125,24294.80078125,35691300
2024-09-24,24389.69921875,24389.69921875,24429.0,24353.75,24390.05078125,26025400
2024-09-25,24371.25,24371.25,24394.349609375,24268.5,24377.25,29281600
2024-09-26,24496.900390625,24496.900390625,24512.650390625,24338.400390625,24399.150390625,30998100
2024-09-27,24489.55078125,24489.55078125,24573.400390625,24469.0,24529.55078125,41993700
2024-09-30,24245.19921875,24245.19921875,24456.099609375,24217.400390625,24410.0,26120900
2024-10-01,24271.30078125,24271.30078125,24329.44921875,24191.05078125,24248.5,22116800
2024-10-03,23755.44921875,23755.44921875,24122.0,23713.0,23931.849609375,27320600
2024-10-04,23534.94921875,23534.94921875,23920.30078125,23483.400390625,23704.94921875,26223100
2024-10-07,23181.94921875,23181.94921875,23659.650390625,23089.5,23616.349609375,30375500
2024-10-08,23512.55078125,23512.55078125,23544.80078125,23106.5,23175.19921875,25631100
2024-10-09,23599.599609375,23599.599609375,23797.44921875,23570.69921875,23600.099609375,25890900
2024-10-10,23598.150390625,23598.150390625,23755.5,23580.599609375,23695.55078125,19427900
2024-10-11,23611.25,23611.25,23654.0,23546.30078125,23608.30078125,17121900
2024-10-14,23727.05078125,23727.05078125,23740.19921875,23646.099609375,23670.5,16763300
2024-10-15,23735.69921875,23735.69921875,23814.94921875,23662.30078125,23800.400390625,17789200
2024-10-16,23673.150390625,23673.150390625,23768.150390625,23588.80078125,23702.849609375,17373100
2024-10-17,23377.0,23377.0,23720.150390625,23366.0,23717.30078125,17807000
2024-10-18,23440.69921875,23440.69921875,23471.19921875,23120.94921875,23285.650390625,19475900
2024-10-21,23263.25,23263.25,23559.05078125,23224.55078125,23527.599609375,20166200
2024-10-22,22814.44921875,22814.44921875,23306.19921875,22789.69921875,23277.099609375,24168100
2024-10-23,22841.099609375,22841.099609375,22989.05078125,22673.30078125,22751.80078125,26061900
2024-10-24,22787.849609375,22787.849609375,22893.19921875,22747.55078125,22841.849609375,19531500
2024-10-25,22499.05078125,22499.05078125,22839.19921875,22362.80078125,22819.80078125,26167800
2024-10-28,22649.94921875,22649.94921875,22756.05078125,22407.0,22548.69921875,29092800
2024-10-29,22795.05078125,22795.05078125,22808.80078125,22450.0,22670.80078125,23194400
2024-10-30,22749.80078125,22749.80078125,22896.55078125,22685.400390625,22731.150390625,27854400
2024-10-31,22689.349609375,22689.349609375,22779.5,22621.099609375,22758.599609375,24362900
2024-11-01,22823.55078125,22823.55078125,22881.5,22799.69921875,22806.94921875,6042900
2024-11-04,22518.30078125,22518.30078125,22832.650390625,22362.650390625,22831.80078125,22594400
2024-11-05,22679.849609375,22679.849609375,22697.5,22343.94921875,22458.30078125,21434200
2024-11-06,23031.19921875,23031.19921875,23052.19921875,22720.30078125,22782.19921875,21578000
2024-11-07,22806.25,22806.25,23073.55078125,22793.900390625,23067.150390625,20350800
2024-11-08,22645.650390625,22645.650390625,22857.099609375,22600.25,22821.900390625,19203600
2024-11-11,22591.400390625,22591.400390625,22770.55078125,22478.69921875,22590.099609375,20059500
2024-11-12,22331.05078125,22331.05078125,22721.900390625,22286.849609375,22664.19921875,17128100
2024-11-13,21914.94921875,21914.94921875,22309.80078125,21867.69921875,22263.0,23256700
2024-11-14,21963.099609375,21963.099609375,22096.849609375,21907.55078125,21924.099609375,19082200
2024-11-18,21899.400390625,21899.400390625,22049.150390625,21787.349609375,22045.900390625,20564200
2024-11-19,22004.349609375,22004.349609375,22233.400390625,21948.44921875,21977.650390625,19033700
2024-11-21,21820.849609375,21820.849609375,21954.19921875,21692.80078125,21947.75,26353500
2024-11-22,22225.55078125,22225.55078125,22260.150390625,21819.19921875,21864.650390625,23049700
2024-11-25,22553.5,22553.5,22676.25,22510.80078125,22578.650390625,37062000
2024-11-26,22562.44921875,22562.44921875,22675.69921875,22523.0,22649.30078125,32509700
2024-11-27,22691.69921875,22691.69921875,22732.099609375,22526.099609375,22594.19921875,27765700
2024-11-28,22514.349609375,22514.349609375,22821.75,22472.25,22722.30078125,30300900
2024-11-29,22687.0,22687.0,22733.75,22531.900390625,22537.80078125,24656200
2024-12-02,22835.849609375,22835.849609375,22843.5,22603.099609375,22695.400390625,18255400
2024-12-03,23020.849609375,23020.849609375,23029.55078125,22876.80078125,22922.599609375,21659200
2024-12-04,23099.5,23099.5,23149.900390625,22978.849609375,23075.94921875,26977000
2024-12-05,23277.94921875,23277.94921875,23357.099609375,22993.849609375,23183.30078125,27902600
2024-12-06,23312.099609375,23312.099609375,23358.19921875,23221.69921875,23315.80078125,24696700
2024-12-09,23292.0,23292.0,23351.900390625,23243.30078125,23289.400390625,22821900
2024-12-10,23314.900390625,23314.900390625,23341.349609375,23216.25,23328.80078125,21731600
2024-12-11,23358.150390625,23358.150390625,23394.19921875,23301.150390625,23326.69921875,17613100
2024-12-12,23256.400390625,23256.400390625,23386.25,23242.75,23348.69921875,19632100
2024-12-13,23358.94921875,23358.94921875,23378.55078125,22879.900390625,23208.349609375,21518400
2024-12-16,23352.44921875,23352.44921875,23417.650390625,23281.19921875,23370.55078125,14889800
2024-12-17,23095.75,23095.75,23349.099609375,23067.30078125,23308.900390625,19211800
2024-12-18,22934.400390625,22934.400390625,23125.55078125,22876.69921875,23076.94921875,17807500
2024-12-19,22752.150390625,22752.150390625,22782.25,22590.0,22594.94921875,17201400
2024-12-20,22319.400390625,22319.400390625,22855.0,22279.900390625,22783.650390625,25841100
2024-12-23,22412.30078125,22412.30078125,22535.19921875,22331.5,22446.599609375,15840200
2024-12-24,22402.69921875,22402.69921875,22516.30078125,22340.099609375,22431.599609375,13500400
2024-12-26,22430.349609375,22430.349609375,22492.30078125,22324.599609375,22444.69921875,14200
2024-12-27,22445.19921875,22445.19921875,22555.44921875,22435.55078125,22473.900390625,11665400
2024-12-30,22357.150390625,22357.150390625,22522.400390625,22266.150390625,22438.150390625,30031300
2024-12-31,22375.400390625,22375.400390625,22414.44921875,22160.150390625,22273.69921875,20703900
2025-01-02,22819.75,22819.75,22833.349609375,22482.69921875,22521.75,18525200
2025-01-03,22708.150390625,22708.150390625,22867.849609375,22681.30078125,22850.099609375,22010400
2025-01-06,22225.400390625,22225.400390625,22757.400390625,22163.55078125,22753.650390625,24961500
2025-01-07,22341.650390625,22341.650390625,22435.5,22247.75,22278.150390625,19294300
2025-01-08,22231.80078125,22231.80078125,22384.25,22065.19921875,22378.150390625,19023200
2025-01-09,22046.55078125,22046.55078125,22239.19921875,22028.5,22231.05078125,16939500
2025-01-10,21799.0,21799.0,22075.400390625,21738.44921875,22049.400390625,19746200
2025-01-13,21243.44921875,21243.44921875,21630.55078125,21194.44921875,21557.0,26118000
2025-01-14,21481.05078125,21481.05078125,21528.69921875,21325.0,21328.0,25453100
2025-01-15,21551.19921875,21551.19921875,21634.599609375,21445.400390625,21572.44921875,30942300
2025-01-16,21714.55078125,21714.55078125,21776.349609375,21687.44921875,21734.400390625,22356500
2025-01-17,21680.25,21680.25,21730.849609375,21563.80078125,21699.44921875,20140800
2025-01-20,21809.0,21809.0,21848.94921875,21628.5,21769.94921875,35051300
2025-01-21,21433.19921875,21433.19921875,21863.05078125,21411.30078125,21855.099609375,23319600
2025-01-22,21396.55078125,21396.55078125,21500.30078125,21178.80078125,21484.44921875,20884100
2025-01-23,21538.05078125,21538.05078125,21595.0,21338.94921875,21377.80078125,18373700
2025-01-24,21318.900390625,21318.900390625,21611.19921875,21279.0,21533.05078125,17534800
2025-01-27,20910.94921875,20910.94921875,21163.0,20861.150390625,21158.849609375,23045500
2025-01-28,20924.75,20924.75,21100.44921875,20757.900390625,21009.19921875,24931900
2025-01-29,21245.5,21245.5,21259.849609375,20968.349609375,20971.400390625,18562800
2025-01-30,21297.5,21297.5,21404.19921875,21209.599609375,21282.099609375,19976300
2025-01-31,21580.900390625,21580.900390625,21613.0,21310.30078125,21339.349609375,22528800
2025-02-03,21402.55078125,21402.55078125,21445.94921875,21286.69921875,21422.849609375,22552300
2025-02-04,21727.44921875,21727.44921875,21743.55078125,21474.44921875,21551.400390625,21541600
2025-02-05,21784.25,21784.25,21870.400390625,21763.69921875,21797.69921875,19686800
2025-02-06,21672.44921875,21672.44921875,21870.900390625,21620.150390625,21860.099609375,15731100
2025-02-07,21646.150390625,21646.150390625,21765.150390625,21521.75,21703.75,21144700
2025-02-10,21371.30078125,21371.30078125,21659.25,21301.849609375,21636.19921875,14732900
2025-02-11,20950.44921875,20950.44921875,21376.44921875,20860.599609375,21366.25,17841200
2025-02-12,20907.849609375,20907.849609375,21002.0,20545.75,20924.150390625,25437300
2025-02-13,20904.349609375,20904.349609375,21122.0,20866.5,20926.0,21300900
2025-02-14,20633.099609375,20633.099609375,20984.69921875,20476.650390625,20964.599609375,20478700
2025-02-17,20652.349609375,20652.349609375,20667.55078125,20339.0,20511.05078125,20032500
2025-02-18,20611.400390625,20611.400390625,20692.30078125,20466.75,20663.599609375,17246500
2025-02-19,20731.44921875,20731.44921875,20802.55078125,20459.19921875,20511.19921875,17911800
2025-02-20,20831.099609375,20831.099609375,20840.349609375,20630.19921875,20645.69921875,16457500
2025-02-21,20690.25,20690.25,20903.349609375,20616.599609375,20792.05078125,18388600
2025-02-24,20468.44921875,20468.44921875,20546.05078125,20429.30078125,20510.94921875,14421900
2025-02-25,20418.75,20418.75,20548.900390625,20388.75,20445.55078125,14456600
2025-02-27,20315.55078125,20315.55078125,20471.849609375,20278.650390625,20436.5,19186000
2025-02-28,19880.900390625,19880.900390625,20197.849609375,19816.0,20185.400390625,30278900
2025-03-03,19896.94921875,19896.94921875,19997.05078125,19658.30078125,19935.55078125,23646800
2025-03-04,19917.849609375,19917.849609375,19957.5,19681.650390625,19736.05078125,20948400
2025-03-05,20256.5,20256.5,20265.05078125,19901.599609375,19901.599609375,21587800
2025-03-06,20447.099609375,20447.099609375,20467.150390625,20262.75,20411.44921875,20745100
2025-03-07,20443.400390625,20443.400390625,20549.19921875,20377.599609375,20428.150390625,20185700
2025-03-10,20266.5,20266.5,20543.69921875,20230.650390625,20434.94921875,19956800
2025-03-11,20302.5,20302.5,20333.75,20073.400390625,20122.55078125,20069200
2025-03-12,20264.349609375,20264.349609375,20397.94921875,20108.69921875,20351.900390625,21523800
2025-03-13,20176.05078125,20176.05078125,20357.30078125,20157.5,20337.849609375,17909600
2025-03-17,20288.30078125,20288.30078125,20358.25,20166.5,20166.599609375,16660700
2025-03-18,20657.19921875,20657.19921875,20676.94921875,20370.19921875,20418.55078125,19459200
2025-03-19,20864.5,20864.5,20895.25,20664.0,20713.25,27508900
2025-03-20,21070.05078125,21070.05078125,21092.19921875,20873.55078125,20989.349609375,23160400
2025-03-21,21273.900390625,21273.900390625,21297.0,21031.44921875,21065.25,35583500
2025-03-24,21538.099609375,21538.099609375,21595.849609375,21346.80078125,21427.19921875,26092800
2025-03-25,21437.75,21437.75,21674.05078125,21385.80078125,21652.849609375,24379900
2025-03-26,21275.44921875,21275.44921875,21525.599609375,21255.69921875,21464.94921875,24408400
2025-03-27,21407.94921875,21407.94921875,21447.900390625,21195.69921875,21218.400390625,43467600
2025-03-28,21339.55078125,21339.55078125,21514.099609375,21277.900390625,21439.19921875,27734100
2025-04-01,21070.75,21070.75,21398.349609375,21042.44921875,21227.099609375,38874700
2025-04-02,21265.650390625,21265.650390625,21279.099609375,21007.150390625,21101.849609375,25689200
2025-04-03,21243.400390625,21243.400390625,21263.44921875,21096.75,21100.55078125,24356500
2025-04-04,20805.349609375,20805.349609375,21212.099609375,20736.80078125,21199.19921875,25372000
2025-04-07,20105.69921875,20105.69921875,20189.349609375,19519.849609375,19524.25,31899200
2025-04-08,20480.80078125,20480.80078125,20588.400390625,20227.150390625,20430.099609375,24101600
2025-04-09,20356.75,20356.75,20423.25,20252.349609375,20422.94921875,20686300
2025-04-11,20752.849609375,20752.849609375,20817.5,20629.0,20684.849609375,22159500
2025-04-15,21279.400390625,21279.400390625,21302.75,21067.599609375,21199.05078125,23092700
2025-04-16,21404.349609375,21404.349609375,21414.849609375,21246.400390625,21302.75,23069300
2025-04-17,21681.55078125,21681.55078125,21704.099609375,21296.349609375,21379.349609375,24530900
2025-04-21,22005.75,22005.75,22033.75,21732.44921875,21787.05078125,33200
2025-04-22,22085.150390625,22085.150390625,22157.94921875,21953.400390625,22072.0,28400500
2025-04-23,22237.599609375,22237.599609375,22263.849609375,21988.349609375,22238.599609375,26262000
2025-04-24,22180.650390625,22180.650390625,22270.150390625,22155.400390625,22217.650390625,24349800
2025-04-25,21848.150390625,21848.150390625,22271.849609375,21661.599609375,22220.30078125,40982400
2025-04-28,22101.849609375,22101.849609375,22125.44921875,21841.400390625,21843.44921875,20254000
2025-04-29,22112.400390625,22112.400390625,22255.900390625,22084.55078125,22160.75,21891800
2025-04-30,22030.05078125,22030.05078125,22175.0,21920.55078125,22119.19921875,21908500
2025-05-02,22006.0,22006.0,22238.900390625,21920.849609375,22009.94921875,21060500
2025-05-05,22195.150390625,22195.150390625,22209.94921875,22070.94921875,22086.25,18176200
2025-05-06,21956.599609375,21956.599609375,22244.5,21916.900390625,22235.599609375,23813700
2025-05-07,22072.44921875,22072.44921875,22084.69921875,21752.900390625,21756.80078125,23862400
2025-05-08,21843.05078125,21843.05078125,22145.19921875,21730.55078125,22109.349609375,24556600
2025-05-09,21675.55078125,21675.55078125,21716.05078125,21463.75,21463.75,28601400
2025-05-12,22511.400390625,22511.400390625,22525.0,22126.400390625,22149.400390625,29453500
2025-05-13,22349.400390625,22349.400390625,22575.69921875,22317.5,22491.5,25880300
2025-05-14,22499.5,22499.5,22544.900390625,22366.400390625,22402.650390625,25396000
2025-05-15,22788.80078125,22788.80078125,22814.099609375,22408.650390625,22547.05078125,28758400
2025-05-16,22870.900390625,22870.900390625,22885.349609375,22750.349609375,22825.55078125,32136800
2025-05-19,22865.80078125,22865.80078125,22965.05078125,22827.650390625,22896.25,38611100
2025-05-20,22585.599609375,22585.599609375,22958.599609375,22565.55078125,22942.650390625,28729600
2025-05-21,22730.650390625,22730.650390625,22811.94921875,22577.400390625,22632.400390625,24227900
2025-05-22,22595.0,22595.0,22675.349609375,22464.44921875,22674.0,24519900
2025-05-23,22781.05078125,22781.05078125,22813.25,22580.80078125,22628.75,25499400
2025-05-26,22908.30078125,22908.30078125,22970.69921875,22845.400390625,22852.69921875,24898200
2025-05-27,22816.5,22816.5,22963.099609375,22721.80078125,22895.05078125,24659100
2025-05-28,22779.400390625,22779.400390625,22871.19921875,22765.69921875,22843.25,32991400
2025-05-29,22861.349609375,22861.349609375,22899.150390625,22750.150390625,22859.44921875,26181000
2025-05-30,22801.94921875,22801.94921875,22912.30078125,22759.150390625,22868.25,52128200
2025-06-02,22834.5,22834.5,22863.349609375,22664.150390625,22758.599609375,38899400
2025-06-03,22711.30078125,22711.30078125,22946.150390625,22691.25,22906.19921875,45435500
2025-06-04,22807.849609375,22807.849609375,22823.94921875,22667.900390625,22742.19921875,31514700
2025-06-05,22934.5,22934.5,23026.30078125,22828.849609375,22879.19921875,25523800
2025-06-06,23165.099609375,23165.099609375,23180.349609375,22891.599609375,22962.0,29178900
2025-06-09,23330.55078125,23330.55078125,23335.349609375,23254.55078125,23308.650390625,31805600
2025-06-10,23339.94921875,23339.94921875,23423.80078125,23287.349609375,23422.30078125,30820100
2025-06-11,23337.849609375,23337.849609375,23423.599609375,23271.400390625,23376.599609375,35796300
2025-06-12,23046.44921875,23046.44921875,23370.30078125,23009.650390625,23363.5,25762100
2025-06-13,22906.19921875,22906.19921875,22932.25,22631.69921875,22631.69921875,25533300
2025-06-16,23095.05078125,23095.05078125,23106.69921875,22789.400390625,22914.849609375,23518500
2025-06-17,22981.5,22981.5,23128.5,22959.150390625,23126.80078125,29479900
2025-06-18,22925.19921875,22925.19921875,23066.849609375,22868.349609375,22937.75,19507700
2025-06-19,22763.5,22763.5,22973.150390625,22712.55078125,22921.599609375,23853000
2025-06-20,23041.099609375,23041.099609375,23064.69921875,22760.599609375,22760.650390625,32449300
2025-06-23,23001.5,23001.5,23063.349609375,22837.80078125,22880.349609375,20840000
2025-06-24,23113.19921875,23113.19921875,23307.94921875,23074.25,23212.30078125,31040600
2025-06-25,23296.849609375,23296.849609375,23303.650390625,23190.849609375,23216.150390625,30406900
2025-06-26,23517.55078125,23517.55078125,23529.650390625,23319.849609375,23341.19921875,29163000
2025-06-27,23620.150390625,23620.150390625,23644.349609375,23538.55078125,23566.69921875,34232800
2025-06-30,23617.19921875,23617.19921875,23677.55078125,23563.0,23672.349609375,24613500
2025-07-01,23615.44921875,23615.44921875,23669.94921875,23558.900390625,23659.75,25642800
2025-07-02,23547.25,23547.25,23669.30078125,23463.849609375,23653.05078125,26194600
2025-07-03,23521.849609375,23521.849609375,23647.099609375,23503.55078125,23591.80078125,23572100
2025-07-04,23562.44921875,23562.44921875,23570.900390625,23448.900390625,23553.44921875,18787000
2025-07-07,23551.19921875,23551.19921875,23595.30078125,23506.5,23561.599609375,24223800
2025-07-08,23572.55078125,23572.55078125,23600.349609375,23469.94921875,23540.599609375,29300500
2025-07-09,23557.44921875,23557.44921875,23613.900390625,23513.849609375,23576.44921875,23483000
2025-07-10,23471.400390625,23471.400390625,23605.5,23444.94921875,23595.849609375,20223100
2025-07-11,23282.69921875,23282.69921875,23462.349609375,23256.30078125,23408.80078125,22318700
2025-07-14,23309.05078125,23309.05078125,23329.19921875,23200.099609375,23290.150390625,39977700
2025-07-15,23449.150390625,23449.150390625,23469.44921875,23332.80078125,23334.55078125,27090700
2025-07-16,23472.5,23472.5,23502.900390625,23403.5,23458.900390625,28588900
2025-07-17,23419.69921875,23419.69921875,23514.69921875,23409.05078125,23507.650390625,21951000
2025-07-18,23275.150390625,23275.150390625,23449.44921875,23240.849609375,23430.0,19710600
2025-07-21,23378.44921875,23378.44921875,23394.5,23184.900390625,23296.75,17595400
2025-07-22,23320.900390625,23320.900390625,23456.0,23306.400390625,23449.75,20318100
2025-07-23,23428.400390625,23428.400390625,23435.55078125,23296.0,23382.400390625,19959600
2025-07-24,23301.099609375,23301.099609375,23449.400390625,23257.599609375,23447.349609375,19690700
2025-07-25,23014.80078125,23014.80078125,23255.25,22993.0,23255.25,21958300
2025-07-28,22846.94921875,22846.94921875,23094.849609375,22818.150390625,22967.400390625,20263600
2025-07-29,23007.349609375,23007.349609375,23024.150390625,22777.69921875,22793.0,17358000
2025-07-30,23033.55078125,23033.55078125,23070.349609375,22959.44921875,23064.25,16971600
2025-07-31,22914.94921875,22914.94921875,23071.25,22802.150390625,22804.19921875,22141000
2025-08-01,22673.650390625,22673.650390625,22917.849609375,22646.75,22901.599609375,22209200
2025-08-04,22860.400390625,22860.400390625,22871.599609375,22648.599609375,22699.69921875,18958000
2025-08-05,22798.5,22798.5,22878.099609375,22736.05078125,22869.5,17350900
2025-08-06,22666.849609375,22666.849609375,22818.19921875,22622.349609375,22807.55078125,15763400
2025-08-07,22694.099609375,22694.099609375,22726.900390625,22425.849609375,22563.400390625,20517000
2025-08-08,22443.150390625,22443.150390625,22690.349609375,22419.69921875,22680.900390625,17064600
2025-08-11,22633.44921875,22633.44921875,22650.099609375,22406.0,22447.55078125,15385700
2025-08-12,22568.599609375,22568.599609375,22730.25,22554.30078125,22633.650390625,15129600
2025-08-13,22698.099609375,22698.099609375,22733.80078125,22624.44921875,22655.150390625,20941400
2025-08-14,22680.25,22680.25,22754.150390625,22646.69921875,22713.650390625,20569500
2025-08-18,22931.5,22931.5,23040.849609375,22913.05078125,22958.30078125,23896800
2025-08-19,23066.599609375,23066.599609375,23077.099609375,22908.150390625,22959.5,23250400
2025-08-20,23143.150390625,23143.150390625,23171.150390625,23025.849609375,23067.69921875,29253300
2025-08-21,23137.150390625,23137.150390625,23230.94921875,23126.75,23221.75,23429200
2025-08-22,22991.30078125,22991.30078125,23144.55078125,22980.849609375,23133.849609375,32235300
2025-08-25,23052.0,23052.0,23106.900390625,23022.099609375,23069.30078125,27455000
2025-08-26,22768.650390625,22768.650390625,23013.05078125,22746.75,22994.849609375,44479200
2025-08-28,22541.650390625,22541.650390625,22762.25,22529.599609375,22762.25,29189400
2025-08-29,22462.94921875,22462.94921875,22624.69921875,22443.80078125,22524.150390625,28764200
2025-09-01,22713.55078125,22713.55078125,22720.55078125,22491.900390625,22491.900390625,27115300
2025-09-02,22724.400390625,22724.400390625,22858.19921875,22678.44921875,22758.19921875,27193100
2025-09-03,22864.650390625,22864.650390625,22877.349609375,22709.19921875,22764.0,30994300
2025-09-04,22819.650390625,22819.650390625,23116.900390625,22795.0,23116.900390625,30118100
2025-09-05,22829.150390625,22829.150390625,22916.0,22718.5,22891.75,34473200
2025-09-08,22878.650390625,22878.650390625,22974.849609375,22835.900390625,22892.80078125,22996300
2025-09-09,22949.099609375,22949.099609375,22964.05078125,22893.05078125,22949.55078125,20109300
2025-09-10,23074.150390625,23074.150390625,23121.75,23027.05078125,23056.80078125,23676100
2025-09-11,23102.650390625,23102.650390625,23128.55078125,23065.69921875,23073.44921875,21459700
2025-09-12,23190.25,23190.25,23210.400390625,23129.900390625,23171.55078125,25960500
2025-09-15,23215.849609375,23215.849609375,23249.19921875,23182.05078125,23213.150390625,33099500
2025-09-16,23369.30078125,23369.30078125,23386.650390625,23217.30078125,23240.25,23720000
2025-09-17,23445.19921875,23445.19921875,23464.400390625,23395.75,23419.099609375,22655400
2025-09-18,23518.900390625,23518.900390625,23538.900390625,23434.44921875,23534.150390625,21229100
2025-09-19,23486.650390625,23486.650390625,23541.30078125,23451.599609375,23530.599609375,49270900
2025-09-22,23381.44921875,23381.44921875,23523.55078125,23335.099609375,23434.75,26249700
2025-09-23,23325.25,23325.25,23434.30078125,23253.099609375,23408.19921875,29750900
2025-09-24,23178.25,23178.25,23317.19921875,23165.94921875,23293.400390625,22385600
2025-09-25,23022.400390625,23022.400390625,23235.55078125,23009.55078125,23169.44921875,23143600
2025-09-26,22713.150390625,22713.150390625,22994.150390625,22692.69921875,22965.900390625,30633900
2025-09-29,22739.099609375,22739.099609375,22865.099609375,22677.0,22783.900390625,27084600
2025-09-30,22734.099609375,22734.099609375,22829.19921875,22669.30078125,22793.650390625,21800300
2025-10-01,22928.30078125,22928.30078125,22943.19921875,22726.25,22745.94921875,23002400
2025-10-03,23027.69921875,23027.69921875,23037.5,22874.150390625,22905.099609375,24935400
2025-10-06,23169.650390625,23169.650390625,23177.25,23008.30078125,23055.150390625,26990400
2025-10-07,23209.5,23209.5,23275.099609375,23170.849609375,23191.349609375,29565400
2025-10-08,23109.349609375,23109.349609375,23265.19921875,23087.900390625,23197.94921875,25463900
2025-10-09,23241.75,23241.75,23251.650390625,23101.849609375,23144.30078125,21819900
2025-10-10,23337.55078125,23337.55078125,23374.25,23220.05078125,23247.44921875,28175300
2025-10-13,23294.80078125,23294.80078125,23315.650390625,23201.55078125,23245.05078125,26231000
2025-10-14,23184.05078125,23184.05078125,23374.0,23121.5,23349.75,23464300
2025-10-15,23377.349609375,23377.349609375,23400.94921875,23224.150390625,23227.55078125,23139300
2025-10-16,23563.80078125,23563.80078125,23592.849609375,23428.150390625,23443.30078125,22457600
2025-10-17,23598.05078125,23598.05078125,23679.05078125,23515.849609375,23547.0,24249000
2025-10-20,23716.099609375,23716.099609375,23766.55078125,23654.75,23699.349609375,23663900
2025-10-21,23759.19921875,23759.19921875,23818.349609375,23723.400390625,23791.900390625,5545000
2025-10-23,23755.900390625,23755.900390625,23926.099609375,23727.599609375,23899.75,33809000
2025-10-24,23686.599609375,23686.599609375,23802.75,23622.80078125,23796.19921875,23861200
2025-10-27,23840.900390625,23840.900390625,23856.30078125,23723.400390625,23742.69921875,47146700
2025-10-28,23812.55078125,23812.55078125,23907.55078125,23717.05078125,23844.75,33996800
2025-10-29,23952.400390625,23952.400390625,23971.55078125,23821.30078125,23851.55078125,30359000
2025-10-30,23841.30078125,23841.30078125,23949.75,23804.44921875,23933.650390625,47770900
2025-10-31,23710.400390625,23710.400390625,23913.44921875,23698.05078125,23847.599609375,32133500
2025-11-03,23810.69921875,23810.69921875,23840.099609375,23695.150390625,23711.94921875,3860300
2025-11-04,23675.44921875,23675.44921875,23829.69921875,23660.19921875,23811.30078125,31284700
2025-11-06,23513.150390625,23513.150390625,23713.400390625,23501.05078125,23683.349609375,26246000
2025-11-07,23521.5,23521.5,23570.099609375,23291.19921875,23441.05078125,28762600
2025-11-10,23596.900390625,23596.900390625,23658.849609375,23542.099609375,23545.349609375,20824200
2025-11-11,23682.650390625,23682.650390625,23693.80078125,23476.30078125,23634.650390625,36093900
2025-11-12,23836.900390625,23836.900390625,23874.849609375,23766.19921875,23796.94921875,27828600
2025-11-13,23816.0,23816.0,23935.099609375,23793.650390625,23867.650390625,30243400
2025-11-14,23836.349609375,23836.349609375,23858.30078125,23717.0,23751.25,39640500
2025-11-17,23954.55078125,23954.55078125,23964.75,23863.55078125,23889.55078125,26483000
2025-11-18,23824.650390625,23824.650390625,23973.05078125,23800.94921875,23970.44921875,21125900
2025-11-19,23906.30078125,23906.30078125,23924.30078125,23766.599609375,23832.55078125,25934900
2025-11-20,23975.44921875,23975.44921875,24032.099609375,23918.80078125,23984.400390625,29557000
2025-11-21,23790.25,23790.25,23938.30078125,23776.30078125,23917.5,22985900
2025-11-24,23674.55078125,23674.55078125,23835.19921875,23642.55078125,23827.25,29594500
2025-11-25,23655.05078125,23655.05078125,23745.5,23635.80078125,23700.55078125,20539800
2025-11-26,23955.19921875,23955.19921875,23965.349609375,23654.75,23654.75,18996600
2025-11-27,23947.75,23947.75,24026.25,23879.599609375,24011.900390625,19974200
2025-11-28,23933.19921875,23933.19921875,23979.69921875,23907.75,23968.80078125,19209800
2025-12-01,23922.44921875,23922.44921875,24035.0,23871.75,24034.94921875,21160800
2025-12-02,23822.25,23822.25,23925.849609375,23782.75,23870.599609375,27952000
2025-12-03,23716.30078125,23716.30078125,23845.80078125,23641.75,23813.44921875,28046000
2025-12-04,23741.099609375,23741.099609375,23820.44921875,23680.25,23718.099609375,26417400
2025-12-05,23835.25,23835.25,23848.44921875,23672.349609375,23720.69921875,23079200
2025-12-08,23526.19921875,23526.19921875,23833.150390625,23460.69921875,23821.75,24509100
2025-12-09,23516.25,23516.25,23556.349609375,23259.69921875,23447.05078125,26228000
2025-12-10,23408.80078125,23408.80078125,23628.30078125,23386.80078125,23540.150390625,19928500
2025-12-11,23550.849609375,23550.849609375,23562.150390625,23344.25,23421.900390625,24370000
2025-12-12,23726.19921875,23726.19921875,23737.69921875,23613.0,23620.349609375,26020800
2025-12-15,23725.19921875,23725.19921875,23735.69921875,23591.30078125,23654.0,24287600
2025-12-16,23570.150390625,23570.150390625,23687.349609375,23542.55078125,23676.80078125,20919100
2025-12-17,23496.05078125,23496.05078125,23635.05078125,23449.5,23597.599609375,20646900
2025-12-18,23491.5,23491.5,23553.25,23363.5,23469.80078125,23446500
2025-12-19,23677.55078125,23677.55078125,23688.349609375,23548.94921875,23562.650390625,31695900
2025-12-22,23867.650390625,23867.650390625,23878.650390625,23743.25,23760.94921875,25155300
2025-12-23,23895.150390625,23895.150390625,23929.25,23825.150390625,23906.099609375,26039700
2025-12-24,23850.25,23850.25,23956.80078125,23836.55078125,23903.099609375,19661100
2025-12-26,23780.25,23780.25,23885.349609375,23752.55078125,23841.94921875,22264400
2025-12-29,23682.099609375,23682.099609375,23826.75,23660.30078125,23804.400390625,24245800
2025-12-30,23668.80078125,23668.80078125,23704.19921875,23599.900390625,23675.30078125,33582300
2025-12-31,23871.55078125,23871.55078125,23921.44921875,23709.55078125,23710.44921875,52722700
2026-01-02,24099.0,24099.0,24107.69921875,23921.44921875,23935.94921875,37097600
2026-01-05,24058.44921875,24058.44921875,24144.19921875,23999.150390625,24123.099609375,31394300
2026-01-06,24010.5,24010.5,24089.75,23941.400390625,24042.900390625,26802900
2026-01-07,24016.599609375,24016.599609375,24050.55078125,23942.25,23995.849609375,22658700
2026-01-08,23680.099609375,23680.099609375,24010.44921875,23657.349609375,23996.19921875,27493200
2026-01-09,23467.349609375,23467.349609375,23741.75,23407.69921875,23646.75,44599100
2026-01-12,23510.44921875,23510.44921875,23533.44921875,23199.5,23459.400390625,31293100
2026-01-13,23480.650390625,23480.650390625,23627.05078125,23336.05078125,23603.44921875,27943100
2026-01-14,23475.849609375,23475.849609375,23558.69921875,23399.900390625,23422.099609375,27359900
2026-01-16,23485.30078125,23485.30078125,23652.69921875,23455.5,23502.849609375,29366800
2026-01-19,23373.75,23373.75,23443.349609375,23324.849609375,23443.30078125,27220400
2026-01-20,22946.650390625,22946.650390625,23368.150390625,22888.650390625,23365.650390625,30410100
2026-01-21,22835.150390625,22835.150390625,22981.80078125,22586.80078125,22864.5,35043900
2026-01-22,23008.75,23008.75,23144.55078125,22888.5,23013.44921875,24924100
2026-01-23,22706.19921875,22706.19921875,23073.349609375,22679.69921875,23072.30078125,24687600
2026-01-27,22819.25,22819.25,22886.94921875,22562.94921875,22752.69921875,29981800
2026-01-28,23082.099609375,23082.099609375,23101.75,22884.5,22899.599609375,29783700
2026-01-29,23134.80078125,23134.80078125,23158.599609375,22922.599609375,23107.5,34203300
2026-01-30,23079.5,23079.5,23110.19921875,22916.0,22994.30078125,41570300
2026-02-02,22837.0,22837.0,22869.69921875,22408.5,22595.44921875,27016400
2026-02-03,23446.30078125,23446.30078125,23912.349609375,23355.5,23870.19921875,38335700
2026-02-04,23534.94921875,23534.94921875,23562.69921875,23284.44921875,23414.099609375,28918200
2026-02-05,23411.69921875,23411.69921875,23509.94921875,23337.349609375,23509.75,25100
2026-02-06,23434.0,23434.0,23447.0,23211.400390625,23366.5,22813300
2026-02-09,23683.400390625,23683.400390625,23693.05078125,23535.400390625,23600.849609375,27270100
2026-02-10,23753.75,23753.75,23796.400390625,23691.5,23752.599609375,23665500
2026-02-11,23783.05078125,23783.05078125,23811.150390625,23707.150390625,23808.099609375,26368100
2026-02-12,23651.55078125,23651.55078125,23753.80078125,23589.05078125,23753.80078125,22693700
2026-02-13,23313.150390625,23313.150390625,23464.05078125,23285.0,23448.69921875,22274400
2026-02-16,23472.44921875,23472.44921875,23487.349609375,23190.19921875,23248.55078125,18203700
2026-02-17,23540.05078125,23540.05078125,23563.25,23394.80078125,23445.30078125,19871600
2026-02-18,23645.80078125,23645.80078125,23657.75,23490.349609375,23571.5,19114900
2026-02-19,23297.44921875,23297.44921875,23697.900390625,23235.349609375,23691.599609375,18237200
2026-02-20,23395.0,23395.0,23467.400390625,23221.150390625,23252.75,17831500
2026-02-23,23484.94921875,23484.94921875,23566.849609375,23394.25,23493.30078125,25462500
2026-02-24,23304.599609375,23304.599609375,23418.099609375,23168.05078125,23418.099609375,25350000
2026-02-25,23403.80078125,23403.80078125,23500.099609375,23325.900390625,23388.44921875,22679300
2026-02-26,23448.5,23448.5,23502.94921875,23340.75,23462.05078125,25536400
2026-02-27,23166.849609375,23166.849609375,23433.55078125,23136.75,23423.94921875,36885800
2026-03-02,22835.94921875,22835.94921875,22992.349609375,22539.650390625,22547.0,28882800
2026-03-04,22409.80078125,22409.80078125,22517.400390625,22283.150390625,22438.0,32291200
2026-03-05,22697.80078125,22697.80078125,22760.849609375,22468.19921875,22536.75,27067700
2026-03-06,22481.30078125,22481.30078125,22701.599609375,22456.44921875,22621.55078125,23202000
2026-03-09,22056.55078125,22056.55078125,22090.69921875,21743.150390625,21995.150390625,25569200
2026-03-10,22342.94921875,22342.94921875,22385.650390625,22141.849609375,22310.80078125,23891700
2026-03-11,22042.30078125,22042.30078125,22440.900390625,22009.30078125,22351.849609375,23611300
2026-03-12,21897.5,21897.5,22059.599609375,21703.900390625,21888.400390625,30265000
2026-03-13,21391.19921875,21391.19921875,21780.75,21351.099609375,21763.25,31139800
2026-03-16,21498.80078125,21498.80078125,21593.25,21110.0,21355.94921875,32174500
2026-03-17,21669.30078125,21669.30078125,21729.650390625,21446.150390625,21585.05078125,25153300
2026-03-18,21917.400390625,21917.400390625,21990.400390625,21713.400390625,21721.44921875,28957100
2026-03-19,21225.80078125,21225.80078125,21562.80078125,21156.19921875,21466.400390625,32926600
2026-03-20,21327.900390625,21327.900390625,21558.0,21294.849609375,21349.94921875,37005100
2026-03-23,20664.25,20664.25,21090.05078125,20611.80078125,21079.599609375,31363300
2026-03-24,21067.0,21067.0,21183.150390625,20743.900390625,21045.44921875,28289000
2026-03-25,21478.19921875,21478.19921875,21612.44921875,21236.05078125,21236.25,29251000
2026-03-27,21020.150390625,21020.150390625,21364.349609375,21007.150390625,21357.349609375,35750200
2026-03-30,20528.05078125,20528.05078125,20889.25,20490.44921875,20762.349609375,34842000
2026-04-01,20935.150390625,20935.150390625,21153.25,20867.400390625,21067.150390625,33012900
2026-04-02,20938.349609375,20938.349609375,20990.05078125,20385.650390625,20666.69921875,34322000
2026-04-06,21194.05078125,21194.05078125,21217.94921875,20789.44921875,20990.849609375,32241800
2026-04-07,21296.44921875,21296.44921875,21313.099609375,20959.349609375,21085.30078125,25888100
2026-04-08,22137.099609375,22137.099609375,22159.5,21952.400390625,21998.599609375,39922000
2026-04-09,22037.5,22037.5,22189.5,21943.19921875,22090.69921875,37071300
2026-04-10,22346.75,22346.75,22364.30078125,22133.150390625,22151.05078125,38754300
2026-04-13,22179.05078125,22179.05078125,22244.900390625,21816.349609375,21906.150390625,33694300
2026-04-15,22595.55078125,22595.55078125,22621.900390625,22496.75,22506.94921875,37059700
2026-04-16,22656.30078125,22656.30078125,22792.25,22529.650390625,22757.05078125,38280500
2026-04-17,22869.400390625,22869.400390625,22882.150390625,22605.150390625,22660.55078125,40384600
2026-04-20,22865.80078125,22865.80078125,22987.599609375,22717.55078125,22906.650390625,32840100
2026-04-21,23042.349609375,23042.349609375,23064.349609375,22893.599609375,22898.94921875,31497000
2026-04-22,22991.5,22991.5,23054.5,22923.55078125,22975.849609375,32724400
2026-04-23,22810.849609375,22810.849609375,22957.599609375,22788.599609375,22873.150390625,29661600
2026-04-24,22570.05078125,22570.05078125,22872.05078125,22472.5,22788.80078125,27321800
2026-04-27,22821.400390625,22821.400390625,22853.849609375,22640.849609375,22645.849609375,28500400
2026-04-28,22765.599609375,22765.599609375,22904.0,22733.900390625,22808.150390625,32052600
2026-04-29,22871.0,22871.0,23026.94921875,22825.150390625,22875.30078125,33747800
2026-04-30,22683.55078125,22683.55078125,22759.0,22498.0,22736.80078125,31107300
2026-05-04,22830.75,22830.75,22954.30078125,22709.75,22783.80078125,38703400
2026-05-05,22808.25,22808.25,22842.25,22672.80078125,22796.650390625,33371800
2026-05-06,23133.400390625,23133.400390625,23150.900390625,22849.94921875,22978.94921875,38546000
2026-05-07,23214.0,23214.0,23304.5,23142.44921875,23219.349609375,32662600
2026-05-08,23115.650390625,23115.650390625,23185.650390625,23080.30078125,23166.05078125,29600300
2026-05-11,22795.75,22795.75,22962.150390625,22777.44921875,22957.400390625,43426100
2026-05-12,22299.900390625,22299.900390625,22768.099609375,22270.94921875,22728.69921875,37543300
2026-05-13,22377.349609375,22377.349609375,22532.0,22208.5,22292.150390625,40634400
2026-05-14,22613.099609375,22613.099609375,22675.80078125,22338.650390625,22505.0,34058900
2026-05-15,22531.150390625,22531.150390625,22710.849609375,22502.599609375,22664.400390625,40428700
2026-05-18,22461.05078125,22461.05078125,22494.099609375,22150.5,22382.0,34307100
2026-05-19,22521.75,22521.75,22646.650390625,22485.44921875,22501.150390625,36129400
2026-05-20,22578.150390625,22578.150390625,22597.650390625,22316.44921875,22379.849609375,28717500
2026-05-21,22602.849609375,22602.849609375,22781.0,22557.0,22745.900390625,33852100
2026-05-22,22651.30078125,22651.30078125,22727.900390625,22604.80078125,22639.69921875,28726600
2026-05-25,22929.44921875,22929.44921875,22949.94921875,22849.099609375,22859.5,30168200
2026-05-26,22897.19921875,22897.19921875,23015.0,22858.19921875,22925.650390625,31807400
2026-05-27,22967.400390625,22967.400390625,22999.44921875,22886.44921875,22895.75,45794100
2026-05-29,22657.0,22657.0,23075.25,22598.44921875,23012.80078125,67184500
2026-06-01,22437.94921875,22437.94921875,22810.19921875,22414.80078125,22760.80078125,37130800
2026-06-02,22521.099609375,22521.099609375,22563.25,22253.0,22302.05078125,36094400
2026-06-03,22451.849609375,22451.849609375,22505.0,22202.599609375,22488.150390625,41039400
2026-06-04,22497.69921875,22497.69921875,22559.849609375,22328.349609375,22362.400390625,36481000
2026-06-05,22465.349609375,22465.349609375,22614.650390625,22379.05078125,22569.44921875,34527400
2026-06-08,22173.69921875,22173.69921875,22357.69921875,22119.30078125,22191.55078125,28846200
2026-06-09,22370.150390625,22370.150390625,22390.5,22233.44921875,22298.849609375,36288100
2026-06-10,22233.849609375,22233.849609375,22455.900390625,22200.349609375,22377.0,30804200
2026-06-11,22114.44921875,22114.44921875,22258.900390625,22063.75,22128.55078125,31438200
2026-06-12,22599.80078125,22599.80078125,22618.69921875,22295.150390625,22376.44921875,35312200
2026-06-15,22891.30078125,22891.30078125,23019.44921875,22859.650390625,22955.80078125,34302100
2026-06-16,22997.25,22997.25,23009.400390625,22902.349609375,22962.44921875,32580100
2026-06-17,23109.69921875,23109.69921875,23120.900390625,22990.94921875,23048.69921875,39479300
2026-06-18,23206.44921875,23206.44921875,23221.349609375,23090.349609375,23129.900390625,34469400
2026-06-19,23144.19921875,23144.19921875,23174.650390625,23023.349609375,23082.69921875,36475300
2026-06-22,23261.849609375,23261.849609375,23289.75,23213.849609375,23240.900390625,26271000
2026-06-23,23010.94921875,23010.94921875,23302.25,22976.94921875,23260.0,29724100
2026-06-24,23126.30078125,23126.30078125,23183.599609375,22941.05078125,22992.900390625,28409100
2026-06-25,23113.69921875,23113.69921875,23289.94921875,23093.900390625,23224.400390625,27570900
2026-06-29,23000.0,23000.0,23148.75,22943.849609375,23112.599609375,42080500
2026-06-30,22995.650390625,22995.650390625,23088.94921875,22932.05078125,23074.150390625,31935800
2026-07-01,23111.650390625,23111.650390625,23144.099609375,23032.94921875,23038.650390625,30769700
2026-07-02,23264.80078125,23264.80078125,23276.19921875,23170.75,23182.05078125,24569900
2026-07-03,23301.150390625,23301.150390625,23416.650390625,23284.30078125,23416.650390625,23620300
2026-07-06,23433.94921875,23433.94921875,23447.30078125,23319.650390625,23342.5,20527500
2026-07-07,23368.849609375,23368.849609375,23485.349609375,23332.900390625,23472.400390625,24296900
2026-07-08,22908.05078125,22908.05078125,23307.0,22822.80078125,23239.650390625,27164800
2026-07-09,23081.150390625,23081.150390625,23175.25,22956.400390625,22958.349609375,20333600
2026-07-10,23348.400390625,23348.400390625,23358.349609375,23234.44921875,23239.69921875,23139200
2026-07-13,23347.05078125,23347.05078125,23379.349609375,23135.30078125,23194.80078125,21670700
2026-07-14,23199.44921875,23199.44921875,23287.44921875,23167.849609375,23235.25,21421900
2026-07-15,23263.900390625,23263.900390625,23368.900390625,23203.94921875,23250.849609375,23420200
2026-07-16,23232.650390625,23232.650390625,23348.19921875,23212.900390625,23332.80078125,22983200
2026-07-17,23336.30078125,23336.30078125,23357.900390625,23235.05078125,23272.30078125,22198800
2026-07-20,23338.05078125,23338.05078125,23363.30078125,23219.44921875,23244.30078125,21762500
2026-07-21,23352.150390625,23352.150390625,23383.099609375,23286.150390625,23340.69921875,21329800
2026-07-22,23145.05078125,23145.05078125,23335.599609375,23118.05078125,23334.30078125,22855200
2026-07-23,22982.400390625,22982.400390625,23148.900390625,22937.75,23069.099609375,20693000
2026-07-24,22913.30078125,22913.30078125,22956.94921875,22713.5,22805.55078125,19268400
2026-07-27,23153.099609375,23153.099609375,23160.599609375,23061.349609375,23070.599609375,20456100
2026-07-28,23114.900390625,23114.900390625,23172.099609375,23087.099609375,23146.650390625,23466600
2026-07-29,23352.599609375,23352.599609375,23377.80078125,23233.400390625,23261.05078125,26344200
2026-07-30,23353.55078125,23353.55078125,23384.650390625,23274.150390625,23347.19921875,22539900
2026-07-31,23460.69921875,23460.69921875,23506.55078125,23375.55078125,23409.849609375,25708900
2026-08-03,23802.849609375,23802.849609375,23803.75,23578.55078125,23619.150390625,24262300
2026-08-04,23690.150390625,23690.150390625,23771.44921875,23573.599609375,23771.44921875,20581300
2026-08-05,23735.55078125,23735.55078125,23782.69921875,23643.30078125,23779.349609375,22699900
2026-08-06,23729.44921875,23729.44921875,23783.849609375,23708.55078125,23756.150390625,19628000
2026-08-07,23712.099609375,23712.099609375,23754.5,23657.099609375,23665.599609375,18415000
2026-08-10,23743.19921875,23743.19921875,23777.400390625,23667.400390625,23732.75,20329600
2026-08-11,23681.150390625,23681.150390625,23756.05078125,23638.55078125,23755.400390625,22201700
2026-08-12,23672.44921875,23672.44921875,23690.05078125,23526.19921875,23689.55078125,25692500
2026-08-13,23658.099609375,23658.099609375,23678.69921875,23585.599609375,23678.69921875,19969600
2026-08-14,23594.900390625,23594.900390625,23638.30078125,23564.30078125,23635.650390625,22878000
2026-08-17,23564.44921875,23564.44921875,23617.30078125,23488.44921875,23581.75,18372000
2026-08-18,23472.400390625,23472.400390625,23555.30078125,23470.900390625,23521.849609375,22760300
2026-08-19,23386.19921875,23386.19921875,23488.25,23348.30078125,23475.349609375,17992000
2026-08-20,23512.94921875,23512.94921875,23565.900390625,23491.599609375,23519.80078125,17210300
2026-08-21,23530.30078125,23530.30078125,23554.150390625,23477.0,23554.150390625,16957200
2026-08-24,23511.75,23511.75,23587.849609375,23454.099609375,23560.599609375,19575700
2026-08-25,23448.44921875,23448.44921875,23499.55078125,23423.349609375,23483.94921875,0
