Date,Adj Close,Close,High,Low,Open,Volume
2019-01-14,6256.64990234375,6256.64990234375,6274.2998046875,6233.9501953125,6272.39990234375,0
2019-01-15,6290.5,6290.5,6298.2998046875,6270.14990234375,6271.35009765625,0
2019-01-16,6280.0,6280.0,6325.14990234375,6270.64990234375,6294.5498046875,0
2019-01-17,6264.4501953125,6264.4501953125,6304.4501953125,6243.89990234375,6290.5498046875,0
2019-01-18,6233.0498046875,6233.0498046875,6280.35009765625,6227.2998046875,6279.85009765625,0
2019-01-21,6190.14990234375,6190.14990234375,6248.14990234375,6180.9501953125,6241.25,0
2019-01-22,6182.35009765625,6182.35009765625,6185.5498046875,6131.85009765625,6180.85009765625,0
2019-01-23,6168.0,6168.0,6209.9501953125,6162.2998046875,6188.10009765625,0
2019-01-24,6150.0498046875,6150.0498046875,6182.4501953125,6137.7998046875,6176.4501953125,0
2019-01-25,6068.60009765625,6068.60009765625,6181.10009765625,6054.64990234375,6165.4501953125,0
2019-01-28,5966.5,5966.5,6061.9501953125,5941.2001953125,6061.0498046875,0
2019-01-29,5979.25,5979.25,5998.10009765625,5932.14990234375,5949.9501953125,0
2019-01-30,6013.14990234375,6013.14990234375,6018.64990234375,5964.7998046875,5998.0,0
2019-01-31,6044.64990234375,6044.64990234375,6052.0498046875,5991.9501953125,6031.2001953125,0
2019-02-01,6076.0498046875,6076.0498046875,6121.5498046875,6028.89990234375,6068.39990234375,0
2019-02-04,6035.7998046875,6035.7998046875,6072.2998046875,5999.0,6072.2998046875,0
2019-02-05,5990.9501953125,5990.9501953125,6059.5,5971.60009765625,6035.64990234375,0
2019-02-06,5996.5498046875,5996.5498046875,6005.9501953125,5934.4501953125,5993.75,0
2019-02-07,6037.14990234375,6037.14990234375,6058.0,5995.75,5998.25,0
2019-02-08,5967.39990234375,5967.39990234375,6036.75,5960.89990234375,6021.7001953125,0
2019-02-11,5875.35009765625,5875.35009765625,5961.7001953125,5868.25,5961.10009765625,0
2019-02-12,5865.7001953125,5865.7001953125,5897.7001953125,5854.7998046875,5874.0498046875,0
2019-02-14,5872.7001953125,5872.7001953125,5877.89990234375,5814.5498046875,5843.2998046875,0
2019-02-15,5824.5498046875,5824.5498046875,5872.60009765625,5788.60009765625,5871.9501953125,0
2019-02-18,5762.9501953125,5762.9501953125,5830.9501953125,5755.35009765625,5824.10009765625,0
2019-02-19,5790.5,5790.5,5826.25,5766.14990234375,5767.25,0
2019-02-20,5841.25,5841.25,5847.60009765625,5802.85009765625,5813.5498046875,0
2019-02-21,5895.2001953125,5895.2001953125,5899.85009765625,5840.25,5858.2001953125,0
2019-02-22,5922.60009765625,5922.60009765625,5925.7998046875,5892.75,5895.89990234375,0
2019-02-25,5944.75,5944.75,5949.85009765625,5928.64990234375,5941.39990234375,0
2019-02-26,5939.2998046875,5939.2998046875,5953.4501953125,5823.7998046875,5888.4501953125,0
2019-02-27,5962.7998046875,5962.7998046875,6027.2001953125,5914.5,5970.35009765625,0
2019-02-28,5993.0,5993.0,6001.7001953125,5950.9501953125,5986.10009765625,0
2019-03-01,6068.85009765625,6068.85009765625,6071.14990234375,6013.14990234375,6014.85009765625,0
2019-03-05,6193.2001953125,6193.2001953125,6195.4501953125,6076.10009765625,6078.39990234375,0
2019-03-06,6219.89990234375,6219.89990234375,6257.7998046875,6206.0498046875,6225.9501953125,0
2019-03-07,6204.0,6204.0,6245.2998046875,6197.2998046875,6237.75,0
2019-03-08,6197.5498046875,6197.5498046875,6217.2001953125,6171.9501953125,6202.60009765625,0
2019-03-11,6317.7998046875,6317.7998046875,6320.64990234375,6217.5,6217.75,0
2019-03-12,6354.0,6354.0,6391.4501953125,6341.39990234375,6353.7998046875,0
2019-03-13,6324.2998046875,6324.2998046875,6369.35009765625,6317.25,6365.2001953125,0
2019-03-14,6324.60009765625,6324.60009765625,6356.39990234375,6304.39990234375,6344.10009765625,0
2019-03-15,6364.85009765625,6364.85009765625,6372.10009765625,6339.60009765625,6344.89990234375,0
2019-03-18,6343.75,6343.75,6397.14990234375,6329.14990234375,6386.35009765625,0
2019-03-19,6378.4501953125,6378.4501953125,6391.85009765625,6349.85009765625,6372.2001953125,0
2019-03-20,6353.5,6353.5,6389.85009765625,6343.64990234375,6388.75,0
2019-03-22,6327.0498046875,6327.0498046875,6383.2001953125,6320.2001953125,6359.0,0
2019-03-25,6276.5,6276.5,6296.7001953125,6252.25,6286.0498046875,0
2019-03-26,6336.89990234375,6336.89990234375,6341.25,6290.2001953125,6295.9501953125,0
2019-03-27,6371.85009765625,6371.85009765625,6394.10009765625,6351.4501953125,6360.9501953125,0
2019-03-28,6442.9501953125,6442.9501953125,6462.60009765625,6381.2001953125,6387.25,0
2019-04-01,6522.5498046875,6522.5498046875,6563.4501953125,6511.2998046875,6530.0498046875,0
2019-04-02,6525.2001953125,6525.2001953125,6546.64990234375,6497.39990234375,6541.7998046875,0
2019-04-03,6462.75,6462.75,6567.10009765625,6453.60009765625,6543.25,0
2019-04-04,6453.60009765625,6453.60009765625,6480.7998046875,6424.5,6472.35009765625,0
2019-04-05,6497.89990234375,6497.89990234375,6502.89990234375,6467.7001953125,6470.75,0
2019-04-08,6451.89990234375,6451.89990234375,6520.85009765625,6429.39990234375,6519.64990234375,0
2019-04-09,6457.5498046875,6457.5498046875,6462.25,6399.7001953125,6457.0,0
2019-04-10,6445.9501953125,6445.9501953125,6478.60009765625,6437.4501953125,6453.10009765625,0
2019-04-11,6448.64990234375,6448.64990234375,6462.7001953125,6419.4501953125,6449.85009765625,0
2019-04-12,6472.75,6472.75,6477.2001953125,6447.9501953125,6454.0498046875,0
2019-04-15,6505.2001953125,6505.2001953125,6514.60009765625,6485.2998046875,6493.4501953125,0
2019-04-16,6513.10009765625,6513.10009765625,6529.4501953125,6508.5,6520.25,0
2019-04-18,6458.25,6458.25,6530.0498046875,6441.2001953125,6526.25,0
2019-04-22,6360.35009765625,6360.35009765625,6443.7998046875,6353.2001953125,6443.75,0
2019-04-23,6367.2001953125,6367.2001953125,6394.39990234375,6341.9501953125,6367.0,0
2019-04-24,6384.2998046875,6384.2998046875,6392.39990234375,6351.35009765625,6382.7998046875,0
2019-04-25,6360.14990234375,6360.14990234375,6417.75,6354.2998046875,6395.64990234375,0
2019-04-26,6342.75,6342.75,6380.39990234375,6318.39990234375,6377.0498046875,0
2019-04-30,6292.39990234375,6292.39990234375,6341.64990234375,6243.7001953125,6340.39990234375,0
2019-05-02,6256.85009765625,6256.85009765625,6305.7998046875,6246.25,6279.39990234375,0
2019-05-03,6254.5,6254.5,6286.14990234375,6230.0498046875,6260.5498046875,0
2019-05-06,6209.4501953125,6209.4501953125,6237.75,6197.75,6217.4501953125,0
2019-05-07,6148.85009765625,6148.85009765625,6241.0,6142.0,6234.25,0
2019-05-08,6093.7001953125,6093.7001953125,6140.5,6082.25,6129.0,0
2019-05-09,6080.39990234375,6080.39990234375,6095.60009765625,6047.60009765625,6083.64990234375,0
2019-05-10,6102.5498046875,6102.5498046875,6117.85009765625,6079.60009765625,6086.35009765625,0
2019-05-13,5984.7998046875,5984.7998046875,6094.4501953125,5977.7001953125,6091.5498046875,0
2019-05-14,6007.9501953125,6007.9501953125,6021.25,5920.0,5972.14990234375,0
2019-05-15,5975.85009765625,5975.85009765625,6040.14990234375,5964.7998046875,6022.0498046875,0
2019-05-16,5991.5,5991.5,5999.10009765625,5947.2001953125,5984.2998046875,0
2019-05-17,6049.5498046875,6049.5498046875,6055.4501953125,5986.5,5994.85009765625,0
2019-05-20,6270.39990234375,6270.39990234375,6276.0498046875,6162.60009765625,6195.5,0
2019-05-21,6210.14990234375,6210.14990234375,6289.14990234375,6194.25,6286.2001953125,0
2019-05-22,6212.39990234375,6212.39990234375,6224.7998046875,6158.0498046875,6219.60009765625,0
2019-05-23,6205.39990234375,6205.39990234375,6345.25,6190.0,6295.39990234375,0
2019-05-24,6323.25,6323.25,6330.7001953125,6211.10009765625,6234.89990234375,0
2019-05-27,6425.60009765625,6425.60009765625,6427.4501953125,6332.64990234375,6343.35009765625,0
2019-05-28,6439.64990234375,6439.64990234375,6452.75,6414.2001953125,6445.89990234375,0
2019-05-29,6400.14990234375,6400.14990234375,6435.39990234375,6384.4501953125,6432.75,0
2019-05-30,6438.25,6438.25,6443.64990234375,6396.7998046875,6407.5498046875,0
2019-05-31,6442.2001953125,6442.2001953125,6482.60009765625,6402.60009765625,6455.85009765625,0
2019-06-03,6495.0498046875,6495.0498046875,6500.2998046875,6419.10009765625,6446.64990234375,0
2019-06-04,6488.7998046875,6488.7998046875,6535.7001953125,6480.5,6487.14990234375,0
2019-06-06,6393.0,6393.0,6487.5,6385.14990234375,6487.5,0
2019-06-07,6383.9501953125,6383.9501953125,6420.5,6331.7001953125,6394.5,0
2019-06-10,6391.60009765625,6391.60009765625,6431.0,6360.35009765625,6410.5,0
2019-06-11,6429.2998046875,6429.2998046875,6434.7001953125,6368.2001953125,6403.7998046875,0
2019-06-12,6376.5498046875,6376.5498046875,6427.0498046875,6372.75,6424.64990234375,0
2019-06-13,6358.7998046875,6358.7998046875,6372.35009765625,6302.64990234375,6363.0498046875,0
2019-06-14,6306.35009765625,6306.35009765625,6363.5498046875,6290.7001953125,6353.0498046875,0
2019-06-17,6231.10009765625,6231.10009765625,6310.14990234375,6225.7001953125,6309.0498046875,0
2019-06-18,6223.5,6223.5,6264.10009765625,6203.7001953125,6233.64990234375,0
2019-06-19,6166.85009765625,6166.85009765625,6270.4501953125,6142.14990234375,6246.60009765625,0
2019-06-20,6250.5498046875,6250.5498046875,6259.7998046875,6128.2001953125,6165.85009765625,0
2019-06-21,6252.64990234375,6252.64990234375,6261.7998046875,6211.5498046875,6250.2998046875,0
2019-06-24,6236.25,6236.25,6260.0,6226.64990234375,6254.85009765625,0
2019-06-25,6275.9501953125,6275.9501953125,6279.5498046875,6218.7001953125,6228.9501953125,0
2019-06-26,6323.85009765625,6323.85009765625,6329.64990234375,6261.10009765625,6266.10009765625,0
2019-06-27,6355.2998046875,6355.2998046875,6363.60009765625,6329.64990234375,6333.14990234375,0
2019-06-28,6346.5498046875,6346.5498046875,6363.10009765625,6328.9501953125,6361.0498046875,0
2019-07-01,6360.0498046875,6360.0498046875,6378.39990234375,6347.7001953125,6364.35009765625,0
2019-07-02,6378.89990234375,6378.89990234375,6383.25,6334.0,6378.2001953125,0
2019-07-03,6388.4501953125,6388.4501953125,6397.39990234375,6371.25,6387.5498046875,0
2019-07-04,6379.35009765625,6379.35009765625,6411.60009765625,6373.9501953125,6398.14990234375,0
2019-07-05,6283.4501953125,6283.4501953125,6394.85009765625,6270.89990234375,6394.0,0
2019-07-08,6130.4501953125,6130.4501953125,6258.9501953125,6108.5498046875,6252.9501953125,0
2019-07-09,6148.7001953125,6148.7001953125,6155.7001953125,6088.75,6116.14990234375,0
2019-07-10,6095.25,6095.25,6177.35009765625,6088.7001953125,6155.0498046875,0
2019-07-11,6138.2998046875,6138.2998046875,6142.85009765625,6097.64990234375,6118.64990234375,0
2019-07-12,6161.7998046875,6161.7998046875,6187.9501953125,6138.75,6145.39990234375,0
2019-07-15,6118.2998046875,6118.2998046875,6176.7998046875,6097.85009765625,6173.2001953125,0
2019-07-16,6158.14990234375,6158.14990234375,6160.0498046875,6108.64990234375,6121.10009765625,0
2019-07-17,6142.7998046875,6142.7998046875,6176.25,6127.75,6162.2001953125,0
2019-07-18,6054.7998046875,6054.7998046875,6138.10009765625,6048.10009765625,6136.35009765625,0
2019-07-19,5942.9501953125,5942.9501953125,6085.75,5930.85009765625,6075.75,0
2019-07-22,5904.89990234375,5904.89990234375,5931.10009765625,5854.75,5927.75,0
2019-07-23,5883.89990234375,5883.89990234375,5922.35009765625,5862.7001953125,5911.5498046875,0
2019-07-24,5803.5,5803.5,5899.7998046875,5794.4501953125,5883.85009765625,0
2019-07-25,5830.5,5830.5,5844.9501953125,5803.0,5803.89990234375,0
2019-07-26,5857.89990234375,5857.89990234375,5866.25,5807.10009765625,5828.85009765625,0
2019-07-29,5807.7998046875,5807.7998046875,5866.2998046875,5796.2998046875,5859.64990234375,0
2019-07-30,5713.14990234375,5713.14990234375,5840.0,5704.85009765625,5812.9501953125,0
2019-07-31,5772.89990234375,5772.89990234375,5778.85009765625,5645.64990234375,5686.85009765625,0
2019-08-01,5720.85009765625,5720.85009765625,5786.60009765625,5678.85009765625,5755.7998046875,0
2019-08-02,5713.2001953125,5713.2001953125,5750.7001953125,5634.75,5683.7001953125,0
2019-08-05,5634.0498046875,5634.0498046875,5672.60009765625,5578.39990234375,5672.60009765625,0
2019-08-06,5733.2998046875,5733.2998046875,5741.0,5608.10009765625,5608.25,0
2019-08-07,5707.35009765625,5707.35009765625,5782.0,5697.60009765625,5741.2001953125,0
2019-08-08,5742.9501953125,5742.9501953125,5753.0,5681.60009765625,5719.7998046875,0
2019-08-09,5798.2001953125,5798.2001953125,5829.39990234375,5768.14990234375,5768.60009765625,0
2019-08-13,5692.85009765625,5692.85009765625,5809.0498046875,5685.14990234375,5807.85009765625,0
2019-08-14,5740.60009765625,5740.60009765625,5747.9501953125,5683.7001953125,5719.35009765625,0
2019-08-16,5757.2001953125,5757.2001953125,5762.4501953125,5682.64990234375,5720.39990234375,0
2019-08-19,5774.5,5774.5,5798.5498046875,5760.2998046875,5771.7998046875,0
2019-08-20,5732.7998046875,5732.7998046875,5779.10009765625,5708.14990234375,5778.0498046875,0
2019-08-21,5655.10009765625,5655.10009765625,5731.4501953125,5643.39990234375,5729.35009765625,0
2019-08-22,5558.9501953125,5558.9501953125,5644.35009765625,5547.7001953125,5642.35009765625,0
2019-08-23,5607.89990234375,5607.89990234375,5619.2998046875,5492.9501953125,5540.7001953125,0
2019-08-26,5682.9501953125,5682.9501953125,5705.89990234375,5574.5,5699.35009765625,0
2019-08-27,5731.64990234375,5731.64990234375,5747.25,5699.0498046875,5707.35009765625,0
2019-08-28,5682.7001953125,5682.7001953125,5760.75,5665.7001953125,5739.64990234375,0
2019-08-29,5659.7998046875,5659.7998046875,5683.5498046875,5621.0498046875,5678.2998046875,0
2019-08-30,5712.7001953125,5712.7001953125,5719.25,5648.89990234375,5676.10009765625,0
2019-09-03,5626.85009765625,5626.85009765625,5694.60009765625,5618.0498046875,5683.10009765625,0
2019-09-04,5646.5,5646.5,5651.14990234375,5589.39990234375,5626.85009765625,0
2019-09-05,5659.9501953125,5659.9501953125,5680.0498046875,5649.39990234375,5656.9501953125,0
2019-09-06,5696.7001953125,5696.7001953125,5703.25,5660.10009765625,5673.2001953125,0
2019-09-09,5758.0,5758.0,5761.35009765625,5686.60009765625,5702.4501953125,0
2019-09-11,5803.4501953125,5803.4501953125,5809.9501953125,5765.9501953125,5766.0,0
2019-09-12,5787.5,5787.5,5838.14990234375,5782.85009765625,5821.5498046875,0
2019-09-13,5817.60009765625,5817.60009765625,5821.0498046875,5753.85009765625,5805.39990234375,0
2019-09-16,5812.39990234375,5812.39990234375,5839.10009765625,5789.2001953125,5802.0,0
2019-09-17,5707.39990234375,5707.39990234375,5836.89990234375,5696.64990234375,5820.7998046875,0
2019-09-18,5726.75,5726.75,5752.5,5691.7001953125,5730.9501953125,0
2019-09-19,5641.14990234375,5641.14990234375,5738.10009765625,5626.5,5737.10009765625,0
2019-09-20,5959.14990234375,5959.14990234375,5965.89990234375,5612.60009765625,5658.9501953125,0
2019-09-23,6121.5498046875,6121.5498046875,6159.7998046875,6036.0498046875,6038.0,0
2019-09-24,6090.7001953125,6090.7001953125,6157.2001953125,6065.7001953125,6141.2998046875,0
2019-09-25,5993.9501953125,5993.9501953125,6084.75,5981.25,6083.2998046875,0
2019-09-26,6041.64990234375,6041.64990234375,6053.39990234375,5999.4501953125,6001.7998046875,0
2019-09-27,5989.75,5989.75,6052.25,5979.7998046875,6043.7998046875,0
2019-09-30,5912.2001953125,5912.2001953125,5996.0,5869.75,5995.2001953125,0
2019-10-01,5815.5498046875,5815.5498046875,5938.9501953125,5744.35009765625,5922.25,0
2019-10-03,5810.64990234375,5810.64990234375,5841.89990234375,5768.60009765625,5799.39990234375,0
2019-10-04,5764.14990234375,5764.14990234375,5848.0,5753.2001953125,5835.14990234375,0
2019-10-07,5748.2001953125,5748.2001953125,5773.60009765625,5710.39990234375,5768.4501953125,0
2019-10-09,5813.64990234375,5813.64990234375,5815.9501953125,5723.0,5755.2001953125,0
2019-10-10,5758.7998046875,5758.7998046875,5816.60009765625,5753.5,5804.64990234375,0
2019-10-11,5771.10009765625,5771.10009765625,5805.7998046875,5734.35009765625,5772.7998046875,0
2019-10-14,5786.7001953125,5786.7001953125,5821.64990234375,5777.35009765625,5791.14990234375,0
2019-10-15,5803.5498046875,5803.5498046875,5814.75,5774.7001953125,5796.35009765625,0
2019-10-16,5793.2998046875,5793.2998046875,5834.2001953125,5783.39990234375,5818.2998046875,0
2019-10-17,5888.7001953125,5888.7001953125,5894.4501953125,5790.35009765625,5800.2998046875,0
2019-10-18,5991.9501953125,5991.9501953125,6001.0498046875,5889.5,5896.39990234375,0
2019-10-22,5999.0,5999.0,6033.75,5986.7001953125,5994.0,0
2019-10-23,6006.5498046875,6006.5498046875,6034.0,5975.4501953125,6007.0498046875,0
2019-10-24,5994.14990234375,5994.14990234375,6039.2001953125,5972.60009765625,6026.35009765625,0
2019-10-25,5985.39990234375,5985.39990234375,6014.39990234375,5966.14990234375,6007.7001953125,0
2019-10-29,6093.5,6093.5,6113.14990234375,6028.7001953125,6043.0,0
2019-10-30,6122.35009765625,6122.35009765625,6134.2998046875,6097.25,6121.2001953125,0
2019-10-31,6201.64990234375,6201.64990234375,6212.7001953125,6146.64990234375,6147.60009765625,0
2019-11-01,6222.5,6222.5,6252.5498046875,6211.35009765625,6215.39990234375,0
2019-11-04,6216.2998046875,6216.2998046875,6274.0,6211.2998046875,6250.14990234375,0
2019-11-05,6158.4501953125,6158.4501953125,6237.39990234375,6148.25,6234.4501953125,0
2019-11-06,6150.60009765625,6150.60009765625,6175.60009765625,6136.7998046875,6165.64990234375,0
2019-11-07,6191.5,6191.5,6197.4501953125,6167.5,6189.75,0
2019-11-08,6153.5,6153.5,6216.35009765625,6147.7998046875,6197.35009765625,0
2019-11-11,6186.4501953125,6186.4501953125,6191.75,6149.7001953125,6154.75,0
2019-11-13,6137.7998046875,6137.7998046875,6206.25,6127.0,6194.75,0
2019-11-14,6153.0,6153.0,6162.25,6109.35009765625,6146.9501953125,0
2019-11-15,6169.7998046875,6169.7998046875,6196.85009765625,6151.89990234375,6171.7001953125,0
2019-11-18,6210.7998046875,6210.7998046875,6216.25,6171.75,6184.64990234375,0
2019-11-19,6227.60009765625,6227.60009765625,6232.64990234375,6205.14990234375,6223.39990234375,0
2019-11-20,6238.0,6238.0,6256.10009765625,6224.2998046875,6245.89990234375,0
2019-11-21,6193.0,6193.0,6252.89990234375,6189.39990234375,6246.5,0
2019-11-22,6196.5,6196.5,6200.39990234375,6155.7998046875,6198.2998046875,0
2019-11-25,6256.85009765625,6256.85009765625,6260.60009765625,6202.9501953125,6206.7001953125,0
2019-11-26,6210.39990234375,6210.39990234375,6292.5,6203.14990234375,6278.60009765625,0
2019-11-27,6255.2998046875,6255.2998046875,6261.25,6215.9501953125,6224.5498046875,0
2019-11-28,6307.5498046875,6307.5498046875,6311.2001953125,6258.10009765625,6266.25,0
2019-11-29,6321.64990234375,6321.64990234375,6351.75,6291.2001953125,6314.7998046875,0
2019-12-02,6288.2001953125,6288.2001953125,6331.5498046875,6268.2001953125,6328.5,0
2019-12-03,6230.5498046875,6230.5498046875,6305.14990234375,6217.2001953125,6297.9501953125,0
2019-12-04,6267.7001953125,6267.7001953125,6271.2001953125,6203.5,6218.2998046875,0
2019-12-05,6253.9501953125,6253.9501953125,6281.39990234375,6243.89990234375,6280.39990234375,0
2019-12-06,6174.39990234375,6174.39990234375,6269.14990234375,6154.2998046875,6269.14990234375,0
2019-12-09,6176.25,6176.25,6224.10009765625,6148.0,6181.0,0
2019-12-10,6108.14990234375,6108.14990234375,6185.89990234375,6095.60009765625,6176.75,0
2019-12-11,6142.75,6142.75,6147.4501953125,6106.2998046875,6116.0,0
2019-12-12,6186.5,6186.5,6199.39990234375,6157.64990234375,6161.5,0
2019-12-13,6243.0,6243.0,6248.7001953125,6204.35009765625,6205.14990234375,0
2019-12-16,6215.7998046875,6215.7998046875,6267.39990234375,6207.75,6260.60009765625,0
2019-12-17,6247.14990234375,6247.14990234375,6250.2998046875,6216.0,6230.4501953125,0
2019-12-18,6231.0,6231.0,6260.85009765625,6209.75,6257.0,0
2019-12-19,6240.0,6240.0,6246.7001953125,6216.25,6229.5,0
2019-12-20,6239.14990234375,6239.14990234375,6261.7001953125,6232.64990234375,6245.14990234375,0
2019-12-23,6228.10009765625,6228.10009765625,6262.5,6215.0498046875,6237.2998046875,0
2019-12-24,6221.10009765625,6221.10009765625,6244.2998046875,6216.14990234375,6236.25,0
2019-12-26,6229.7998046875,6229.7998046875,6236.4501953125,6222.2001953125,6230.5,0
2019-12-27,6285.9501953125,6285.9501953125,6291.39990234375,6246.2998046875,6247.0498046875,0
2019-12-30,6311.7998046875,6311.7998046875,6316.4501953125,6289.5498046875,6297.0,0
2019-12-31,6321.60009765625,6321.60009765625,6334.2001953125,6309.0498046875,6312.5498046875,0
2020-01-01,6343.9501953125,6343.9501953125,6353.2001953125,6321.14990234375,6335.7001953125,0
2020-01-02,6422.85009765625,6422.85009765625,6425.2998046875,6350.60009765625,6354.7001953125,0
2020-01-03,6394.5,6394.5,6430.64990234375,6377.2001953125,6420.0,0
2020-01-06,6258.7998046875,6258.7998046875,6373.0,6251.0,6370.5,0
2020-01-07,6303.85009765625,6303.85009765625,6349.64990234375,6274.5,6296.4501953125,0
2020-01-08,6315.39990234375,6315.39990234375,6319.7001953125,6229.75,6248.4501953125,0
2020-01-09,6403.5498046875,6403.5498046875,6413.10009765625,6369.39990234375,6370.75,0
2020-01-10,6422.9501953125,6422.9501953125,6461.7001953125,6413.60009765625,6422.4501953125,0
2020-01-13,6465.75,6465.75,6473.89990234375,6449.0,6450.0498046875,0
2020-01-14,6511.10009765625,6511.10009765625,6515.64990234375,6472.75,6481.0,0
2020-01-15,6571.14990234375,6571.14990234375,6577.2001953125,6505.85009765625,6514.5,0
2020-01-16,6625.75,6625.75,6629.9501953125,6591.2001953125,6592.64990234375,0
2020-01-17,6655.7998046875,6655.7998046875,6666.0498046875,6618.0,6629.7001953125,0
2020-01-20,6626.64990234375,6626.64990234375,6680.0498046875,6621.39990234375,6678.39990234375,0
2020-01-21,6619.4501953125,6619.4501953125,6640.0498046875,6598.7998046875,6607.14990234375,0
2020-01-22,6606.0498046875,6606.0498046875,6654.39990234375,6601.4501953125,6654.14990234375,0
2020-01-23,6689.7001953125,6689.7001953125,6701.0,6614.75,6616.64990234375,0
2020-01-24,6742.4501953125,6742.4501953125,6753.35009765625,6681.75,6695.4501953125,0
2020-01-27,6732.2998046875,6732.2998046875,6794.10009765625,6716.64990234375,6726.2998046875,0
2020-01-28,6721.14990234375,6721.14990234375,6763.2998046875,6703.25,6741.5498046875,0
2020-01-29,6739.4501953125,6739.4501953125,6782.85009765625,6726.75,6759.39990234375,0
2020-01-30,6691.14990234375,6691.14990234375,6757.35009765625,6675.2998046875,6756.64990234375,0
2020-01-31,6661.75,6661.75,6719.7998046875,6645.60009765625,6714.25,0
2020-02-03,6559.64990234375,6559.64990234375,6588.2001953125,6464.4501953125,6485.9501953125,0
2020-02-04,6630.75,6630.75,6642.39990234375,6585.10009765625,6586.60009765625,0
2020-02-05,6702.25,6702.25,6726.35009765625,6653.2998046875,6659.64990234375,0
2020-02-06,6740.10009765625,6740.10009765625,6757.5,6698.60009765625,6728.4501953125,0
2020-02-07,6792.2001953125,6792.2001953125,6798.7001953125,6742.5498046875,6760.9501953125,0
2020-02-10,6746.25,6746.25,6808.2001953125,6733.89990234375,6808.2001953125,0
2020-02-11,6751.2001953125,6751.2001953125,6795.0,6740.7001953125,6774.10009765625,0
2020-02-12,6740.10009765625,6740.10009765625,6777.60009765625,6728.85009765625,6769.2001953125,0
2020-02-13,6732.2998046875,6732.2998046875,6749.89990234375,6705.85009765625,6748.4501953125,0
2020-02-14,6690.35009765625,6690.35009765625,6765.60009765625,6680.14990234375,6750.35009765625,0
2020-02-17,6630.64990234375,6630.64990234375,6706.14990234375,6627.5,6703.5498046875,0
2020-02-18,6592.60009765625,6592.60009765625,6623.25,6529.60009765625,6622.14990234375,0
2020-02-19,6687.64990234375,6687.64990234375,6691.5498046875,6630.25,6632.35009765625,0
2020-02-20,6738.10009765625,6738.10009765625,6765.2001953125,6688.35009765625,6698.64990234375,0
2020-02-24,6620.5498046875,6620.5498046875,6713.85009765625,6614.0,6713.85009765625,0
2020-02-25,6591.25,6591.25,6672.7001953125,6580.7001953125,6634.7001953125,0
2020-02-26,6515.5,6515.5,6580.2001953125,6500.2998046875,6569.9501953125,0
2020-02-27,6469.2998046875,6469.2998046875,6519.5,6414.39990234375,6519.2001953125,0
2020-02-28,6276.0,6276.0,6333.7998046875,6219.5498046875,6329.2998046875,0
2020-03-02,6234.4501953125,6234.4501953125,6416.89990234375,6200.60009765625,6351.5498046875,0
2020-03-03,6342.0498046875,6342.0498046875,6360.75,6251.5498046875,6286.35009765625,0
2020-03-04,6244.9501953125,6244.9501953125,6370.5498046875,6156.89990234375,6355.64990234375,0
2020-03-05,6260.14990234375,6260.14990234375,6303.4501953125,6212.2998046875,6278.0,0
2020-03-06,6135.4501953125,6135.4501953125,6143.39990234375,5987.35009765625,6049.10009765625,0
2020-03-09,5878.60009765625,5878.60009765625,6019.0498046875,5801.4501953125,6002.60009765625,0
2020-03-11,5835.14990234375,5835.14990234375,5953.25,5811.4501953125,5863.2998046875,0
2020-03-12,5378.4501953125,5378.4501953125,5613.75,5323.14990234375,5597.7998046875,0
2020-03-13,5501.75,5501.75,5529.14990234375,4795.25,4907.4501953125,0
2020-03-16,5179.4501953125,5179.4501953125,5345.14990234375,5165.75,5305.5,0
2020-03-17,5053.75,5053.75,5236.7998046875,5044.0498046875,5183.14990234375,0
2020-03-18,4782.14990234375,4782.14990234375,5132.14990234375,4735.7998046875,5101.85009765625,0
2020-03-19,4590.2001953125,4590.2001953125,4689.5498046875,4418.7001953125,4553.5498046875,0
2020-03-20,4790.2998046875,4790.2998046875,4826.39990234375,4562.5498046875,4618.5,0
2020-03-23,4165.89990234375,4165.89990234375,4504.0498046875,4158.60009765625,4381.10009765625,0
2020-03-24,4208.89990234375,4208.89990234375,4319.14990234375,4088.050048828125,4282.5498046875,0
2020-03-25,4347.0498046875,4347.0498046875,4355.2998046875,4136.64990234375,4136.64990234375,0
2020-03-26,4506.7998046875,4506.7998046875,4574.2001953125,4340.2001953125,4390.5498046875,0
2020-03-27,4489.0498046875,4489.0498046875,4693.2001953125,4431.14990234375,4646.7998046875,0
2020-03-30,4383.25,4383.25,4439.85009765625,4337.14990234375,4407.7001953125,0
2020-03-31,4493.25,4493.25,4507.35009765625,4398.10009765625,4472.39990234375,0
2020-04-01,4411.64990234375,4411.64990234375,4510.2998046875,4380.7998046875,4504.89990234375,0
2020-04-03,4352.35009765625,4352.35009765625,4439.75,4339.85009765625,4435.60009765625,0
2020-04-07,4561.85009765625,4561.85009765625,4567.0498046875,4440.64990234375,4498.2001953125,0
2020-04-08,4637.10009765625,4637.10009765625,4762.39990234375,4528.7998046875,4557.60009765625,0
2020-04-09,4786.25,4786.25,4796.39990234375,4721.85009765625,4726.7998046875,0
2020-04-13,4733.0498046875,4733.0498046875,4823.35009765625,4676.2001953125,4823.35009765625,0
2020-04-15,4795.60009765625,4795.60009765625,4893.4501953125,4758.89990234375,4796.2998046875,0
2020-04-16,4869.89990234375,4869.89990234375,4886.7001953125,4761.9501953125,4786.0498046875,0
2020-04-17,4978.14990234375,4978.14990234375,5036.35009765625,4935.39990234375,5002.5,0
2020-04-20,5001.85009765625,5001.85009765625,5067.14990234375,4978.35009765625,5034.5498046875,0
2020-04-21,4856.7998046875,4856.7998046875,4926.5,4836.9501953125,4926.5,0
2020-04-22,4890.5498046875,4890.5498046875,4898.39990234375,4796.0,4854.0498046875,0
2020-04-23,4945.5498046875,4945.5498046875,5009.0498046875,4922.2998046875,4924.14990234375,0
2020-04-24,4859.25,4859.25,4934.2998046875,4853.85009765625,4904.75,0
2020-04-27,4941.0,4941.0,4947.9501953125,4904.64990234375,4913.0498046875,0
2020-04-28,4996.89990234375,4996.89990234375,5008.14990234375,4934.25,4990.7998046875,0
2020-04-29,5058.2998046875,5058.2998046875,5068.2998046875,5015.2998046875,5026.35009765625,0
2020-04-30,5149.60009765625,5149.60009765625,5188.2998046875,5127.0498046875,5132.64990234375,0
2020-05-04,4950.2998046875,4950.2998046875,5017.2998046875,4928.2998046875,5015.0498046875,0
2020-05-05,4918.0498046875,4918.0498046875,5042.5,4912.14990234375,5016.75,0
2020-05-06,4943.64990234375,4943.64990234375,4974.35009765625,4874.9501953125,4943.7001953125,0
2020-05-07,4919.85009765625,4919.85009765625,4985.9501953125,4914.7998046875,4934.5,0
2020-05-08,4902.25,4902.25,4989.14990234375,4895.4501953125,4978.75,0
2020-05-11,4921.85009765625,4921.85009765625,4966.14990234375,4913.35009765625,4942.7998046875,0
2020-05-12,4889.60009765625,4889.60009765625,4910.35009765625,4827.10009765625,4908.7998046875,0
2020-05-13,4983.10009765625,4983.10009765625,5058.5498046875,4937.0498046875,5058.5498046875,0
2020-05-14,4960.85009765625,4960.85009765625,5006.5498046875,4941.5,4960.10009765625,0
2020-05-15,4948.0498046875,4948.0498046875,4989.60009765625,4933.14990234375,4987.64990234375,0
2020-05-18,4753.85009765625,4753.85009765625,4967.4501953125,4747.75,4967.0,0
2020-05-19,4766.7001953125,4766.7001953125,4828.89990234375,4755.75,4811.2001953125,0
2020-05-20,4834.14990234375,4834.14990234375,4844.35009765625,4766.75,4774.60009765625,0
2020-05-21,4873.89990234375,4873.89990234375,4915.7001953125,4854.0,4860.2001953125,0
2020-05-22,4849.0,4849.0,4904.7998046875,4811.75,4868.2001953125,0
2020-05-26,4903.7998046875,4903.7998046875,4909.4501953125,4863.25,4882.0498046875,0
2020-05-27,4920.5,4920.5,4928.10009765625,4866.89990234375,4927.0,0
2020-05-28,4991.0,4991.0,4997.5498046875,4940.9501953125,4946.2001953125,0
2020-05-29,5053.7001953125,5053.7001953125,5071.35009765625,4965.10009765625,4976.0498046875,0
2020-06-01,5199.89990234375,5199.89990234375,5215.10009765625,5118.64990234375,5120.5,0
2020-06-02,5269.5498046875,5269.5498046875,5274.89990234375,5224.75,5236.10009765625,0
2020-06-03,5305.5498046875,5305.5498046875,5368.75,5289.10009765625,5337.14990234375,0
2020-06-04,5293.14990234375,5293.14990234375,5364.10009765625,5257.64990234375,5321.0498046875,0
2020-06-05,5385.64990234375,5385.64990234375,5391.10009765625,5315.35009765625,5334.4501953125,0
2020-06-08,5409.85009765625,5409.85009765625,5476.89990234375,5392.25,5464.4501953125,0
2020-06-09,5384.14990234375,5384.14990234375,5473.2001953125,5364.35009765625,5452.5498046875,0
2020-06-10,5443.85009765625,5443.85009765625,5451.64990234375,5385.0498046875,5404.89990234375,0
2020-06-11,5375.75,5375.75,5494.64990234375,5368.64990234375,5456.14990234375,0
2020-06-12,5426.0498046875,5426.0498046875,5435.7001953125,5165.35009765625,5165.60009765625,0
2020-06-15,5369.4501953125,5369.4501953125,5466.5498046875,5360.0,5434.35009765625,0
2020-06-16,5399.5498046875,5399.5498046875,5467.2001953125,5320.5,5458.35009765625,0
2020-06-17,5418.0498046875,5418.0498046875,5445.10009765625,5383.0,5391.5498046875,0
2020-06-18,5483.7998046875,5483.7998046875,5488.64990234375,5416.2998046875,5423.0,0
2020-06-19,5553.35009765625,5553.35009765625,5554.85009765625,5498.35009765625,5516.9501953125,0
2020-06-22,5639.5498046875,5639.5498046875,5654.5,5600.89990234375,5605.5498046875,0
2020-06-23,5730.25,5730.25,5735.5,5653.60009765625,5685.60009765625,0
2020-06-24,5667.9501953125,5667.9501953125,5786.5,5652.7998046875,5780.35009765625,0
2020-06-25,5721.9501953125,5721.9501953125,5725.9501953125,5604.2001953125,5632.2998046875,0
2020-06-26,5726.4501953125,5726.4501953125,5779.39990234375,5720.0,5763.0,0
2020-06-29,5642.60009765625,5642.60009765625,5714.0,5619.2001953125,5714.0,0
2020-06-30,5626.2001953125,5626.2001953125,5692.4501953125,5612.35009765625,5680.60009765625,0
2020-07-01,5640.35009765625,5640.35009765625,5648.5498046875,5602.2998046875,5632.2001953125,0
2020-07-02,5701.25,5701.25,5711.10009765625,5666.2001953125,5671.25,0
2020-07-03,5739.35009765625,5739.35009765625,5755.0498046875,5706.35009765625,5739.89990234375,0
2020-07-06,5829.9501953125,5829.9501953125,5835.0,5774.0498046875,5781.75,0
2020-07-07,5859.5498046875,5859.5498046875,5866.25,5802.35009765625,5846.89990234375,0
2020-07-08,5826.0498046875,5826.0498046875,5900.7001953125,5814.5,5884.35009765625,0
2020-07-09,5835.75,5835.75,5860.0,5819.10009765625,5848.9501953125,0
2020-07-10,5796.75,5796.75,5850.2001953125,5763.0498046875,5820.7001953125,0
2020-07-13,5785.25,5785.25,5852.60009765625,5773.5498046875,5839.2998046875,0
2020-07-14,5721.9501953125,5721.9501953125,5775.0,5690.25,5772.85009765625,0
2020-07-15,5702.2998046875,5702.2998046875,5780.75,5690.4501953125,5759.9501953125,0
2020-07-16,5724.85009765625,5724.85009765625,5730.5,5642.10009765625,5725.35009765625,0
2020-07-17,5791.25,5791.25,5798.0498046875,5742.7998046875,5745.2001953125,0
2020-07-20,5845.10009765625,5845.10009765625,5859.2998046875,5817.39990234375,5819.39990234375,0
2020-07-21,5853.39990234375,5853.39990234375,5901.75,5848.4501953125,5896.14990234375,0
2020-07-22,5851.60009765625,5851.60009765625,5891.25,5820.89990234375,5869.14990234375,0
2020-07-23,5892.5,5892.5,5904.60009765625,5861.2001953125,5866.39990234375,0
2020-07-24,5879.35009765625,5879.35009765625,5892.9501953125,5837.14990234375,5871.5498046875,0
2020-07-27,5812.7998046875,5812.7998046875,5903.10009765625,5805.5,5896.85009765625,0
2020-07-28,5855.4501953125,5855.4501953125,5862.10009765625,5824.39990234375,5826.7001953125,0
2020-07-29,5881.0498046875,5881.0498046875,5923.64990234375,5863.14990234375,5875.64990234375,0
2020-07-30,5837.0,5837.0,5915.5498046875,5826.7001953125,5906.35009765625,0
2020-07-31,5866.7001953125,5866.7001953125,5876.5498046875,5821.4501953125,5852.7001953125,0
2020-08-03,5870.39990234375,5870.39990234375,5912.60009765625,5865.0498046875,5877.5498046875,0
2020-08-04,5929.5,5929.5,5940.5,5888.39990234375,5903.9501953125,0
2020-08-05,5960.14990234375,5960.14990234375,6004.85009765625,5947.75,5973.39990234375,0
2020-08-06,6026.64990234375,6026.64990234375,6032.35009765625,5980.85009765625,5987.5,0
2020-08-07,6102.64990234375,6102.64990234375,6112.89990234375,6043.85009765625,6051.5498046875,0
2020-08-10,6176.5498046875,6176.5498046875,6193.10009765625,6154.39990234375,6161.7998046875,0
2020-08-11,6154.2998046875,6154.2998046875,6222.2998046875,6148.60009765625,6212.39990234375,0
2020-08-12,6156.64990234375,6156.64990234375,6169.7998046875,6120.85009765625,6145.5498046875,0
2020-08-13,6246.25,6246.25,6254.35009765625,6189.9501953125,6191.4501953125,0
2020-08-14,6199.2998046875,6199.2998046875,6298.10009765625,6157.5498046875,6271.35009765625,0
2020-08-17,6225.7001953125,6225.7001953125,6256.89990234375,6184.7001953125,6250.7998046875,0
2020-08-18,6305.2998046875,6305.2998046875,6311.7998046875,6247.0498046875,6247.7001953125,0
2020-08-19,6348.89990234375,6348.89990234375,6366.2001953125,6338.10009765625,6339.60009765625,0
2020-08-20,6399.39990234375,6399.39990234375,6405.10009765625,6301.64990234375,6320.75,0
2020-08-21,6446.75,6446.75,6487.25,6440.5498046875,6450.7001953125,0
2020-08-24,6504.4501953125,6504.4501953125,6532.60009765625,6488.0,6490.5498046875,0
2020-08-25,6526.4501953125,6526.4501953125,6565.4501953125,6499.10009765625,6550.7998046875,0
2020-08-26,6559.7998046875,6559.7998046875,6575.2001953125,6549.4501953125,6554.5,0
2020-08-27,6570.39990234375,6570.39990234375,6613.35009765625,6564.10009765625,6599.64990234375,0
2020-08-28,6609.39990234375,6609.39990234375,6636.7998046875,6599.39990234375,6612.64990234375,0
2020-08-31,6362.0498046875,6362.0498046875,6670.89990234375,6330.5498046875,6657.39990234375,0
2020-09-01,6410.5,6410.5,6449.4501953125,6315.0,6373.35009765625,0
2020-09-02,6506.7001953125,6506.7001953125,6517.5,6421.7998046875,6436.0498046875,0
2020-09-03,6562.14990234375,6562.14990234375,6571.75,6537.2001953125,6540.7998046875,0
2020-09-04,6459.85009765625,6459.85009765625,6522.5498046875,6420.75,6445.5,0
2020-09-07,6414.64990234375,6414.64990234375,6500.4501953125,6387.4501953125,6480.9501953125,0
2020-09-08,6336.7998046875,6336.7998046875,6445.60009765625,6314.2998046875,6433.75,0
2020-09-09,6298.39990234375,6298.39990234375,6311.14990234375,6221.2001953125,6279.85009765625,0
2020-09-10,6370.0,6370.0,6393.60009765625,6314.7998046875,6346.85009765625,0
2020-09-11,6408.0498046875,6408.0498046875,6411.25,6370.2998046875,6382.2998046875,0
2020-09-14,6582.85009765625,6582.85009765625,6620.5498046875,6482.39990234375,6485.10009765625,0
2020-09-15,6662.10009765625,6662.10009765625,6670.10009765625,6619.5498046875,6623.75,0
2020-09-16,6683.25,6683.25,6700.5,6656.5498046875,6690.5498046875,0
2020-09-17,6656.39990234375,6656.39990234375,6694.14990234375,6634.60009765625,6655.5,0
2020-09-18,6646.2001953125,6646.2001953125,6708.85009765625,6634.25,6694.25,0
2020-09-21,6419.75,6419.75,6675.75,6395.4501953125,6660.9501953125,0
2020-09-22,6312.75,6312.75,6418.7001953125,6189.0,6411.35009765625,0
2020-09-23,6289.35009765625,6289.35009765625,6393.35009765625,6224.2001953125,6361.7001953125,0
2020-09-24,6156.7001953125,6156.7001953125,6217.75,6140.7001953125,6217.7001953125,0
2020-09-25,6309.85009765625,6309.85009765625,6319.5,6166.4501953125,6214.2001953125,0
2020-09-28,6481.5,6481.5,6490.25,6366.85009765625,6374.60009765625,0
2020-09-29,6473.9501953125,6473.9501953125,6537.39990234375,6437.2001953125,6523.35009765625,0
2020-09-30,6481.4501953125,6481.4501953125,6501.14990234375,6452.5498046875,6496.39990234375,0
2020-10-01,6530.10009765625,6530.10009765625,6556.25,6517.7001953125,6532.5498046875,0
2020-10-05,6525.0,6525.0,6573.89990234375,6508.75,6564.4501953125,0
2020-10-06,6560.7001953125,6560.7001953125,6581.7998046875,6541.64990234375,6567.10009765625,0
2020-10-07,6525.10009765625,6525.10009765625,6569.7998046875,6515.5,6569.60009765625,0
2020-10-08,6517.9501953125,6517.9501953125,6567.5498046875,6494.2001953125,6552.89990234375,0
2020-10-09,6502.4501953125,6502.4501953125,6546.7998046875,6495.0,6532.39990234375,0
2020-10-12,6469.64990234375,6469.64990234375,6544.64990234375,6451.7998046875,6522.10009765625,0
2020-10-13,6439.25,6439.25,6481.7998046875,6432.85009765625,6466.5,0
2020-10-14,6429.14990234375,6429.14990234375,6445.89990234375,6390.0,6437.5,0
2020-10-15,6331.64990234375,6331.64990234375,6469.2998046875,6320.7001953125,6441.89990234375,0
2020-10-16,6396.0,6396.0,6401.10009765625,6319.39990234375,6358.5498046875,0
2020-10-19,6434.5498046875,6434.5498046875,6442.4501953125,6391.0,6434.4501953125,0
2020-10-20,6468.10009765625,6468.10009765625,6472.7998046875,6410.5,6422.64990234375,0
2020-10-21,6480.14990234375,6480.14990234375,6527.35009765625,6417.7001953125,6491.5498046875,0
2020-10-22,6524.60009765625,6524.60009765625,6539.5,6464.7001953125,6470.60009765625,0
2020-10-23,6568.75,6568.75,6591.25,6550.9501953125,6565.75,0
2020-10-26,6473.5498046875,6473.5498046875,6592.5,6460.0,6591.7001953125,0
2020-10-27,6546.64990234375,6546.64990234375,6554.10009765625,6425.14990234375,6480.14990234375,0
2020-10-28,6493.25,6493.25,6579.7998046875,6479.0498046875,6555.5,0
2020-10-29,6469.2998046875,6469.2998046875,6476.2001953125,6411.7998046875,6455.2001953125,0
2020-10-30,6494.7001953125,6494.7001953125,6544.14990234375,6436.64990234375,6482.39990234375,0
2020-11-02,6507.25,6507.25,6534.9501953125,6473.7001953125,6521.7998046875,0
2020-11-03,6555.7001953125,6555.7001953125,6567.75,6538.60009765625,6539.39990234375,0
2020-11-04,6588.35009765625,6588.35009765625,6593.7001953125,6528.7998046875,6561.60009765625,0
2020-11-05,6703.75,6703.75,6709.60009765625,6628.0,6639.39990234375,0
2020-11-06,6748.4501953125,6748.4501953125,6772.25,6713.2001953125,6724.35009765625,0
2020-11-09,6803.85009765625,6803.85009765625,6808.89990234375,6743.39990234375,6800.60009765625,0
2020-11-10,6817.10009765625,6817.10009765625,6858.64990234375,6779.7001953125,6856.64990234375,0
2020-11-11,6834.60009765625,6834.60009765625,6890.2001953125,6788.4501953125,6843.2998046875,0
2020-11-12,6870.64990234375,6870.64990234375,6882.60009765625,6835.14990234375,6847.0498046875,0
2020-11-13,6935.2001953125,6935.2001953125,6940.0,6854.60009765625,6868.5498046875,0
2020-11-17,7062.35009765625,7062.35009765625,7067.64990234375,6995.10009765625,7004.39990234375,0
2020-11-18,7163.64990234375,7163.64990234375,7167.85009765625,7057.9501953125,7064.5498046875,0
2020-11-19,7131.7001953125,7131.7001953125,7246.10009765625,7102.60009765625,7143.75,0
2020-11-20,7194.85009765625,7194.85009765625,7224.7998046875,7127.64990234375,7173.39990234375,0
2020-11-23,7279.5,7279.5,7289.14990234375,7238.4501953125,7246.85009765625,0
2020-11-24,7340.0,7340.0,7347.9501953125,7316.39990234375,7322.5498046875,0
2020-11-25,7227.5498046875,7227.5498046875,7387.14990234375,7215.25,7382.0,0
2020-11-26,7278.14990234375,7278.14990234375,7286.25,7193.2998046875,7256.75,0
2020-11-27,7455.60009765625,7455.60009765625,7477.89990234375,7316.9501953125,7317.64990234375,0
2020-12-01,7521.2998046875,7521.2998046875,7529.5498046875,7481.10009765625,7524.25,0
2020-12-02,7566.7998046875,7566.7998046875,7572.89990234375,7497.25,7553.89990234375,0
2020-12-03,7597.7998046875,7597.7998046875,7629.5,7584.35009765625,7614.39990234375,0
2020-12-04,7625.89990234375,7625.89990234375,7667.0498046875,7554.35009765625,7638.0498046875,0
2020-12-07,7706.60009765625,7706.60009765625,7712.7001953125,7650.35009765625,7651.85009765625,0
2020-12-08,7701.5498046875,7701.5498046875,7779.35009765625,7636.35009765625,7768.2001953125,0
2020-12-09,7745.0498046875,7745.0498046875,7775.89990234375,7731.4501953125,7757.14990234375,0
2020-12-10,7688.14990234375,7688.14990234375,7747.39990234375,7628.14990234375,7747.0,0
2020-12-11,7705.0498046875,7705.0498046875,7753.60009765625,7656.2998046875,7713.9501953125,0
2020-12-14,7749.10009765625,7749.10009765625,7762.60009765625,7721.25,7746.39990234375,0
2020-12-15,7771.35009765625,7771.35009765625,7778.39990234375,7689.64990234375,7751.5,0
2020-12-16,7858.7001953125,7858.7001953125,7865.7998046875,7811.2998046875,7812.25,0
2020-12-17,7843.2998046875,7843.2998046875,7914.14990234375,7822.75,7873.9501953125,0
2020-12-18,7831.75,7831.75,7873.25,7753.0,7859.14990234375,0
2020-12-21,7492.0498046875,7492.0498046875,7823.64990234375,7359.5498046875,7812.39990234375,0
2020-12-22,7538.5,7538.5,7565.4501953125,7264.35009765625,7465.75,0
2020-12-23,7711.85009765625,7711.85009765625,7722.39990234375,7553.60009765625,7566.2998046875,0
2020-12-24,7733.60009765625,7733.60009765625,7793.5498046875,7710.4501953125,7761.5,0
2020-12-28,7813.85009765625,7813.85009765625,7826.39990234375,7778.2998046875,7789.35009765625,0
2020-12-29,7806.9501953125,7806.9501953125,7869.4501953125,7766.35009765625,7856.75,0
2020-12-30,7833.2001953125,7833.2001953125,7841.60009765625,7756.35009765625,7833.89990234375,0
2020-12-31,7862.89990234375,7862.89990234375,7878.7998046875,7828.7001953125,7844.7998046875,0
2021-01-01,7953.2998046875,7953.2998046875,7967.60009765625,7876.2998046875,7877.85009765625,0
2021-01-04,8068.0498046875,8068.0498046875,8075.75,7958.89990234375,8017.5498046875,0
2021-01-05,8131.14990234375,8131.14990234375,8140.5498046875,8002.60009765625,8038.75,0
2021-01-06,8160.60009765625,8160.60009765625,8215.2001953125,8075.2998046875,8166.2998046875,0
2021-01-07,8264.0,8264.0,8298.7998046875,8226.150390625,8237.099609375,0
2021-01-08,8349.099609375,8349.099609375,8367.900390625,8308.599609375,8335.7001953125,0
2021-01-11,8332.7001953125,8332.7001953125,8411.599609375,8273.5,8404.650390625,0
2021-01-12,8371.9501953125,8371.9501953125,8405.75,8299.5,8327.4501953125,0
2021-01-13,8328.2998046875,8328.2998046875,8446.599609375,8227.650390625,8421.75,0
2021-01-14,8335.150390625,8335.150390625,8371.599609375,8289.7998046875,8349.349609375,0
2021-01-15,8246.849609375,8246.849609375,8377.599609375,8177.39990234375,8352.2001953125,0
2021-01-18,8091.9501953125,8091.9501953125,8259.4501953125,8017.60009765625,8251.7001953125,0
2021-01-19,8266.150390625,8266.150390625,8274.599609375,8139.75,8140.64990234375,0
2021-01-20,8341.650390625,8341.650390625,8347.5,8265.0498046875,8286.849609375,0
2021-01-21,8255.0,8255.0,8426.5,8223.849609375,8403.099609375,0
2021-01-22,8151.2001953125,8151.2001953125,8313.5498046875,8120.4501953125,8272.2998046875,0
2021-01-25,8064.2998046875,8064.2998046875,8271.400390625,7998.60009765625,8244.5,0
2021-01-27,7948.89990234375,7948.89990234375,8061.2998046875,7926.39990234375,8061.2998046875,0
2021-01-28,7900.75,7900.75,7963.64990234375,7845.5,7852.64990234375,0
2021-01-29,7883.39990234375,7883.39990234375,8019.0498046875,7858.7998046875,7980.7001953125,0
2021-02-01,8118.0498046875,8118.0498046875,8126.14990234375,7840.25,7933.2998046875,0
2021-02-02,8305.099609375,8305.099609375,8321.400390625,8188.9501953125,8194.150390625,0
2021-02-03,8420.2001953125,8420.2001953125,8467.099609375,8300.150390625,8368.400390625,0
2021-02-04,8525.9501953125,8525.9501953125,8536.650390625,8401.2998046875,8440.2998046875,0
2021-02-05,8448.349609375,8448.349609375,8613.0,8418.900390625,8585.9501953125,0
2021-02-08,8576.099609375,8576.099609375,8593.150390625,8518.4501953125,8520.2998046875,0
2021-02-09,8579.849609375,8579.849609375,8635.5498046875,8549.849609375,8619.849609375,0
2021-02-10,8639.849609375,8639.849609375,8653.5,8553.75,8613.75,0
2021-02-11,8655.2998046875,8655.2998046875,8677.4501953125,8619.650390625,8632.25,0
2021-02-12,8646.0,8646.0,8690.400390625,8597.5498046875,8663.7001953125,0
2021-02-15,8748.7998046875,8748.7998046875,8769.150390625,8674.2001953125,8695.7998046875,0
2021-02-16,8794.2998046875,8794.2998046875,8821.650390625,8732.5498046875,8780.599609375,0
2021-02-17,8819.9501953125,8819.9501953125,8854.7998046875,8786.4501953125,8799.2998046875,0
2021-02-18,8856.650390625,8856.650390625,8910.7998046875,8829.349609375,8857.150390625,0
2021-02-19,8737.650390625,8737.650390625,8875.25,8649.599609375,8851.4501953125,0
2021-02-22,8632.0498046875,8632.0498046875,8789.0498046875,8591.2998046875,8764.5498046875,0
2021-02-23,8715.849609375,8715.849609375,8735.9501953125,8606.400390625,8674.400390625,0
2021-02-24,8800.25,8800.25,8810.75,8703.650390625,8766.0,0
2021-02-25,8925.25,8925.25,8932.650390625,8869.9501953125,8878.0498046875,0
2021-02-26,8816.0498046875,8816.0498046875,8907.099609375,8733.849609375,8810.0,0
2021-03-01,8950.150390625,8950.150390625,8963.400390625,8858.650390625,8893.099609375,0
2021-03-02,9091.0,9091.0,9105.650390625,8993.099609375,9021.2001953125,0
2021-03-03,9235.7001953125,9235.7001953125,9241.349609375,9163.4501953125,9167.599609375,0
2021-03-04,9281.25,9281.25,9316.849609375,9130.900390625,9158.25,0
2021-03-05,9100.75,9100.75,9296.849609375,9056.349609375,9268.2998046875,0
2021-03-08,9134.400390625,9134.400390625,9217.4501953125,9121.4501953125,9179.7998046875,0
2021-03-09,9100.5498046875,9100.5498046875,9213.5,9032.849609375,9190.849609375,0
2021-03-10,9169.25,9169.25,9195.4501953125,9124.7998046875,9171.349609375,0
2021-03-12,9144.400390625,9144.400390625,9264.599609375,9099.5498046875,9242.5,0
2021-03-15,9081.9501953125,9081.9501953125,9193.5,8989.0498046875,9190.400390625,0
2021-03-16,9109.2998046875,9109.2998046875,9135.599609375,9074.7001953125,9115.2001953125,0
2021-03-17,8907.4501953125,8907.4501953125,9136.099609375,8889.150390625,9124.7998046875,0
2021-03-18,8783.099609375,8783.099609375,9026.25,8712.7001953125,8977.599609375,0
2021-03-19,8857.2998046875,8857.2998046875,8871.5,8543.75,8719.4501953125,0
2021-03-22,8929.0,8929.0,8945.5498046875,8834.5,8871.5,0
2021-03-23,8991.2998046875,8991.2998046875,9015.4501953125,8952.599609375,8969.150390625,0
2021-03-24,8828.4501953125,8828.4501953125,9019.5498046875,8809.7998046875,8970.4501953125,0
2021-03-25,8669.849609375,8669.849609375,8858.349609375,8586.900390625,8851.599609375,0
2021-03-26,8802.25,8802.25,8829.2001953125,8739.25,8759.900390625,0
2021-03-30,8954.0498046875,8954.0498046875,8982.099609375,8837.849609375,8897.5,0
2021-03-31,8988.900390625,8988.900390625,8997.099609375,8922.75,8962.849609375,0
2021-04-01,9129.650390625,9129.650390625,9144.650390625,9025.0498046875,9049.650390625,0
2021-04-05,9004.599609375,9004.599609375,9123.7001953125,8879.5498046875,9123.599609375,0
2021-04-06,9062.0,9062.0,9097.150390625,8975.25,9050.25,0
2021-04-07,9171.849609375,9171.849609375,9188.0498046875,9075.900390625,9090.650390625,0
2021-04-08,9226.9501953125,9226.9501953125,9281.0498046875,9202.150390625,9223.5,0
2021-04-09,9240.75,9240.75,9298.9501953125,9213.2998046875,9242.0,0
2021-04-12,8762.2998046875,8762.2998046875,9104.4501953125,8695.900390625,9103.099609375,0
2021-04-13,8887.349609375,8887.349609375,8923.7998046875,8763.0498046875,8799.099609375,0
2021-04-15,8890.2998046875,8890.2998046875,8926.900390625,8777.599609375,8861.349609375,0
2021-04-16,8982.099609375,8982.099609375,9022.5498046875,8896.9501953125,8918.5498046875,0
2021-04-19,8808.849609375,8808.849609375,8835.25,8647.5,8767.7998046875,0
2021-04-20,8828.400390625,8828.400390625,8957.5,8781.2998046875,8901.849609375,0
2021-04-22,8863.7001953125,8863.7001953125,8880.349609375,8767.599609375,8781.099609375,0
2021-04-23,8892.849609375,8892.849609375,8966.5,8840.400390625,8866.900390625,0
2021-04-26,8963.150390625,8963.150390625,8991.0,8945.25,8957.75,0
2021-04-27,9092.849609375,9092.849609375,9103.7998046875,8994.2001953125,8998.349609375,0
2021-04-28,9189.2998046875,9189.2998046875,9201.4501953125,9141.2001953125,9155.099609375,0
2021-04-29,9168.2998046875,9168.2998046875,9282.2998046875,9141.25,9261.900390625,0
2021-04-30,9128.7001953125,9128.7001953125,9203.900390625,9090.650390625,9113.5498046875,0
2021-05-03,9165.900390625,9165.900390625,9179.349609375,9048.849609375,9080.5,0
2021-05-04,9137.849609375,9137.849609375,9296.0,9120.349609375,9241.7001953125,0
2021-05-05,9214.7998046875,9214.7998046875,9233.099609375,9154.7001953125,9217.4501953125,0
2021-05-06,9280.0498046875,9280.0498046875,9289.2998046875,9198.5,9269.75,0
2021-05-07,9249.650390625,9249.650390625,9336.900390625,9238.2001953125,9325.7001953125,0
2021-05-10,9308.2001953125,9308.2001953125,9333.150390625,9292.7001953125,9306.599609375,0
2021-05-11,9384.0498046875,9384.0498046875,9398.400390625,9228.25,9253.75,0
2021-05-12,9323.9501953125,9323.9501953125,9438.9501953125,9292.349609375,9414.9501953125,0
2021-05-14,9188.349609375,9188.349609375,9391.7998046875,9158.5498046875,9386.0,0
2021-05-17,9340.599609375,9340.599609375,9351.099609375,9202.7998046875,9254.4501953125,0
2021-05-18,9494.849609375,9494.849609375,9510.7001953125,9426.0498046875,9429.849609375,0
2021-05-19,9495.0,9495.0,9547.400390625,9480.2001953125,9496.849609375,0
2021-05-20,9482.0,9482.0,9548.900390625,9445.650390625,9531.150390625,0
2021-05-21,9551.5,9551.5,9578.400390625,9511.5498046875,9553.9501953125,0
2021-05-24,9621.349609375,9621.349609375,9646.2001953125,9559.25,9617.650390625,0
2021-05-25,9616.0,9616.0,9693.150390625,9589.0498046875,9682.400390625,0
2021-05-26,9631.25,9631.25,9678.0498046875,9614.849609375,9660.5498046875,0
2021-05-27,9683.0498046875,9683.0498046875,9698.0498046875,9623.599609375,9664.0,0
2021-05-28,9675.4501953125,9675.4501953125,9741.849609375,9664.150390625,9723.7998046875,0
2021-05-31,9714.9501953125,9714.9501953125,9741.599609375,9657.7998046875,9710.75,0
2021-06-01,9696.5,9696.5,9772.849609375,9647.0498046875,9761.7998046875,0
2021-06-02,9822.0,9822.0,9832.7998046875,9699.7998046875,9703.7001953125,0
2021-06-03,9907.5498046875,9907.5498046875,9925.4501953125,9872.900390625,9880.849609375,0
2021-06-04,9974.0,9974.0,9987.4501953125,9919.7998046875,9949.650390625,0
2021-06-07,10097.9501953125,10097.9501953125,10111.2001953125,10021.849609375,10044.7998046875,0
2021-06-08,10162.599609375,10162.599609375,10180.150390625,10053.9501953125,10141.2001953125,0
2021-06-09,10088.9501953125,10088.9501953125,10279.0498046875,10037.900390625,10218.5,0
2021-06-10,10236.9501953125,10236.9501953125,10244.4501953125,10157.4501953125,10165.4501953125,0
2021-06-11,10262.400390625,10262.400390625,10315.5498046875,10220.7001953125,10300.9501953125,0
2021-06-14,10233.4501953125,10233.4501953125,10259.7998046875,10021.099609375,10259.7001953125,0
2021-06-15,10292.099609375,10292.099609375,10316.2998046875,10253.9501953125,10264.7998046875,0
2021-06-16,10200.75,10200.75,10307.0,10177.849609375,10295.25,0
2021-06-17,10096.0,10096.0,10234.400390625,10065.5498046875,10125.650390625,0
2021-06-18,10004.400390625,10004.400390625,10142.650390625,9792.25,10130.2998046875,0
2021-06-21,10067.7998046875,10067.7998046875,10074.75,9842.650390625,9875.25,0
2021-06-22,10084.4501953125,10084.4501953125,10169.0498046875,10071.150390625,10146.0498046875,0
2021-06-23,10071.650390625,10071.650390625,10154.5498046875,10063.099609375,10149.5,0
2021-06-24,10047.150390625,10047.150390625,10105.7001953125,10020.150390625,10094.7001953125,0
2021-06-25,10137.2998046875,10137.2998046875,10149.849609375,10073.900390625,10087.849609375,0
2021-06-28,10187.75,10187.75,10199.349609375,10153.2998046875,10182.75,0
2021-06-29,10144.599609375,10144.599609375,10224.400390625,10123.349609375,10197.0498046875,0
2021-06-30,10182.0498046875,10182.0498046875,10209.7001953125,10163.849609375,10180.2998046875,0
2021-07-01,10160.4501953125,10160.4501953125,10206.25,10147.400390625,10204.900390625,0
2021-07-02,10224.150390625,10224.150390625,10230.099609375,10169.0,10184.7001953125,0
2021-07-05,10266.5498046875,10266.5498046875,10279.099609375,10250.75,10269.75,0
2021-07-06,10275.4501953125,10275.4501953125,10353.150390625,10254.099609375,10282.849609375,0
2021-07-07,10323.599609375,10323.599609375,10335.150390625,10255.7998046875,10279.0,0
2021-07-08,10281.7998046875,10281.7998046875,10376.5,10239.2998046875,10347.2998046875,0
2021-07-09,10329.349609375,10329.349609375,10339.0,10259.2998046875,10289.0,0
2021-07-12,10371.650390625,10371.650390625,10418.7001953125,10351.4501953125,10400.0498046875,0
2021-07-13,10401.2001953125,10401.2001953125,10432.400390625,10377.7998046875,10429.5498046875,0
2021-07-14,10435.849609375,10435.849609375,10454.4501953125,10420.5,10425.5,0
2021-07-15,10472.2998046875,10472.2998046875,10483.0,10457.2001953125,10469.2998046875,0
2021-07-16,10501.0498046875,10501.0498046875,10518.099609375,10474.2998046875,10513.9501953125,0
2021-07-19,10434.4501953125,10434.4501953125,10494.150390625,10382.349609375,10454.0498046875,0
2021-07-20,10292.7998046875,10292.7998046875,10467.2001953125,10220.9501953125,10448.599609375,0
2021-07-22,10404.7001953125,10404.7001953125,10418.400390625,10358.900390625,10363.0498046875,0
2021-07-23,10418.5,10418.5,10495.099609375,10406.4501953125,10473.9501953125,0
2021-07-26,10423.150390625,10423.150390625,10482.75,10389.599609375,10441.400390625,0
2021-07-27,10376.150390625,10376.150390625,10505.75,10339.9501953125,10467.2998046875,0
2021-07-28,10335.349609375,10335.349609375,10404.2998046875,10217.400390625,10399.599609375,0
2021-07-29,10411.349609375,10411.349609375,10416.650390625,10369.599609375,10390.0,0
2021-07-30,10506.150390625,10506.150390625,10549.849609375,10426.75,10444.849609375,0
2021-08-02,10644.900390625,10644.900390625,10651.650390625,10567.599609375,10574.2998046875,0
2021-08-03,10666.150390625,10666.150390625,10684.0,10639.400390625,10679.099609375,0
2021-08-04,10561.7001953125,10561.7001953125,10722.349609375,10541.5498046875,10713.349609375,0
2021-08-05,10564.400390625,10564.400390625,10595.5498046875,10459.0498046875,10595.2001953125,0
2021-08-06,10567.400390625,10567.400390625,10626.7001953125,10557.9501953125,10589.099609375,0
2021-08-09,10498.400390625,10498.400390625,10601.349609375,10442.0,10587.599609375,0
2021-08-10,10379.650390625,10379.650390625,10550.0498046875,10301.150390625,10534.099609375,0
2021-08-11,10336.2998046875,10336.2998046875,10416.4501953125,10135.650390625,10393.0,0
2021-08-12,10443.099609375,10443.099609375,10452.4501953125,10355.150390625,10365.75,0
2021-08-13,10430.150390625,10430.150390625,10488.150390625,10416.099609375,10475.75,0
2021-08-16,10394.75,10394.75,10448.25,10380.7998046875,10439.400390625,0
2021-08-17,10432.150390625,10432.150390625,10449.4501953125,10350.0,10401.2001953125,0
2021-08-18,10451.650390625,10451.650390625,10491.7998046875,10431.349609375,10470.400390625,0
2021-08-20,10256.75,10256.75,10426.5,10231.900390625,10375.7001953125,0
2021-08-23,10179.0,10179.0,10381.2998046875,10093.099609375,10348.0,0
2021-08-24,10304.400390625,10304.400390625,10310.5498046875,10198.0498046875,10221.25,0
2021-08-25,10346.75,10346.75,10382.5,10313.0498046875,10351.7001953125,0
2021-08-26,10365.150390625,10365.150390625,10422.5498046875,10334.75,10383.25,0
2021-08-27,10463.599609375,10463.599609375,10479.2998046875,10348.4501953125,10396.2998046875,0
2021-08-30,10655.599609375,10655.599609375,10664.400390625,10511.650390625,10516.2001953125,0
2021-08-31,10726.0,10726.0,10733.849609375,10656.150390625,10690.099609375,0
2021-09-01,10790.7998046875,10790.7998046875,10818.099609375,10716.0,10787.849609375,0
2021-09-02,10877.9501953125,10877.9501953125,10888.650390625,10792.4501953125,10810.849609375,0
2021-09-03,10920.75,10920.75,10959.150390625,10870.900390625,10932.2001953125,0
2021-09-06,10971.099609375,10971.099609375,10993.849609375,10943.599609375,10966.900390625,0
2021-09-07,10948.75,10948.75,11013.2001953125,10868.5,10999.650390625,0
2021-09-08,10990.150390625,10990.150390625,11019.0498046875,10920.5498046875,10973.4501953125,0
2021-09-09,11027.0,11027.0,11032.7001953125,10964.0,10981.2001953125,0
2021-09-13,11082.75,11082.75,11091.349609375,11001.9501953125,11035.0498046875,0
2021-09-14,11219.150390625,11219.150390625,11227.2998046875,11142.25,11145.099609375,0
2021-09-15,11328.9501953125,11328.9501953125,11336.7998046875,11248.9501953125,11262.2998046875,0
2021-09-16,11372.75,11372.75,11385.650390625,11299.900390625,11365.849609375,0
2021-09-17,11223.5,11223.5,11440.5498046875,11159.7998046875,11430.9501953125,0
2021-09-20,11011.7998046875,11011.7998046875,11237.75,10997.0498046875,11136.0498046875,0
2021-09-21,11067.150390625,11067.150390625,11082.849609375,10864.099609375,11025.849609375,0
2021-09-22,11225.2998046875,11225.2998046875,11253.2001953125,11112.900390625,11123.400390625,0
2021-09-23,11370.599609375,11370.599609375,11388.7998046875,11313.099609375,11315.4501953125,0
2021-09-24,11293.150390625,11293.150390625,11451.7001953125,11261.349609375,11434.400390625,0
2021-09-27,11282.2998046875,11282.2998046875,11352.650390625,11220.349609375,11343.599609375,0
2021-09-28,11209.0498046875,11209.0498046875,11326.4501953125,11132.7998046875,11324.25,0
2021-09-29,11304.599609375,11304.599609375,11327.0498046875,11120.400390625,11172.349609375,0
2021-09-30,11361.349609375,11361.349609375,11392.599609375,11336.150390625,11348.400390625,0
2021-10-01,11372.25,11372.25,11381.25,11298.349609375,11337.099609375,0
2021-10-04,11547.25,11547.25,11554.75,11428.400390625,11440.349609375,0
2021-10-05,11599.150390625,11599.150390625,11611.25,11529.400390625,11559.400390625,0
2021-10-06,11501.0498046875,11501.0498046875,11665.150390625,11478.349609375,11657.2001953125,0
2021-10-07,11712.4501953125,11712.4501953125,11725.900390625,11601.9501953125,11603.849609375,0
2021-10-08,11770.2998046875,11770.2998046875,11792.650390625,11720.5,11784.7998046875,0
2021-10-11,11835.9501953125,11835.9501953125,11878.099609375,11771.2001953125,11819.650390625,0
2021-10-12,11875.0,11875.0,11892.75,11788.2998046875,11870.7001953125,0
2021-10-13,12021.599609375,12021.599609375,12048.4501953125,11925.599609375,11937.2998046875,0
2021-10-14,12096.400390625,12096.400390625,12172.349609375,12085.349609375,12117.849609375,0
2021-10-18,12218.849609375,12218.849609375,12303.7001953125,12188.7998046875,12222.599609375,0
2021-10-19,11979.900390625,11979.900390625,12338.5,11928.5,12313.150390625,0
2021-10-20,11735.7998046875,11735.7998046875,11973.400390625,11639.0,11970.75,0
2021-10-21,11668.2998046875,11668.2998046875,11821.75,11565.650390625,11802.900390625,0
2021-10-22,11579.900390625,11579.900390625,11757.9501953125,11479.2998046875,11699.75,0
2021-10-25,11393.650390625,11393.650390625,11655.849609375,11232.7998046875,11645.400390625,0
2021-10-26,11586.0498046875,11586.0498046875,11598.4501953125,11409.650390625,11410.849609375,0
2021-10-27,11598.7998046875,11598.7998046875,11662.4501953125,11582.0,11653.349609375,0
2021-10-28,11407.349609375,11407.349609375,11612.849609375,11383.7998046875,11612.4501953125,0
2021-10-29,11390.849609375,11390.849609375,11490.25,11174.0,11342.349609375,0
2021-11-01,11579.4501953125,11579.4501953125,11591.900390625,11410.349609375,11440.400390625,0
2021-11-02,11683.650390625,11683.650390625,11696.2001953125,11619.7001953125,11625.75,0
2021-11-03,11654.2998046875,11654.2998046875,11754.5498046875,11601.7998046875,11729.150390625,0
2021-11-04,11759.4501953125,11759.4501953125,11770.5,11731.849609375,11737.099609375,0
2021-11-08,11891.349609375,11891.349609375,11902.099609375,11700.75,11803.7001953125,0
2021-11-09,12010.7998046875,12010.7998046875,12037.599609375,11910.0498046875,11924.349609375,0
2021-11-10,11965.0,11965.0,12035.0,11953.900390625,11995.25,0
2021-11-11,11887.2998046875,11887.2998046875,11988.0,11831.0,11982.0498046875,0
2021-11-12,11944.2998046875,11944.2998046875,11977.400390625,11853.400390625,11966.2998046875,0
2021-11-15,11985.4501953125,11985.4501953125,12008.0498046875,11931.650390625,11990.650390625,0
2021-11-16,11960.7998046875,11960.7998046875,12041.349609375,11935.849609375,12008.650390625,0
2021-11-17,11908.5498046875,11908.5498046875,11987.7001953125,11892.150390625,11950.400390625,0
2021-11-18,11733.349609375,11733.349609375,11952.75,11672.5498046875,11928.900390625,0
2021-11-22,11406.599609375,11406.599609375,11754.0,11298.0498046875,11749.150390625,0
2021-11-23,11580.9501953125,11580.9501953125,11592.0,11278.2001953125,11341.599609375,0
2021-11-24,11547.599609375,11547.599609375,11675.2998046875,11510.0,11641.400390625,0
2021-11-25,11600.75,11600.75,11615.9501953125,11495.349609375,11565.349609375,0
2021-11-26,11257.5,11257.5,11543.4501953125,11232.5498046875,11500.7998046875,0
2021-11-29,11138.650390625,11138.650390625,11211.75,10886.400390625,11155.75,0
2021-11-30,11223.5498046875,11223.5498046875,11392.4501953125,11169.0498046875,11175.7998046875,0
2021-12-01,11315.599609375,11315.599609375,11342.4501953125,11206.650390625,11295.650390625,0
2021-12-02,11447.9501953125,11447.9501953125,11462.0498046875,11300.2998046875,11347.4501953125,0
2021-12-03,11426.849609375,11426.849609375,11534.5498046875,11411.9501953125,11481.2001953125,0
2021-12-06,11279.650390625,11279.650390625,11456.25,11262.400390625,11447.5,0
2021-12-07,11414.7998046875,11414.7998046875,11427.0,11304.25,11359.150390625,0
2021-12-08,11585.650390625,11585.650390625,11595.7001953125,11490.2001953125,11494.400390625,0
2021-12-09,11651.900390625,11651.900390625,11662.9501953125,11565.150390625,11642.7001953125,0
2021-12-10,11729.099609375,11729.099609375,11737.900390625,11630.150390625,11645.400390625,0
2021-12-13,11725.349609375,11725.349609375,11857.7998046875,11708.4501953125,11817.400390625,0
2021-12-14,11694.0,11694.0,11730.650390625,11614.4501953125,11701.0498046875,0
2021-12-15,11630.400390625,11630.400390625,11735.9501953125,11616.0498046875,11710.400390625,0
2021-12-16,11558.7998046875,11558.7998046875,11727.5,11538.0498046875,11701.0,0
2021-12-17,11325.650390625,11325.650390625,11570.349609375,11301.900390625,11564.650390625,0
2021-12-20,10941.5498046875,10941.5498046875,11197.4501953125,10785.650390625,11184.0498046875,0
2021-12-21,11083.099609375,11083.099609375,11158.5498046875,10990.75,11005.099609375,0
2021-12-22,11247.2001953125,11247.2001953125,11263.4501953125,11126.5,11131.7998046875,0
2021-12-23,11342.650390625,11342.650390625,11363.599609375,11308.349609375,11329.0,0
2021-12-24,11232.25,11232.25,11390.599609375,11205.0498046875,11388.0498046875,0
2021-12-27,11269.0498046875,11269.0498046875,11280.150390625,11101.75,11192.25,0
2021-12-28,11396.5,11396.5,11404.25,11323.349609375,11328.2001953125,0
2021-12-29,11412.7001953125,11412.7001953125,11454.150390625,11385.400390625,11404.2001953125,0
2021-12-30,11395.650390625,11395.650390625,11429.25,11368.0,11414.400390625,0
2021-12-31,11543.5498046875,11543.5498046875,11554.4501953125,11424.7998046875,11429.5,0
2022-01-03,11673.4501953125,11673.4501953125,11680.75,11564.7001953125,11566.0,0
2022-01-04,11702.099609375,11702.099609375,11743.4501953125,11632.75,11718.900390625,0
2022-01-05,11705.0498046875,11705.0498046875,11735.0498046875,11649.25,11712.599609375,0
2022-01-06,11698.7001953125,11698.7001953125,11706.099609375,11574.7001953125,11627.9501953125,0
2022-01-07,11741.9501953125,11741.9501953125,11776.75,11671.25,11725.9501953125,0
2022-01-10,11820.400390625,11820.400390625,11836.9501953125,11778.150390625,11790.25,0
2022-01-11,11839.2998046875,11839.2998046875,11888.099609375,11800.650390625,11820.75,0
2022-01-12,11980.0498046875,11980.0498046875,11988.2001953125,11878.25,11902.25,0
2022-01-13,12039.900390625,12039.900390625,12052.2001953125,11931.349609375,12014.099609375,0
2022-01-14,12036.099609375,12036.099609375,12070.400390625,11967.2001953125,12010.849609375,0
2022-01-17,12073.150390625,12073.150390625,12095.2998046875,12038.650390625,12063.7001953125,0
2022-01-18,11848.7001953125,11848.7001953125,12138.2001953125,11815.2001953125,12126.349609375,0
2022-01-19,11830.599609375,11830.599609375,11847.0498046875,11692.0498046875,11836.7998046875,0
2022-01-20,11801.2001953125,11801.2001953125,11867.7001953125,11749.4501953125,11826.9501953125,0
2022-01-21,11551.650390625,11551.650390625,11765.599609375,11474.0,11745.2998046875,0
2022-01-24,11125.0498046875,11125.0498046875,11556.150390625,11012.349609375,11547.7001953125,0
2022-01-25,11221.2001953125,11221.2001953125,11230.849609375,10834.75,11015.25,0
2022-01-27,11095.150390625,11095.150390625,11146.7998046875,10961.5,11146.7998046875,0
2022-01-28,11242.349609375,11242.349609375,11412.7001953125,11174.0,11175.25,0
2022-01-31,11413.650390625,11413.650390625,11434.5,11339.5498046875,11368.2998046875,0
2022-02-01,11531.2998046875,11531.2998046875,11539.7998046875,11366.2001953125,11519.650390625,0
2022-02-02,11661.7001953125,11661.7001953125,11676.9501953125,11581.0,11589.599609375,0
2022-02-03,11547.599609375,11547.599609375,11660.2998046875,11523.849609375,11660.150390625,0
2022-02-04,11459.349609375,11459.349609375,11578.5498046875,11446.25,11549.4501953125,0
2022-02-07,11357.5498046875,11357.5498046875,11521.349609375,11306.7998046875,11486.0,0
2022-02-08,11268.150390625,11268.150390625,11429.75,11162.099609375,11399.650390625,0
2022-02-09,11394.0,11394.0,11405.5,11305.599609375,11323.25,0
2022-02-10,11419.9501953125,11419.9501953125,11440.5498046875,11343.150390625,11432.400390625,0
2022-02-11,11197.150390625,11197.150390625,11346.650390625,11174.0,11336.0,0
2022-02-14,10768.5,10768.5,10985.7998046875,10737.900390625,10936.4501953125,0
2022-02-15,11045.4501953125,11045.4501953125,11058.5,10655.4501953125,10810.7998046875,0
2022-02-16,11027.349609375,11027.349609375,11146.7998046875,10997.400390625,11128.900390625,0
2022-02-17,10997.150390625,10997.150390625,11104.349609375,10976.7001953125,11079.4501953125,0
2022-02-18,10903.349609375,10903.349609375,11011.7998046875,10889.75,10935.400390625,0
2022-02-21,10778.400390625,10778.400390625,10887.849609375,10708.0498046875,10849.150390625,0
2022-02-22,10676.5,10676.5,10700.0,10494.75,10495.7001953125,0
2022-02-23,10717.0,10717.0,10823.7998046875,10704.7998046875,10752.2998046875,0
2022-02-24,10138.400390625,10138.400390625,10470.9501953125,10119.2998046875,10387.400390625,0
2022-02-25,10531.4501953125,10531.4501953125,10551.0498046875,10337.4501953125,10338.2001953125,0
2022-02-28,10621.0,10621.0,10633.400390625,10339.650390625,10435.2001953125,0
2022-03-02,10595.849609375,10595.849609375,10652.0,10525.7998046875,10550.0498046875,0
2022-03-03,10567.7998046875,10567.7998046875,10745.5498046875,10542.650390625,10725.349609375,0
2022-03-04,10351.4501953125,10351.4501953125,10515.7998046875,10334.849609375,10514.150390625,0
2022-03-07,10124.0498046875,10124.0498046875,10175.9501953125,9990.349609375,10160.7998046875,0
2022-03-08,10231.599609375,10231.599609375,10247.9501953125,10041.7001953125,10127.4501953125,0
2022-03-09,10439.349609375,10439.349609375,10467.7998046875,10275.849609375,10323.599609375,0
2022-03-10,10547.650390625,10547.650390625,10665.150390625,10504.150390625,10648.400390625,0
2022-03-11,10604.650390625,10604.650390625,10618.2998046875,10487.75,10529.349609375,0
2022-03-14,10619.5498046875,10619.5498046875,10656.0,10535.7998046875,10627.400390625,0
2022-03-15,10534.25,10534.25,10695.650390625,10486.2001953125,10657.9501953125,0
2022-03-16,10739.7998046875,10739.7998046875,10747.4501953125,10637.599609375,10653.650390625,0
2022-03-17,10870.5,10870.5,10887.5,10848.7001953125,10865.75,0
2022-03-21,10857.0,10857.0,10943.0498046875,10843.150390625,10943.0498046875,0
2022-03-22,10871.5,10871.5,10877.2998046875,10743.400390625,10869.9501953125,0
2022-03-23,10909.400390625,10909.400390625,10966.2001953125,10881.349609375,10934.599609375,0
2022-03-24,10966.349609375,10966.349609375,10985.349609375,10873.849609375,10893.2001953125,0
2022-03-25,10943.650390625,10943.650390625,11032.75,10907.0,11021.5498046875,0
2022-03-28,10926.0,10926.0,10996.349609375,10831.2001953125,10974.9501953125,0
2022-03-29,10992.4501953125,10992.4501953125,11020.349609375,10928.349609375,10982.849609375,0
2022-03-30,11091.7998046875,11091.7998046875,11111.75,11038.2001953125,11074.849609375,0
2022-03-31,11131.099609375,11131.099609375,11163.25,11099.7001953125,11122.9501953125,0
2022-04-01,11272.7998046875,11272.7998046875,11283.650390625,11132.599609375,11146.849609375,0
2022-04-04,11440.0,11440.0,11447.2998046875,11330.25,11332.599609375,0
2022-04-05,11609.0498046875,11609.0498046875,11633.7998046875,11478.650390625,11517.650390625,0
2022-04-06,11660.7001953125,11660.7001953125,11682.099609375,11564.900390625,11598.7001953125,0
2022-04-07,11558.0,11558.0,11717.75,11519.2001953125,11684.4501953125,0
2022-04-08,11666.849609375,11666.849609375,11691.900390625,11586.400390625,11629.9501953125,0
2022-04-11,11747.900390625,11747.900390625,11775.4501953125,11700.150390625,11706.599609375,0
2022-04-12,11537.650390625,11537.650390625,11745.400390625,11444.849609375,11745.400390625,0
2022-04-13,11527.400390625,11527.400390625,11641.5498046875,11518.7998046875,11609.849609375,0
2022-04-18,11395.900390625,11395.900390625,11453.2001953125,11313.2998046875,11453.2001953125,0
2022-04-19,11258.150390625,11258.150390625,11519.599609375,11166.599609375,11474.9501953125,0
2022-04-20,11329.7998046875,11329.7998046875,11421.2001953125,11274.0,11316.5498046875,0
2022-04-21,11447.0498046875,11447.0498046875,11460.599609375,11401.25,11411.7001953125,0
2022-04-22,11352.150390625,11352.150390625,11455.7001953125,11334.0498046875,11396.150390625,0
2022-04-25,11146.25,11146.25,11264.4501953125,11114.0,11262.349609375,0
2022-04-26,11307.2998046875,11307.2998046875,11317.349609375,11245.0498046875,11255.2998046875,0
2022-04-27,11213.400390625,11213.400390625,11278.650390625,11129.25,11245.7001953125,0
2022-04-28,11279.4501953125,11279.4501953125,11313.0,11189.0,11302.0,0
2022-04-29,11201.9501953125,11201.9501953125,11379.25,11183.349609375,11349.2001953125,0
2022-05-02,11144.900390625,11144.900390625,11168.349609375,11076.650390625,11125.349609375,0
2022-05-04,10916.349609375,10916.349609375,11216.0,10879.25,11190.599609375,0
2022-05-05,10918.900390625,10918.900390625,11063.25,10894.4501953125,11003.0498046875,0
2022-05-06,10731.2998046875,10731.2998046875,10768.349609375,10653.349609375,10740.7001953125,0
2022-05-09,10546.2998046875,10546.2998046875,10651.75,10470.5498046875,10642.0,0
2022-05-10,10353.7998046875,10353.7998046875,10644.7001953125,10329.599609375,10525.599609375,0
2022-05-11,10283.099609375,10283.099609375,10444.9501953125,10097.599609375,10375.9501953125,0
2022-05-12,10062.4501953125,10062.4501953125,10217.2998046875,9979.4501953125,10204.9501953125,0
2022-05-13,10161.849609375,10161.849609375,10343.7001953125,10134.5,10187.849609375,0
2022-05-16,10291.2998046875,10291.2998046875,10312.849609375,10126.650390625,10214.7998046875,0
2022-05-17,10551.0498046875,10551.0498046875,10564.849609375,10324.5,10349.7998046875,0
2022-05-18,10538.2001953125,10538.2001953125,10659.7001953125,10513.150390625,10611.5498046875,0
2022-05-19,10251.7998046875,10251.7998046875,10350.0498046875,10216.2998046875,10309.150390625,0
2022-05-20,10460.5498046875,10460.5498046875,10469.900390625,10394.4501953125,10403.7001953125,0
2022-05-23,10418.75,10418.75,10557.5498046875,10401.849609375,10515.75,0
2022-05-24,10354.25,10354.25,10466.599609375,10331.099609375,10447.5,0
2022-05-25,10118.650390625,10118.650390625,10408.5,10106.5498046875,10387.7998046875,0
2022-05-26,10238.75,10238.75,10274.7998046875,9951.099609375,10154.0498046875,0
2022-05-27,10367.2001953125,10367.2001953125,10377.849609375,10292.2001953125,10340.2998046875,0
2022-05-30,10611.75,10611.75,10618.2001953125,10471.150390625,10478.099609375,0
2022-05-31,10616.2998046875,10616.2998046875,10699.5498046875,10596.849609375,10611.0498046875,0
2022-06-01,10655.2001953125,10655.2001953125,10720.5498046875,10599.150390625,10639.5,0
2022-06-02,10710.75,10710.75,10720.5,10617.150390625,10663.5,0
2022-06-03,10548.849609375,10548.849609375,10798.650390625,10540.400390625,10787.150390625,0
2022-06-06,10527.900390625,10527.900390625,10547.599609375,10407.5,10540.2998046875,0
2022-06-07,10455.349609375,10455.349609375,10496.599609375,10400.5498046875,10493.0,0
2022-06-08,10412.099609375,10412.099609375,10517.0,10378.400390625,10469.900390625,0
2022-06-09,10455.099609375,10455.099609375,10468.0,10343.75,10375.2998046875,0
2022-06-10,10381.0498046875,10381.0498046875,10413.150390625,10347.0,10359.9501953125,0
2022-06-13,10100.099609375,10100.099609375,10221.2001953125,10078.650390625,10216.150390625,0
2022-06-14,10075.75,10075.75,10186.900390625,10035.25,10041.650390625,0
2022-06-15,10109.650390625,10109.650390625,10161.0,10081.349609375,10125.650390625,0
2022-06-16,9884.5498046875,9884.5498046875,10228.0,9845.349609375,10214.150390625,0
2022-06-17,9772.25,9772.25,9887.2001953125,9699.650390625,9814.9501953125,0
2022-06-20,9580.349609375,9580.349609375,9797.849609375,9496.599609375,9781.5,0
2022-06-21,9876.2998046875,9876.2998046875,9888.2001953125,9633.599609375,9638.2998046875,0
2022-06-22,9732.9501953125,9732.9501953125,9853.7001953125,9715.9501953125,9853.7001953125,0
2022-06-23,9845.0498046875,9845.0498046875,9871.7998046875,9723.75,9760.0498046875,0
2022-06-24,9980.7998046875,9980.7998046875,9990.7001953125,9910.849609375,9916.2998046875,0
2022-06-27,10083.75,10083.75,10130.900390625,10070.099609375,10104.7998046875,0
2022-06-28,10123.150390625,10123.150390625,10133.0498046875,9994.0,10052.9501953125,0
2022-06-29,10100.650390625,10100.650390625,10115.7001953125,10014.400390625,10030.5498046875,0
2022-06-30,10042.7998046875,10042.7998046875,10155.599609375,10017.849609375,10116.400390625,0
2022-07-01,10077.75,10077.75,10094.150390625,9937.849609375,10008.0498046875,0
2022-07-04,10143.4501953125,10143.4501953125,10153.099609375,10052.0,10086.599609375,0
2022-07-05,10131.349609375,10131.349609375,10238.0,10117.25,10179.2001953125,0
2022-07-06,10312.650390625,10312.650390625,10325.150390625,10112.25,10149.9501953125,0
2022-07-07,10450.2001953125,10450.2001953125,10458.2001953125,10381.5,10389.150390625,0
2022-07-08,10472.400390625,10472.400390625,10514.849609375,10418.2001953125,10511.25,0
2022-07-11,10577.650390625,10577.650390625,10591.150390625,10426.0498046875,10445.900390625,0
2022-07-12,10520.349609375,10520.349609375,10605.150390625,10507.7998046875,10547.349609375,0
2022-07-13,10531.0,10531.0,10605.2998046875,10509.849609375,10571.900390625,0
2022-07-14,10522.900390625,10522.900390625,10572.4501953125,10432.849609375,10555.400390625,0
2022-07-15,10593.650390625,10593.650390625,10604.4501953125,10519.75,10558.349609375,0
2022-07-18,10737.400390625,10737.400390625,10745.75,10666.2998046875,10674.099609375,0
2022-07-19,10817.099609375,10817.099609375,10829.150390625,10704.0,10716.0498046875,0
2022-07-20,10831.0,10831.0,10911.2998046875,10812.0,10910.7001953125,0
2022-07-21,10972.0,10972.0,10984.599609375,10826.5,10845.150390625,0
2022-07-22,10991.599609375,10991.599609375,11043.400390625,10952.849609375,11022.5,0
2022-07-25,10983.7001953125,10983.7001953125,11009.5,10936.7998046875,10995.650390625,0
2022-07-26,10866.2001953125,10866.2001953125,10995.849609375,10853.75,10992.4501953125,0
2022-07-27,10959.599609375,10959.599609375,10969.9501953125,10829.400390625,10855.7001953125,0
2022-07-28,11040.5498046875,11040.5498046875,11050.849609375,10969.25,11027.900390625,0
2022-07-29,11194.7001953125,11194.7001953125,11206.849609375,11110.400390625,11118.2001953125,0
2022-08-01,11364.150390625,11364.150390625,11370.75,11201.2001953125,11256.4501953125,0
2022-08-02,11416.650390625,11416.650390625,11437.099609375,11305.900390625,11364.150390625,0
2022-08-03,11356.900390625,11356.900390625,11424.4501953125,11271.599609375,11415.150390625,0
2022-08-04,11417.9501953125,11417.9501953125,11453.0498046875,11225.5498046875,11410.0498046875,0
2022-08-05,11453.7001953125,11453.7001953125,11488.599609375,11422.7998046875,11451.4501953125,0
2022-08-08,11482.2998046875,11482.2998046875,11530.2001953125,11416.400390625,11465.4501953125,0
2022-08-10,11458.0498046875,11458.0498046875,11536.7998046875,11427.2001953125,11522.150390625,0
2022-08-11,11549.7998046875,11549.7998046875,11566.099609375,11529.150390625,11546.650390625,0
2022-08-12,11624.599609375,11624.599609375,11641.7998046875,11547.5,11571.650390625,0
2022-08-16,11782.2998046875,11782.2998046875,11788.650390625,11669.0498046875,11683.5498046875,0
2022-08-17,11830.599609375,11830.599609375,11858.4501953125,11811.849609375,11828.650390625,0
2022-08-18,11849.4501953125,11849.4501953125,11884.349609375,11808.400390625,11835.0498046875,0
2022-08-19,11701.349609375,11701.349609375,11903.2001953125,11673.4501953125,11886.599609375,0
2022-08-22,11489.7998046875,11489.7998046875,11670.25,11467.75,11670.25,0
2022-08-23,11598.849609375,11598.849609375,11620.900390625,11391.5,11396.400390625,0
2022-08-24,11675.0498046875,11675.0498046875,11682.4501953125,11588.7001953125,11595.400390625,0
2022-08-25,11685.849609375,11685.849609375,11775.349609375,11667.2001953125,11738.5498046875,0
2022-08-26,11730.599609375,11730.599609375,11801.2998046875,11709.75,11752.349609375,0
2022-08-29,11633.900390625,11633.900390625,11647.7998046875,11417.349609375,11418.150390625,0
2022-08-30,11867.0,11867.0,11879.25,11720.0,11722.0498046875,0
2022-09-01,11896.9501953125,11896.9501953125,11918.099609375,11790.0498046875,11805.25,0
2022-09-02,11865.5498046875,11865.5498046875,11982.75,11849.7998046875,11957.0498046875,0
2022-09-05,11930.349609375,11930.349609375,11952.5498046875,11896.849609375,11900.7001953125,0
2022-09-06,11974.9501953125,11974.9501953125,12005.849609375,11924.0,11987.099609375,0
2022-09-07,12038.849609375,12038.849609375,12050.099609375,11927.7001953125,11945.5498046875,0
2022-09-08,12080.7998046875,12080.7998046875,12146.349609375,12053.4501953125,12124.900390625,0
2022-09-09,12129.4501953125,12129.4501953125,12195.75,12098.349609375,12155.150390625,0
2022-09-12,12228.0498046875,12228.0498046875,12242.25,12173.25,12184.0,0
2022-09-13,12245.650390625,12245.650390625,12314.099609375,12232.9501953125,12289.2998046875,0
2022-09-14,12203.5498046875,12203.5498046875,12234.650390625,12081.2998046875,12093.7998046875,0
2022-09-15,12242.849609375,12242.849609375,12308.900390625,12173.5498046875,12266.25,0
2022-09-16,11933.2998046875,11933.2998046875,12260.599609375,11863.0,12240.599609375,0
2022-09-19,11936.5498046875,11936.5498046875,11984.0498046875,11810.900390625,11954.5,0
2022-09-20,12111.2998046875,12111.2998046875,12174.650390625,12026.150390625,12029.5,0
2022-09-21,12027.5,12027.5,12194.5,12000.0,12124.7998046875,0
2022-09-22,12067.400390625,12067.400390625,12097.0498046875,11928.099609375,11992.849609375,0
2022-09-23,11811.900390625,11811.900390625,12104.2001953125,11798.7001953125,12082.0498046875,0
2022-09-26,11461.7001953125,11461.7001953125,11715.5,11377.849609375,11711.099609375,0
2022-09-27,11469.75,11469.75,11574.2998046875,11375.9501953125,11519.5,0
2022-09-28,11439.400390625,11439.400390625,11533.75,11371.599609375,11401.0498046875,0
2022-09-29,11488.599609375,11488.599609375,11590.5,11416.5498046875,11552.0,0
2022-09-30,11654.4501953125,11654.4501953125,11673.9501953125,11373.650390625,11478.7001953125,0
2022-10-03,11533.349609375,11533.349609375,11694.2998046875,11481.0498046875,11658.9501953125,0
2022-10-04,11794.349609375,11794.349609375,11803.2998046875,11656.7001953125,11692.099609375,0
2022-10-06,11933.349609375,11933.349609375,11963.7998046875,11875.650390625,11878.7998046875,0
2022-10-07,11903.0498046875,11903.0498046875,11953.75,11826.099609375,11944.4501953125,0
2022-10-10,11796.0498046875,11796.0498046875,11831.2001953125,11727.599609375,11778.349609375,0
2022-10-11,11607.0,11607.0,11832.0,11581.099609375,11829.75,0
2022-10-12,11672.4501953125,11672.4501953125,11688.150390625,11529.5498046875,11642.599609375,0
2022-10-13,11599.7001953125,11599.7001953125,11695.75,11558.150390625,11677.650390625,0
2022-10-14,11591.650390625,11591.650390625,11777.650390625,11579.7001953125,11751.7998046875,0
2022-10-17,11611.650390625,11611.650390625,11626.7001953125,11472.7998046875,11561.849609375,0
2022-10-18,11727.75,11727.75,11737.7998046875,11645.400390625,11689.349609375,0
2022-10-19,11737.900390625,11737.900390625,11791.650390625,11715.0,11761.7998046875,0
2022-10-20,11706.150390625,11706.150390625,11717.650390625,11616.5,11685.150390625,0
2022-10-21,11637.599609375,11637.599609375,11770.75,11603.0498046875,11733.349609375,0
2022-10-24,11703.0,11703.0,11762.0,11691.25,11761.900390625,0
2022-10-25,11718.900390625,11718.900390625,11750.650390625,11641.0,11718.2998046875,0
2022-10-27,11791.7998046875,11791.7998046875,11805.849609375,11740.900390625,11758.2001953125,0
2022-10-28,11715.5498046875,11715.5498046875,11823.4501953125,11689.75,11813.400390625,0
2022-10-31,11868.150390625,11868.150390625,11874.4501953125,11766.5,11767.25,0
2022-11-01,11967.900390625,11967.900390625,11981.099609375,11899.0,11905.349609375,0
2022-11-02,11965.650390625,11965.650390625,12014.2998046875,11944.0498046875,11975.150390625,0
2022-11-03,11984.75,11984.75,11997.599609375,11909.2001953125,11914.349609375,0
2022-11-04,11978.150390625,11978.150390625,12035.349609375,11950.7001953125,12005.099609375,0
2022-11-07,12066.0498046875,12066.0498046875,12076.75,12006.0498046875,12038.400390625,0
2022-11-09,11991.25,11991.25,12117.5498046875,11973.650390625,12115.900390625,0
2022-11-10,11881.9501953125,11881.9501953125,11976.7998046875,11835.2001953125,11963.7998046875,0
2022-11-11,11898.5498046875,11898.5498046875,12045.0,11880.650390625,12008.849609375,0
2022-11-14,11893.599609375,11893.599609375,11930.7001953125,11830.2001953125,11899.599609375,0
2022-11-15,11888.25,11888.25,11923.099609375,11861.75,11904.150390625,0
2022-11-16,11816.5498046875,11816.5498046875,11929.9501953125,11777.7001953125,11903.900390625,0
2022-11-17,11767.0498046875,11767.0498046875,11813.599609375,11742.650390625,11807.099609375,0
2022-11-18,11719.9501953125,11719.9501953125,11810.650390625,11653.349609375,11799.150390625,0
2022-11-21,11719.5498046875,11719.5498046875,11744.4501953125,11681.849609375,11719.0,0
2022-11-22,11762.5498046875,11762.5498046875,11771.650390625,11726.2998046875,11743.5,0
2022-11-23,11790.2001953125,11790.2001953125,11818.849609375,11773.4501953125,11799.5498046875,0
2022-11-24,11837.599609375,11837.599609375,11842.5498046875,11806.4501953125,11832.0498046875,0
2022-11-25,11943.5498046875,11943.5498046875,11953.7998046875,11862.7001953125,11865.5498046875,0
2022-11-28,12025.9501953125,12025.9501953125,12037.0,11944.25,11950.150390625,0
2022-11-29,11983.099609375,11983.099609375,12053.7001953125,11965.599609375,12030.849609375,0
2022-11-30,12093.5,12093.5,12121.650390625,11997.400390625,11998.4501953125,0
2022-12-01,12185.25,12185.25,12209.7998046875,12122.2998046875,12158.400390625,0
2022-12-02,12289.599609375,12289.599609375,12297.5,12188.599609375,12199.0498046875,0
2022-12-05,12298.5,12298.5,12332.099609375,12244.849609375,12331.5,0
2022-12-06,12239.2998046875,12239.2998046875,12296.9501953125,12217.849609375,12280.849609375,0
2022-12-07,12178.849609375,12178.849609375,12273.9501953125,12159.900390625,12259.25,0
2022-12-08,12237.0498046875,12237.0498046875,12246.0498046875,12175.75,12210.5498046875,0
2022-12-09,12181.599609375,12181.599609375,12323.0,12090.2998046875,12294.4501953125,0
2022-12-12,12218.9501953125,12218.9501953125,12227.2998046875,12087.9501953125,12185.150390625,0
2022-12-13,12270.4501953125,12270.4501953125,12277.0498046875,12217.9501953125,12258.0,0
2022-12-14,12349.7001953125,12349.7001953125,12374.599609375,12300.2998046875,12313.400390625,0
2022-12-15,12237.900390625,12237.900390625,12378.5498046875,12210.9501953125,12352.599609375,0
2022-12-16,12061.25,12061.25,12226.2001953125,12028.400390625,12191.349609375,0
2022-12-19,12118.9501953125,12118.9501953125,12126.2998046875,12001.5498046875,12083.7998046875,0
2022-12-20,12098.5498046875,12098.5498046875,12120.900390625,11994.900390625,12100.25,0
2022-12-21,11908.150390625,11908.150390625,12189.7001953125,11881.849609375,12141.2001953125,0
2022-12-22,11797.0498046875,11797.0498046875,11996.5,11715.75,11960.0498046875,0
2022-12-23,11383.0498046875,11383.0498046875,11711.150390625,11360.0498046875,11685.75,0
2022-12-26,11665.2998046875,11665.2998046875,11688.75,11291.4501953125,11385.099609375,0
2022-12-27,11774.150390625,11774.150390625,11804.849609375,11673.7998046875,11741.25,0
2022-12-28,11812.2001953125,11812.2001953125,11837.9501953125,11711.7001953125,11775.400390625,0
2022-12-29,11829.25,11829.25,11853.7001953125,11695.25,11773.849609375,0
2022-12-30,11885.75,11885.75,11945.900390625,11862.7001953125,11901.7998046875,0
2023-01-02,11970.2998046875,11970.2998046875,11979.0,11877.75,11923.2998046875,0
2023-01-03,11994.400390625,11994.400390625,12025.5,11958.650390625,11995.900390625,0
2023-01-04,11886.9501953125,11886.9501953125,12030.0,11848.4501953125,12013.4501953125,0
2023-01-05,11932.849609375,11932.849609375,11941.4501953125,11849.099609375,11925.5,0
2023-01-06,11850.599609375,11850.599609375,11959.2998046875,11807.7998046875,11949.75,0
2023-01-09,11948.900390625,11948.900390625,11964.400390625,11882.0498046875,11934.5,0
2023-01-10,11899.5498046875,11899.5498046875,11966.5,11836.099609375,11966.5,0
2023-01-11,11862.849609375,11862.849609375,11940.0498046875,11847.0498046875,11925.849609375,0
2023-01-12,11836.400390625,11836.400390625,11900.150390625,11792.5,11900.0498046875,0
2023-01-13,11830.400390625,11830.400390625,11862.7001953125,11765.900390625,11862.400390625,0
2023-01-16,11800.2998046875,11800.2998046875,11895.0,11788.2998046875,11858.349609375,0
2023-01-17,11793.599609375,11793.599609375,11826.0498046875,11721.2001953125,11820.900390625,0
2023-01-18,11843.7001953125,11843.7001953125,11851.9501953125,11784.7998046875,11818.75,0
2023-01-19,11832.349609375,11832.349609375,11848.9501953125,11787.400390625,11816.349609375,0
2023-01-20,11748.9501953125,11748.9501953125,11847.0,11737.7998046875,11836.400390625,0
2023-01-23,11771.0498046875,11771.0498046875,11780.7001953125,11720.150390625,11767.349609375,0
2023-01-24,11729.900390625,11729.900390625,11807.25,11714.0498046875,11790.0498046875,0
2023-01-25,11583.2001953125,11583.2001953125,11718.150390625,11550.150390625,11717.25,0
2023-01-27,11439.599609375,11439.599609375,11619.650390625,11314.150390625,11604.099609375,0
2023-01-30,11422.2998046875,11422.2998046875,11528.4501953125,11343.2001953125,11427.0,0
2023-01-31,11596.650390625,11596.650390625,11618.9501953125,11388.650390625,11455.7998046875,0
2023-02-01,11497.650390625,11497.650390625,11767.7001953125,11318.7001953125,11685.5498046875,0
2023-02-02,11518.0498046875,11518.0498046875,11579.5,11420.5498046875,11458.099609375,0
2023-02-03,11504.7001953125,11504.7001953125,11568.349609375,11348.599609375,11548.349609375,0
2023-02-06,11602.9501953125,11602.9501953125,11616.900390625,11493.349609375,11505.75,0
2023-02-07,11601.599609375,11601.599609375,11635.400390625,11545.849609375,11621.099609375,0
2023-02-08,11699.349609375,11699.349609375,11711.900390625,11586.5498046875,11626.5,0
2023-02-09,11709.4501953125,11709.4501953125,11730.150390625,11670.5498046875,11721.5498046875,0
2023-02-10,11738.2998046875,11738.2998046875,11761.900390625,11663.4501953125,11688.4501953125,0
2023-02-13,11584.9501953125,11584.9501953125,11736.75,11567.75,11726.0,0
2023-02-14,11535.0,11535.0,11609.0,11494.599609375,11590.9501953125,0
2023-02-15,11590.349609375,11590.349609375,11600.7001953125,11515.400390625,11520.5,0
2023-02-16,11679.2001953125,11679.2001953125,11711.7998046875,11617.650390625,11637.650390625,0
2023-02-17,11605.650390625,11605.650390625,11678.5,11587.25,11654.0,0
2023-02-20,11606.150390625,11606.150390625,11653.7001953125,11547.0,11635.2001953125,0
2023-02-21,11575.099609375,11575.099609375,11654.650390625,11560.2001953125,11629.5498046875,0
2023-02-22,11459.2001953125,11459.2001953125,11559.2001953125,11421.2001953125,11538.7001953125,0
2023-02-23,11431.25,11431.25,11477.2998046875,11346.650390625,11466.0,0
2023-02-24,11403.349609375,11403.349609375,11502.9501953125,11394.099609375,11464.0498046875,0
2023-02-27,11339.849609375,11339.849609375,11397.0,11245.2998046875,11395.349609375,0
2023-02-28,11411.25,11411.25,11427.0498046875,11336.0498046875,11365.150390625,0
2023-03-01,11572.2001953125,11572.2001953125,11582.7001953125,11426.900390625,11428.0,0
2023-03-02,11547.0498046875,11547.0498046875,11587.7998046875,11536.0498046875,11580.9501953125,0
2023-03-03,11605.2001953125,11605.2001953125,11638.0498046875,11582.75,11600.9501953125,0
2023-03-06,11686.900390625,11686.900390625,11751.7998046875,11649.2998046875,11653.25,0
2023-03-08,11724.599609375,11724.599609375,11738.2998046875,11624.4501953125,11650.0,0
2023-03-09,11660.0,11660.0,11769.7998046875,11643.9501953125,11753.599609375,0
2023-03-10,11582.150390625,11582.150390625,11594.2001953125,11493.7001953125,11594.099609375,0
2023-03-13,11375.2001953125,11375.2001953125,11595.7998046875,11339.5498046875,11556.5,0
2023-03-14,11304.7001953125,11304.7001953125,11395.900390625,11259.9501953125,11387.2001953125,0
2023-03-15,11308.7998046875,11308.7998046875,11409.099609375,11291.7998046875,11383.0498046875,0
2023-03-16,11305.2001953125,11305.2001953125,11339.099609375,11161.9501953125,11291.2001953125,0
2023-03-17,11354.25,11354.25,11406.25,11304.25,11378.0,0
2023-03-20,11245.599609375,11245.599609375,11370.5,11165.849609375,11349.2998046875,0
2023-03-21,11308.099609375,11308.099609375,11320.5,11258.900390625,11288.599609375,0
2023-03-22,11339.2001953125,11339.2001953125,11380.150390625,11328.75,11350.0498046875,0
2023-03-23,11295.7998046875,11295.7998046875,11350.7001953125,11286.0498046875,11324.4501953125,0
2023-03-24,11164.650390625,11164.650390625,11305.0498046875,11144.2001953125,11293.5,0
2023-03-27,11102.099609375,11102.099609375,11180.650390625,11088.849609375,11172.7001953125,0
2023-03-28,11065.650390625,11065.650390625,11131.849609375,11016.5,11119.349609375,0
2023-03-29,11250.7001953125,11250.7001953125,11273.900390625,11054.849609375,11054.849609375,0
2023-03-31,11352.25,11352.25,11386.2998046875,11296.4501953125,11298.2001953125,0
2023-04-03,11404.349609375,11404.349609375,11413.9501953125,11361.0,11410.5,0
2023-04-05,11415.75,11415.75,11421.5,11376.099609375,11412.400390625,0
2023-04-06,11491.2001953125,11491.2001953125,11505.7001953125,11378.7001953125,11416.4501953125,0
2023-04-10,11532.849609375,11532.849609375,11541.9501953125,11479.0,11529.75,0
2023-04-11,11582.7998046875,11582.7998046875,11608.0498046875,11540.400390625,11562.5498046875,0
2023-04-12,11652.2998046875,11652.2998046875,11658.849609375,11595.7001953125,11607.25,0
2023-04-13,11671.2001953125,11671.2001953125,11703.4501953125,11630.099609375,11676.9501953125,0
2023-04-17,11714.4501953125,11714.4501953125,11720.849609375,11603.7998046875,11649.7998046875,0
2023-04-18,11783.349609375,11783.349609375,11804.2998046875,11721.2998046875,11739.4501953125,0
2023-04-19,11763.9501953125,11763.9501953125,11820.900390625,11752.5498046875,11805.25,0
2023-04-20,11755.9501953125,11755.9501953125,11799.4501953125,11747.5498046875,11784.5498046875,0
2023-04-21,11707.5498046875,11707.5498046875,11777.400390625,11663.5,11776.5498046875,0
2023-04-24,11738.599609375,11738.599609375,11746.7998046875,11681.400390625,11723.7001953125,0
2023-04-25,11730.599609375,11730.599609375,11764.25,11716.2001953125,11748.2998046875,0
2023-04-26,11743.099609375,11743.099609375,11750.75,11676.2001953125,11720.7998046875,0
2023-04-27,11811.5,11811.5,11820.2998046875,11747.900390625,11753.5498046875,0
2023-04-28,11943.5498046875,11943.5498046875,11950.7998046875,11828.25,11841.5498046875,0
2023-05-02,12037.150390625,12037.150390625,12063.0,11990.5498046875,11997.2998046875,0
2023-05-03,12066.75,12066.75,12098.599609375,12003.099609375,12025.9501953125,0
2023-05-04,12145.5,12145.5,12155.900390625,12083.75,12089.4501953125,0
2023-05-05,12066.0498046875,12066.0498046875,12174.349609375,12052.7998046875,12152.4501953125,0
2023-05-08,12177.7001953125,12177.7001953125,12187.0498046875,12100.0,12108.0,0
2023-05-09,12184.9501953125,12184.9501953125,12271.5498046875,12166.7001953125,12213.0498046875,0
2023-05-10,12195.2001953125,12195.2001953125,12217.7001953125,12115.099609375,12215.5498046875,0
2023-05-11,12232.849609375,12232.849609375,12263.849609375,12212.599609375,12240.349609375,0
2023-05-12,12196.099609375,12196.099609375,12251.0,12173.5498046875,12251.0,0
2023-05-15,12264.650390625,12264.650390625,12288.2001953125,12174.2998046875,12205.5,0
2023-05-16,12293.0498046875,12293.0498046875,12374.599609375,12285.599609375,12307.75,0
2023-05-17,12284.349609375,12284.349609375,12323.849609375,12209.9501953125,12303.9501953125,0
2023-05-18,12213.7998046875,12213.7998046875,12343.849609375,12197.25,12332.150390625,0
2023-05-19,12198.4501953125,12198.4501953125,12227.7001953125,12090.5498046875,12227.7001953125,0
2023-05-22,12264.650390625,12264.650390625,12272.0,12157.0,12190.5498046875,0
2023-05-23,12335.650390625,12335.650390625,12349.9501953125,12291.2001953125,12306.5,0
2023-05-24,12353.900390625,12353.900390625,12389.349609375,12300.0498046875,12340.25,0
2023-05-25,12392.150390625,12392.150390625,12403.2001953125,12342.9501953125,12357.9501953125,0
2023-05-26,12486.849609375,12486.849609375,12495.599609375,12397.25,12407.349609375,0
2023-05-29,12530.7001953125,12530.7001953125,12550.349609375,12485.0498046875,12540.599609375,0
2023-05-30,12576.599609375,12576.599609375,12589.5498046875,12529.7998046875,12549.0498046875,0
2023-05-31,12623.349609375,12623.349609375,12635.4501953125,12548.9501953125,12574.650390625,0
2023-06-01,12647.9501953125,12647.9501953125,12702.849609375,12631.150390625,12635.2998046875,0
2023-06-02,12705.400390625,12705.400390625,12721.900390625,12685.2001953125,12691.5,0
2023-06-05,12743.349609375,12743.349609375,12781.7998046875,12733.599609375,12762.0498046875,0
2023-06-06,12757.400390625,12757.400390625,12767.4501953125,12689.25,12758.0,0
2023-06-07,12900.7998046875,12900.7998046875,12909.849609375,12799.650390625,12805.2998046875,0
2023-06-08,12831.400390625,12831.400390625,12949.599609375,12815.2998046875,12939.2998046875,0
2023-06-09,12814.7998046875,12814.7998046875,12889.150390625,12799.900390625,12866.650390625,0
2023-06-12,12890.599609375,12890.599609375,12897.7001953125,12798.849609375,12855.099609375,0
2023-06-13,13042.2001953125,13042.2001953125,13051.2001953125,12923.0498046875,12925.5498046875,0
2023-06-14,13078.75,13078.75,13092.599609375,13043.2001953125,13084.650390625,0
2023-06-15,13100.900390625,13100.900390625,13143.4501953125,13065.9501953125,13103.0498046875,0
2023-06-16,13192.900390625,13192.900390625,13212.349609375,13138.2998046875,13146.75,0
2023-06-19,13195.0498046875,13195.0498046875,13280.400390625,13182.2998046875,13246.5,0
2023-06-20,13255.900390625,13255.900390625,13264.9501953125,13155.849609375,13200.9501953125,0
2023-06-21,13353.2998046875,13353.2998046875,13402.25,13319.4501953125,13339.599609375,0
2023-06-22,13241.7998046875,13241.7998046875,13388.7001953125,13202.2998046875,13383.349609375,0
2023-06-23,13077.5,13077.5,13242.400390625,13063.5,13240.599609375,0
2023-06-26,13187.5498046875,13187.5498046875,13202.599609375,13033.0498046875,13082.2001953125,0
2023-06-27,13250.599609375,13250.599609375,13283.900390625,13219.5498046875,13233.900390625,0
2023-06-28,13316.4501953125,13316.4501953125,13336.5,13273.7998046875,13309.75,0
2023-06-30,13401.4501953125,13401.4501953125,13411.9501953125,13352.650390625,13360.0498046875,0
2023-07-03,13427.599609375,13427.599609375,13484.75,13412.25,13472.75,0
2023-07-04,13405.2001953125,13405.2001953125,13478.2998046875,13387.0,13476.0498046875,0
2023-07-05,13481.650390625,13481.650390625,13493.0,13412.7998046875,13432.599609375,0
2023-07-06,13593.099609375,13593.099609375,13597.0,13491.2001953125,13504.650390625,0
2023-07-07,13490.7001953125,13490.7001953125,13609.900390625,13455.7998046875,13588.2001953125,0
2023-07-10,13433.5,13433.5,13534.099609375,13410.4501953125,13530.2998046875,0
2023-07-11,13534.349609375,13534.349609375,13563.150390625,13467.9501953125,13477.400390625,0
2023-07-12,13600.0,13600.0,13615.0,13549.75,13574.25,0
2023-07-13,13522.400390625,13522.400390625,13669.0498046875,13486.849609375,13649.25,0
2023-07-14,13657.4501953125,13657.4501953125,13664.849609375,13557.849609375,13581.849609375,0
2023-07-17,13709.099609375,13709.099609375,13751.400390625,13686.5,13701.849609375,0
2023-07-18,13688.2001953125,13688.2001953125,13754.900390625,13627.7001953125,13745.4501953125,0
2023-07-19,13769.7998046875,13769.7998046875,13775.900390625,13701.849609375,13726.2998046875,0
2023-07-20,13799.5498046875,13799.5498046875,13812.25,13777.150390625,13800.599609375,0
2023-07-21,13772.849609375,13772.849609375,13797.099609375,13742.75,13763.5498046875,0
2023-07-24,13762.2001953125,13762.2001953125,13830.7001953125,13746.5,13805.849609375,0
2023-07-25,13829.150390625,13829.150390625,13846.150390625,13755.900390625,13828.5,0
2023-07-26,13873.2998046875,13873.2998046875,13898.650390625,13852.25,13875.650390625,0
2023-07-27,13898.900390625,13898.900390625,13957.349609375,13859.5498046875,13934.099609375,0
2023-07-28,13976.0,13976.0,13985.0498046875,13898.849609375,13927.349609375,0
2023-07-31,14140.0,14140.0,14153.849609375,13993.4501953125,14000.650390625,0
2023-08-01,14151.0,14151.0,14200.0,14129.0,14190.0498046875,0
2023-08-02,13975.2001953125,13975.2001953125,14147.5498046875,13857.849609375,14144.349609375,0
2023-08-03,13979.0498046875,13979.0498046875,14022.900390625,13911.400390625,13968.650390625,0
2023-08-04,14079.2998046875,14079.2998046875,14109.5498046875,14021.599609375,14046.4501953125,0
2023-08-07,14149.9501953125,14149.9501953125,14159.650390625,14081.349609375,14120.25,0
2023-08-08,14186.2001953125,14186.2001953125,14210.400390625,14080.9501953125,14198.5,0
2023-08-09,14230.0498046875,14230.0498046875,14237.2998046875,14143.9501953125,14212.150390625,0
2023-08-10,14228.5,14228.5,14276.7998046875,14175.0,14255.7001953125,0
2023-08-11,14190.2998046875,14190.2998046875,14297.099609375,14172.7998046875,14292.75,0
2023-08-14,14153.9501953125,14153.9501953125,14182.5,13985.2998046875,14181.0,0
2023-08-16,14172.599609375,14172.599609375,14188.5,14078.900390625,14138.099609375,0
2023-08-17,14215.2001953125,14215.2001953125,14258.0498046875,14191.5498046875,14209.7998046875,0
2023-08-18,14193.4501953125,14193.4501953125,14253.25,14159.2001953125,14226.9501953125,0
2023-08-21,14302.150390625,14302.150390625,14311.7001953125,14205.9501953125,14227.900390625,0
2023-08-22,14454.099609375,14454.099609375,14460.5,14343.099609375,14353.150390625,0
2023-08-23,14508.75,14508.75,14556.900390625,14496.7998046875,14506.4501953125,0
2023-08-24,14547.849609375,14547.849609375,14633.0498046875,14534.5,14596.900390625,0
2023-08-25,14440.650390625,14440.650390625,14556.0498046875,14407.9501953125,14526.099609375,0
2023-08-28,14502.599609375,14502.599609375,14530.5,14456.900390625,14492.75,0
2023-08-29,14559.2998046875,14559.2998046875,14572.4501953125,14524.5498046875,14542.4501953125,0
2023-08-30,14654.4501953125,14654.4501953125,14675.849609375,14620.099609375,14624.7998046875,0
2023-08-31,14693.849609375,14693.849609375,14728.650390625,14625.5498046875,14704.5,0
2023-09-01,14810.150390625,14810.150390625,14820.25,14679.599609375,14719.349609375,0
2023-09-04,14935.0498046875,14935.0498046875,14958.900390625,14810.150390625,14880.400390625,0
2023-09-05,15100.7001953125,15100.7001953125,15114.900390625,14935.0498046875,14998.4501953125,0
2023-09-06,15104.0498046875,15104.0498046875,15146.75,15063.400390625,15146.2998046875,0
2023-09-07,15200.0498046875,15200.0498046875,15209.650390625,15104.0498046875,15135.25,0
2023-09-08,15341.0498046875,15341.0498046875,15351.150390625,15200.0498046875,15250.25,0
2023-09-11,15504.900390625,15504.900390625,15513.75,15410.650390625,15431.5,0
2023-09-12,15045.099609375,15045.099609375,15599.0498046875,15027.0,15598.5,0
2023-09-13,15063.5498046875,15063.5498046875,15114.0498046875,14836.150390625,15038.2001953125,0
2023-09-14,15204.150390625,15204.150390625,15222.150390625,15122.75,15142.150390625,0
2023-09-15,15222.7001953125,15222.7001953125,15298.25,15194.0498046875,15279.5498046875,0
2023-09-18,15168.650390625,15168.650390625,15252.400390625,15159.400390625,15251.099609375,0
2023-09-20,15121.099609375,15121.099609375,15183.0498046875,15057.25,15122.7998046875,0
2023-09-21,14990.900390625,14990.900390625,15164.7001953125,14961.099609375,15100.5,0
2023-09-22,14975.5,14975.5,15062.4501953125,14892.849609375,15013.5498046875,0
2023-09-25,15054.849609375,15054.849609375,15071.7001953125,14891.099609375,15002.650390625,0
2023-09-26,15045.599609375,15045.599609375,15105.650390625,15022.099609375,15068.9501953125,0
2023-09-27,15158.2998046875,15158.2998046875,15168.849609375,15039.5498046875,15074.5,0
2023-09-28,14985.5,14985.5,15205.349609375,14970.5498046875,15196.5,0
2023-09-29,15141.0498046875,15141.0498046875,15186.349609375,15003.7998046875,15043.849609375,0
2023-10-03,15180.4501953125,15180.4501953125,15194.900390625,15089.0498046875,15156.7998046875,0
2023-10-04,14984.9501953125,14984.9501953125,15151.0498046875,14888.25,15148.150390625,0
2023-10-05,14975.7001953125,14975.7001953125,15104.849609375,14965.349609375,15053.599609375,0
2023-10-06,15063.5,15063.5,15074.75,15002.2001953125,15034.2998046875,0
2023-10-09,14861.5,14861.5,14959.75,14832.75,14926.2998046875,0
2023-10-10,15046.400390625,15046.400390625,15061.2001953125,14924.7001953125,14925.349609375,0
2023-10-11,15121.5498046875,15121.5498046875,15205.25,15111.5,15134.599609375,0
2023-10-12,15158.099609375,15158.099609375,15205.150390625,15142.900390625,15182.099609375,0
2023-10-13,15141.349609375,15141.349609375,15189.7001953125,15088.849609375,15112.7998046875,0
2023-10-16,15167.4501953125,15167.4501953125,15202.099609375,15129.75,15166.2001953125,0
2023-10-17,15234.349609375,15234.349609375,15270.650390625,15208.5,15248.349609375,0
2023-10-18,15125.75,15125.75,15274.099609375,15100.9501953125,15258.7001953125,0
2023-10-19,15106.9501953125,15106.9501953125,15122.2001953125,14989.650390625,15073.599609375,0
2023-10-20,14963.099609375,14963.099609375,15111.849609375,14923.9501953125,15087.150390625,0
2023-10-23,14557.099609375,14557.099609375,14999.7998046875,14512.2001953125,14972.9501953125,0
2023-10-25,14470.25,14470.25,14653.0498046875,14326.5,14606.75,0
2023-10-26,14305.25,14305.25,14400.0,14133.2998046875,14390.2998046875,0
2023-10-27,14513.7001953125,14513.7001953125,14561.900390625,14398.849609375,14399.0,0
2023-10-30,14533.400390625,14533.400390625,14557.7998046875,14403.0,14547.650390625,0
2023-10-31,14566.2998046875,14566.2998046875,14658.9501953125,14556.150390625,14607.349609375,0
2023-11-01,14545.099609375,14545.099609375,14612.9501953125,14529.2001953125,14604.150390625,0
2023-11-02,14718.5,14718.5,14729.5498046875,14637.5,14638.900390625,0
2023-11-03,14819.099609375,14819.099609375,14841.25,14780.4501953125,14813.650390625,0
2023-11-06,14953.75,14953.75,14964.7001953125,14887.900390625,14917.0,0
2023-11-07,14994.099609375,14994.099609375,15023.7001953125,14940.400390625,14987.599609375,0
2023-11-08,15138.7001953125,15138.7001953125,15149.7001953125,15066.0,15070.4501953125,0
2023-11-09,15142.7998046875,15142.7998046875,15199.7998046875,15132.0,15174.150390625,0
2023-11-10,15199.150390625,15199.150390625,15212.900390625,15058.2001953125,15136.4501953125,0
2023-11-13,15292.2001953125,15292.2001953125,15309.7001953125,15223.150390625,15284.849609375,0
2023-11-15,15424.75,15424.75,15434.75,15378.0498046875,15425.7998046875,0
2023-11-16,15532.7998046875,15532.7998046875,15567.150390625,15432.5498046875,15450.650390625,0
2023-11-17,15586.099609375,15586.099609375,15601.75,15492.900390625,15520.150390625,0
2023-11-20,15589.7001953125,15589.7001953125,15654.400390625,15562.7998046875,15628.400390625,0
2023-11-21,15595.099609375,15595.099609375,15663.7998046875,15583.25,15650.7001953125,0
2023-11-22,15625.849609375,15625.849609375,15645.400390625,15511.0,15623.4501953125,0
2023-11-23,15641.599609375,15641.599609375,15687.2001953125,15633.650390625,15677.75,0
2023-11-24,15673.5,15673.5,15708.2998046875,15652.349609375,15679.0,0
2023-11-28,15734.349609375,15734.349609375,15745.5498046875,15680.75,15733.900390625,0
2023-11-29,15838.849609375,15838.849609375,15853.900390625,15808.4501953125,15814.5,0
2023-11-30,15963.25,15963.25,15990.0498046875,15796.25,15873.599609375,0
2023-12-01,16104.7998046875,16104.7998046875,16127.9501953125,16034.75,16043.400390625,0
2023-12-04,16302.4501953125,16302.4501953125,16370.7998046875,16223.2001953125,16362.0,0
2023-12-05,16364.099609375,16364.099609375,16392.75,16214.400390625,16364.400390625,0
2023-12-06,16389.05078125,16389.05078125,16460.0,16308.25,16431.19921875,0
2023-12-07,16479.849609375,16479.849609375,16489.44921875,16322.849609375,16417.150390625,0
2023-12-08,16447.94921875,16447.94921875,16560.650390625,16322.2001953125,16534.25,0
2023-12-11,16560.5,16560.5,16571.650390625,16472.05078125,16502.19921875,0
2023-12-12,16490.5,16490.5,16631.19921875,16410.19921875,16621.44921875,0
2023-12-13,16629.55078125,16629.55078125,16647.900390625,16457.94921875,16543.849609375,0
2023-12-14,16813.75,16813.75,16832.25,16724.099609375,16749.80078125,0
2023-12-15,16850.05078125,16850.05078125,16916.5,16826.900390625,16907.0,0
2023-12-18,16902.44921875,16902.44921875,16938.55078125,16771.30078125,16874.5,0
2023-12-19,16836.75,16836.75,16957.599609375,16769.849609375,16946.5,0
2023-12-20,16323.900390625,16323.900390625,16982.849609375,16265.2001953125,16922.400390625,0
2023-12-21,16560.650390625,16560.650390625,16579.599609375,16066.849609375,16181.599609375,0
2023-12-22,16693.0,16693.0,16737.599609375,16575.5,16661.349609375,0
2023-12-26,16787.0,16787.0,16826.69921875,16712.05078125,16761.80078125,0
2023-12-27,16852.44921875,16852.44921875,16932.400390625,16775.900390625,16873.5,0
2023-12-28,16933.75,16933.75,16944.55078125,16848.400390625,16909.400390625,0
2023-12-29,17077.05078125,17077.05078125,17102.400390625,16907.599609375,16972.900390625,0
2024-01-01,17174.0,17174.0,17229.0,17104.849609375,17135.0,0
2024-01-02,17148.099609375,17148.099609375,17238.0,16961.25,17214.94921875,0
2024-01-03,17189.94921875,17189.94921875,17232.30078125,17082.599609375,17176.849609375,0
2024-01-04,17443.75,17443.75,17454.900390625,17259.400390625,17264.69921875,0
2024-01-05,17499.650390625,17499.650390625,17575.650390625,17376.55078125,17525.150390625,0
2024-01-08,17350.55078125,17350.55078125,17560.25,17334.44921875,17550.849609375,0
2024-01-09,17382.0,17382.0,17517.94921875,17356.25,17472.849609375,0
2024-01-10,17425.349609375,17425.349609375,17433.5,17251.650390625,17411.849609375,0
2024-01-11,17500.5,17500.5,17536.400390625,17449.19921875,17492.349609375,0
2024-01-12,17563.849609375,17563.849609375,17589.55078125,17511.94921875,17583.30078125,0
2024-01-15,17656.349609375,17656.349609375,17685.80078125,17537.25,17659.55078125,0
2024-01-16,17599.80078125,17599.80078125,17738.25,17453.5,17706.94921875,0
2024-01-17,17413.150390625,17413.150390625,17564.349609375,17331.5,17455.69921875,0
2024-01-18,17409.44921875,17409.44921875,17431.5,16978.05078125,17386.5,0
2024-01-19,17670.849609375,17670.849609375,17687.19921875,17508.5,17546.900390625,0
2024-01-23,17204.349609375,17204.349609375,17868.0,17110.05078125,17857.900390625,0
2024-01-24,17495.55078125,17495.55078125,17518.349609375,17033.400390625,17240.94921875,0
2024-01-25,17413.75,17413.75,17559.25,17334.5,17546.69921875,0
2024-01-29,17669.69921875,17669.69921875,17678.900390625,17459.19921875,17490.349609375,0
2024-01-30,17607.150390625,17607.150390625,17782.05078125,17582.94921875,17756.650390625,0
2024-01-31,17884.69921875,17884.69921875,17893.94921875,17627.599609375,17636.900390625,0
2024-02-01,17782.80078125,17782.80078125,17937.150390625,17668.0,17937.099609375,0
2024-02-02,17873.349609375,17873.349609375,17976.69921875,17844.099609375,17863.05078125,0
2024-02-05,17871.55078125,17871.55078125,18032.650390625,17829.150390625,17940.150390625,0
2024-02-06,18082.0,18082.0,18092.94921875,17853.5,17955.650390625,0
2024-02-07,18203.349609375,18203.349609375,18252.69921875,18076.349609375,18208.349609375,0
2024-02-08,18161.849609375,18161.849609375,18345.099609375,18133.599609375,18341.5,0
2024-02-09,18003.099609375,18003.099609375,18201.349609375,17715.349609375,18200.44921875,0
2024-02-12,17572.25,17572.25,18091.80078125,17520.599609375,18090.400390625,0
2024-02-13,17622.650390625,17622.650390625,17645.900390625,17293.599609375,17598.150390625,0
2024-02-14,17773.849609375,17773.849609375,17828.75,17371.25,17442.599609375,0
2024-02-15,17941.80078125,17941.80078125,17966.400390625,17868.94921875,17887.349609375,0
2024-02-16,18081.69921875,18081.69921875,18111.0,17988.099609375,18027.25,0
2024-02-19,18166.650390625,18166.650390625,18234.099609375,18136.650390625,18193.75,0
2024-02-20,18137.400390625,18137.400390625,18229.30078125,18085.0,18184.94921875,0
2024-02-21,17939.44921875,17939.44921875,18216.44921875,17896.69921875,18201.75,0
2024-02-22,18082.900390625,18082.900390625,18103.5,17782.099609375,18019.400390625,0
2024-02-23,18149.05078125,18149.05078125,18222.400390625,18104.55078125,18165.900390625,0
2024-02-26,18093.0,18093.0,18196.19921875,18012.5,18168.44921875,0
2024-02-27,18074.30078125,18074.30078125,18183.55078125,18014.150390625,18114.30078125,0
2024-02-28,17749.0,17749.0,18126.150390625,17708.30078125,18117.25,0
2024-02-29,17831.099609375,17831.099609375,17882.80078125,17559.900390625,17749.0,0
2024-03-01,17974.650390625,17974.650390625,17985.75,17890.75,17925.05078125,0
2024-03-04,18110.05078125,18110.05078125,18145.80078125,18027.80078125,18138.80078125,0
2024-03-05,18065.19921875,18065.19921875,18156.0,18023.55078125,18121.599609375,0
2024-03-06,17950.0,17950.0,18102.30078125,17700.19921875,18094.599609375,0
2024-03-07,17995.69921875,17995.69921875,18061.94921875,17956.849609375,17978.349609375,0
2024-03-11,17911.75,17911.75,18081.05078125,17884.5,18079.099609375,0
2024-03-12,17685.599609375,17685.599609375,17957.0,17600.400390625,17937.30078125,0
2024-03-13,16948.25,16948.25,17757.19921875,16838.19921875,17720.55078125,0
2024-03-14,17308.75,17308.75,17341.5,16717.94921875,16854.900390625,0
2024-03-15,17254.19921875,17254.19921875,17399.900390625,17031.94921875,17315.900390625,0
2024-03-18,17215.849609375,17215.849609375,17306.30078125,17068.0,17250.19921875,0
2024-03-19,17022.650390625,17022.650390625,17231.099609375,16954.94921875,17227.44921875,0
2024-03-20,17011.75,17011.75,17125.44921875,16832.69921875,17085.05078125,0
2024-03-21,17396.30078125,17396.30078125,17407.55078125,17184.94921875,17186.650390625,0
2024-03-22,17502.80078125,17502.80078125,17518.05078125,17343.900390625,17386.0,0
2024-03-26,17664.349609375,17664.349609375,17680.849609375,17457.55078125,17459.69921875,0
2024-03-27,17685.849609375,17685.849609375,17778.400390625,17672.150390625,17725.25,0
2024-03-28,17766.0,17766.0,17814.25,17676.30078125,17783.150390625,0
2024-04-01,18084.69921875,18084.69921875,18101.75,17882.900390625,17902.849609375,0
2024-04-02,18286.349609375,18286.349609375,18300.349609375,18088.349609375,18151.099609375,0
2024-04-03,18378.599609375,18378.599609375,18400.0,18224.69921875,18272.849609375,0
2024-04-04,18385.94921875,18385.94921875,18523.650390625,18330.80078125,18503.400390625,0
2024-04-05,18473.25,18473.25,18500.80078125,18369.75,18398.80078125,0
2024-04-08,18511.150390625,18511.150390625,18594.900390625,18428.900390625,18593.849609375,0
2024-04-09,18465.55078125,18465.55078125,18606.30078125,18411.400390625,18599.0,0
2024-04-10,18625.400390625,18625.400390625,18647.25,18486.75,18529.599609375,0
2024-04-12,18534.69921875,18534.69921875,18722.05078125,18517.0,18620.80078125,0
2024-04-15,18283.19921875,18283.19921875,18392.94921875,18062.400390625,18206.05078125,0
2024-04-16,18260.599609375,18260.599609375,18373.44921875,18133.0,18185.19921875,0
2024-04-18,18195.650390625,18195.650390625,18445.05078125,18161.25,18362.80078125,0
2024-04-19,18111.25,18111.25,18178.900390625,17833.55078125,18042.80078125,0
2024-04-22,18234.30078125,18234.30078125,18302.94921875,18205.05078125,18265.75,0
2024-04-23,18417.94921875,18417.94921875,18441.94921875,18308.80078125,18342.44921875,0
2024-04-24,18568.30078125,18568.30078125,18582.150390625,18493.44921875,18513.05078125,0
2024-04-25,18643.25,18643.25,18660.900390625,18507.30078125,18578.150390625,0
2024-04-26,18782.5,18782.5,18812.400390625,18689.30078125,18699.19921875,0
2024-04-29,18847.0,18847.0,18861.19921875,18754.349609375,18836.25,0
2024-04-30,18893.0,18893.0,19009.94921875,18875.94921875,18914.55078125,0
2024-05-02,18975.25,18975.25,19002.349609375,18891.80078125,18971.849609375,0
2024-05-03,18907.69921875,18907.69921875,19064.05078125,18809.69921875,19052.44921875,0
2024-05-06,18821.30078125,18821.30078125,19025.25,18689.80078125,19023.650390625,0
2024-05-07,18471.849609375,18471.849609375,18866.44921875,18365.19921875,18860.849609375,0
2024-05-08,18568.69921875,18568.69921875,18615.44921875,18335.05078125,18446.849609375,0
2024-05-09,18245.349609375,18245.349609375,18617.55078125,18211.849609375,18602.150390625,0
2024-05-10,18423.30078125,18423.30078125,18441.69921875,18081.099609375,18303.44921875,0
2024-05-13,18516.75,18516.75,18545.349609375,18100.94921875,18435.80078125,0
2024-05-14,18690.099609375,18690.099609375,18705.900390625,18497.30078125,18563.80078125,0
2024-05-15,18865.19921875,18865.19921875,18889.900390625,18747.400390625,18755.099609375,0
2024-05-16,19048.80078125,19048.80078125,19067.150390625,18908.849609375,18931.55078125,0
2024-05-17,19249.19921875,19249.19921875,19257.69921875,19073.0,19111.55078125,0
2024-05-21,19413.19921875,19413.19921875,19425.900390625,19224.69921875,19372.94921875,0
2024-05-22,19469.349609375,19469.349609375,19550.69921875,19320.80078125,19498.19921875,0
2024-05-23,19562.55078125,19562.55078125,19575.25,19421.349609375,19553.30078125,0
2024-05-24,19553.150390625,19553.150390625,19667.650390625,19521.69921875,19584.099609375,0
2024-05-27,19625.900390625,19625.900390625,19717.400390625,19523.599609375,19642.0,0
2024-05-28,19474.94921875,19474.94921875,19709.69921875,19394.0,19676.150390625,0
2024-05-29,19421.19921875,19421.19921875,19495.099609375,19336.55078125,19427.400390625,0
2024-05-30,19196.69921875,19196.69921875,19434.44921875,19165.650390625,19419.55078125,0
2024-05-31,19308.75,19308.75,19382.19921875,19123.099609375,19305.94921875,0
2024-06-03,19889.849609375,19889.849609375,20033.150390625,19716.55078125,20033.150390625,0
2024-06-04,18476.25,18476.25,19921.69921875,17744.849609375,19921.69921875,0
2024-06-05,19189.80078125,19189.80078125,19245.55078125,18188.80078125,18681.55078125,0
2024-06-06,19607.19921875,19607.19921875,19714.05078125,19385.94921875,19400.80078125,0
2024-06-07,19884.25,19884.25,19898.25,19593.900390625,19665.099609375,0
2024-06-10,19956.650390625,19956.650390625,20084.900390625,19871.69921875,19992.0,0
2024-06-11,20119.55078125,20119.55078125,20201.0,19987.80078125,20042.44921875,0
2024-06-12,20321.19921875,20321.19921875,20338.849609375,20192.349609375,20204.349609375,0
2024-06-13,20480.05078125,20480.05078125,20520.849609375,20373.30078125,20473.55078125,0
2024-06-14,20698.25,20698.25,20710.19921875,20490.400390625,20547.849609375,0
2024-06-18,20809.75,20809.75,20825.400390625,20701.0,20784.400390625,0
2024-06-19,20591.650390625,20591.650390625,20880.05078125,20504.05078125,20879.94921875,0
2024-06-20,20766.69921875,20766.69921875,20780.599609375,20558.19921875,20671.5,0
2024-06-21,20735.25,20735.25,20890.69921875,20696.75,20863.099609375,0
2024-06-24,20784.0,20784.0,20831.75,20550.0,20700.19921875,0
2024-06-25,20734.55078125,20734.55078125,20922.900390625,20697.900390625,20855.19921875,0
2024-06-26,20680.69921875,20680.69921875,20789.75,20657.55078125,20763.650390625,0
2024-06-27,20723.150390625,20723.150390625,20850.80078125,20574.69921875,20729.75,0
2024-06-28,20831.94921875,20831.94921875,20893.900390625,20774.650390625,20788.19921875,0
2024-07-01,21029.900390625,21029.900390625,21045.05078125,20851.19921875,20898.349609375,0
2024-07-02,20909.900390625,20909.900390625,21117.849609375,20792.650390625,21105.69921875,0
2024-07-03,21072.75,21072.75,21105.19921875,20966.80078125,21021.099609375,0
2024-07-04,21215.30078125,21215.30078125,21238.94921875,21093.5,21162.650390625,0
2024-07-05,21352.5,21352.5,21369.05078125,21185.80078125,21246.25,0
2024-07-08,21289.349609375,21289.349609375,21444.75,21224.400390625,21428.25,0
2024-07-09,21347.5,21347.5,21439.55078125,21257.30078125,21387.75,0
2024-07-10,21266.599609375,21266.599609375,21453.80078125,20855.400390625,21443.69921875,0
2024-07-11,21312.150390625,21312.150390625,21386.599609375,21251.599609375,21370.5,0
2024-07-12,21300.25,21300.25,21401.849609375,21250.5,21400.30078125,0
2024-07-15,21448.849609375,21448.849609375,21457.55078125,21223.5,21395.150390625,0
2024-07-16,21456.5,21456.5,21554.44921875,21419.150390625,21528.44921875,0
2024-07-18,21255.599609375,21255.599609375,21456.94921875,21135.849609375,21452.94921875,0
2024-07-19,20812.25,20812.25,21243.19921875,20770.05078125,21243.19921875,0
2024-07-22,21040.349609375,21040.349609375,21074.099609375,20589.94921875,20740.80078125,0
2024-07-23,20947.80078125,20947.80078125,21165.849609375,20264.900390625,21151.650390625,0
2024-07-24,21133.349609375,21133.349609375,21163.80078125,20930.94921875,20962.44921875,0
2024-07-25,21080.44921875,21080.44921875,21132.25,20937.75,20982.69921875,0
2024-07-26,21442.400390625,21442.400390625,21463.05078125,21165.05078125,21168.94921875,0
2024-07-29,21644.849609375,21644.849609375,21671.75,21547.44921875,21606.5,0
2024-07-30,21749.5,21749.5,21803.05078125,21655.650390625,21685.349609375,0
2024-07-31,21860.94921875,21860.94921875,21913.099609375,21777.80078125,21852.69921875,0
2024-08-01,21706.44921875,21706.44921875,21969.400390625,21598.30078125,21960.80078125,0
2024-08-02,21492.25,21492.25,21617.44921875,21387.25,21499.19921875,0
2024-08-05,20734.849609375,20734.849609375,21056.150390625,20594.75,20917.25,0
2024-08-06,20611.150390625,20611.150390625,21138.849609375,20555.94921875,20888.25,0
2024-08-07,21063.69921875,21063.69921875,21085.25,20786.900390625,20969.25,0
2024-08-08,20991.0,20991.0,21176.19921875,20964.650390625,21114.0,0
2024-08-09,21151.349609375,21151.349609375,21233.650390625,21100.05078125,21173.75,0
2024-08-12,21208.69921875,21208.69921875,21247.44921875,20976.099609375,21089.75,0
2024-08-13,21044.94921875,21044.94921875,21318.349609375,21010.55078125,21298.900390625,0
2024-08-14,20917.75,20917.75,21135.349609375,20842.19921875,21116.80078125,0
2024-08-16,21298.349609375,21298.349609375,21310.80078125,21027.349609375,21061.25,0
2024-08-19,21351.400390625,21351.400390625,21455.599609375,21302.5,21413.349609375,0
2024-08-20,21529.05078125,21529.05078125,21540.94921875,21386.650390625,21452.400390625,0
2024-08-21,21617.69921875,21617.69921875,21634.69921875,21500.400390625,21547.099609375,0
2024-08-22,21760.349609375,21760.349609375,21792.5,21687.0,21719.69921875,0
2024-08-23,21645.650390625,21645.650390625,21809.099609375,21633.0,21801.650390625,0
2024-08-26,21758.44921875,21758.44921875,21778.5,21678.0,21746.75,0
2024-08-27,21869.75,21869.75,21884.05078125,21788.25,21811.75,0
2024-08-28,21838.69921875,21838.69921875,21943.400390625,21760.849609375,21934.44921875,0
2024-08-29,21741.349609375,21741.349609375,21880.5,21618.05078125,21865.44921875,0
2024-08-30,21925.44921875,21925.44921875,21956.349609375,21773.150390625,21832.599609375,0
2024-09-02,21862.849609375,21862.849609375,22015.150390625,21800.44921875,22014.150390625,0
2024-09-03,21913.80078125,21913.80078125,21983.19921875,21892.900390625,21912.25,0
2024-09-04,21895.349609375,21895.349609375,21913.099609375,21721.349609375,21763.099609375,0
2024-09-05,21976.900390625,21976.900390625,22030.849609375,21943.55078125,22002.94921875,0
2024-09-06,21675.80078125,21675.80078125,22030.849609375,21639.400390625,22003.94921875,0
2024-09-09,21621.400390625,21621.400390625,21672.69921875,21415.94921875,21665.5,0
2024-09-10,21853.55078125,21853.55078125,21902.150390625,21757.05078125,21766.44921875,0
2024-09-11,21798.94921875,21798.94921875,21991.599609375,21760.94921875,21921.650390625,0
2024-09-12,22047.69921875,22047.69921875,22061.94921875,21893.5,21963.5,0
2024-09-13,22190.349609375,22190.349609375,22243.55078125,22093.5,22127.0,0
2024-09-16,22264.69921875,22264.69921875,22314.849609375,22188.150390625,22306.05078125,0
2024-09-17,22235.349609375,22235.349609375,22320.599609375,22174.19921875,22311.5,0
2024-09-18,22079.900390625,22079.900390625,22283.44921875,21971.55078125,22261.30078125,0
2024-09-19,21965.150390625,21965.150390625,22245.849609375,21621.599609375,22190.75,0
2024-09-20,22256.099609375,22256.099609375,22326.349609375,21971.80078125,22064.400390625,0
2024-09-23,22423.69921875,22423.69921875,22442.55078125,22261.25,22369.150390625,0
2024-09-24,22493.5,22493.5,22508.75,22431.099609375,22481.75,0
2024-09-25,22357.400390625,22357.400390625,22515.400390625,22294.150390625,22509.849609375,0
2024-09-26,22367.849609375,22367.849609375,22416.30078125,22192.75,22412.349609375,0
2024-09-27,22360.849609375,22360.849609375,22434.55078125,22323.849609375,22410.55078125,0
2024-09-30,22311.94921875,22311.94921875,22363.099609375,22175.80078125,22302.650390625,0
2024-10-01,22379.75,22379.75,22400.30078125,22221.150390625,22339.75,0
2024-10-03,21904.69921875,21904.69921875,22277.25,21847.400390625,22069.44921875,0
2024-10-04,21710.599609375,21710.599609375,21983.05078125,21496.19921875,21878.650390625,0
2024-10-07,21264.5,21264.5,21834.25,21106.05078125,21795.94921875,0
2024-10-08,21685.650390625,21685.650390625,21726.400390625,21119.44921875,21191.0,0
2024-10-09,21918.30078125,21918.30078125,22040.0,21817.69921875,21831.80078125,0
2024-10-10,21885.650390625,21885.650390625,22087.400390625,21850.099609375,22037.19921875,0
2024-10-11,21979.150390625,21979.150390625,21994.30078125,21851.30078125,21917.849609375,0
2024-10-14,22058.80078125,22058.80078125,22072.94921875,21920.5,22029.94921875,0
2024-10-15,22128.650390625,22128.650390625,22146.150390625,22020.0,22136.150390625,0
2024-10-16,22085.099609375,22085.099609375,22151.05078125,21979.30078125,22103.400390625,0
2024-10-17,21718.5,21718.5,22123.25,21702.19921875,22116.05078125,0
2024-10-18,21755.650390625,21755.650390625,21785.349609375,21384.0,21625.75,0
2024-10-21,21429.900390625,21429.900390625,21869.5,21406.19921875,21807.5,0
2024-10-22,20879.44921875,20879.44921875,21468.900390625,20850.44921875,21436.75,0
2024-10-23,20985.25,20985.25,21162.349609375,20655.849609375,20846.30078125,0
2024-10-24,20932.75,20932.75,21074.75,20884.150390625,20987.400390625,0
2024-10-25,20563.69921875,20563.69921875,20996.650390625,20365.80078125,20983.849609375,0
2024-10-28,20695.55078125,20695.55078125,20773.94921875,20472.19921875,20575.75,0
2024-10-29,20867.400390625,20867.400390625,20888.80078125,20516.849609375,20779.94921875,0
2024-10-30,20916.69921875,20916.69921875,21067.599609375,20773.30078125,20836.900390625,0
2024-10-31,20876.69921875,20876.69921875,20942.55078125,20750.349609375,20919.349609375,0
2024-11-01,21021.099609375,21021.099609375,21077.599609375,20993.0,21014.75,0
2024-11-04,20767.400390625,20767.400390625,21042.400390625,20663.44921875,21042.400390625,0
2024-11-05,20862.099609375,20862.099609375,20882.75,20563.69921875,20737.19921875,0
2024-11-06,21298.5,21298.5,21324.19921875,20945.900390625,20972.900390625,0
2024-11-07,21194.849609375,21194.849609375,21434.75,21173.44921875,21388.150390625,0
2024-11-08,20919.900390625,20919.900390625,21235.0,20870.150390625,21229.849609375,0
2024-11-11,20749.94921875,20749.94921875,20923.75,20714.44921875,20871.0,0
2024-11-12,20560.599609375,20560.599609375,20935.44921875,20507.400390625,20825.25,0
2024-11-13,20010.75,20010.75,20506.69921875,19955.75,20478.69921875,0
2024-11-14,20105.25,20105.25,20247.19921875,20030.400390625,20033.44921875,0
2024-11-18,20068.55078125,20068.55078125,20213.900390625,19936.849609375,20181.80078125,0
2024-11-19,20258.099609375,20258.099609375,20429.19921875,20142.400390625,20143.5,0
2024-11-21,20180.900390625,20180.900390625,20270.400390625,20014.25,20247.25,0
2024-11-22,20412.650390625,20412.650390625,20427.0,20171.19921875,20208.599609375,0
2024-11-25,20725.69921875,20725.69921875,20833.099609375,20706.19921875,20742.900390625,0
2024-11-26,20735.099609375,20735.099609375,20880.80078125,20718.400390625,20799.650390625,0
2024-11-27,20838.19921875,20838.19921875,20849.849609375,20650.150390625,20794.400390625,0
2024-11-28,20839.900390625,20839.900390625,21001.30078125,20794.19921875,20885.650390625,0
2024-11-29,20906.650390625,20906.650390625,20941.099609375,20792.69921875,20860.05078125,0
2024-12-02,21105.94921875,21105.94921875,21126.44921875,20849.650390625,20911.05078125,0
2024-12-03,21291.349609375,21291.349609375,21303.75,21193.0,21228.05078125,0
2024-12-04,21485.150390625,21485.150390625,21500.05078125,21327.75,21368.099609375,0
2024-12-05,21577.650390625,21577.650390625,21602.75,21431.0,21595.80078125,0
2024-12-06,21665.400390625,21665.400390625,21686.94921875,21532.650390625,21622.55078125,0
2024-12-09,21748.5,21748.5,21774.849609375,21646.5,21661.0,0
2024-12-10,21809.099609375,21809.099609375,21824.0,21703.94921875,21774.5,0
2024-12-11,21879.55078125,21879.55078125,21898.849609375,21807.80078125,21825.55078125,0
2024-12-12,21770.05078125,21770.05078125,21917.55078125,21744.150390625,21907.5,0
2024-12-13,21748.099609375,21748.099609375,21762.150390625,21411.69921875,21722.650390625,0
2024-12-16,21898.80078125,21898.80078125,21914.650390625,21794.5,21805.44921875,0
2024-12-17,21754.099609375,21754.099609375,21960.25,21724.69921875,21904.75,0
2024-12-18,21623.099609375,21623.099609375,21770.099609375,21531.75,21756.599609375,0
2024-12-19,21571.30078125,21571.30078125,21588.55078125,21247.900390625,21267.30078125,0
2024-12-20,21050.599609375,21050.599609375,21665.30078125,21017.69921875,21638.94921875,0
2024-12-23,21076.150390625,21076.150390625,21197.0,20933.0,21144.650390625,0
2024-12-24,21080.69921875,21080.69921875,21160.900390625,20959.150390625,21100.599609375,0
2024-12-26,21096.849609375,21096.849609375,21150.400390625,20937.05078125,21108.05078125,0
2024-12-27,21071.849609375,21071.849609375,21179.19921875,21059.25,21143.05078125,0
2024-12-30,21109.25,21109.25,21170.599609375,20921.849609375,21067.25,0
2024-12-31,21141.19921875,21141.19921875,21187.05078125,20864.94921875,21015.0,0
2025-01-01,21246.5,21246.5,21257.150390625,21083.599609375,21148.80078125,0
2025-01-02,21473.150390625,21473.150390625,21491.849609375,21228.900390625,21286.75,0
2025-01-03,21419.30078125,21419.30078125,21579.349609375,21390.75,21512.0,0
2025-01-06,20879.650390625,20879.650390625,21481.099609375,20815.150390625,21477.44921875,0
2025-01-07,21060.80078125,21060.80078125,21142.19921875,20928.0,20930.30078125,0
2025-01-08,20840.30078125,20840.30078125,21104.69921875,20649.19921875,21099.80078125,0
2025-01-09,20674.25,20674.25,20911.25,20646.05078125,20852.5,0
2025-01-10,20252.94921875,20252.94921875,20659.19921875,20234.099609375,20632.5,0
2025-01-13,19458.30078125,19458.30078125,20070.5,19393.849609375,20015.55078125,0
2025-01-14,19883.349609375,19883.349609375,19930.599609375,19535.69921875,19536.349609375,0
2025-01-15,19955.400390625,19955.400390625,20091.30078125,19798.650390625,19973.44921875,0
2025-01-16,20172.650390625,20172.650390625,20277.5,20134.099609375,20146.44921875,0
2025-01-17,20195.900390625,20195.900390625,20264.69921875,20062.349609375,20181.44921875,0
2025-01-20,20350.900390625,20350.900390625,20398.44921875,20083.25,20310.80078125,0
2025-01-21,19946.30078125,19946.30078125,20406.849609375,19926.599609375,20384.94921875,0
2025-01-22,19696.900390625,19696.900390625,19992.349609375,19431.25,19974.150390625,0
2025-01-23,20047.94921875,20047.94921875,20102.80078125,19682.44921875,19717.44921875,0
2025-01-24,19708.94921875,19708.94921875,20114.25,19648.69921875,20053.349609375,0
2025-01-27,19152.099609375,19152.099609375,19533.0,19091.900390625,19528.650390625,0
2025-01-28,19019.099609375,19019.099609375,19241.099609375,18778.0,19190.75,0
2025-01-29,19481.75,19481.75,19499.599609375,19042.44921875,19045.55078125,0
2025-01-30,19514.25,19514.25,19679.55078125,19450.650390625,19566.849609375,0
2025-01-31,19850.94921875,19850.94921875,19878.19921875,19514.900390625,19557.849609375,0
2025-02-03,19579.19921875,19579.19921875,19683.650390625,19431.30078125,19632.150390625,0
2025-02-04,19849.150390625,19849.150390625,19868.94921875,19653.75,19705.25,0
2025-02-05,19995.69921875,19995.69921875,20098.900390625,19915.30078125,19934.05078125,0
2025-02-06,19793.75,19793.75,20086.69921875,19739.30078125,20074.69921875,0
2025-02-07,19819.599609375,19819.599609375,19919.150390625,19613.5,19814.69921875,0
2025-02-10,19406.94921875,19406.94921875,19843.19921875,19348.05078125,19817.25,0
2025-02-11,18837.0,18837.0,19434.19921875,18721.69921875,19408.400390625,0
2025-02-12,18766.849609375,18766.849609375,18871.80078125,18277.25,18797.25,0
2025-02-13,18796.80078125,18796.80078125,19035.94921875,18729.349609375,18795.599609375,0
2025-02-14,18346.80078125,18346.80078125,18891.349609375,18164.94921875,18856.349609375,0
2025-02-17,18408.44921875,18408.44921875,18429.650390625,17934.0,18215.150390625,0
2025-02-18,18375.849609375,18375.849609375,18453.75,18157.25,18428.0,0
2025-02-19,18644.900390625,18644.900390625,18669.849609375,18190.55078125,18278.5,0
2025-02-20,18888.80078125,18888.80078125,18904.19921875,18534.30078125,18598.5,0
2025-02-21,18681.349609375,18681.349609375,19039.849609375,18604.099609375,18869.80078125,0
2025-02-24,18503.900390625,18503.900390625,18567.55078125,18341.349609375,18507.55078125,0
2025-02-25,18408.75,18408.75,18595.099609375,18371.05078125,18485.94921875,0
2025-02-27,18176.849609375,18176.849609375,18453.94921875,18113.900390625,18413.099609375,0
2025-02-28,17750.55078125,17750.55078125,18032.150390625,17591.900390625,18025.400390625,0
2025-03-03,17778.55078125,17778.55078125,17822.94921875,17379.599609375,17768.55078125,0
2025-03-04,17807.30078125,17807.30078125,17895.0,17449.94921875,17583.099609375,0
2025-03-05,18240.150390625,18240.150390625,18250.55078125,17756.75,17756.75,0
2025-03-06,18341.0,18341.0,18477.44921875,18283.19921875,18407.55078125,0
2025-03-07,18290.599609375,18290.599609375,18453.19921875,18261.30078125,18334.900390625,0
2025-03-10,18031.099609375,18031.099609375,18416.5,17974.44921875,18308.849609375,0
2025-03-11,18106.900390625,18106.900390625,18145.19921875,17800.94921875,17866.099609375,0
2025-03-12,18014.25,18014.25,18221.94921875,17820.849609375,18167.94921875,0
2025-03-13,17902.0,17902.0,18106.05078125,17871.5,18082.650390625,0
2025-03-17,18037.25,18037.25,18101.900390625,17897.900390625,17931.69921875,0
2025-03-18,18408.400390625,18408.400390625,18428.44921875,18088.25,18132.650390625,0
2025-03-19,18844.400390625,18844.400390625,18874.25,18453.30078125,18486.900390625,0
2025-03-20,18948.44921875,18948.44921875,19008.900390625,18778.44921875,18959.400390625,0
2025-03-21,19203.30078125,19203.30078125,19227.05078125,18914.650390625,18963.94921875,0
2025-03-24,19418.30078125,19418.30078125,19501.150390625,19260.0,19343.5,0
2025-03-25,19228.349609375,19228.349609375,19568.400390625,19138.5,19556.25,0
2025-03-26,19106.650390625,19106.650390625,19377.19921875,19083.650390625,19256.0,0
2025-03-27,19175.400390625,19175.400390625,19213.19921875,18966.69921875,19029.69921875,0
2025-03-28,19120.349609375,19120.349609375,19389.599609375,19039.349609375,19260.150390625,0
2025-04-01,18931.400390625,18931.400390625,19222.30078125,18889.69921875,19081.44921875,0
2025-04-02,19200.75,19200.75,19212.69921875,18804.75,18974.44921875,0
2025-04-03,19238.400390625,19238.400390625,19271.650390625,19044.5,19051.099609375,0
2025-04-04,18675.30078125,18675.30078125,19211.75,18567.099609375,19198.150390625,0
2025-04-07,18005.099609375,18005.099609375,18099.599609375,17269.5,17269.55078125,0
2025-04-08,18387.05078125,18387.05078125,18502.30078125,18149.150390625,18386.05078125,0
2025-04-09,18272.75,18272.75,18342.94921875,18053.099609375,18342.349609375,0
2025-04-11,18614.150390625,18614.150390625,18661.099609375,18469.900390625,18624.400390625,0
2025-04-15,19178.5,19178.5,19208.599609375,18838.5,18936.099609375,0
2025-04-16,19320.599609375,19320.599609375,19331.400390625,19174.5,19216.55078125,0
2025-04-17,19433.44921875,19433.44921875,19459.0,19225.80078125,19306.150390625,0
2025-04-21,19863.650390625,19863.650390625,19886.05078125,19485.400390625,19533.099609375,0
2025-04-22,20032.30078125,20032.30078125,20106.30078125,19816.69921875,19935.94921875,0
2025-04-23,20229.05078125,20229.05078125,20244.099609375,19895.400390625,20159.349609375,0
2025-04-24,20194.400390625,20194.400390625,20282.0,20175.55078125,20241.80078125,0
2025-04-25,19694.849609375,19694.849609375,20266.849609375,19532.5,20232.099609375,0
2025-04-28,19966.69921875,19966.69921875,19978.25,19660.900390625,19661.80078125,0
2025-04-29,20009.05078125,20009.05078125,20163.0,19962.900390625,20032.69921875,0
2025-04-30,19873.150390625,19873.150390625,20109.25,19785.94921875,20021.19921875,0
2025-05-02,19738.099609375,19738.099609375,20024.650390625,19690.099609375,19836.94921875,0
2025-05-05,20049.150390625,20049.150390625,20064.0,19802.099609375,19825.80078125,0
2025-05-06,19646.19921875,19646.19921875,20132.400390625,19614.44921875,20093.5,0
2025-05-07,19943.650390625,19943.650390625,19959.94921875,19404.55078125,19407.25,0
2025-05-08,19591.80078125,19591.80078125,20082.0,19487.150390625,20016.650390625,0
2025-05-09,19596.25,19596.25,19632.94921875,19165.099609375,19165.400390625,0
2025-05-12,20331.5,20331.5,20340.75,20077.099609375,20133.349609375,0
2025-05-13,20379.30078125,20379.30078125,20473.099609375,20285.099609375,20366.5,0
2025-05-14,20637.900390625,20637.900390625,20656.75,20388.849609375,20465.25,0
2025-05-15,20781.150390625,20781.150390625,20796.5,20614.44921875,20712.05078125,0
2025-05-16,20960.150390625,20960.150390625,20983.349609375,20779.599609375,20871.349609375,0
2025-05-19,20992.80078125,20992.80078125,21108.75,20878.900390625,21030.849609375,0
2025-05-20,20665.25,20665.25,21121.150390625,20634.75,21111.150390625,0
2025-05-21,20828.75,20828.75,20868.19921875,20612.849609375,20687.099609375,0
2025-05-22,20752.69921875,20752.69921875,20827.55078125,20632.400390625,20792.400390625,0
2025-05-23,20874.400390625,20874.400390625,20901.849609375,20705.55078125,20797.75,0
2025-05-26,20991.0,20991.0,21053.849609375,20946.650390625,20952.650390625,0
2025-05-27,21034.44921875,21034.44921875,21062.69921875,20917.349609375,21020.94921875,0
2025-05-28,21044.400390625,21044.400390625,21154.19921875,21022.400390625,21074.75,0
2025-05-29,21163.150390625,21163.150390625,21187.349609375,21040.94921875,21145.349609375,0
2025-05-30,21125.55078125,21125.55078125,21268.599609375,21076.69921875,21220.25,0
2025-06-02,21240.80078125,21240.80078125,21260.75,21053.099609375,21115.94921875,0
2025-06-03,21164.75,21164.75,21336.5,21142.94921875,21327.69921875,0
2025-06-04,21334.599609375,21334.599609375,21346.44921875,21098.099609375,21217.900390625,0
2025-06-05,21476.44921875,21476.44921875,21502.30078125,21377.849609375,21410.849609375,0
2025-06-06,21688.599609375,21688.599609375,21712.900390625,21472.25,21551.099609375,0
2025-06-09,21908.349609375,21908.349609375,21921.55078125,21794.099609375,21827.80078125,0
2025-06-10,21915.900390625,21915.900390625,22007.19921875,21867.400390625,21999.5,0
2025-06-11,21846.05078125,21846.05078125,22004.80078125,21748.69921875,21968.599609375,0
2025-06-12,21509.650390625,21509.650390625,21870.0,21476.75,21868.599609375,0
2025-06-13,21433.05078125,21433.05078125,21466.75,21091.05078125,21091.05078125,0
2025-06-16,21594.44921875,21594.44921875,21607.25,21194.900390625,21431.099609375,0
2025-06-17,21460.94921875,21460.94921875,21675.349609375,21433.75,21628.650390625,0
2025-06-18,21358.5,21358.5,21538.650390625,21304.94921875,21422.5,0
2025-06-19,21022.94921875,21022.94921875,21399.75,20974.30078125,21371.650390625,0
2025-06-20,21285.44921875,21285.44921875,21318.900390625,20999.349609375,21016.5,0
2025-06-23,21371.30078125,21371.30078125,21413.75,21126.44921875,21142.0,0
2025-06-24,21523.05078125,21523.05078125,21628.5,21475.94921875,21589.849609375,0
2025-06-25,21640.650390625,21640.650390625,21660.650390625,21571.19921875,21614.30078125,0
2025-06-26,21753.150390625,21753.150390625,21761.650390625,21600.80078125,21704.30078125,0
2025-06-27,21840.19921875,21840.19921875,21920.5,21802.849609375,21831.650390625,0
2025-06-30,21988.650390625,21988.650390625,22001.400390625,21865.599609375,21941.94921875,0
2025-07-01,21951.05078125,21951.05078125,22048.25,21859.69921875,22038.05078125,0
2025-07-02,21940.150390625,21940.150390625,21985.80078125,21826.400390625,21973.400390625,0
2025-07-03,21977.25,21977.25,22065.849609375,21930.5,21987.75,0
2025-07-04,21973.150390625,21973.150390625,22054.80078125,21866.55078125,22013.650390625,0
2025-07-07,21916.30078125,21916.30078125,21997.69921875,21880.30078125,21980.900390625,0
2025-07-08,21886.150390625,21886.150390625,21984.69921875,21729.0,21925.80078125,0
2025-07-09,21878.650390625,21878.650390625,21934.150390625,21839.650390625,21903.30078125,0
2025-07-10,21818.349609375,21818.349609375,21924.849609375,21751.05078125,21908.80078125,0
2025-07-11,21636.400390625,21636.400390625,21844.19921875,21588.75,21796.69921875,0
2025-07-14,21773.900390625,21773.900390625,21788.599609375,21581.75,21669.69921875,0
2025-07-15,21974.900390625,21974.900390625,21989.650390625,21807.150390625,21822.55078125,0
2025-07-16,21996.30078125,21996.30078125,22050.650390625,21957.349609375,22010.599609375,0
2025-07-17,22006.25,22006.25,22070.25,21977.44921875,22058.69921875,0
2025-07-18,21858.849609375,21858.849609375,22060.30078125,21830.349609375,22031.25,0
2025-07-21,21997.0,21997.0,22020.849609375,21753.099609375,21866.25,0
2025-07-22,21884.05078125,21884.05078125,22062.349609375,21863.5,22058.599609375,0
2025-07-23,21949.25,21949.25,21957.599609375,21789.0,21925.599609375,0
2025-07-24,21856.150390625,21856.150390625,21959.900390625,21813.05078125,21956.849609375,0
2025-07-25,21501.599609375,21501.599609375,21821.05078125,21479.900390625,21812.05078125,0
2025-07-28,21314.849609375,21314.849609375,21648.349609375,21276.599609375,21468.05078125,0
2025-07-29,21501.0,21501.0,21521.599609375,21257.400390625,21284.94921875,0
2025-07-30,21540.25,21540.25,21572.5,21446.900390625,21544.400390625,0
2025-07-31,21361.30078125,21361.30078125,21483.0,21250.05078125,21287.55078125,0
2025-08-01,21088.650390625,21088.650390625,21409.80078125,21060.05078125,21381.69921875,0
2025-08-04,21329.400390625,21329.400390625,21345.19921875,21047.150390625,21095.599609375,0
2025-08-05,21288.849609375,21288.849609375,21387.650390625,21207.099609375,21346.400390625,0
2025-08-06,21096.650390625,21096.650390625,21340.75,21010.75,21338.05078125,0
2025-08-07,21152.099609375,21152.099609375,21183.19921875,20829.5,20997.650390625,0
2025-08-08,20848.25,20848.25,21203.19921875,20813.05078125,21202.69921875,0
2025-08-11,20983.80078125,20983.80078125,21015.349609375,20768.25,20840.44921875,0
2025-08-12,20935.19921875,20935.19921875,21052.599609375,20917.900390625,21013.849609375,0
2025-08-13,21067.30078125,21067.30078125,21110.30078125,20998.75,21023.19921875,0
2025-08-14,21017.05078125,21017.05078125,21160.94921875,20964.849609375,21120.75,0
2025-08-18,21267.05078125,21267.05078125,21378.19921875,21217.25,21249.349609375,0
2025-08-19,21466.849609375,21466.849609375,21475.849609375,21207.25,21317.55078125,0
2025-08-20,21566.099609375,21566.099609375,21590.650390625,21429.400390625,21482.0,0
2025-08-21,21476.19921875,21476.19921875,21661.900390625,21467.150390625,21633.19921875,0
2025-08-22,21438.19921875,21438.19921875,21532.0,21418.94921875,21492.400390625,0
2025-08-25,21432.30078125,21432.30078125,21547.150390625,21419.25,21515.75,0
2025-08-26,21119.30078125,21119.30078125,21402.5,21074.55078125,21366.150390625,0
2025-08-28,20864.75,20864.75,21119.80078125,20848.69921875,21119.80078125,0
2025-08-29,20750.30078125,20750.30078125,20949.44921875,20726.900390625,20860.55078125,0
2025-09-01,21111.849609375,21111.849609375,21122.5,20812.400390625,20816.19921875,0
2025-09-02,21149.69921875,21149.69921875,21247.25,21049.349609375,21183.69921875,0
2025-09-03,21292.25,21292.25,21305.150390625,21155.25,21194.30078125,0
2025-09-04,21157.94921875,21157.94921875,21524.5,21130.900390625,21524.5,0
2025-09-05,21172.650390625,21172.650390625,21310.80078125,21066.30078125,21224.400390625,0
2025-09-08,21254.099609375,21254.099609375,21348.94921875,21164.849609375,21241.0,0
2025-09-09,21295.900390625,21295.900390625,21320.30078125,21213.69921875,21299.19921875,0
2025-09-10,21498.349609375,21498.349609375,21513.94921875,21394.099609375,21402.19921875,0
2025-09-11,21507.75,21507.75,21572.099609375,21476.25,21532.55078125,0
2025-09-12,21567.19921875,21567.19921875,21610.69921875,21540.80078125,21580.599609375,0
2025-09-15,21657.400390625,21657.400390625,21676.55078125,21562.30078125,21603.099609375,0
2025-09-16,21791.150390625,21791.150390625,21805.75,21643.150390625,21697.44921875,0
2025-09-17,21831.05078125,21831.05078125,21890.0,21778.55078125,21858.55078125,0
2025-09-18,21898.80078125,21898.80078125,21914.400390625,21783.94921875,21899.44921875,0
2025-09-19,21900.599609375,21900.599609375,21955.150390625,21882.400390625,21920.55078125,0
2025-09-22,21777.5,21777.5,21943.94921875,21723.44921875,21867.900390625,0
2025-09-23,21713.599609375,21713.599609375,21828.94921875,21638.55078125,21809.400390625,0
2025-09-24,21523.349609375,21523.349609375,21732.400390625,21504.05078125,21715.69921875,0
2025-09-25,21381.5,21381.5,21620.75,21353.599609375,21536.05078125,0
2025-09-26,20967.75,20967.75,21353.30078125,20951.44921875,21334.150390625,0
2025-09-29,21020.0,21020.0,21149.650390625,20944.650390625,21037.55078125,0
2025-09-30,21038.69921875,21038.69921875,21104.30078125,20913.099609375,21083.900390625,0
2025-10-01,21220.44921875,21220.44921875,21237.0,21002.400390625,21055.55078125,0
2025-10-03,21400.30078125,21400.30078125,21413.19921875,21221.75,21256.650390625,0
2025-10-06,21551.05078125,21551.05078125,21561.30078125,21369.75,21424.75,0
2025-10-07,21635.900390625,21635.900390625,21649.849609375,21543.55078125,21589.599609375,0
2025-10-08,21477.849609375,21477.849609375,21684.75,21453.05078125,21639.150390625,0
2025-10-09,21655.900390625,21655.900390625,21664.69921875,21492.05078125,21523.25,0
2025-10-10,21743.94921875,21743.94921875,21790.599609375,21637.099609375,21681.900390625,0
2025-10-13,21746.75,21746.75,21761.19921875,21608.05078125,21676.599609375,0
2025-10-14,21595.94921875,21595.94921875,21842.30078125,21564.099609375,21813.400390625,0
2025-10-15,21796.5,21796.5,21826.5,21631.05078125,21649.30078125,0
2025-10-16,21900.900390625,21900.900390625,21930.19921875,21806.0,21861.099609375,0
2025-10-17,21782.80078125,21782.80078125,21918.44921875,21723.69921875,21916.150390625,0
2025-10-20,21924.849609375,21924.849609375,21969.650390625,21852.5,21877.099609375,0
2025-10-21,21972.05078125,21972.05078125,22039.44921875,21943.349609375,22015.849609375,0
2025-10-23,21940.05078125,21940.05078125,22100.650390625,21907.349609375,22064.55078125,0
2025-10-24,21890.900390625,21890.900390625,22040.0,21830.94921875,21984.900390625,0
2025-10-27,22064.650390625,22064.650390625,22073.400390625,21930.30078125,21960.80078125,0
2025-10-28,22063.0,22063.0,22126.400390625,21982.849609375,22103.55078125,0
2025-10-29,22190.5,22190.5,22212.25,22032.30078125,22090.099609375,0
2025-10-30,22154.44921875,22154.44921875,22237.69921875,22071.150390625,22237.150390625,0
2025-10-31,22045.94921875,22045.94921875,22238.150390625,22029.80078125,22182.19921875,0
2025-11-03,22216.099609375,22216.099609375,22251.150390625,22051.849609375,22073.099609375,0
2025-11-04,22135.94921875,22135.94921875,22255.80078125,22108.650390625,22247.05078125,0
2025-11-06,21923.099609375,21923.099609375,22166.69921875,21897.400390625,22152.900390625,0
2025-11-07,22026.400390625,22026.400390625,22055.19921875,21681.150390625,21866.5,0
2025-11-10,22126.599609375,22126.599609375,22181.30078125,22043.55078125,22068.94921875,0
2025-11-11,22224.400390625,22224.400390625,22224.400390625,22224.400390625,22224.400390625,0
2025-11-12,22394.44921875,22394.44921875,22418.25,22293.75,22317.650390625,0
2025-11-13,22322.44921875,22322.44921875,22470.25,22299.900390625,22420.400390625,0
2025-11-14,22331.25,22331.25,22403.849609375,22247.849609375,22325.44921875,0
2025-11-17,22482.400390625,22482.400390625,22493.150390625,22378.94921875,22409.30078125,0
2025-11-18,22342.650390625,22342.650390625,22495.400390625,22322.349609375,22494.599609375,0
2025-11-19,22414.650390625,22414.650390625,22432.849609375,22290.05078125,22348.0,0
2025-11-20,22406.75,22406.75,22494.80078125,22382.849609375,22490.55078125,0
2025-11-21,22151.150390625,22151.150390625,22388.19921875,22129.5,22386.150390625,0
2025-11-24,22079.400390625,22079.400390625,22209.099609375,22042.849609375,22174.650390625,0
2025-11-25,22136.44921875,22136.44921875,22157.25,22035.05078125,22089.5,0
2025-11-26,22419.099609375,22419.099609375,22432.44921875,22142.05078125,22189.80078125,0
2025-11-27,22420.099609375,22420.099609375,22483.69921875,22334.69921875,22479.599609375,0
2025-11-28,22395.400390625,22395.400390625,22453.599609375,22356.349609375,22446.650390625,0
2025-12-01,22372.30078125,22372.30078125,22484.80078125,22314.94921875,22474.75,0
2025-12-02,22327.849609375,22327.849609375,22438.19921875,22276.650390625,22376.349609375,0
2025-12-03,22130.150390625,22130.150390625,22349.650390625,22084.400390625,22338.599609375,0
2025-12-04,22120.75,22120.75,22234.0,22094.30078125,22144.0,0
2025-12-05,22207.900390625,22207.900390625,22226.80078125,22021.0,22116.900390625,0
2025-12-08,21830.0,21830.0,22235.30078125,21732.900390625,22210.650390625,0
2025-12-09,21911.0,21911.0,21934.099609375,21485.900390625,21766.599609375,0
2025-12-10,21707.900390625,21707.900390625,22015.5,21673.19921875,21940.5,0
2025-12-11,21893.25,21893.25,21905.80078125,21652.599609375,21714.400390625,0
2025-12-12,22152.099609375,22152.099609375,22168.599609375,21947.599609375,21964.05078125,0
2025-12-15,22136.80078125,22136.80078125,22148.349609375,21988.599609375,22124.849609375,0
2025-12-16,21966.150390625,21966.150390625,22116.650390625,21915.05078125,22115.94921875,0
2025-12-17,21846.25,21846.25,22015.599609375,21793.44921875,21962.44921875,0
2025-12-18,21892.75,21892.75,21921.349609375,21672.5,21859.400390625,0
2025-12-19,22146.150390625,22146.150390625,22172.400390625,21912.05078125,21935.400390625,0
2025-12-22,22328.94921875,22328.94921875,22345.400390625,22186.19921875,22222.30078125,0
2025-12-23,22353.5,22353.5,22375.94921875,22256.099609375,22362.94921875,0
2025-12-24,22247.349609375,22247.349609375,22425.849609375,22230.650390625,22376.900390625,0
2025-12-26,22190.75,22190.75,22340.349609375,22172.55078125,22241.599609375,0
2025-12-29,22100.94921875,22100.94921875,22255.400390625,22063.099609375,22214.25,0
2025-12-30,22061.900390625,22061.900390625,22100.400390625,21990.150390625,22090.05078125,0
2025-12-31,22276.900390625,22276.900390625,22348.900390625,22114.75,22116.400390625,0
2026-01-02,22579.05078125,22579.05078125,22592.400390625,22390.30078125,22424.599609375,0
2026-01-05,22555.44921875,22555.44921875,22648.44921875,22460.349609375,22635.80078125,0
2026-01-06,22510.599609375,22510.599609375,22586.69921875,22417.099609375,22582.5,0
2026-01-07,22606.5,22606.5,22650.05078125,22480.650390625,22518.75,0
2026-01-08,22180.55078125,22180.55078125,22607.19921875,22150.849609375,22604.400390625,0
2026-01-09,21985.900390625,21985.900390625,22274.25,21912.900390625,22162.150390625,0
2026-01-12,21948.849609375,21948.849609375,22003.599609375,21632.349609375,21986.900390625,0
2026-01-13,21918.69921875,21918.69921875,22106.80078125,21741.150390625,22030.599609375,0
2026-01-14,21965.44921875,21965.44921875,22010.94921875,21833.099609375,21887.400390625,0
2026-01-16,21975.099609375,21975.099609375,22133.05078125,21924.30078125,21991.55078125,0
2026-01-19,21878.44921875,21878.44921875,21986.0,21833.0,21925.650390625,0
2026-01-20,21334.599609375,21334.599609375,21869.650390625,21265.0,21867.55078125,0
2026-01-21,21118.44921875,21118.44921875,21367.55078125,20842.44921875,21262.94921875,0
2026-01-22,21376.0,21376.0,21509.80078125,21232.25,21308.0,0
2026-01-23,21008.55078125,21008.55078125,21453.75,20976.0,21451.75,0
2026-01-27,21119.099609375,21119.099609375,21185.80078125,20807.900390625,21076.849609375,0
2026-01-28,21460.94921875,21460.94921875,21486.650390625,21191.0,21200.650390625,0
2026-01-29,21483.650390625,21483.650390625,21536.30078125,21301.650390625,21520.94921875,0
2026-01-30,21490.900390625,21490.900390625,21539.349609375,21225.44921875,21353.80078125,0
2026-02-02,21249.349609375,21249.349609375,21313.44921875,20768.099609375,21040.25,0
2026-02-03,21869.849609375,21869.849609375,22233.849609375,21753.75,22110.25,0
2026-02-04,22002.0,22002.0,22023.05078125,21699.44921875,21852.05078125,0
2026-02-05,21931.5,21931.5,21997.44921875,21777.599609375,21997.44921875,0
2026-02-06,21926.849609375,21926.849609375,21950.099609375,21663.30078125,21881.150390625,0
2026-02-09,22272.0,22272.0,22288.849609375,22023.150390625,22069.75,0
2026-02-10,22359.75,22359.75,22405.849609375,22277.25,22375.400390625,0
2026-02-11,22364.400390625,22364.400390625,22393.849609375,22249.5,22393.400390625,0
2026-02-12,22252.400390625,22252.400390625,22351.55078125,22160.599609375,22350.400390625,0
2026-02-13,21884.349609375,21884.349609375,22080.400390625,21778.0,22079.55078125,0
2026-02-16,21977.19921875,21977.19921875,21994.400390625,21715.150390625,21799.0,0
2026-02-17,22039.69921875,22039.69921875,22060.94921875,21906.25,21975.94921875,0
2026-02-18,22159.94921875,22159.94921875,22176.5,22013.94921875,22075.80078125,0
2026-02-19,21813.400390625,21813.400390625,22213.25,21747.650390625,22197.94921875,0
2026-02-20,21918.19921875,21918.19921875,21981.75,21726.94921875,21764.55078125,0
2026-02-23,21882.099609375,21882.099609375,22012.5,21781.94921875,21970.55078125,0
2026-02-24,21820.19921875,21820.19921875,21864.349609375,21611.19921875,21820.30078125,0
2026-02-25,21959.05078125,21959.05078125,21985.650390625,21822.349609375,21901.80078125,0
2026-02-26,22087.150390625,22087.150390625,22112.55078125,21948.0,22005.25,0
2026-02-27,21847.349609375,21847.349609375,22076.05078125,21809.75,22065.099609375,0
2026-03-02,21476.25,21476.25,21712.0,21075.44921875,21079.849609375,0
2026-03-04,21004.94921875,21004.94921875,21180.69921875,20850.0,21164.75,0
2026-03-05,21326.0,21326.0,21371.400390625,21041.19921875,21142.0,0
2026-03-06,21181.80078125,21181.80078125,21437.80078125,21164.05078125,21286.75,0
2026-03-09,20749.44921875,20749.44921875,20793.75,20423.55078125,20790.05078125,0
2026-03-10,21079.75,21079.75,21134.44921875,20872.75,21023.900390625,0
2026-03-11,20839.349609375,20839.349609375,21247.400390625,20797.0,21142.599609375,0
2026-03-12,20790.900390625,20790.900390625,20933.25,20442.099609375,20720.849609375,0
2026-03-13,20233.0,20233.0,20740.69921875,20186.25,20698.25,0
2026-03-16,20158.44921875,20158.44921875,20295.55078125,19824.94921875,20188.25,0
2026-03-17,20366.94921875,20366.94921875,20415.69921875,20103.400390625,20255.55078125,0
2026-03-18,20746.80078125,20746.80078125,20820.349609375,20383.400390625,20412.75,0
2026-03-19,20108.94921875,20108.94921875,20434.349609375,20030.55078125,20424.650390625,0
2026-03-20,20226.900390625,20226.900390625,20484.69921875,20196.099609375,20257.349609375,0
2026-03-23,19445.75,19445.75,20007.650390625,19384.44921875,20007.650390625,0
2026-03-24,19931.5,19931.5,20006.69921875,19528.400390625,19869.150390625,0
2026-03-25,20397.75,20397.75,20520.94921875,20110.75,20121.849609375,0
2026-03-27,19952.75,19952.75,20285.900390625,19913.599609375,20279.349609375,0
2026-03-30,19430.900390625,19430.900390625,19753.25,19398.05078125,19696.94921875,0
2026-04-01,19869.099609375,19869.099609375,20099.94921875,19783.19921875,19952.19921875,0
2026-04-02,19805.5,19805.5,19850.05078125,19218.0,19630.400390625,0
2026-04-06,20090.599609375,20090.599609375,20111.75,19586.150390625,19829.400390625,0
2026-04-07,20110.900390625,20110.900390625,20135.349609375,19801.69921875,19988.099609375,0
2026-04-08,20909.44921875,20909.44921875,20942.900390625,20700.05078125,20783.349609375,0
2026-04-09,20965.5,20965.5,21080.69921875,20744.099609375,20921.0,0
2026-04-10,21300.30078125,21300.30078125,21314.650390625,21072.849609375,21091.55078125,0
2026-04-13,21177.599609375,21177.599609375,21254.94921875,20729.19921875,20886.30078125,0
2026-04-15,21644.44921875,21644.44921875,21668.900390625,21497.94921875,21530.349609375,0
2026-04-16,21780.5,21780.5,21886.900390625,21602.80078125,21822.349609375,0
2026-04-17,22045.19921875,22045.19921875,22067.150390625,21753.75,21829.30078125,0
2026-04-20,22025.150390625,22025.150390625,22164.400390625,21863.150390625,22092.349609375,0
2026-04-21,22141.599609375,22141.599609375,22218.5,22062.5,22076.75,0
2026-04-22,22191.05078125,22191.05078125,22252.05078125,22076.599609375,22109.94921875,0
2026-04-23,22099.30078125,22099.30078125,22230.849609375,22053.900390625,22134.5,0
2026-04-24,21875.94921875,21875.94921875,22194.849609375,21770.400390625,22136.05078125,0
2026-04-27,22198.44921875,22198.44921875,22242.05078125,21979.05078125,21992.400390625,0
2026-04-28,22220.75,22220.75,22307.94921875,22164.25,22228.25,0
2026-04-29,22212.349609375,22212.349609375,22409.44921875,22176.150390625,22351.44921875,0
2026-04-30,22000.05078125,22000.05078125,22132.75,21834.900390625,22130.0,0
2026-05-04,22155.5,22155.5,22288.0,22019.05078125,22164.80078125,0
2026-05-05,22180.25,22180.25,22207.19921875,22042.44921875,22159.44921875,0
2026-05-06,22556.5,22556.5,22579.900390625,22352.400390625,22414.349609375,0
2026-05-07,22804.94921875,22804.94921875,22836.900390625,22615.69921875,22679.150390625,0
2026-05-08,22772.400390625,22772.400390625,22846.69921875,22728.0,22824.5,0
2026-05-11,22526.599609375,22526.599609375,22675.75,22443.05078125,22675.599609375,0
2026-05-12,21957.650390625,21957.650390625,22543.650390625,21933.25,22494.099609375,0
2026-05-13,22096.5,22096.5,22250.849609375,21899.19921875,21973.849609375,0
2026-05-14,22357.150390625,22357.150390625,22390.19921875,22030.5,22232.44921875,0
2026-05-15,22257.94921875,22257.94921875,22436.349609375,22228.19921875,22430.150390625,0
2026-05-18,22203.5,22203.5,22228.150390625,21842.19921875,22116.19921875,0
2026-05-19,22374.75,22374.75,22497.900390625,22260.44921875,22262.94921875,0
2026-05-20,22457.400390625,22457.400390625,22481.5,22170.94921875,22246.05078125,0
2026-05-21,22479.150390625,22479.150390625,22665.5,22434.94921875,22619.650390625,0
2026-05-22,22504.19921875,22504.19921875,22557.849609375,22419.0,22553.80078125,0
2026-05-25,22694.349609375,22694.349609375,22725.650390625,22645.75,22703.349609375,0
2026-05-26,22795.5,22795.5,22827.900390625,22667.55078125,22724.05078125,0
2026-05-27,22884.900390625,22884.900390625,22932.900390625,22814.69921875,22827.30078125,0
2026-05-29,22571.400390625,22571.400390625,23007.099609375,22512.25,22991.55078125,0
2026-06-01,22265.19921875,22265.19921875,22695.099609375,22234.0,22662.75,0
2026-06-02,22305.849609375,22305.849609375,22329.75,22025.900390625,22148.44921875,0
2026-06-03,22220.5,22220.5,22321.94921875,21962.150390625,22302.25,0
2026-06-04,22315.94921875,22315.94921875,22416.900390625,22114.150390625,22174.599609375,0
2026-06-05,22251.80078125,22251.80078125,22461.400390625,22172.599609375,22399.44921875,0
2026-06-08,21926.44921875,21926.44921875,22168.5,21841.25,21973.599609375,0
2026-06-09,22216.25,22216.25,22241.55078125,22042.94921875,22054.0,0
2026-06-10,21920.19921875,21920.19921875,22261.94921875,21875.80078125,22243.400390625,0
2026-06-11,21733.05078125,21733.05078125,21906.150390625,21698.5,21826.5,0
2026-06-12,22257.900390625,22257.900390625,22279.900390625,21931.599609375,22015.5,0
2026-06-15,22585.099609375,22585.099609375,22700.849609375,22550.349609375,22614.75,0
2026-06-16,22671.400390625,22671.400390625,22687.599609375,22541.75,22664.650390625,0
2026-06-17,22786.25,22786.25,22797.0,22683.19921875,22730.0,0
2026-06-18,22893.19921875,22893.19921875,22906.5,22788.94921875,22842.599609375,0
2026-06-19,22972.94921875,22972.94921875,23006.44921875,22747.55078125,22805.44921875,0
2026-06-22,23073.05078125,23073.05078125,23111.400390625,23008.5,23073.55078125,0
2026-06-23,22853.55078125,22853.55078125,23138.900390625,22817.400390625,23109.75,0
2026-06-24,22872.5,22872.5,22943.69921875,22715.05078125,22848.30078125,0
2026-06-25,22751.05078125,22751.05078125,23005.69921875,22723.44921875,22967.75,0
2026-06-29,22679.650390625,22679.650390625,22785.75,22539.349609375,22737.349609375,0
2026-06-30,22774.25,22774.25,22865.69921875,22617.150390625,22735.19921875,0
2026-07-01,22823.5,22823.5,22906.150390625,22775.05078125,22827.150390625,0
2026-07-02,22934.900390625,22934.900390625,22964.650390625,22856.650390625,22908.44921875,0
2026-07-03,22884.349609375,22884.349609375,23031.55078125,22866.80078125,23031.5,0
2026-07-06,22973.349609375,22973.349609375,22983.150390625,22877.150390625,22940.69921875,0
2026-07-07,22912.30078125,22912.30078125,23026.75,22826.69921875,23016.80078125,0
2026-07-08,22537.849609375,22537.849609375,22894.05078125,22431.349609375,22798.75,0
2026-07-09,22855.75,22855.75,22901.900390625,22604.25,22606.94921875,0
2026-07-10,23166.5,23166.5,23180.5,23000.25,23020.25,0
2026-07-13,23167.400390625,23167.400390625,23189.75,22962.150390625,23039.099609375,0
2026-07-14,23053.599609375,23053.599609375,23139.19921875,22995.650390625,23100.849609375,0
2026-07-15,23153.400390625,23153.400390625,23216.80078125,23090.94921875,23117.349609375,0
2026-07-16,23060.05078125,23060.05078125,23239.650390625,23017.400390625,23226.150390625,0
2026-07-17,22967.900390625,22967.900390625,23092.25,22876.44921875,23091.900390625,0
2026-07-20,23086.0,23086.0,23119.94921875,22903.599609375,22933.849609375,0
2026-07-21,23170.5,23170.5,23183.44921875,23077.650390625,23112.75,0
2026-07-22,22925.55078125,22925.55078125,23164.650390625,22890.599609375,23164.19921875,0
2026-07-23,22705.25,22705.25,22916.400390625,22660.150390625,22865.099609375,0
2026-07-24,22685.25,22685.25,22709.25,22409.55078125,22567.349609375,0
2026-07-27,22933.05078125,22933.05078125,22947.30078125,22850.150390625,22852.94921875,0
2026-07-28,22931.44921875,22931.44921875,22976.099609375,22888.75,22953.0,0
2026-07-29,23123.69921875,23123.69921875,23148.349609375,23006.400390625,23036.75,0
2026-07-30,23031.25,23031.25,23103.599609375,22958.349609375,23101.0,0
2026-07-31,23138.44921875,23138.44921875,23180.5,23004.5,23093.25,0
2026-08-03,23418.94921875,23418.94921875,23420.150390625,23214.0,23257.19921875,0
2026-08-04,23347.75,23347.75,23437.0,23277.30078125,23432.05078125,0
2026-08-05,23403.44921875,23403.44921875,23479.69921875,23344.400390625,23476.75,0
2026-08-06,23310.55078125,23310.55078125,23431.400390625,23301.099609375,23419.55078125,0
2026-08-07,23362.900390625,23362.900390625,23402.650390625,23262.69921875,23285.05078125,0
2026-08-10,23470.900390625,23470.900390625,23514.150390625,23336.599609375,23419.099609375,0
2026-08-11,23459.80078125,23459.80078125,23510.69921875,23387.69921875,23502.900390625,0
2026-08-12,23521.5,23521.5,23528.900390625,23355.0,23489.400390625,0
2026-08-13,23539.349609375,23539.349609375,23540.25,23458.150390625,23525.55078125,0
2026-08-14,23420.0,23420.0,23545.0,23410.25,23536.900390625,0
