Date,Adj Close,Close,High,Low,Open,Volume
1995-01-01,1182.2,1182.2,1182.2,1182.2,1182.2,0
1995-01-02,1182.1,1182.1,1182.1,1182.1,1182.1,0
1995-01-03,1176.8,1176.8,1176.8,1176.8,1176.8,0
1995-01-04,1163.7,1163.7,1163.7,1163.7,1163.7,0
1995-01-05,1150.0,1150.0,1150.0,1150.0,1150.0,0
1995-01-06,1130.3,1130.3,1130.3,1130.3,1130.3,0
1995-01-09,1112.1,1112.1,1112.1,1112.1,1112.1,0
1995-01-10,1079.2,1079.2,1079.2,1079.2,1079.2,0
1995-01-11,1067.5,1067.5,1067.5,1067.5,1067.5,0
1995-01-12,1066.1,1066.1,1066.1,1066.1,1066.1,0
1995-01-13,1074.4,1074.4,1074.4,1074.4,1074.4,0
1995-01-16,1087.8,1087.8,1087.8,1087.8,1087.8,0
1995-01-17,1084.0,1084.0,1084.0,1084.0,1084.0,0
1995-01-18,1091.2,1091.2,1091.2,1091.2,1091.2,0
1995-01-19,1091.5,1091.5,1091.5,1091.5,1091.5,0
1995-01-20,1075.5,1075.5,1075.5,1075.5,1075.5,0
1995-01-23,1041.7,1041.7,1041.7,1041.7,1041.7,0
1995-01-24,1019.2,1019.2,1019.2,1019.2,1019.2,0
1995-01-25,1030.0,1030.0,1030.0,1030.0,1030.0,0
1995-01-27,1043.5,1043.5,1043.5,1043.5,1043.5,0
1995-01-30,1058.6,1058.6,1058.6,1058.6,1058.6,0
1995-01-31,1071.2,1071.2,1071.2,1071.2,1071.2,0
1995-02-01,1061.7,1061.7,1061.7,1061.7,1061.7,0
1995-02-02,1066.0,1066.0,1066.0,1066.0,1066.0,0
1995-02-03,1076.2,1076.2,1076.2,1076.2,1076.2,0
1995-02-06,1061.7,1061.7,1061.7,1061.7,1061.7,0
1995-02-07,1052.7,1052.7,1052.7,1052.7,1052.7,0
1995-02-08,1042.4,1042.4,1042.4,1042.4,1042.4,0
1995-02-09,1045.2,1045.2,1045.2,1045.2,1045.2,0
1995-02-10,1037.1,1037.1,1037.1,1037.1,1037.1,0
1995-02-13,1029.8,1029.8,1029.8,1029.8,1029.8,0
1995-02-14,1032.6,1032.6,1032.6,1032.6,1032.6,0
1995-02-15,1024.1,1024.1,1024.1,1024.1,1024.1,0
1995-02-16,1002.4,1002.4,1002.4,1002.4,1002.4,0
1995-02-17,992.15,992.15,992.15,992.15,992.15,0
1995-02-20,986.46,986.46,986.46,986.46,986.46,0
1995-02-21,960.98,960.98,960.98,960.98,960.98,0
1995-02-22,948.97,948.97,948.97,948.97,948.97,0
1995-02-23,988.48,988.48,988.48,988.48,988.48,0
1995-02-24,1021.8,1021.8,1021.8,1021.8,1021.8,0
1995-02-28,1014.7,1014.7,1014.7,1014.7,1014.7,0
1995-03-01,1027.6,1027.6,1027.6,1027.6,1027.6,0
1995-03-02,1051.8,1051.8,1051.8,1051.8,1051.8,0
1995-03-03,1057.9,1057.9,1057.9,1057.9,1057.9,0
1995-03-06,1058.4,1058.4,1058.4,1058.4,1058.4,0
1995-03-07,1051.6,1051.6,1051.6,1051.6,1051.6,0
1995-03-08,1043.1,1043.1,1043.1,1043.1,1043.1,0
1995-03-09,1043.9,1043.9,1043.9,1043.9,1043.9,0
1995-03-10,1060.1,1060.1,1060.1,1060.1,1060.1,0
1995-03-13,1024.9,1024.9,1024.9,1024.9,1024.9,0
1995-03-14,1042.4,1042.4,1042.4,1042.4,1042.4,0
1995-03-15,1050.6,1050.6,1050.6,1050.6,1050.6,0
1995-03-16,1009.5,1009.5,1009.5,1009.5,1009.5,0
1995-03-23,988.53,988.53,988.53,988.53,988.53,0
1995-03-24,988.65,988.65,988.65,988.65,988.65,0
1995-03-27,995.4,995.4,995.4,995.4,995.4,0
1995-03-28,999.79,999.79,999.79,999.79,999.79,0
1995-03-29,995.62,995.62,995.62,995.62,995.62,0
1995-03-30,995.24,995.24,995.24,995.24,995.24,0
1995-03-31,990.24,990.24,990.24,990.24,990.24,0
1995-04-03,1005.3,1005.3,1005.3,1005.3,1005.3,0
1995-04-04,1022.4,1022.4,1022.4,1022.4,1022.4,0
1995-04-05,1038.2,1038.2,1038.2,1038.2,1038.2,0
1995-04-06,1052.1,1052.1,1052.1,1052.1,1052.1,0
1995-04-07,1049.7,1049.7,1049.7,1049.7,1049.7,0
1995-04-10,1047.0,1047.0,1047.0,1047.0,1047.0,0
1995-04-17,1047.6,1047.6,1047.6,1047.6,1047.6,0
1995-04-18,1031.3,1031.3,1031.3,1031.3,1031.3,0
1995-04-19,1020.3,1020.3,1020.3,1020.3,1020.3,0
1995-04-20,1008.7,1008.7,1008.7,1008.7,1008.7,0
1995-04-21,1012.7,1012.7,1012.7,1012.7,1012.7,0
1995-04-24,997.73,997.73,997.73,997.73,997.73,0
1995-04-25,982.15,982.15,982.15,982.15,982.15,0
1995-04-26,979.21,979.21,979.21,979.21,979.21,0
1995-04-27,963.54,963.54,963.54,963.54,963.54,0
1995-04-28,941.83,941.83,941.83,941.83,941.83,0
1995-05-02,908.64,908.64,908.64,908.64,908.64,0
1995-05-03,919.28,919.28,919.28,919.28,919.28,0
1995-05-04,935.04,935.04,935.04,935.04,935.04,0
1995-05-05,963.71,963.71,963.71,963.71,963.71,0
1995-05-08,964.21,964.21,964.21,964.21,964.21,0
1995-05-09,966.16,966.16,966.16,966.16,966.16,0
1995-05-10,960.98,960.98,960.98,960.98,960.98,0
1995-05-12,949.96,949.96,949.96,949.96,949.96,0
1995-05-15,941.61,941.61,941.61,941.61,941.61,0
1995-05-16,946.95,946.95,946.95,946.95,946.95,0
1995-05-17,963.57,963.57,963.57,963.57,963.57,0
1995-05-18,979.98,979.98,979.98,979.98,979.98,0
1995-05-19,993.7,993.7,993.7,993.7,993.7,0
1995-05-22,976.93,976.93,976.93,976.93,976.93,0
1995-05-23,971.64,971.64,971.64,971.64,971.64,0
1995-05-24,965.63,965.63,965.63,965.63,965.63,0
1995-05-25,959.98,959.98,959.98,959.98,959.98,0
1995-05-26,965.89,965.89,965.89,965.89,965.89,0
1995-05-29,971.49,971.49,971.49,971.49,971.49,0
1995-05-30,975.37,975.37,975.37,975.37,975.37,0
1995-05-31,997.4,997.4,997.4,997.4,997.4,0
1995-06-01,1012.1,1012.1,1012.1,1012.1,1012.1,0
1995-06-02,1008.0,1008.0,1008.0,1008.0,1008.0,0
1995-06-05,1007.4,1007.4,1007.4,1007.4,1007.4,0
1995-06-06,1016.2,1016.2,1016.2,1016.2,1016.2,0
1995-06-07,1012.8,1012.8,1012.8,1012.8,1012.8,0
1995-06-08,1004.1,1004.1,1004.1,1004.1,1004.1,0
1995-06-09,998.11,998.11,998.11,998.11,998.11,0
1995-06-12,993.45,993.45,993.45,993.45,993.45,0
1995-06-13,986.89,986.89,986.89,986.89,986.89,0
1995-06-14,991.82,991.82,991.82,991.82,991.82,0
1995-06-15,987.31,987.31,987.31,987.31,987.31,0
1995-06-16,997.37,997.37,997.37,997.37,997.37,0
1995-06-19,1002.5,1002.5,1002.5,1002.5,1002.5,0
1995-06-20,1008.7,1008.7,1008.7,1008.7,1008.7,0
1995-06-21,1005.3,1005.3,1005.3,1005.3,1005.3,0
1995-06-22,998.87,998.87,998.87,998.87,998.87,0
1995-06-23,988.58,988.58,988.58,988.58,988.58,0
1995-06-26,971.64,971.64,971.64,971.64,971.64,0
1995-06-27,966.47,966.47,966.47,966.47,966.47,0
1995-06-28,976.91,976.91,976.91,976.91,976.91,0
1995-06-29,973.19,973.19,973.19,973.19,973.19,0
1995-06-30,961.23,961.23,961.23,961.23,961.23,0
1995-07-03,938.5,938.5,938.5,938.5,938.5,0
1995-07-04,932.8,932.8,932.8,932.8,932.8,0
1995-07-05,931.33,931.33,931.33,931.33,931.33,0
1995-07-06,932.66,932.66,932.66,932.66,932.66,0
1995-07-07,940.06,940.06,940.06,940.06,940.06,0
1995-07-10,943.25,943.25,943.25,943.25,943.25,0
1995-07-11,947.68,947.68,947.68,947.68,947.68,0
1995-07-12,961.06,961.06,961.06,961.06,961.06,0
1995-07-13,970.26,970.26,970.26,970.26,970.26,0
1995-07-14,983.65,983.65,983.65,983.65,983.65,0
1995-07-17,999.83,999.83,999.83,999.83,999.83,0
1995-07-18,1000.1,1000.1,1000.1,1000.1,1000.1,0
1995-07-19,1003.4,1003.4,1003.4,1003.4,1003.4,0
1995-07-20,1012.5,1012.5,1012.5,1012.5,1012.5,0
1995-07-21,1012.0,1012.0,1012.0,1012.0,1012.0,0
1995-07-25,1032.8,1032.8,1032.8,1032.8,1032.8,0
1995-07-26,1040.5,1040.5,1040.5,1040.5,1040.5,0
1995-07-27,1039.2,1039.2,1039.2,1039.2,1039.2,0
1995-07-28,1008.8,1008.8,1008.8,1008.8,1008.8,0
1995-07-31,994.25,994.25,994.25,994.25,994.25,0
1995-08-01,993.5,993.5,993.5,993.5,993.5,0
1995-08-02,1007.5,1007.5,1007.5,1007.5,1007.5,0
1995-08-03,989.05,989.05,989.05,989.05,989.05,0
1995-08-04,993.44,993.44,993.44,993.44,993.44,0
1995-08-07,991.94,991.94,991.94,991.94,991.94,0
1995-08-08,988.84,988.84,988.84,988.84,988.84,0
1995-08-09,992.77,992.77,992.77,992.77,992.77,0
1995-08-11,988.92,988.92,988.92,988.92,988.92,0
1995-08-14,984.99,984.99,984.99,984.99,984.99,0
1995-08-16,988.75,988.75,988.75,988.75,988.75,0
1995-08-17,994.56,994.56,994.56,994.56,994.56,0
1995-08-21,995.96,995.96,995.96,995.96,995.96,0
1995-08-22,996.36,996.36,996.36,996.36,996.36,0
1995-08-24,988.38,988.38,988.38,988.38,988.38,0
1995-08-25,977.43,977.43,977.43,977.43,977.43,0
1995-08-28,967.43,967.43,967.43,967.43,967.43,0
1995-08-31,971.74,971.74,971.74,971.74,971.74,0
1995-09-01,971.34,971.34,971.34,971.34,971.34,0
1995-09-04,966.22,966.22,966.22,966.22,966.22,0
1995-09-05,960.68,960.68,960.68,960.68,960.68,0
1995-09-06,967.25,967.25,967.25,967.25,967.25,0
1995-09-07,968.03,968.03,968.03,968.03,968.03,0
1995-09-08,972.33,972.33,972.33,972.33,972.33,0
1995-09-11,973.59,973.59,973.59,973.59,973.59,0
1995-09-12,970.72,970.72,970.72,970.72,970.72,0
1995-09-13,967.98,967.98,967.98,967.98,967.98,0
1995-09-14,971.94,971.94,971.94,971.94,971.94,0
1995-09-15,974.59,974.59,974.59,974.59,974.59,0
1995-09-18,974.28,974.28,974.28,974.28,974.28,0
1995-09-19,976.04,976.04,976.04,976.04,976.04,0
1995-09-20,981.53,981.53,981.53,981.53,981.53,0
1995-09-21,987.4,987.4,987.4,987.4,987.4,0
1995-09-22,996.3,996.3,996.3,996.3,996.3,0
1995-09-25,1009.9,1009.9,1009.9,1009.9,1009.9,0
1995-09-26,1018.8,1018.8,1018.8,1018.8,1018.8,0
1995-09-27,1003.2,1003.2,1003.2,1003.2,1003.2,0
1995-09-28,1001.9,1001.9,1001.9,1001.9,1001.9,0
1995-09-29,1011.9,1011.9,1011.9,1011.9,1011.9,0
1995-10-04,1027.5,1027.5,1027.5,1027.5,1027.5,0
1995-10-05,1033.5,1033.5,1033.5,1033.5,1033.5,0
1995-10-06,1044.3,1044.3,1044.3,1044.3,1044.3,0
1995-10-09,1042.1,1042.1,1042.1,1042.1,1042.1,0
1995-10-10,1034.1,1034.1,1034.1,1034.1,1034.1,0
1995-10-11,1037.0,1037.0,1037.0,1037.0,1037.0,0
1995-10-12,1032.9,1032.9,1032.9,1032.9,1032.9,0
1995-10-13,1036.3,1036.3,1036.3,1036.3,1036.3,0
1995-10-16,1035.0,1035.0,1035.0,1035.0,1035.0,0
1995-10-17,1033.0,1033.0,1033.0,1033.0,1033.0,0
1995-10-18,1032.4,1032.4,1032.4,1032.4,1032.4,0
1995-10-19,1022.2,1022.2,1022.2,1022.2,1022.2,0
1995-10-20,1014.9,1014.9,1014.9,1014.9,1014.9,0
1995-10-23,1006.5,1006.5,1006.5,1006.5,1006.5,0
1995-10-26,985.77,985.77,985.77,985.77,985.77,0
1995-10-27,993.25,993.25,993.25,993.25,993.25,0
1995-10-30,986.94,986.94,986.94,986.94,986.94,0
1995-10-31,988.26,988.26,988.26,988.26,988.26,0
1995-11-01,1004.5,1004.5,1004.5,1004.5,1004.5,0
1995-11-02,998.31,998.31,998.31,998.31,998.31,0
1995-11-03,1000.0,1000.0,1000.91,992.69,994.2,0
1995-11-06,988.92,988.92,1001.53,988.92,1001.53,0
1995-11-07,978.22,978.22,987.17,977.05,987.17,0
1995-11-08,964.01,964.01,976.28,962.98,976.28,0
1995-11-09,953.07,953.07,960.32,952.13,960.32,0
1995-11-10,948.82,948.82,951.93,946.0,951.93,0
1995-11-13,917.26,917.26,949.29,916.48,949.29,0
1995-11-14,902.56,902.56,916.66,897.52,916.66,0
1995-11-15,913.21,913.21,913.54,901.33,901.33,0
1995-11-16,904.08,904.08,915.96,900.83,915.96,0
1995-11-17,898.86,898.86,900.41,885.31,898.72,0
1995-11-20,892.79,892.79,898.86,892.05,896.27,0
1995-11-21,876.59,876.59,891.96,876.0,891.96,0
1995-11-22,864.42,864.42,878.0,856.92,878.0,0
1995-11-23,849.5,849.5,856.2,842.33,856.2,0
1995-11-24,871.11,871.11,874.97,849.6,849.6,0
1995-11-27,861.25,861.25,878.58,858.93,871.94,0
1995-11-28,843.68,843.68,854.5,841.44,854.5,0
1995-11-29,845.12,845.12,845.36,822.54,845.36,0
1995-11-30,862.1,862.1,863.98,838.36,840.87,0
1995-12-01,873.05,873.05,877.41,866.37,867.99,0
1995-12-04,863.7,863.7,873.05,861.97,870.29,0
1995-12-05,866.52,866.52,867.59,854.47,860.02,0
1995-12-06,878.93,878.93,878.93,868.12,870.39,0
1995-12-07,898.62,898.62,901.25,881.97,881.97,0
1995-12-08,887.12,887.12,908.12,886.54,900.28,0
1995-12-11,877.41,877.41,882.58,874.37,882.58,0
1995-12-12,879.49,879.49,880.08,875.43,878.99,0
1995-12-13,889.26,889.26,889.26,881.3,881.3,0
1995-12-14,884.34,884.34,891.98,884.31,890.81,0
1995-12-15,883.41,883.41,883.85,875.5,876.95,0
1995-12-18,882.63,882.63,883.58,881.17,883.29,0
1995-12-19,883.72,883.72,884.19,879.54,882.35,0
1995-12-20,885.53,885.53,887.19,883.68,883.68,0
1995-12-21,900.5,900.5,900.5,887.73,888.25,0
1995-12-22,900.65,900.65,906.63,899.38,900.86,0
1995-12-26,905.33,905.33,906.47,898.41,899.87,0
1995-12-27,922.5,922.5,923.09,908.81,908.81,0
1995-12-28,914.55,914.55,927.6,913.76,923.67,0
1995-12-29,908.53,908.53,912.72,906.32,912.72,0
1996-01-01,908.01,908.01,913.11,906.15,913.11,0
1996-01-02,900.38,900.38,906.78,899.52,906.78,0
1996-01-03,895.96,895.96,904.48,895.48,901.66,0
1996-01-04,889.67,889.67,891.37,884.1,891.37,0
1996-01-05,884.73,884.73,887.79,881.74,887.79,0
1996-01-08,869.7,869.7,883.64,868.44,883.64,0
1996-01-09,869.12,869.12,870.71,856.77,864.84,0
1996-01-10,863.8,863.8,869.01,863.8,863.86,0
1996-01-11,873.27,873.27,873.72,861.97,862.62,0
1996-01-12,875.15,875.15,877.6,872.1,875.11,0
1996-01-15,871.32,871.32,878.74,870.98,878.74,0
1996-01-16,868.52,868.52,871.29,866.64,871.29,0
1996-01-17,857.11,857.11,866.0,857.11,866.0,0
1996-01-18,848.83,848.83,853.28,841.79,853.28,0
1996-01-19,843.99,843.99,847.17,840.18,846.66,0
1996-01-22,844.31,844.31,847.12,844.04,844.83,0
1996-01-23,832.9,832.9,846.05,830.83,846.05,0
1996-01-24,818.69,818.69,831.17,816.0,831.17,0
1996-01-25,814.92,814.92,819.56,814.34,819.56,0
1996-01-29,830.88,830.88,832.23,813.12,813.12,0
1996-01-30,846.57,846.57,848.13,836.14,836.14,0
1996-01-31,848.42,848.42,852.75,843.19,843.19,0
1996-02-01,869.54,869.54,869.54,848.28,848.28,0
1996-02-02,918.31,918.31,919.82,878.5,878.5,0
1996-02-05,943.08,943.08,949.16,927.65,933.14,0
1996-02-06,925.71,925.71,947.89,919.99,943.75,0
1996-02-07,932.02,932.02,932.02,913.22,918.97,0
1996-02-08,980.27,980.27,983.25,936.72,936.72,0
1996-02-09,1033.02,1033.02,1033.02,980.27,1001.85,0
1996-02-12,1018.51,1018.51,1045.81,1018.51,1032.47,0
1996-02-13,1027.36,1027.36,1030.3,1006.28,1019.69,0
1996-02-14,1051.99,1051.99,1067.49,1040.91,1040.91,0
1996-02-15,1046.24,1046.24,1053.19,1042.36,1048.14,0
1996-02-16,1023.08,1023.08,1040.84,1020.46,1040.84,0
1996-02-19,1021.38,1021.38,1028.26,1019.93,1027.2,0
1996-02-20,1000.13,1000.13,1021.08,999.93,1021.08,0
1996-02-22,1024.91,1024.91,1025.44,1006.84,1006.84,0
1996-02-23,1028.84,1028.84,1029.64,1019.45,1025.36,0
1996-02-26,1034.73,1034.73,1045.15,1034.52,1035.02,0
1996-02-27,1027.45,1027.45,1034.28,1024.65,1034.28,0
1996-02-28,1027.39,1027.39,1037.53,1027.39,1034.49,0
1996-02-29,992.51,992.51,1024.14,992.48,1024.14,0
1996-03-01,999.47,999.47,1002.19,989.78,994.66,0
1996-03-04,998.84,998.84,1002.41,996.51,1000.58,0
1996-03-06,1002.91,1002.91,1003.72,997.86,999.67,0
1996-03-07,998.45,998.45,1010.5,998.45,1005.06,0
1996-03-08,988.62,988.62,993.93,981.6,993.93,0
1996-03-11,975.26,975.26,981.16,966.28,981.16,0
1996-03-12,976.22,976.22,976.46,969.15,974.71,0
1996-03-13,992.14,992.14,992.54,972.77,973.75,0
1996-03-14,991.14,991.14,1002.68,990.41,993.72,0
1996-03-15,981.87,981.87,989.98,981.67,989.55,0
1996-03-18,962.09,962.09,977.71,961.37,977.71,0
1996-03-19,947.09,947.09,964.08,945.07,961.12,0
1996-03-21,965.57,965.57,967.75,957.88,957.88,0
1996-03-22,956.11,956.11,962.34,950.07,962.34,0
1996-03-25,953.98,953.98,957.19,952.25,956.89,0
1996-03-26,957.14,957.14,958.58,949.28,952.87,0
1996-03-27,974.17,974.17,975.6,965.84,965.84,0
1996-03-28,997.32,997.32,997.32,976.91,976.91,0
1996-03-29,985.3,985.3,998.16,985.3,998.16,0
1996-04-01,994.8,994.8,995.01,988.33,988.33,0
1996-04-02,1003.28,1003.28,1005.68,996.07,996.07,0
1996-04-03,1013.47,1013.47,1019.09,1012.79,1013.41,0
1996-04-04,1010.94,1010.94,1012.29,1000.9,1012.29,0
1996-04-08,1032.13,1032.13,1034.72,1024.4,1024.4,0
1996-04-09,1029.07,1029.07,1041.05,1028.78,1035.61,0
1996-04-10,1029.28,1029.28,1035.79,1027.07,1030.57,0
1996-04-11,1025.18,1025.18,1026.52,1022.31,1024.37,0
1996-04-12,1032.19,1032.19,1033.17,1023.84,1023.84,0
1996-04-15,1046.45,1046.45,1050.48,1038.03,1038.03,0
1996-04-16,1058.71,1058.71,1060.85,1046.8,1046.8,0
1996-04-17,1096.28,1096.28,1096.28,1067.93,1067.93,0
1996-04-18,1121.68,1121.68,1124.93,1107.76,1107.76,0
1996-04-19,1131.74,1131.74,1142.26,1124.3,1124.3,0
1996-04-22,1106.93,1106.93,1136.28,1102.83,1136.28,0
1996-04-23,1095.82,1095.82,1100.51,1090.04,1090.04,0
1996-04-24,1145.11,1145.11,1145.11,1126.77,1136.97,0
1996-04-25,1120.82,1120.82,1160.16,1110.61,1157.94,0
1996-04-26,1123.63,1123.63,1133.17,1106.29,1133.17,0
1996-04-29,1118.37,1118.37,1118.69,1107.51,1112.7,0
1996-04-30,1114.36,1114.36,1118.23,1112.44,1118.1,0
1996-05-01,1137.86,1137.86,1141.65,1133.92,1141.65,0
1996-05-02,1132.05,1132.05,1132.05,1123.15,1131.96,0
1996-05-03,1119.48,1119.48,1127.99,1119.34,1126.08,0
1996-05-06,1088.22,1088.22,1108.0,1087.86,1108.0,0
1996-05-07,1093.09,1093.09,1094.97,1086.66,1086.66,0
1996-05-08,1108.53,1108.53,1113.62,1075.94,1082.78,0
1996-05-09,1090.53,1090.53,1107.41,1089.87,1101.41,0
1996-05-10,1078.63,1078.63,1080.91,1063.75,1076.97,0
1996-05-13,1088.1,1088.1,1090.16,1080.68,1081.68,0
1996-05-14,1105.47,1105.47,1107.44,1085.85,1087.94,0
1996-05-15,1115.97,1115.97,1117.41,1095.67,1107.0,0
1996-05-16,1128.59,1128.59,1141.64,1126.29,1128.45,0
1996-05-17,1115.54,1115.54,1122.42,1113.59,1122.42,0
1996-05-20,1083.67,1083.67,1094.6,1083.56,1094.6,0
1996-05-21,1074.86,1074.86,1082.52,1074.19,1077.18,0
1996-05-22,1081.13,1081.13,1086.07,1079.61,1082.25,0
1996-05-23,1076.71,1076.71,1079.89,1073.76,1079.89,0
1996-05-24,1085.03,1085.03,1087.77,1077.87,1079.77,0
1996-05-27,1065.29,1065.29,1080.55,1065.29,1080.55,0
1996-05-28,1063.36,1063.36,1065.61,1046.95,1054.62,0
1996-05-29,1096.76,1096.76,1100.59,1074.23,1074.23,0
1996-05-30,1082.84,1082.84,1095.86,1082.58,1095.86,0
1996-05-31,1089.92,1089.92,1089.92,1083.73,1086.46,0
1996-06-03,1108.87,1108.87,1109.99,1098.18,1098.18,0
1996-06-04,1105.64,1105.64,1118.13,1104.32,1114.55,0
1996-06-05,1113.14,1113.14,1115.06,1104.45,1108.78,0
1996-06-06,1129.82,1129.82,1132.62,1127.52,1129.17,0
1996-06-07,1133.44,1133.44,1134.86,1126.39,1126.39,0
1996-06-10,1141.35,1141.35,1144.15,1136.86,1136.86,0
1996-06-11,1143.06,1143.06,1145.68,1136.77,1137.74,0
1996-06-12,1163.87,1163.87,1171.01,1163.58,1164.83,0
1996-06-13,1168.4,1168.4,1172.34,1164.66,1166.37,0
1996-06-14,1196.06,1196.06,1198.35,1169.26,1169.26,0
1996-06-17,1185.37,1185.37,1203.11,1184.36,1202.58,0
1996-06-18,1181.95,1181.95,1184.18,1173.66,1176.48,0
1996-06-19,1168.03,1168.03,1190.03,1163.46,1180.78,0
1996-06-20,1169.48,1169.48,1170.54,1150.4,1163.68,0
1996-06-21,1157.42,1157.42,1170.01,1155.56,1168.72,0
1996-06-24,1146.78,1146.78,1159.92,1138.88,1157.92,0
1996-06-25,1127.78,1127.78,1154.22,1123.79,1147.28,0
1996-06-26,1119.85,1119.85,1134.43,1116.96,1127.43,0
1996-06-27,1127.0,1127.0,1130.0,1107.0,1119.0,0
1996-06-28,1122.0,1122.0,1136.0,1119.0,1128.0,0
1996-07-01,1109.0,1109.0,1121.0,1105.0,1121.0,0
1996-07-02,1100.0,1100.0,1111.0,1098.0,1109.0,0
1996-07-03,1080.0,1080.0,1100.0,1076.0,1100.0,0
1996-07-04,1088.0,1088.0,1099.0,1056.0,1080.0,0
1996-07-05,1093.0,1093.0,1104.0,1088.0,1089.0,0
1996-07-08,1103.47,1103.47,1106.36,1095.08,1095.08,0
1996-07-09,1088.76,1088.76,1104.13,1082.41,1104.01,0
1996-07-10,1086.62,1086.62,1093.27,1072.48,1083.49,0
1996-07-11,1097.44,1097.44,1103.19,1089.45,1089.45,0
1996-07-12,1089.35,1089.35,1099.2,1086.07,1096.85,0
1996-07-15,1093.38,1093.38,1098.35,1081.22,1089.0,0
1996-07-16,1083.47,1083.47,1105.94,1076.92,1100.14,0
1996-07-18,1118.68,1118.68,1126.14,1109.17,1109.17,0
1996-07-19,1119.27,1119.27,1126.71,1112.35,1118.92,0
1996-07-22,1125.67,1125.67,1126.29,1115.13,1119.39,0
1996-07-23,1092.14,1092.14,1127.08,1086.28,1125.15,0
1996-07-24,1069.43,1069.43,1090.74,1049.88,1090.74,0
1996-07-25,1062.68,1062.68,1075.79,1060.6,1069.27,0
1996-07-26,1051.24,1051.24,1066.12,1046.46,1062.04,0
1996-07-29,1033.97,1033.97,1057.84,1030.87,1054.51,0
1996-07-30,1014.91,1014.91,1031.01,999.03,1031.01,0
1996-07-31,1042.81,1042.81,1047.04,1004.76,1017.06,0
1996-08-01,1036.63,1036.63,1054.08,1035.3,1047.47,0
1996-08-02,1032.94,1032.94,1036.48,1024.8,1036.34,0
1996-08-05,1032.29,1032.29,1038.2,1030.34,1035.73,0
1996-08-06,1035.51,1035.51,1038.04,1023.73,1031.8,0
1996-08-07,1048.59,1048.59,1050.54,1033.52,1036.59,0
1996-08-08,1039.24,1039.24,1054.29,1037.94,1050.43,0
1996-08-09,1037.91,1037.91,1042.25,1033.46,1038.76,0
1996-08-12,1032.17,1032.17,1039.93,1030.4,1038.11,0
1996-08-13,1024.43,1024.43,1031.05,1021.67,1031.05,0
1996-08-14,1018.48,1018.48,1027.95,1017.43,1021.18,0
1996-08-16,1002.25,1002.25,1019.64,1001.35,1018.28,0
1996-08-19,975.66,975.66,1001.19,972.96,1001.19,0
1996-08-20,977.34,977.34,980.78,968.76,973.13,0
1996-08-21,999.19,999.19,1001.84,980.23,980.23,0
1996-08-22,1002.17,1002.17,1010.4,999.85,1001.45,0
1996-08-23,1012.71,1012.71,1014.78,1000.49,1001.38,0
1996-08-26,1009.04,1009.04,1016.63,1007.25,1011.12,0
1996-08-27,1014.68,1014.68,1016.59,1006.02,1009.9,0
1996-08-28,1027.09,1027.09,1029.49,1015.01,1015.01,0
1996-08-29,1025.86,1025.86,1035.59,1024.67,1028.7,0
1996-08-30,1029.0,1029.0,1029.89,1023.44,1025.91,0
1996-09-02,1036.95,1036.95,1039.98,1028.91,1028.91,0
1996-09-03,1023.27,1023.27,1046.51,1017.46,1039.84,0
1996-09-04,1026.41,1026.41,1028.26,1012.15,1022.37,0
1996-09-05,1037.47,1037.47,1038.31,1028.06,1028.06,0
1996-09-06,1032.09,1032.09,1038.79,1029.96,1038.04,0
1996-09-09,1013.88,1013.88,1031.22,1012.34,1030.42,0
1996-09-10,1001.15,1001.15,1014.87,996.75,1014.87,0
1996-09-11,991.34,991.34,1008.79,989.71,1001.86,0
1996-09-12,989.28,989.28,992.68,981.01,990.88,0
1996-09-13,980.72,980.72,991.86,979.8,991.65,0
1996-09-16,962.27,962.27,980.69,959.65,980.69,0
1996-09-17,971.21,971.21,975.19,962.93,965.02,0
1996-09-18,994.43,994.43,996.97,969.67,972.73,0
1996-09-19,977.76,977.76,1001.25,975.85,996.41,0
1996-09-20,977.03,977.03,984.45,973.09,979.14,0
1996-09-23,968.84,968.84,976.08,963.19,976.08,0
1996-09-24,968.91,968.91,972.74,965.69,968.78,0
1996-09-25,971.29,971.29,981.75,967.98,967.98,0
1996-09-26,959.31,959.31,970.89,955.6,970.76,0
1996-09-27,947.23,947.23,958.83,942.05,958.79,0
1996-09-30,943.96,943.96,948.41,932.27,945.68,0
1996-10-01,936.27,936.27,945.66,933.56,944.51,0
1996-10-03,924.92,924.92,943.38,921.18,937.16,0
1996-10-04,904.12,904.12,925.93,898.47,924.93,0
1996-10-07,874.0,874.0,905.76,859.65,905.76,0
1996-10-08,873.9,873.9,876.78,850.52,872.57,0
1996-10-09,874.72,874.72,875.85,859.35,873.18,0
1996-10-10,898.42,898.42,900.53,872.83,874.2,0
1996-10-11,908.79,908.79,915.59,897.6,900.11,0
1996-10-14,892.05,892.05,907.26,890.71,907.26,0
1996-10-15,897.77,897.77,902.74,885.23,892.07,0
1996-10-16,892.77,892.77,905.11,891.16,896.63,0
1996-10-17,892.07,892.07,893.33,880.76,891.42,0
1996-10-18,895.0,895.0,899.51,888.61,892.61,0
1996-10-22,919.09,919.09,924.83,896.87,896.87,0
1996-10-23,951.29,951.29,953.44,924.2,924.2,0
1996-10-24,932.77,932.77,956.45,928.45,953.48,0
1996-10-25,936.95,936.95,939.73,929.42,929.42,0
1996-10-28,935.89,935.89,948.37,934.64,936.84,0
1996-10-29,926.39,926.39,936.78,922.89,936.78,0
1996-10-30,929.03,929.03,929.03,929.03,929.03,0
1996-10-31,909.29,909.29,927.31,897.23,927.31,0
1996-11-01,906.68,906.68,915.39,904.95,910.32,0
1996-11-04,890.13,890.13,906.56,886.68,906.56,0
1996-11-05,881.57,881.57,894.4,878.29,890.19,0
1996-11-06,866.57,866.57,880.15,851.77,879.81,0
1996-11-07,874.89,874.89,876.25,866.76,867.24,0
1996-11-08,884.64,884.64,885.68,876.11,876.11,0
1996-11-10,880.36,880.36,886.84,878.57,885.21,0
1996-11-11,891.27,891.27,895.64,876.83,879.28,0
1996-11-13,896.84,896.84,898.54,889.47,895.98,0
1996-11-14,889.39,889.39,897.92,885.21,895.67,0
1996-11-15,894.31,894.31,894.62,885.62,888.58,0
1996-11-18,904.05,904.05,904.89,893.95,893.95,0
1996-11-19,897.58,897.58,905.61,895.86,904.5,0
1996-11-20,876.61,876.61,897.99,875.36,897.99,0
1996-11-21,869.82,869.82,878.26,866.97,876.36,0
1996-11-22,850.33,850.33,868.18,848.13,867.82,0
1996-11-25,852.26,852.26,859.24,826.99,850.24,0
1996-11-26,855.48,855.48,870.84,847.6,856.31,0
1996-11-27,829.08,829.08,848.21,822.17,848.17,0
1996-11-28,825.47,825.47,835.15,823.26,829.28,0
1996-11-29,830.32,830.32,833.81,825.59,825.59,0
1996-12-02,820.25,820.25,834.92,818.61,830.48,0
1996-12-03,809.43,809.43,819.77,804.46,819.77,0
1996-12-04,788.15,788.15,805.82,775.43,805.4,0
1996-12-05,802.23,802.23,808.21,781.54,786.37,0
1996-12-06,808.19,808.19,815.03,805.47,805.51,0
1996-12-09,808.69,808.69,816.2,804.97,809.03,0
1996-12-10,803.2,803.2,808.53,797.66,807.73,0
1996-12-11,837.07,837.07,839.13,803.68,806.46,0
1996-12-12,827.25,827.25,847.36,825.52,838.86,0
1996-12-13,824.62,824.62,826.54,814.89,826.54,0
1996-12-16,847.27,847.27,848.88,823.71,823.71,0
1996-12-17,850.74,850.74,853.36,841.0,846.06,0
1996-12-18,860.4,860.4,871.84,850.69,850.69,0
1996-12-19,860.58,860.58,864.54,853.47,858.03,0
1996-12-20,884.38,884.38,887.92,864.25,864.25,0
1996-12-23,882.0,882.0,890.65,878.1,884.4,0
1996-12-24,884.05,884.05,887.5,874.05,881.85,0
1996-12-26,911.8,911.8,913.35,887.95,887.95,0
1996-12-31,899.1,899.1,922.1,895.6,918.15,0
1997-01-01,939.55,939.55,941.4,905.2,905.2,0
1997-01-02,927.05,927.05,944.0,925.05,941.95,0
1997-01-03,931.65,931.65,932.6,919.55,924.3,0
1997-01-06,927.8,927.8,937.95,925.65,932.45,0
1997-01-07,928.8,928.8,935.15,922.25,926.35,0
1997-01-08,946.7,946.7,953.1,937.35,937.35,0
1997-01-09,956.6,956.6,959.75,943.6,945.15,0
1997-01-10,980.35,980.35,984.1,962.7,962.7,0
1997-01-13,980.7,980.7,982.25,965.5,978.55,0
1997-01-14,989.3,989.3,994.4,977.7,984.0,0
1997-01-15,1041.8,1041.8,1042.75,997.05,997.5,0
1997-01-16,1009.4,1009.4,1085.75,995.35,1064.05,0
1997-01-17,1001.75,1001.75,1009.7,976.35,994.1,0
1997-01-20,977.0,977.0,1005.55,973.95,1004.1,0
1997-01-21,960.5,960.5,980.2,956.45,972.1,0
1997-01-22,987.1,987.1,992.9,971.4,971.4,0
1997-01-24,985.9,985.9,991.4,979.55,991.05,0
1997-01-27,1009.15,1009.15,1017.3,990.3,993.15,0
1997-01-28,1021.8,1021.8,1025.1,1007.95,1016.0,0
1997-01-29,1017.2,1017.2,1043.9,1007.1,1038.1,0
1997-01-30,1000.0,1000.0,1012.85,993.5,1010.6,0
1997-01-31,972.65,972.65,988.7,965.85,988.7,0
1997-02-03,948.2,948.2,967.9,944.2,967.9,0
1997-02-04,958.3,958.3,963.2,944.45,947.0,0
1997-02-05,962.5,962.5,984.8,959.5,970.75,0
1997-02-06,967.75,967.75,972.4,953.95,960.75,0
1997-02-07,978.8,978.8,980.95,966.5,969.5,0
1997-02-10,981.45,981.45,986.75,975.15,981.0,0
1997-02-11,992.75,992.75,996.05,978.85,980.95,0
1997-02-12,1001.0,1001.0,1008.8,990.9,991.65,0
1997-02-13,1002.15,1002.15,1005.1,995.35,998.45,0
1997-02-14,1009.45,1009.45,1011.85,1001.1,1001.3,0
1997-02-17,1020.1,1020.1,1024.3,1015.1,1017.75,0
1997-02-18,1000.75,1000.75,1020.85,998.9,1020.75,0
1997-02-19,1011.85,1011.85,1013.05,993.85,1004.05,0
1997-02-20,1003.1,1003.1,1009.6,1000.55,1009.55,0
1997-02-21,991.55,991.55,1002.0,989.5,1000.75,0
1997-02-24,964.75,964.75,988.9,961.95,988.7,0
1997-02-25,966.1,966.1,975.25,954.5,962.6,0
1997-02-26,968.85,968.85,970.5,956.75,963.95,0
1997-02-27,992.75,992.75,994.5,972.05,972.35,0
1997-02-28,998.65,998.65,1006.6,996.0,998.25,0
1997-03-01,1102.95,1102.95,1106.6,1070.8,1070.8,0
1997-03-03,1107.7,1107.7,1140.65,1095.9,1102.45,0
1997-03-04,1117.3,1117.3,1121.4,1098.2,1111.75,0
1997-03-05,1132.9,1132.9,1167.95,1122.25,1144.25,0
1997-03-06,1127.25,1127.25,1135.75,1119.3,1127.0,0
1997-03-10,1078.7,1078.7,1118.8,1075.05,1118.8,0
1997-03-11,1052.0,1052.0,1083.35,1046.3,1073.8,0
1997-03-12,1074.2,1074.2,1088.65,1065.25,1066.55,0
1997-03-13,1066.5,1066.5,1078.6,1062.7,1076.85,0
1997-03-14,1070.1,1070.1,1076.65,1057.55,1062.2,0
1997-03-17,1072.6,1072.6,1076.25,1065.45,1071.95,0
1997-03-18,1064.35,1064.35,1074.5,1061.05,1072.3,0
1997-03-19,1052.05,1052.05,1079.6,1050.0,1074.25,0
1997-03-20,1054.8,1054.8,1059.5,1040.95,1049.0,0
1997-03-21,1061.4,1061.4,1069.5,1058.55,1058.7,0
1997-03-25,1058.35,1058.35,1067.25,1054.5,1064.5,0
1997-03-26,1059.2,1059.2,1067.2,1057.5,1062.5,0
1997-03-27,1057.8,1057.8,1059.0,1047.7,1057.45,0
1997-03-31,968.3,968.3,1012.15,966.8,1012.15,0
1997-04-01,970.15,970.15,973.85,931.5,931.95,0
1997-04-02,1002.2,1002.2,1004.65,982.1,982.1,0
1997-04-03,1010.65,1010.65,1012.75,1000.55,1004.3,0
1997-04-04,1001.0,1001.0,1002.0,996.6,1001.9,0
1997-04-07,990.9,990.9,998.0,988.0,997.5,0
1997-04-09,1030.3,1030.3,1031.15,1009.95,1009.95,0
1997-04-10,1008.35,1008.35,1024.7,1000.3,1024.45,0
1997-04-11,1013.4,1013.4,1017.2,985.65,993.3,0
1997-04-12,1003.25,1003.25,1009.9,999.3,1004.9,0
1997-04-15,1014.9,1014.9,1018.6,1010.65,1010.65,0
1997-04-17,1035.2,1035.2,1036.15,1018.25,1020.4,0
1997-04-21,1060.6,1060.6,1061.8,1041.25,1041.45,0
1997-04-22,1059.8,1059.8,1073.9,1056.4,1066.7,0
1997-04-23,1071.05,1071.05,1078.05,1063.85,1065.95,0
1997-04-24,1067.2,1067.2,1075.9,1063.3,1071.4,0
1997-04-25,1069.4,1069.4,1071.05,1062.95,1065.4,0
1997-04-28,1065.4,1065.4,1070.7,1061.2,1068.6,0
1997-04-29,1057.45,1057.45,1065.4,1052.8,1063.6,0
1997-04-30,1079.85,1079.85,1088.4,1075.95,1081.1,0
1997-05-02,1069.0,1069.0,1074.7,1063.75,1074.7,0
1997-05-05,1045.5,1045.5,1061.8,1043.55,1061.8,0
1997-05-06,1048.4,1048.4,1050.55,1038.75,1045.8,0
1997-05-07,1044.4,1044.4,1055.05,1042.55,1053.1,0
1997-05-08,1054.05,1054.05,1055.4,1039.8,1043.7,0
1997-05-09,1053.35,1053.35,1063.0,1048.05,1054.6,0
1997-05-12,1040.5,1040.5,1056.5,1039.05,1052.8,0
1997-05-13,1031.05,1031.05,1042.25,1027.5,1041.05,0
1997-05-14,1041.65,1041.65,1044.15,1018.15,1030.35,0
1997-05-15,1045.0,1045.0,1049.0,1036.25,1041.65,0
1997-05-16,1048.4,1048.4,1049.75,1041.1,1043.4,0
1997-05-19,1050.8,1050.8,1059.25,1048.05,1052.2,0
1997-05-20,1050.85,1050.85,1053.25,1045.3,1051.55,0
1997-05-21,1042.0,1042.0,1049.7,1040.55,1047.5,0
1997-05-22,1037.2,1037.2,1043.8,1034.35,1042.45,0
1997-05-23,1033.7,1033.7,1039.0,1028.75,1037.0,0
1997-05-26,1026.9,1026.9,1035.8,1025.5,1032.15,0
1997-05-27,1025.7,1025.7,1031.5,1023.45,1027.5,0
1997-05-28,1027.0,1027.0,1035.35,1024.55,1032.5,0
1997-05-29,1038.2,1038.2,1040.05,1023.8,1024.75,0
1997-05-30,1050.9,1050.9,1051.2,1038.3,1039.85,0
1997-06-02,1064.95,1064.95,1066.15,1051.05,1053.05,0
1997-06-03,1073.75,1073.75,1081.75,1067.55,1067.65,0
1997-06-04,1085.75,1085.75,1090.95,1078.8,1081.55,0
1997-06-05,1086.6,1086.6,1095.5,1082.85,1089.85,0
1997-06-06,1082.75,1082.75,1091.05,1081.3,1087.5,0
1997-06-09,1074.65,1074.65,1082.95,1071.55,1082.95,0
1997-06-10,1081.1,1081.1,1084.15,1075.2,1075.3,0
1997-06-11,1104.6,1104.6,1108.95,1090.45,1090.45,0
1997-06-12,1120.7,1120.7,1122.2,1105.75,1106.1,0
1997-06-13,1136.3,1136.3,1147.5,1122.75,1124.95,0
1997-06-16,1129.7,1129.7,1141.05,1121.85,1135.3,0
1997-06-17,1138.8,1138.8,1145.8,1127.15,1134.9,0
1997-06-18,1159.8,1159.8,1171.0,1156.05,1162.2,0
1997-06-19,1159.8,1159.8,1161.7,1145.35,1151.95,0
1997-06-20,1158.35,1158.35,1174.15,1154.3,1162.7,0
1997-06-23,1153.7,1153.7,1163.0,1149.3,1159.6,0
1997-06-24,1155.3,1155.3,1161.95,1146.85,1154.95,0
1997-06-25,1161.9,1161.9,1175.0,1158.9,1166.1,0
1997-06-26,1168.2,1168.2,1177.6,1160.25,1164.0,0
1997-06-27,1169.65,1169.65,1174.75,1165.95,1168.3,0
1997-06-30,1192.4,1192.4,1194.75,1164.5,1167.45,0
1997-07-01,1200.45,1200.45,1206.1,1193.55,1201.3,0
1997-07-02,1222.95,1222.95,1237.05,1212.6,1214.7,0
1997-07-03,1214.9,1214.9,1235.45,1209.45,1222.45,0
1997-07-04,1216.1,1216.1,1222.6,1209.45,1218.95,0
1997-07-07,1209.7,1209.7,1226.6,1208.25,1217.4,0
1997-07-08,1198.25,1198.25,1205.8,1193.35,1205.1,0
1997-07-09,1236.55,1236.55,1239.55,1211.6,1211.6,0
1997-07-10,1239.15,1239.15,1252.7,1234.95,1248.1,0
1997-07-11,1221.1,1221.1,1233.5,1217.0,1233.5,0
1997-07-14,1187.05,1187.05,1215.6,1176.6,1212.4,0
1997-07-15,1183.35,1183.35,1195.4,1180.75,1190.5,0
1997-07-16,1183.0,1183.0,1207.0,1179.25,1195.55,0
1997-07-17,1181.4,1181.4,1185.3,1173.0,1182.85,0
1997-07-21,1165.0,1165.0,1171.35,1153.75,1171.35,0
1997-07-22,1173.25,1173.25,1176.4,1165.15,1169.55,0
1997-07-23,1200.7,1200.7,1201.75,1183.9,1184.05,0
1997-07-24,1199.95,1199.95,1213.4,1195.2,1204.35,0
1997-07-25,1185.05,1185.05,1195.95,1179.0,1194.75,0
1997-07-28,1181.65,1181.65,1187.85,1176.95,1185.25,0
1997-07-29,1190.3,1190.3,1190.55,1180.1,1182.6,0
1997-07-30,1197.9,1197.9,1205.8,1195.85,1196.65,0
1997-07-31,1221.5,1221.5,1224.7,1201.85,1203.95,0
1997-08-01,1232.4,1232.4,1233.85,1219.9,1224.4,0
1997-08-04,1250.4,1250.4,1254.5,1237.95,1238.75,0
1997-08-05,1273.15,1273.15,1275.45,1249.7,1250.5,0
1997-08-06,1292.95,1292.95,1297.1,1273.65,1273.65,0
1997-08-07,1269.65,1269.65,1292.8,1259.05,1292.8,0
1997-08-08,1256.95,1256.95,1269.55,1253.2,1269.55,0
1997-08-11,1258.35,1258.35,1260.0,1247.65,1256.85,0
1997-08-12,1248.45,1248.45,1272.0,1243.95,1258.5,0
1997-08-13,1244.6,1244.6,1251.4,1240.9,1248.3,0
1997-08-14,1227.9,1227.9,1245.8,1226.1,1244.4,0
1997-08-18,1201.45,1201.45,1228.45,1198.75,1228.4,0
1997-08-19,1180.7,1180.7,1203.15,1177.1,1201.5,0
1997-08-20,1198.2,1198.2,1200.25,1178.65,1179.55,0
1997-08-21,1181.5,1181.5,1212.15,1179.3,1198.8,0
1997-08-22,1160.45,1160.45,1181.6,1158.45,1181.55,0
1997-08-25,1144.3,1144.3,1160.4,1119.65,1160.4,0
1997-08-26,1151.75,1151.75,1160.45,1144.05,1144.55,0
1997-08-27,1168.4,1168.4,1184.85,1152.4,1152.4,0
1997-08-28,1134.65,1134.65,1168.4,1132.25,1168.4,0
1997-08-29,1105.0,1105.0,1134.2,1098.9,1134.2,0
1997-09-01,1104.7,1104.7,1115.0,1097.95,1105.45,0
1997-09-02,1117.15,1117.15,1125.85,1102.45,1104.9,0
1997-09-03,1134.7,1134.7,1145.4,1118.45,1118.45,0
1997-09-04,1137.15,1137.15,1138.8,1123.7,1134.3,0
1997-09-05,1149.25,1149.25,1152.3,1137.2,1137.2,0
1997-09-08,1158.25,1158.25,1160.85,1136.85,1148.7,0
1997-09-09,1159.55,1159.55,1168.35,1154.95,1158.3,0
1997-09-10,1154.55,1154.55,1159.0,1143.95,1159.0,0
1997-09-11,1154.3,1154.3,1163.3,1152.55,1154.6,0
1997-09-12,1142.85,1142.85,1154.2,1138.25,1154.2,0
1997-09-15,1141.0,1141.0,1143.35,1136.3,1142.75,0
1997-09-16,1140.15,1140.15,1149.25,1137.8,1141.1,0
1997-09-17,1134.2,1134.2,1141.75,1132.75,1140.3,0
1997-09-18,1109.35,1109.35,1133.6,1101.65,1133.6,0
1997-09-19,1104.3,1104.3,1115.15,1099.6,1109.6,0
1997-09-22,1085.0,1085.0,1104.25,1082.5,1104.25,0
1997-09-23,1088.65,1088.65,1090.95,1079.6,1084.4,0
1997-09-24,1100.85,1100.85,1108.15,1089.15,1089.15,0
1997-09-25,1111.35,1111.35,1112.4,1098.35,1100.85,0
1997-09-26,1116.1,1116.1,1122.25,1111.65,1111.65,0
1997-09-29,1125.7,1125.7,1133.4,1122.6,1124.9,0
1997-09-30,1123.8,1123.8,1125.65,1112.5,1125.65,0
1997-10-01,1114.7,1114.7,1123.45,1102.45,1123.45,0
1997-10-09,1134.55,1134.55,1135.95,1118.65,1119.1,0
1997-10-10,1163.55,1163.55,1166.05,1133.6,1135.3,0
1997-10-13,1156.95,1156.95,1177.5,1153.85,1165.5,0
1997-10-14,1137.9,1137.9,1158.8,1131.0,1156.45,0
1997-10-15,1150.45,1150.45,1152.65,1138.45,1138.45,0
1997-10-16,1168.35,1168.35,1171.6,1150.45,1150.45,0
1997-10-17,1177.8,1177.8,1181.15,1168.7,1168.75,0
1997-10-20,1188.2,1188.2,1189.4,1172.05,1177.5,0
1997-10-21,1174.95,1174.95,1192.0,1171.2,1188.2,0
1997-10-22,1169.85,1169.85,1184.9,1168.3,1175.55,0
1997-10-23,1151.65,1151.65,1171.05,1140.8,1169.4,0
1997-10-24,1136.65,1136.65,1151.45,1122.55,1151.45,0
1997-10-27,1120.8,1120.8,1136.0,1116.0,1136.0,0
1997-10-28,1032.6,1032.6,1120.6,1028.2,1120.6,0
1997-10-29,1107.0,1107.0,1108.5,1033.0,1033.0,0
1997-10-30,1085.25,1085.25,1106.9,1080.15,1106.9,0
1997-11-03,1084.0,1084.0,1096.05,1071.2,1085.75,0
1997-11-04,1090.2,1090.2,1097.05,1079.55,1083.8,0
1997-11-05,1085.0,1085.0,1096.05,1081.9,1091.2,0
1997-11-06,1080.95,1080.95,1085.2,1068.4,1084.8,0
1997-11-07,1074.8,1074.8,1081.45,1072.15,1081.15,0
1997-11-10,1065.9,1065.9,1074.5,1064.4,1074.5,0
1997-11-11,1073.35,1073.35,1076.5,1064.3,1065.9,0
1997-11-12,1045.0,1045.0,1073.3,1042.35,1073.3,0
1997-11-13,1022.4,1022.4,1044.55,1013.1,1044.55,0
1997-11-17,1024.95,1024.95,1028.5,1014.55,1022.3,0
1997-11-18,1009.8,1009.8,1025.4,1004.2,1025.3,0
1997-11-19,987.85,987.85,1009.55,971.2,1009.55,0
1997-11-20,995.15,995.15,1004.8,974.2,987.7,0
1997-11-21,1005.75,1005.75,1014.5,990.4,994.85,0
1997-11-24,981.25,981.25,1010.65,979.75,1005.7,0
1997-11-25,1010.7,1010.7,1015.2,974.7,981.1,0
1997-11-26,1016.85,1016.85,1028.9,1011.05,1011.4,0
1997-11-27,1046.75,1046.75,1048.95,1011.9,1016.95,0
1997-11-28,1023.95,1023.95,1046.35,1014.85,1046.35,0
1997-12-01,1032.65,1032.65,1033.9,1008.45,1023.85,0
1997-12-02,1029.8,1029.8,1041.25,1024.85,1033.15,0
1997-12-03,1030.7,1030.7,1037.4,1022.05,1030.2,0
1997-12-04,1011.75,1011.75,1036.6,1007.8,1030.2,0
1997-12-05,1006.3,1006.3,1024.35,1002.45,1011.4,0
1997-12-08,1008.8,1008.8,1014.15,1003.2,1006.65,0
1997-12-09,984.05,984.05,1011.5,979.7,1008.5,0
1997-12-10,971.9,971.9,983.2,965.85,983.2,0
1997-12-11,973.65,973.65,978.8,943.0,971.7,0
1997-12-12,965.15,965.15,979.1,963.85,973.7,0
1997-12-15,979.85,979.85,980.65,957.2,965.0,0
1997-12-16,1002.35,1002.35,1007.75,979.8,980.0,0
1997-12-17,1013.15,1013.15,1017.6,1002.15,1002.25,0
1997-12-18,1009.7,1009.7,1023.85,1008.15,1013.5,0
1997-12-19,1028.4,1028.4,1029.75,1006.8,1009.3,0
1997-12-22,1051.4,1051.4,1053.4,1028.45,1028.45,0
1997-12-23,1054.8,1054.8,1066.25,1049.55,1051.45,0
1997-12-24,1054.15,1054.15,1055.5,1032.95,1054.8,0
1997-12-26,1061.45,1061.45,1066.0,1054.15,1054.15,0
1997-12-29,1079.0,1079.0,1081.5,1060.2,1061.65,0
1997-12-30,1058.5,1058.5,1080.2,1054.55,1078.75,0
1997-12-31,1079.4,1079.4,1083.35,1057.75,1058.45,0
1998-01-01,1081.2,1081.2,1084.5,1074.15,1078.95,0
1998-01-02,1086.2,1086.2,1091.3,1081.0,1081.0,0
1998-01-05,1091.65,1091.65,1102.15,1086.6,1086.6,0
1998-01-06,1079.15,1079.15,1091.25,1074.1,1091.25,0
1998-01-07,1082.4,1082.4,1097.3,1071.75,1079.95,0
1998-01-08,1057.75,1057.75,1082.05,1054.0,1082.05,0
1998-01-09,1033.55,1033.55,1057.65,1028.7,1057.65,0
1998-01-12,995.8,995.8,1033.2,992.5,1033.2,0
1998-01-13,999.1,999.1,1016.8,995.7,995.7,0
1998-01-14,997.55,997.55,1019.85,990.75,999.45,0
1998-01-15,989.65,989.65,1001.3,975.65,997.5,0
1998-01-16,997.8,997.8,999.8,987.1,990.05,0
1998-01-19,1017.25,1017.25,1019.75,992.05,998.3,0
1998-01-20,1011.45,1011.45,1029.65,1008.8,1017.25,0
1998-01-21,1012.4,1012.4,1017.75,1003.9,1011.6,0
1998-01-22,992.35,992.35,1012.2,990.85,1012.2,0
1998-01-23,986.8,986.8,992.45,984.55,992.2,0
1998-01-27,963.3,963.3,988.0,959.4,986.9,0
1998-01-28,944.8,944.8,969.7,940.1,962.65,0
1998-01-29,941.35,941.35,944.55,929.05,944.55,0
1998-01-30,963.45,963.45,965.3,941.4,941.4,0
1998-02-02,976.6,976.6,978.05,962.25,963.45,0
1998-02-03,975.25,975.25,979.55,967.85,977.05,0
1998-02-04,967.95,967.95,988.4,965.45,975.9,0
1998-02-05,976.1,976.1,980.45,968.15,968.15,0
1998-02-06,977.65,977.65,981.2,971.9,976.1,0
1998-02-09,976.1,976.1,980.75,973.1,977.55,0
1998-02-10,963.7,963.7,976.1,962.0,976.1,0
1998-02-11,958.9,958.9,971.75,956.0,964.25,0
1998-02-12,956.65,956.65,960.25,949.65,959.05,0
1998-02-13,974.55,974.55,978.15,956.8,956.8,0
1998-02-17,991.7,991.7,1002.15,974.65,974.65,0
1998-02-18,988.85,988.85,997.8,984.0,992.15,0
1998-02-19,997.55,997.55,1001.1,988.95,988.95,0
1998-02-20,993.65,993.65,1006.25,991.85,997.1,0
1998-02-23,1009.6,1009.6,1011.7,994.1,994.1,0
1998-02-24,1014.1,1014.1,1017.55,1007.4,1009.5,0
1998-02-25,1036.05,1036.05,1037.15,1014.1,1014.1,0
1998-02-26,1045.8,1045.8,1048.55,1032.4,1036.3,0
1998-02-27,1060.75,1060.75,1064.15,1045.75,1045.85,0
1998-03-02,1098.2,1098.2,1100.8,1060.9,1060.9,0
1998-03-03,1063.5,1063.5,1101.95,1046.75,1099.25,0
1998-03-04,1092.35,1092.35,1094.45,1062.7,1062.7,0
1998-03-05,1083.35,1083.35,1098.9,1079.95,1091.95,0
1998-03-06,1081.45,1081.45,1086.0,1073.25,1083.3,0
1998-03-09,1099.5,1099.5,1100.4,1081.95,1081.95,0
1998-03-10,1086.05,1086.05,1102.85,1082.7,1099.35,0
1998-03-11,1083.0,1083.0,1102.6,1074.55,1086.65,0
1998-03-12,1077.5,1077.5,1083.95,1072.4,1083.35,0
1998-03-16,1090.45,1090.45,1102.6,1077.75,1077.75,0
1998-03-17,1083.3,1083.3,1090.25,1072.7,1090.25,0
1998-03-18,1103.35,1103.35,1108.2,1083.85,1083.85,0
1998-03-19,1105.8,1105.8,1113.45,1099.8,1103.8,0
1998-03-20,1109.6,1109.6,1112.4,1097.75,1105.5,0
1998-03-23,1124.1,1124.1,1124.8,1110.1,1110.1,0
1998-03-24,1120.85,1120.85,1137.8,1117.35,1124.25,0
1998-03-25,1146.95,1146.95,1149.35,1121.45,1121.45,0
1998-03-26,1129.5,1129.5,1156.7,1127.3,1147.65,0
1998-03-27,1140.35,1140.35,1142.1,1121.2,1129.5,0
1998-03-30,1124.85,1124.85,1146.65,1122.95,1140.6,0
1998-03-31,1116.9,1116.9,1127.5,1111.85,1124.75,0
1998-04-01,1150.1,1150.1,1151.0,1117.15,1117.15,0
1998-04-02,1157.4,1157.4,1169.55,1150.4,1150.4,0
1998-04-03,1173.45,1173.45,1174.55,1157.3,1157.9,0
1998-04-06,1187.1,1187.1,1191.55,1173.55,1173.55,0
1998-04-07,1187.8,1187.8,1199.55,1184.0,1187.35,0
1998-04-09,1209.6,1209.6,1224.25,1189.4,1189.4,0
1998-04-10,1192.4,1192.4,1209.9,1189.45,1209.75,0
1998-04-13,1159.45,1159.45,1191.65,1156.85,1191.65,0
1998-04-15,1206.3,1206.3,1210.6,1159.55,1159.55,0
1998-04-16,1197.05,1197.05,1215.05,1194.5,1206.35,0
1998-04-17,1210.0,1210.0,1211.8,1189.75,1197.05,0
1998-04-20,1207.15,1207.15,1222.55,1202.2,1210.05,0
1998-04-21,1212.75,1212.75,1218.95,1207.2,1207.2,0
1998-04-22,1210.8,1210.8,1247.15,1208.0,1212.95,0
1998-04-23,1182.1,1182.1,1211.3,1179.75,1210.25,0
1998-04-24,1173.8,1173.8,1183.75,1144.85,1182.15,0
1998-04-27,1164.35,1164.35,1180.2,1161.2,1173.85,0
1998-04-28,1146.8,1146.8,1164.3,1144.55,1164.1,0
1998-04-29,1151.1,1151.1,1178.05,1147.0,1151.3,0
1998-04-30,1159.35,1159.35,1161.0,1137.8,1151.4,0
1998-05-04,1185.15,1185.15,1185.75,1159.8,1159.8,0
1998-05-05,1188.1,1188.1,1191.25,1177.3,1185.2,0
1998-05-06,1172.45,1172.45,1196.7,1169.15,1188.0,0
1998-05-08,1161.55,1161.55,1172.2,1157.3,1172.1,0
1998-05-11,1160.3,1160.3,1162.95,1156.45,1162.2,0
1998-05-12,1132.25,1132.25,1160.15,1100.1,1160.15,0
1998-05-13,1094.1,1094.1,1132.1,1091.25,1132.1,0
1998-05-14,1118.65,1118.65,1121.75,1081.6,1094.05,0
1998-05-15,1110.1,1110.1,1130.4,1104.2,1119.15,0
1998-05-18,1119.8,1119.8,1130.0,1110.65,1110.65,0
1998-05-19,1121.75,1121.75,1125.15,1116.2,1119.8,0
1998-05-20,1141.3,1141.3,1142.95,1121.7,1121.7,0
1998-05-21,1126.15,1126.15,1146.35,1120.35,1141.65,0
1998-05-22,1126.55,1126.55,1131.25,1118.5,1126.1,0
1998-05-25,1122.95,1122.95,1127.0,1111.2,1125.9,0
1998-05-26,1104.45,1104.45,1123.15,1101.55,1123.15,0
1998-05-27,1090.95,1090.95,1107.2,1089.0,1104.05,0
1998-05-28,1075.55,1075.55,1097.0,1073.3,1090.5,0
1998-05-29,1063.15,1063.15,1077.15,1037.95,1075.35,0
1998-06-01,1053.75,1053.75,1100.0,1049.4,1064.1,0
1998-06-02,1019.6,1019.6,1053.65,1016.25,1053.4,0
1998-06-03,1033.9,1033.9,1037.3,1009.95,1019.35,0
1998-06-04,1027.0,1027.0,1044.4,1023.35,1034.1,0
1998-06-05,993.5,993.5,1026.6,989.2,1026.6,0
1998-06-08,968.6,968.6,1003.15,936.55,993.5,0
1998-06-09,995.05,995.05,1002.45,964.7,968.9,0
1998-06-10,962.9,962.9,998.65,959.6,994.55,0
1998-06-11,961.35,961.35,964.65,929.95,962.15,0
1998-06-12,971.15,971.15,987.3,961.6,961.6,0
1998-06-15,916.8,916.8,970.95,914.3,970.95,0
1998-06-16,910.1,910.1,916.25,862.15,916.25,0
1998-06-17,976.5,976.5,980.3,910.9,910.9,0
1998-06-18,956.15,956.15,990.15,952.65,977.0,0
1998-06-19,913.25,913.25,955.05,910.55,955.05,0
1998-06-22,880.2,880.2,912.9,853.3,912.9,0
1998-06-23,875.6,875.6,882.2,853.05,882.2,0
1998-06-24,908.5,908.5,910.05,873.6,875.45,0
1998-06-25,932.15,932.15,939.15,908.65,908.65,0
1998-06-26,924.35,924.35,932.5,914.45,931.8,0
1998-06-29,949.1,949.1,951.2,916.65,923.2,0
1998-06-30,941.65,941.65,952.75,933.0,949.45,0
1998-07-01,942.25,942.25,945.55,916.5,941.6,0
1998-07-02,919.9,919.9,941.65,918.1,941.65,0
1998-07-03,900.55,900.55,920.05,898.65,920.05,0
1998-07-06,917.35,917.35,919.5,900.9,901.0,0
1998-07-07,924.7,924.7,936.0,917.45,917.45,0
1998-07-08,944.15,944.15,948.3,924.95,925.15,0
1998-07-09,961.05,961.05,966.1,944.1,944.1,0
1998-07-10,980.15,980.15,982.2,961.65,961.65,0
1998-07-13,964.35,964.35,991.7,959.4,980.3,0
1998-07-14,967.35,967.35,970.3,954.5,964.1,0
1998-07-15,971.4,971.4,988.55,968.05,968.05,0
1998-07-16,1004.05,1004.05,1005.9,969.55,972.0,0
1998-07-17,1000.95,1000.95,1015.55,996.6,1005.1,0
1998-07-20,977.3,977.3,1002.4,973.75,1001.9,0
1998-07-21,965.5,965.5,983.4,960.85,977.65,0
1998-07-22,965.7,965.7,976.5,959.5,965.55,0
1998-07-23,934.4,934.4,965.35,931.75,965.35,0
1998-07-24,920.1,920.1,934.75,915.5,933.5,0
1998-07-27,899.35,899.35,929.45,895.85,919.4,0
1998-07-28,917.25,917.25,920.0,897.65,899.1,0
1998-07-29,937.85,937.85,940.15,917.4,917.4,0
1998-07-30,932.6,932.6,949.85,926.8,938.15,0
1998-07-31,931.4,931.4,939.6,925.25,932.6,0
1998-08-03,906.0,906.0,930.8,903.5,930.8,0
1998-08-04,906.2,906.2,913.45,903.15,905.65,0
1998-08-05,907.45,907.45,911.8,890.95,905.65,0
1998-08-06,902.75,902.75,919.0,900.2,907.9,0
1998-08-07,895.55,895.55,903.55,892.9,902.75,0
1998-08-10,878.75,878.75,895.15,877.55,895.15,0
1998-08-11,866.5,866.5,878.7,863.65,878.7,0
1998-08-12,860.1,860.1,871.4,853.1,866.35,0
1998-08-13,872.25,872.25,878.4,854.5,859.8,0
1998-08-14,864.1,864.1,876.8,863.55,872.85,0
1998-08-17,854.55,854.55,873.2,853.05,864.35,0
1998-08-18,832.45,832.45,854.8,831.1,854.55,0
1998-08-19,838.3,838.3,853.9,830.15,832.85,0
1998-08-20,868.7,868.7,871.15,839.3,839.3,0
1998-08-21,855.45,855.45,871.15,853.4,868.55,0
1998-08-24,859.8,859.8,860.95,845.35,855.2,0
1998-08-25,871.9,871.9,874.15,859.85,859.85,0
1998-08-27,877.45,877.45,889.7,872.15,872.15,0
1998-08-28,849.8,849.8,877.15,847.15,877.15,0
1998-08-31,852.8,852.8,858.6,841.1,850.3,0
1998-09-01,834.55,834.55,852.75,832.05,852.75,0
1998-09-02,842.5,842.5,847.95,834.55,834.55,0
1998-09-03,846.45,846.45,852.05,838.75,842.3,0
1998-09-04,866.5,866.5,868.05,846.9,846.9,0
1998-09-07,887.1,887.1,889.45,866.9,866.9,0
1998-09-08,899.95,899.95,902.05,882.6,887.25,0
1998-09-09,903.6,903.6,916.8,900.2,900.2,0
1998-09-10,907.4,907.4,913.2,897.35,903.15,0
1998-09-11,899.7,899.7,907.1,893.3,907.1,0
1998-09-14,920.5,920.5,921.65,900.2,900.2,0
1998-09-15,920.8,920.8,923.2,915.6,920.1,0
1998-09-16,914.5,914.5,926.55,912.6,921.4,0
1998-09-17,910.1,910.1,919.95,908.55,914.45,0
1998-09-18,901.65,901.65,910.0,899.95,910.0,0
1998-09-21,897.7,897.7,908.05,895.85,902.1,0
1998-09-22,897.25,897.25,900.8,891.4,897.85,0
1998-09-23,907.75,907.75,910.75,897.9,897.9,0
1998-09-24,934.8,934.8,936.5,908.2,908.2,0
1998-09-25,934.95,934.95,945.25,933.0,935.3,0
1998-09-28,927.9,927.9,941.45,926.0,935.6,0
1998-09-29,908.4,908.4,932.5,902.4,928.3,0
1998-09-30,904.95,904.95,912.25,896.05,908.3,0
1998-10-05,840.75,840.75,904.75,839.3,904.75,0
1998-10-06,845.75,845.75,848.2,820.1,839.95,0
1998-10-07,874.25,874.25,875.75,846.05,846.15,0
1998-10-08,847.95,847.95,885.25,845.1,874.65,0
1998-10-09,849.1,849.1,861.55,842.1,847.95,0
1998-10-12,835.8,835.8,860.9,832.1,849.7,0
1998-10-13,816.75,816.75,835.75,810.0,835.45,0
1998-10-14,843.55,843.55,846.75,816.55,816.55,0
1998-10-15,835.65,835.65,845.9,832.1,843.65,0
1998-10-16,839.5,839.5,844.7,829.25,836.25,0
1998-10-19,831.25,831.25,840.0,830.1,839.7,0
1998-10-20,808.7,808.7,831.45,803.3,831.15,0
1998-10-22,811.6,811.6,825.2,805.7,809.3,0
1998-10-23,817.35,817.35,820.35,804.7,811.85,0
1998-10-26,845.25,845.25,854.1,817.6,817.6,0
1998-10-27,841.6,841.6,848.25,835.7,845.45,0
1998-10-28,833.85,833.85,857.75,831.55,842.8,0
1998-10-29,832.25,832.25,834.0,818.95,833.55,0
1998-10-30,828.85,828.85,839.2,826.85,832.65,0
1998-10-31,824.0,824.0,828.25,819.85,828.25,0
1998-11-02,823.2,823.2,829.1,812.3,824.2,0
1998-11-03,820.9,820.9,825.3,818.6,823.2,0
1998-11-05,829.15,829.15,830.4,821.35,821.35,0
1998-11-06,840.8,840.8,842.15,829.2,829.2,0
1998-11-09,864.65,864.65,870.5,841.3,841.3,0
1998-11-10,868.7,868.7,871.6,859.7,864.8,0
1998-11-11,868.85,868.85,882.1,866.6,869.45,0
1998-11-12,871.75,871.75,874.2,857.2,868.45,0
1998-11-13,867.25,867.25,877.25,865.0,871.7,0
1998-11-16,855.35,855.35,866.5,854.3,866.5,0
1998-11-17,860.0,860.0,861.65,854.55,855.45,0
1998-11-18,875.05,875.05,876.15,862.9,862.9,0
1998-11-19,865.1,865.1,878.85,864.3,875.75,0
1998-11-20,857.95,857.95,867.7,855.35,865.1,0
1998-11-21,857.4,857.4,857.95,853.95,857.85,0
1998-11-23,847.55,847.55,856.4,844.85,856.4,0
1998-11-24,841.75,841.75,851.55,840.75,850.05,0
1998-11-26,824.45,824.45,843.55,821.4,838.85,0
1998-11-27,812.45,812.45,824.65,810.3,823.3,0
1998-11-28,810.85,810.85,817.4,804.3,812.7,0
1998-11-30,817.75,817.75,817.75,800.1,808.6,0
1998-12-01,816.65,816.65,820.85,812.25,816.55,0
1998-12-02,821.15,821.15,826.05,817.35,820.35,0
1998-12-03,817.05,817.05,822.5,814.5,821.3,0
1998-12-04,828.35,828.35,828.35,813.1,816.15,0
1998-12-07,845.15,845.15,846.0,828.2,829.75,0
1998-12-08,853.0,853.0,853.85,840.5,844.95,0
1998-12-09,856.55,856.55,864.7,855.1,855.95,0
1998-12-10,864.4,864.4,865.8,858.5,858.6,0
1998-12-11,870.0,870.0,874.2,865.7,867.15,0
1998-12-14,863.6,863.6,874.75,861.95,871.65,0
1998-12-15,845.05,845.05,861.1,844.55,861.0,0
1998-12-16,851.55,851.55,851.55,836.85,844.65,0
1998-12-17,830.25,830.25,845.1,827.9,835.45,0
1998-12-18,835.2,835.2,838.8,827.3,830.3,0
1998-12-21,859.3,859.3,859.55,845.25,845.6,0
1998-12-22,857.3,857.3,864.9,851.35,864.55,0
1998-12-23,858.7,858.7,874.65,858.7,866.25,0
1998-12-24,861.1,861.1,863.5,854.75,856.3,0
1998-12-28,879.85,879.85,882.7,866.25,869.75,0
1998-12-29,872.65,872.65,881.25,867.8,876.9,0
1998-12-30,899.95,899.95,903.85,887.0,887.4,0
1998-12-31,884.25,884.25,902.9,884.25,900.55,0
1999-01-01,890.8,890.8,892.2,882.6,886.75,0
1999-01-04,897.8,897.8,905.45,895.75,896.4,0
1999-01-05,907.2,907.2,907.2,893.15,901.0,0
1999-01-06,928.25,928.25,930.55,915.65,923.3,0
1999-01-07,954.7,954.7,961.15,932.95,932.95,0
1999-01-08,990.05,990.05,990.05,966.4,969.95,0
1999-01-11,985.6,985.6,1016.3,985.6,1005.15,0
1999-01-12,964.45,964.45,985.55,953.9,976.7,0
1999-01-13,961.2,961.2,986.25,958.05,980.3,0
1999-01-14,954.75,954.75,968.4,944.5,948.0,0
1999-01-15,934.3,934.3,967.85,932.25,961.7,0
1999-01-18,944.9,944.9,945.05,922.8,938.65,0
1999-01-19,924.1,924.1,948.0,923.2,944.15,0
1999-01-21,967.2,967.2,967.2,932.8,935.15,0
1999-01-22,957.05,957.05,980.45,955.15,976.6,0
1999-01-25,949.8,949.8,956.65,935.0,954.35,0
1999-01-27,971.3,971.3,985.25,967.65,968.55,0
1999-01-28,955.1,955.1,976.75,954.25,971.2,0
1999-01-29,966.2,966.2,966.35,952.7,956.8,0
1999-02-01,940.15,940.15,968.05,940.15,962.4,0
1999-02-02,931.2,931.2,945.15,924.95,940.1,0
1999-02-03,952.4,952.4,955.55,940.75,948.0,0
1999-02-04,939.7,939.7,958.8,937.5,957.15,0
1999-02-05,936.3,936.3,943.7,930.1,939.65,0
1999-02-08,916.5,916.5,940.9,916.5,937.75,0
1999-02-09,924.75,924.75,924.75,907.45,914.7,0
1999-02-10,959.45,959.45,959.6,935.2,938.8,0
1999-02-11,960.05,960.05,973.7,958.15,966.85,0
1999-02-12,970.25,970.25,972.75,962.35,965.7,0
1999-02-15,954.55,954.55,976.85,954.55,974.1,0
1999-02-16,958.9,958.9,960.25,951.5,952.55,0
1999-02-17,969.05,969.05,978.75,953.1,970.1,0
1999-02-18,973.45,973.45,989.15,968.7,974.15,0
1999-02-19,976.3,976.3,985.4,975.85,979.4,0
1999-02-22,953.85,953.85,978.85,953.6,978.5,0
1999-02-23,949.65,949.65,952.65,938.65,949.3,0
1999-02-24,957.65,957.65,961.4,947.95,959.8,0
1999-02-25,954.3,954.3,962.6,951.9,954.7,0
1999-02-26,941.2,941.2,955.75,938.2,955.4,0
1999-02-27,981.3,981.3,981.55,932.2,947.35,0
1999-03-01,1015.8,1015.8,1018.4,984.45,992.45,0
1999-03-03,1051.85,1051.85,1073.05,1051.8,1066.4,0
1999-03-04,1041.2,1041.2,1060.55,1030.45,1056.85,0
1999-03-05,1054.45,1054.45,1061.4,1033.8,1043.45,0
1999-03-08,1072.1,1072.1,1080.3,1056.85,1064.35,0
1999-03-09,1078.35,1078.35,1084.65,1071.75,1074.25,0
1999-03-10,1078.85,1078.85,1099.8,1062.7,1099.15,0
1999-03-11,1059.6,1059.6,1085.4,1059.6,1080.15,0
1999-03-12,1072.65,1072.65,1074.15,1057.1,1066.85,0
1999-03-15,1073.95,1073.95,1082.5,1063.45,1073.15,0
1999-03-16,1053.15,1053.15,1075.7,1052.9,1068.85,0
1999-03-17,1060.65,1060.65,1088.55,1057.75,1078.2,0
1999-03-18,1074.6,1074.6,1074.6,1058.25,1061.4,0
1999-03-19,1062.9,1062.9,1083.15,1056.4,1080.7,0
1999-03-20,1060.35,1060.35,1063.65,1053.6,1063.15,0
1999-03-22,1063.0,1063.0,1066.6,1044.1,1052.6,0
1999-03-23,1072.95,1072.95,1079.85,1063.9,1063.95,0
1999-03-24,1062.8,1062.8,1091.9,1047.05,1091.15,0
1999-03-25,1054.9,1054.9,1068.15,1053.3,1057.95,0
1999-03-26,1041.25,1041.25,1057.8,1033.0,1054.95,0
1999-03-30,1054.6,1054.6,1054.65,1028.45,1036.0,0
1999-03-31,1078.05,1078.05,1090.4,1073.65,1076.95,0
1999-04-01,1063.45,1063.45,1084.05,1062.45,1082.55,0
1999-04-05,1011.4,1011.4,1036.45,1008.35,1030.65,0
1999-04-06,1024.2,1024.2,1025.95,993.0,999.8,0
1999-04-07,1031.05,1031.05,1043.4,1027.0,1027.35,0
1999-04-08,1020.35,1020.35,1036.95,1015.3,1033.0,0
1999-04-09,993.4,993.4,1022.15,989.75,1021.55,0
1999-04-12,998.2,998.2,999.65,972.7,984.55,0
1999-04-13,994.25,994.25,1006.15,989.9,991.05,0
1999-04-15,968.6,968.6,980.65,964.35,968.4,0
1999-04-16,1044.45,1044.45,1044.85,965.15,970.95,0
1999-04-17,966.95,966.95,1069.55,961.4,1065.5,0
1999-04-19,993.9,993.9,1000.6,955.75,961.3,0
1999-04-20,995.4,995.4,1003.7,983.7,995.65,0
1999-04-21,996.65,996.65,1003.4,990.95,997.35,0
1999-04-22,981.65,981.65,1012.0,971.9,999.55,0
1999-04-23,982.0,982.0,994.3,968.15,987.05,0
1999-04-26,931.35,931.35,955.5,931.3,945.9,0
1999-04-28,943.5,943.5,944.45,916.0,928.85,0
1999-04-29,966.6,966.6,966.6,948.4,950.25,0
1999-04-30,978.2,978.2,980.75,969.6,970.9,0
1999-05-03,970.75,970.75,986.4,968.25,979.8,0
1999-05-04,1008.35,1008.35,1008.35,971.8,971.9,0
1999-05-05,1019.55,1019.55,1034.55,1004.9,1014.65,0
1999-05-06,1046.95,1046.95,1048.05,1023.95,1024.95,0
1999-05-07,1062.9,1062.9,1080.7,1059.05,1065.4,0
1999-05-10,1094.2,1094.2,1094.2,1070.35,1070.75,0
1999-05-11,1116.0,1116.0,1121.95,1100.5,1102.2,0
1999-05-12,1110.9,1110.9,1142.1,1086.7,1135.45,0
1999-05-13,1148.1,1148.1,1149.6,1130.85,1131.95,0
1999-05-14,1165.35,1165.35,1173.55,1144.9,1157.6,0
1999-05-17,1151.9,1151.9,1171.1,1120.7,1164.45,0
1999-05-18,1160.15,1160.15,1176.3,1153.45,1155.75,0
1999-05-19,1180.25,1180.25,1189.2,1161.6,1169.6,0
1999-05-20,1166.9,1166.9,1201.3,1166.9,1181.0,0
1999-05-21,1145.85,1145.85,1177.0,1139.1,1176.95,0
1999-05-24,1151.6,1151.6,1154.5,1132.5,1147.4,0
1999-05-25,1160.2,1160.2,1164.2,1147.4,1148.05,0
1999-05-26,1135.5,1135.5,1170.1,1122.6,1165.15,0
1999-05-27,1091.45,1091.45,1147.95,1091.45,1132.85,0
1999-05-28,1081.5,1081.5,1098.25,1049.95,1088.0,0
1999-05-31,1132.3,1132.3,1132.8,1097.85,1098.0,0
1999-06-01,1123.8,1123.8,1139.8,1113.0,1125.55,0
1999-06-02,1125.15,1125.15,1127.65,1107.2,1120.65,0
1999-06-03,1136.65,1136.65,1141.05,1127.3,1129.9,0
1999-06-04,1155.05,1155.05,1162.0,1149.1,1150.05,0
1999-06-07,1156.65,1156.65,1164.15,1150.2,1159.55,0
1999-06-08,1178.95,1178.95,1178.95,1138.05,1145.9,0
1999-06-09,1163.2,1163.2,1192.05,1159.25,1180.0,0
1999-06-10,1162.6,1162.6,1175.95,1159.6,1163.7,0
1999-06-11,1141.9,1141.9,1162.95,1140.25,1161.8,0
1999-06-14,1126.9,1126.9,1140.75,1099.85,1140.75,0
1999-06-15,1120.5,1120.5,1143.3,1113.3,1127.4,0
1999-06-16,1148.15,1148.15,1152.35,1109.7,1120.35,0
1999-06-17,1176.35,1176.35,1181.9,1148.95,1148.95,0
1999-06-18,1175.15,1175.15,1189.2,1172.2,1177.15,0
1999-06-21,1202.3,1202.3,1203.35,1175.3,1175.3,0
1999-06-22,1214.3,1214.3,1219.45,1201.2,1202.95,0
1999-06-23,1193.15,1193.15,1228.55,1188.65,1215.95,0
1999-06-24,1181.3,1181.3,1193.1,1171.3,1192.55,0
1999-06-25,1177.0,1177.0,1197.0,1174.2,1181.6,0
1999-06-28,1192.2,1192.2,1194.9,1177.05,1177.05,0
1999-06-29,1191.3,1191.3,1198.7,1185.3,1192.2,0
1999-06-30,1187.7,1187.7,1193.9,1179.65,1191.45,0
1999-07-01,1183.2,1183.2,1197.0,1179.3,1187.85,0
1999-07-02,1197.85,1197.85,1204.15,1183.65,1183.65,0
1999-07-05,1230.25,1230.25,1232.4,1197.95,1197.95,0
1999-07-06,1241.25,1241.25,1246.4,1230.3,1230.3,0
1999-07-07,1243.7,1243.7,1255.75,1238.15,1241.65,0
1999-07-08,1244.05,1244.05,1251.15,1238.4,1243.9,0
1999-07-09,1254.0,1254.0,1260.7,1244.4,1244.4,0
1999-07-12,1315.35,1315.35,1318.05,1254.1,1254.1,0
1999-07-13,1321.45,1321.45,1338.15,1315.75,1315.75,0
1999-07-14,1335.15,1335.15,1341.1,1306.2,1322.9,0
1999-07-15,1317.7,1317.7,1367.95,1310.45,1335.55,0
1999-07-16,1324.25,1324.25,1331.75,1312.3,1318.3,0
1999-07-19,1349.6,1349.6,1357.85,1325.35,1325.35,0
1999-07-20,1314.7,1314.7,1350.35,1310.85,1349.6,0
1999-07-21,1340.15,1340.15,1346.65,1302.8,1314.8,0
1999-07-22,1349.2,1349.2,1358.25,1337.55,1339.05,0
1999-07-23,1342.95,1342.95,1367.3,1339.6,1350.0,0
1999-07-26,1326.15,1326.15,1342.6,1314.8,1342.6,0
1999-07-27,1309.85,1309.85,1327.0,1304.4,1325.4,0
1999-07-28,1320.1,1320.1,1337.0,1309.75,1309.75,0
1999-07-29,1325.7,1325.7,1329.75,1312.55,1320.75,0
1999-07-30,1310.15,1310.15,1325.55,1302.5,1325.55,0
1999-08-02,1289.6,1289.6,1310.8,1282.85,1309.85,0
1999-08-03,1285.05,1285.05,1290.8,1277.85,1289.2,0
1999-08-04,1326.4,1326.4,1329.3,1285.9,1285.9,0
1999-08-05,1323.3,1323.3,1345.85,1317.5,1326.75,0
1999-08-06,1316.8,1316.8,1326.0,1315.15,1323.15,0
1999-08-09,1327.75,1327.75,1332.9,1312.8,1316.9,0
1999-08-10,1309.75,1309.75,1328.4,1305.85,1328.15,0
1999-08-11,1315.3,1315.3,1328.2,1295.2,1308.75,0
1999-08-12,1309.5,1309.5,1321.55,1308.05,1315.9,0
1999-08-13,1291.85,1291.85,1317.1,1290.3,1309.7,0
1999-08-16,1309.9,1309.9,1314.15,1292.35,1292.35,0
1999-08-17,1322.7,1322.7,1327.9,1310.3,1310.3,0
1999-08-18,1363.35,1363.35,1371.9,1326.0,1326.0,0
1999-08-19,1345.0,1345.0,1375.45,1341.55,1363.5,0
1999-08-20,1347.3,1347.3,1350.3,1332.4,1345.6,0
1999-08-23,1369.7,1369.7,1375.95,1347.75,1347.75,0
1999-08-24,1382.65,1382.65,1385.6,1369.9,1370.05,0
1999-08-25,1371.65,1371.65,1414.0,1341.35,1383.45,0
1999-08-26,1402.5,1402.5,1408.15,1371.9,1371.9,0
1999-08-27,1417.5,1417.5,1425.2,1402.6,1402.6,0
1999-08-30,1422.6,1422.6,1435.5,1417.8,1417.8,0
1999-08-31,1412.0,1412.0,1424.05,1409.55,1422.65,0
1999-09-01,1410.7,1410.7,1430.8,1397.7,1412.05,0
1999-09-02,1375.85,1375.85,1410.0,1372.5,1410.0,0
1999-09-03,1374.95,1374.95,1384.25,1370.95,1375.7,0
1999-09-06,1390.2,1390.2,1392.05,1372.5,1375.45,0
1999-09-07,1383.25,1383.25,1403.75,1378.95,1391.2,0
1999-09-08,1399.5,1399.5,1413.45,1385.55,1385.55,0
1999-09-09,1396.9,1396.9,1402.25,1388.65,1400.15,0
1999-09-10,1391.1,1391.1,1398.6,1388.85,1397.15,0
1999-09-14,1370.55,1370.55,1397.45,1366.25,1391.9,0
1999-09-15,1374.7,1374.7,1392.35,1371.0,1371.0,0
1999-09-16,1351.2,1351.2,1375.35,1347.3,1374.45,0
1999-09-17,1359.7,1359.7,1364.05,1329.7,1350.35,0
1999-09-20,1357.85,1357.85,1379.05,1356.3,1359.8,0
1999-09-21,1350.6,1350.6,1367.75,1348.6,1358.45,0
1999-09-22,1386.45,1386.45,1400.0,1350.7,1350.7,0
1999-09-23,1398.0,1398.0,1403.55,1387.45,1387.95,0
1999-09-24,1412.25,1412.25,1427.75,1396.75,1397.45,0
1999-09-27,1389.5,1389.5,1427.15,1387.05,1413.8,0
1999-09-28,1379.15,1379.15,1389.45,1363.45,1389.25,0
1999-09-29,1415.3,1415.3,1429.05,1380.3,1380.7,0
1999-09-30,1413.1,1413.1,1432.55,1409.55,1415.55,0
1999-10-01,1403.2,1403.2,1419.1,1389.05,1414.65,0
1999-10-04,1372.3,1372.3,1406.35,1367.85,1403.45,0
1999-10-05,1378.15,1378.15,1384.35,1358.95,1372.4,0
1999-10-06,1392.7,1392.7,1419.75,1377.15,1377.65,0
1999-10-07,1469.75,1469.75,1475.45,1394.35,1394.35,0
1999-10-08,1479.25,1479.25,1502.65,1462.75,1470.0,0
1999-10-11,1484.0,1484.0,1504.55,1479.1,1480.8,0
1999-10-12,1483.85,1483.85,1493.15,1472.35,1484.4,0
1999-10-13,1496.3,1496.3,1510.5,1466.0,1485.45,0
1999-10-14,1505.2,1505.2,1522.85,1496.65,1497.3,0
1999-10-15,1454.55,1454.55,1512.0,1448.95,1505.7,0
1999-10-18,1444.05,1444.05,1461.45,1426.15,1454.9,0
1999-10-20,1477.65,1477.65,1498.7,1446.2,1446.2,0
1999-10-21,1453.35,1453.35,1496.45,1448.35,1478.0,0
1999-10-22,1430.25,1430.25,1452.6,1421.4,1452.6,0
1999-10-23,1449.8,1449.8,1451.85,1429.1,1430.75,0
1999-10-25,1426.2,1426.2,1457.2,1410.85,1449.85,0
1999-10-26,1414.35,1414.35,1431.5,1410.95,1426.6,0
1999-10-27,1411.4,1411.4,1440.7,1400.75,1419.1,0
1999-10-28,1367.7,1367.7,1411.45,1361.05,1411.2,0
1999-10-29,1325.45,1325.45,1370.8,1296.7,1367.9,0
1999-11-01,1270.0,1270.0,1332.7,1260.8,1325.9,0
1999-11-02,1332.2,1332.2,1335.6,1239.8,1269.3,0
1999-11-03,1326.4,1326.4,1353.55,1303.25,1332.7,0
1999-11-04,1336.8,1336.8,1339.75,1313.6,1326.85,0
1999-11-05,1364.55,1364.55,1369.65,1336.55,1336.75,0
1999-11-07,1369.6,1369.6,1382.25,1364.7,1364.7,0
1999-11-09,1371.2,1371.2,1374.8,1345.25,1370.5,0
1999-11-10,1389.1,1389.1,1392.55,1371.6,1371.6,0
1999-11-11,1389.6,1389.6,1402.7,1382.3,1389.2,0
1999-11-12,1373.55,1373.55,1389.4,1368.85,1389.25,0
1999-11-15,1362.7,1362.7,1381.1,1358.15,1372.75,0
1999-11-16,1357.75,1357.75,1362.3,1351.4,1362.3,0
1999-11-17,1352.25,1352.25,1381.5,1352.25,1367.65,0
1999-11-18,1364.25,1364.25,1366.25,1342.25,1353.4,0
1999-11-19,1361.85,1361.85,1381.05,1360.05,1365.25,0
1999-11-22,1375.25,1375.25,1378.1,1358.2,1362.4,0
1999-11-24,1394.95,1394.95,1404.05,1376.5,1376.5,0
1999-11-25,1408.65,1408.65,1417.65,1395.85,1395.85,0
1999-11-26,1399.6,1399.6,1418.15,1395.5,1409.35,0
1999-11-29,1384.65,1384.65,1401.25,1382.2,1399.8,0
1999-11-30,1376.15,1376.15,1386.75,1370.55,1384.9,0
1999-12-01,1388.75,1388.75,1401.1,1374.7,1375.05,0
1999-12-02,1408.85,1408.85,1420.7,1387.2,1388.2,0
1999-12-03,1418.0,1418.0,1436.65,1409.05,1409.05,0
1999-12-06,1442.85,1442.85,1445.6,1418.3,1418.3,0
1999-12-07,1445.15,1445.15,1455.4,1439.65,1443.2,0
1999-12-08,1438.65,1438.65,1486.15,1420.95,1451.1,0
1999-12-09,1447.55,1447.55,1451.5,1428.05,1437.1,0
1999-12-10,1439.7,1439.7,1462.6,1437.0,1448.05,0
1999-12-13,1427.65,1427.65,1444.95,1421.85,1440.2,0
1999-12-14,1398.25,1398.25,1431.25,1391.1,1427.9,0
1999-12-15,1401.4,1401.4,1410.8,1376.75,1396.6,0
1999-12-16,1419.7,1419.7,1428.5,1402.75,1404.05,0
1999-12-17,1419.3,1419.3,1439.25,1414.15,1420.1,0
1999-12-20,1422.45,1422.45,1435.55,1418.75,1419.45,0
1999-12-21,1421.7,1421.7,1437.6,1413.85,1422.6,0
1999-12-22,1481.7,1481.7,1486.9,1429.15,1429.15,0
1999-12-23,1488.35,1488.35,1510.85,1481.6,1481.6,0
1999-12-24,1459.0,1459.0,1489.9,1453.35,1488.05,0
1999-12-27,1432.1,1432.1,1460.5,1427.7,1459.65,0
1999-12-28,1442.2,1442.2,1451.35,1418.85,1427.45,0
1999-12-29,1476.35,1476.35,1483.4,1443.9,1443.9,0
1999-12-30,1480.45,1480.45,1504.95,1476.75,1489.2,0
2000-01-03,1592.2,1592.2,1592.9,1482.15,1482.15,0
2000-01-04,1638.7,1638.7,1641.95,1594.4,1594.4,0
2000-01-05,1595.8,1595.8,1635.5,1555.05,1634.55,0
2000-01-06,1617.6,1617.6,1639.0,1595.8,1595.8,0
2000-01-07,1613.3,1613.3,1628.25,1597.2,1616.6,0
2000-01-10,1632.95,1632.95,1662.1,1614.95,1615.65,0
2000-01-11,1572.5,1572.5,1639.9,1548.25,1633.25,0
2000-01-12,1624.8,1624.8,1631.55,1571.7,1572.3,0
2000-01-13,1621.4,1621.4,1671.15,1613.65,1627.85,0
2000-01-14,1622.75,1622.75,1627.4,1591.4,1622.15,0
2000-01-17,1611.6,1611.6,1668.45,1604.65,1623.5,0
2000-01-18,1606.7,1606.7,1615.15,1587.85,1611.65,0
2000-01-19,1634.85,1634.85,1644.45,1608.85,1610.05,0
2000-01-20,1601.1,1601.1,1644.4,1596.65,1634.65,0
2000-01-21,1620.6,1620.6,1626.5,1593.2,1601.25,0
2000-01-24,1613.6,1613.6,1645.0,1608.3,1623.05,0
2000-01-25,1586.4,1586.4,1613.65,1579.55,1612.95,0
2000-01-27,1603.9,1603.9,1633.55,1600.05,1600.5,0
2000-01-28,1599.1,1599.1,1610.9,1592.7,1603.65,0
2000-01-31,1546.2,1546.2,1598.35,1538.7,1598.35,0
2000-02-01,1549.5,1549.5,1554.15,1521.4,1546.2,0
2000-02-02,1588.0,1588.0,1605.9,1554.2,1554.2,0
2000-02-03,1597.9,1597.9,1616.7,1591.25,1591.25,0
2000-02-04,1599.75,1599.75,1621.35,1596.45,1598.5,0
2000-02-07,1636.6,1636.6,1645.9,1599.8,1599.8,0
2000-02-08,1662.75,1662.75,1676.1,1636.6,1636.6,0
2000-02-09,1689.65,1689.65,1731.65,1666.7,1666.95,0
2000-02-10,1711.2,1711.2,1713.7,1692.1,1692.1,0
2000-02-11,1756.0,1756.0,1771.65,1712.85,1712.85,0
2000-02-14,1744.5,1744.5,1795.45,1738.75,1777.75,0
2000-02-15,1702.55,1702.55,1744.5,1694.45,1744.5,0
2000-02-16,1711.1,1711.1,1742.8,1704.15,1704.85,0
2000-02-17,1742.1,1742.1,1753.1,1710.05,1710.05,0
2000-02-18,1717.8,1717.8,1764.15,1713.45,1742.3,0
2000-02-21,1753.5,1753.5,1767.8,1719.55,1719.55,0
2000-02-22,1739.05,1739.05,1781.05,1733.55,1754.2,0
2000-02-23,1696.4,1696.4,1818.15,1689.2,1745.2,0
2000-02-24,1732.0,1732.0,1751.6,1693.1,1696.4,0
2000-02-25,1710.45,1710.45,1757.05,1699.25,1734.05,0
2000-02-28,1722.55,1722.55,1726.65,1670.75,1711.15,0
2000-02-29,1654.8,1654.8,1783.3,1626.35,1722.85,0
2000-03-01,1712.7,1712.7,1727.9,1630.0,1661.5,0
2000-03-02,1696.55,1696.55,1773.85,1690.05,1713.65,0
2000-03-03,1656.0,1656.0,1719.15,1644.4,1696.45,0
2000-03-06,1688.5,1688.5,1721.0,1656.0,1656.0,0
2000-03-07,1702.75,1702.75,1730.85,1684.9,1711.85,0
2000-03-08,1666.35,1666.35,1765.25,1654.45,1717.75,0
2000-03-09,1646.25,1646.25,1692.25,1595.45,1667.45,0
2000-03-10,1602.75,1602.75,1680.45,1588.2,1647.85,0
2000-03-13,1560.7,1560.7,1645.0,1553.45,1601.4,0
2000-03-14,1567.05,1567.05,1571.3,1503.2,1561.55,0
2000-03-15,1620.1,1620.1,1630.95,1538.7,1546.8,0
2000-03-16,1562.2,1562.2,1621.2,1554.3,1620.4,0
2000-03-21,1556.6,1556.6,1585.25,1542.65,1563.3,0
2000-03-22,1589.6,1589.6,1604.0,1551.05,1551.05,0
2000-03-23,1553.4,1553.4,1629.2,1544.5,1590.3,0
2000-03-24,1569.55,1569.55,1579.4,1540.45,1554.2,0
2000-03-27,1562.95,1562.95,1593.3,1555.75,1570.45,0
2000-03-28,1568.6,1568.6,1575.85,1527.55,1563.3,0
2000-03-29,1558.25,1558.25,1609.4,1553.4,1569.3,0
2000-03-30,1549.5,1549.5,1557.85,1489.1,1556.95,0
2000-03-31,1528.45,1528.45,1545.55,1493.9,1545.55,0
2000-04-03,1534.75,1534.75,1555.5,1510.75,1528.7,0
2000-04-04,1428.1,1428.1,1534.05,1420.85,1534.05,0
2000-04-05,1434.65,1434.65,1467.4,1391.65,1428.5,0
2000-04-06,1452.95,1452.95,1475.25,1381.05,1436.15,0
2000-04-07,1557.15,1557.15,1558.05,1453.3,1453.3,0
2000-04-10,1613.0,1613.0,1636.95,1557.55,1557.55,0
2000-04-11,1624.65,1624.65,1631.6,1550.85,1613.0,0
2000-04-12,1592.7,1592.7,1628.55,1586.0,1624.4,0
2000-04-13,1518.65,1518.65,1587.95,1502.7,1587.95,0
2000-04-17,1443.55,1443.55,1518.55,1412.45,1518.55,0
2000-04-18,1414.8,1414.8,1478.85,1410.0,1443.55,0
2000-04-19,1404.95,1404.95,1469.05,1375.05,1417.75,0
2000-04-20,1415.65,1415.65,1425.55,1339.75,1405.7,0
2000-04-24,1388.0,1388.0,1431.8,1371.85,1416.05,0
2000-04-25,1359.45,1359.45,1383.8,1311.3,1383.8,0
2000-04-26,1436.1,1436.1,1439.05,1362.5,1362.5,0
2000-04-27,1416.9,1416.9,1455.85,1400.65,1436.15,0
2000-04-28,1406.55,1406.55,1438.0,1396.55,1419.9,0
2000-05-02,1333.45,1333.45,1421.5,1319.65,1410.0,0
2000-05-03,1316.05,1316.05,1342.15,1258.1,1330.15,0
2000-05-04,1380.55,1380.55,1385.15,1317.95,1317.95,0
2000-05-05,1422.4,1422.4,1428.6,1381.9,1381.9,0
2000-05-08,1365.05,1365.05,1436.6,1358.8,1423.25,0
2000-05-09,1378.55,1378.55,1385.7,1328.05,1362.45,0
2000-05-10,1363.15,1363.15,1391.35,1359.65,1380.4,0
2000-05-11,1304.55,1304.55,1359.1,1295.95,1359.1,0
2000-05-12,1282.8,1282.8,1326.3,1276.4,1305.3,0
2000-05-15,1299.25,1299.25,1311.7,1220.7,1281.3,0
2000-05-16,1306.85,1306.85,1310.45,1287.8,1300.2,0
2000-05-17,1311.65,1311.65,1347.7,1303.75,1310.8,0
2000-05-18,1293.4,1293.4,1316.2,1289.55,1311.3,0
2000-05-19,1268.0,1268.0,1293.45,1252.7,1293.45,0
2000-05-22,1233.0,1233.0,1267.85,1228.4,1267.85,0
2000-05-23,1224.4,1224.4,1230.9,1203.2,1229.25,0
2000-05-24,1235.9,1235.9,1246.25,1201.5,1224.5,0
2000-05-25,1247.65,1247.65,1269.8,1235.7,1237.0,0
2000-05-26,1275.35,1275.35,1278.75,1232.85,1247.1,0
2000-05-29,1311.05,1311.05,1317.75,1267.4,1273.7,0
2000-05-30,1344.85,1344.85,1347.3,1304.95,1310.8,0
2000-05-31,1380.45,1380.45,1410.75,1355.35,1355.35,0
2000-06-01,1349.0,1349.0,1380.4,1345.1,1380.4,0
2000-06-02,1389.25,1389.25,1395.35,1350.15,1350.15,0
2000-06-05,1404.6,1404.6,1461.05,1390.95,1390.95,0
2000-06-06,1421.75,1421.75,1426.15,1392.7,1405.45,0
2000-06-07,1430.35,1430.35,1442.7,1413.8,1423.4,0
2000-06-08,1463.65,1463.65,1468.7,1430.5,1430.5,0
2000-06-09,1467.2,1467.2,1485.5,1458.9,1464.3,0
2000-06-12,1440.4,1440.4,1477.55,1437.15,1464.4,0
2000-06-13,1432.9,1432.9,1438.8,1411.9,1438.8,0
2000-06-14,1435.5,1435.5,1459.15,1423.95,1434.95,0
2000-06-15,1445.25,1445.25,1452.8,1422.4,1437.0,0
2000-06-16,1477.3,1477.3,1480.85,1441.6,1443.15,0
2000-06-19,1498.75,1498.75,1510.45,1477.55,1477.55,0
2000-06-20,1507.1,1507.1,1518.05,1497.05,1498.0,0
2000-06-21,1475.15,1475.15,1539.1,1470.4,1524.05,0
2000-06-22,1488.25,1488.25,1491.4,1461.3,1475.65,0
2000-06-23,1472.2,1472.2,1499.85,1462.75,1487.85,0
2000-06-26,1451.65,1451.65,1472.15,1431.25,1472.15,0
2000-06-27,1454.3,1454.3,1467.15,1448.95,1452.8,0
2000-06-28,1470.0,1470.0,1474.7,1445.6,1453.7,0
2000-06-29,1492.35,1492.35,1505.75,1471.35,1471.35,0
2000-06-30,1471.45,1471.45,1490.65,1462.45,1490.2,0
2000-07-03,1495.25,1495.25,1498.7,1473.45,1473.45,0
2000-07-04,1511.3,1511.3,1516.8,1494.8,1496.15,0
2000-07-05,1526.05,1526.05,1530.9,1511.5,1511.5,0
2000-07-06,1516.8,1516.8,1525.15,1504.05,1525.15,0
2000-07-07,1517.6,1517.6,1528.15,1513.4,1517.0,0
2000-07-10,1509.65,1509.65,1523.2,1502.7,1518.15,0
2000-07-11,1518.55,1518.55,1523.1,1506.15,1510.55,0
2000-07-12,1533.35,1533.35,1537.1,1507.95,1518.7,0
2000-07-13,1522.6,1522.6,1564.75,1513.65,1535.55,0
2000-07-14,1509.75,1509.75,1534.35,1505.9,1522.2,0
2000-07-17,1479.65,1479.65,1512.25,1475.15,1509.25,0
2000-07-18,1463.1,1463.1,1482.9,1458.6,1479.3,0
2000-07-19,1435.8,1435.8,1468.55,1432.85,1464.55,0
2000-07-20,1424.2,1424.2,1443.25,1416.0,1434.95,0
2000-07-21,1397.25,1397.25,1435.2,1394.3,1424.9,0
2000-07-24,1317.75,1317.75,1397.05,1310.85,1397.05,0
2000-07-25,1348.9,1348.9,1363.45,1269.25,1317.35,0
2000-07-26,1318.25,1318.25,1371.8,1315.15,1350.8,0
2000-07-27,1338.05,1338.05,1342.75,1291.3,1317.0,0
2000-07-28,1333.8,1333.8,1359.4,1327.95,1337.7,0
2000-07-31,1332.85,1332.85,1343.65,1317.3,1333.3,0
2000-08-01,1326.85,1326.85,1344.5,1322.6,1332.85,0
2000-08-02,1331.9,1331.9,1333.85,1312.25,1323.7,0
2000-08-03,1321.25,1321.25,1339.4,1319.0,1330.7,0
2000-08-04,1318.55,1318.55,1333.15,1302.65,1320.25,0
2000-08-07,1310.8,1310.8,1321.7,1299.9,1319.7,0
2000-08-08,1345.6,1345.6,1348.25,1311.15,1312.1,0
2000-08-09,1344.95,1344.95,1363.95,1341.05,1345.95,0
2000-08-10,1328.0,1328.0,1360.4,1325.15,1345.25,0
2000-08-11,1310.75,1310.75,1328.15,1306.6,1328.15,0
2000-08-14,1317.9,1317.9,1321.55,1295.45,1312.25,0
2000-08-16,1351.45,1351.45,1354.95,1319.35,1319.35,0
2000-08-17,1341.4,1341.4,1363.05,1334.95,1351.5,0
2000-08-18,1358.05,1358.05,1360.65,1339.05,1342.0,0
2000-08-21,1370.25,1370.25,1374.5,1358.75,1358.75,0
2000-08-22,1381.2,1381.2,1394.9,1370.75,1370.75,0
2000-08-23,1386.05,1386.05,1398.9,1376.9,1381.6,0
2000-08-24,1386.95,1386.95,1390.45,1374.9,1386.3,0
2000-08-25,1381.25,1381.25,1396.1,1377.75,1387.35,0
2000-08-28,1369.85,1369.85,1383.45,1368.25,1379.6,0
2000-08-29,1367.7,1367.7,1373.55,1360.65,1368.65,0
2000-08-30,1375.95,1375.95,1384.85,1369.8,1369.9,0
2000-08-31,1394.1,1394.1,1397.3,1375.9,1376.5,0
2000-09-04,1427.75,1427.75,1433.15,1395.95,1395.95,0
2000-09-05,1428.25,1428.25,1434.65,1420.9,1428.05,0
2000-09-06,1435.35,1435.35,1444.45,1421.0,1430.9,0
2000-09-07,1439.75,1439.75,1450.2,1424.35,1434.7,0
2000-09-08,1450.05,1450.05,1453.15,1440.6,1440.6,0
2000-09-11,1456.35,1456.35,1469.0,1448.95,1449.35,0
2000-09-12,1467.65,1467.65,1470.55,1447.8,1457.1,0
2000-09-13,1456.15,1456.15,1482.0,1452.6,1467.65,0
2000-09-14,1445.3,1445.3,1466.65,1437.85,1456.75,0
2000-09-15,1417.2,1417.2,1451.05,1411.55,1443.25,0
2000-09-18,1354.35,1354.35,1416.05,1352.1,1416.05,0
2000-09-19,1317.0,1317.0,1361.7,1295.3,1351.8,0
2000-09-20,1342.9,1342.9,1351.1,1311.1,1317.8,0
2000-09-21,1329.85,1329.85,1347.4,1325.75,1341.65,0
2000-09-22,1266.45,1266.45,1329.1,1261.2,1329.1,0
2000-09-25,1292.55,1292.55,1305.1,1268.4,1268.4,0
2000-09-26,1267.9,1267.9,1298.25,1261.0,1292.9,0
2000-09-27,1292.55,1292.55,1299.0,1249.35,1267.45,0
2000-09-28,1266.4,1266.4,1302.75,1260.8,1292.4,0
2000-09-29,1271.65,1271.65,1284.15,1264.4,1267.3,0
2000-10-03,1282.0,1282.0,1288.15,1254.35,1270.75,0
2000-10-04,1297.8,1297.8,1300.05,1275.8,1281.45,0
2000-10-05,1284.75,1284.75,1306.45,1282.5,1296.1,0
2000-10-06,1285.0,1285.0,1287.85,1262.65,1284.35,0
2000-10-09,1267.3,1267.3,1286.35,1264.2,1285.05,0
2000-10-10,1238.95,1238.95,1272.75,1230.05,1268.7,0
2000-10-11,1201.9,1201.9,1234.1,1193.8,1232.85,0
2000-10-12,1206.25,1206.25,1214.35,1185.1,1201.3,0
2000-10-13,1176.75,1176.75,1205.7,1167.5,1205.7,0
2000-10-16,1175.45,1175.45,1228.8,1173.35,1177.85,0
2000-10-17,1158.05,1158.05,1174.3,1140.6,1174.3,0
2000-10-18,1136.0,1136.0,1157.05,1122.8,1157.05,0
2000-10-19,1166.15,1166.15,1171.5,1108.2,1135.65,0
2000-10-20,1172.0,1172.0,1202.7,1166.2,1166.2,0
2000-10-23,1143.95,1143.95,1172.15,1141.45,1171.75,0
2000-10-24,1152.45,1152.45,1155.35,1132.9,1143.0,0
2000-10-25,1183.9,1183.9,1190.4,1157.25,1158.2,0
2000-10-26,1186.3,1186.3,1188.2,1176.6,1182.8,0
2000-10-27,1178.7,1178.7,1192.9,1171.85,1186.95,0
2000-10-30,1167.15,1167.15,1185.8,1164.25,1178.75,0
2000-10-31,1172.75,1172.75,1175.6,1155.15,1167.2,0
2000-11-01,1200.8,1200.8,1203.85,1177.1,1178.25,0
2000-11-02,1224.85,1224.85,1226.35,1199.75,1201.25,0
2000-11-03,1242.05,1242.05,1249.2,1225.0,1225.0,0
2000-11-06,1240.25,1240.25,1261.4,1236.65,1242.15,0
2000-11-07,1246.75,1246.75,1249.1,1232.35,1239.0,0
2000-11-08,1266.8,1266.8,1277.25,1246.65,1246.65,0
2000-11-09,1269.95,1269.95,1275.55,1255.95,1266.75,0
2000-11-10,1239.55,1239.55,1271.4,1237.5,1271.35,0
2000-11-13,1208.05,1208.05,1239.35,1199.95,1239.35,0
2000-11-14,1242.85,1242.85,1246.9,1207.05,1207.2,0
2000-11-15,1247.05,1247.05,1270.1,1243.2,1245.0,0
2000-11-16,1233.25,1233.25,1254.55,1228.6,1246.6,0
2000-11-17,1236.0,1236.0,1238.0,1216.9,1232.35,0
2000-11-20,1237.6,1237.6,1241.75,1231.05,1236.0,0
2000-11-21,1235.0,1235.0,1237.85,1224.3,1236.95,0
2000-11-22,1222.35,1222.35,1247.5,1220.05,1235.85,0
2000-11-23,1216.0,1216.0,1223.05,1209.85,1221.2,0
2000-11-24,1225.2,1225.2,1230.0,1216.05,1216.05,0
2000-11-27,1252.9,1252.9,1254.45,1225.35,1225.4,0
2000-11-28,1272.75,1272.75,1275.45,1248.9,1252.9,0
2000-11-29,1264.75,1264.75,1281.0,1253.45,1272.25,0
2000-11-30,1268.15,1268.15,1272.1,1258.4,1264.75,0
2000-12-01,1276.2,1276.2,1280.5,1255.2,1268.1,0
2000-12-04,1275.6,1275.6,1290.0,1273.65,1276.25,0
2000-12-05,1284.65,1284.65,1288.2,1275.5,1275.7,0
2000-12-06,1298.55,1298.55,1319.85,1284.85,1284.85,0
2000-12-07,1302.5,1302.5,1308.45,1295.1,1298.9,0
2000-12-08,1313.7,1313.7,1317.2,1303.3,1303.3,0
2000-12-11,1332.15,1332.15,1333.5,1313.7,1313.7,0
2000-12-12,1333.35,1333.35,1341.75,1327.6,1332.2,0
2000-12-13,1354.3,1354.3,1360.8,1333.8,1333.8,0
2000-12-14,1349.35,1349.35,1369.5,1346.15,1354.45,0
2000-12-15,1312.6,1312.6,1349.25,1308.15,1349.25,0
2000-12-18,1317.6,1317.6,1321.65,1297.2,1310.15,0
2000-12-19,1310.5,1310.5,1325.6,1307.0,1317.75,0
2000-12-20,1295.25,1295.25,1313.4,1285.45,1312.8,0
2000-12-21,1277.4,1277.4,1294.25,1257.1,1294.25,0
2000-12-22,1242.0,1242.0,1292.8,1237.3,1278.95,0
2000-12-26,1212.0,1212.0,1248.5,1207.95,1242.05,0
2000-12-27,1228.3,1228.3,1239.0,1208.75,1212.15,0
2000-12-28,1248.95,1248.95,1253.6,1229.35,1229.35,0
2000-12-29,1263.55,1263.55,1265.9,1242.25,1249.0,0
2001-01-01,1254.3,1254.3,1276.15,1250.65,1263.5,0
2001-01-02,1271.8,1271.8,1279.6,1248.55,1254.25,0
2001-01-03,1291.25,1291.25,1293.55,1263.95,1271.8,0
2001-01-04,1307.65,1307.65,1331.35,1291.3,1291.3,0
2001-01-05,1327.25,1327.25,1330.3,1306.25,1307.55,0
2001-01-08,1309.25,1309.25,1334.2,1303.35,1327.35,0
2001-01-09,1311.65,1311.65,1323.4,1304.9,1309.2,0
2001-01-10,1287.3,1287.3,1324.35,1285.3,1311.65,0
2001-01-11,1280.4,1280.4,1296.75,1275.95,1287.5,0
2001-01-12,1286.75,1286.75,1298.85,1279.4,1280.45,0
2001-01-15,1286.75,1286.75,1295.2,1277.85,1286.85,0
2001-01-16,1293.05,1293.05,1302.6,1279.85,1287.0,0
2001-01-17,1297.9,1297.9,1312.35,1295.3,1299.4,0
2001-01-18,1305.95,1305.95,1309.95,1297.95,1297.95,0
2001-01-19,1329.1,1329.1,1333.5,1306.0,1306.0,0
2001-01-22,1348.0,1348.0,1351.85,1329.3,1329.3,0
2001-01-23,1355.2,1355.2,1362.05,1346.5,1347.95,0
2001-01-24,1365.95,1365.95,1371.1,1355.35,1355.35,0
2001-01-25,1370.1,1370.1,1374.2,1353.5,1366.05,0
2001-01-29,1342.05,1342.05,1368.55,1312.1,1368.55,0
2001-01-30,1379.7,1379.7,1382.55,1342.05,1342.1,0
2001-01-31,1371.7,1371.7,1396.05,1369.0,1385.85,0
2001-02-01,1359.15,1359.15,1373.5,1340.95,1371.5,0
2001-02-02,1378.85,1378.85,1384.9,1355.3,1359.1,0
2001-02-05,1382.6,1382.6,1392.15,1373.45,1378.8,0
2001-02-06,1387.1,1387.1,1395.4,1382.7,1382.7,0
2001-02-07,1370.8,1370.8,1391.85,1368.05,1387.3,0
2001-02-08,1395.5,1395.5,1396.8,1365.05,1370.65,0
2001-02-09,1405.7,1405.7,1416.3,1395.55,1395.55,0
2001-02-12,1402.2,1402.2,1416.45,1397.6,1405.7,0
2001-02-13,1391.2,1391.2,1412.7,1386.65,1402.2,0
2001-02-14,1393.35,1393.35,1396.35,1380.65,1393.15,0
2001-02-15,1416.7,1416.7,1421.0,1393.35,1393.35,0
2001-02-16,1381.35,1381.35,1422.95,1376.15,1415.85,0
2001-02-19,1384.8,1384.8,1392.05,1369.45,1381.4,0
2001-02-20,1383.85,1383.85,1392.8,1380.4,1384.85,0
2001-02-21,1370.1,1370.1,1389.55,1364.25,1383.9,0
2001-02-22,1355.1,1355.1,1370.05,1335.65,1370.05,0
2001-02-23,1320.45,1320.45,1362.8,1314.1,1355.1,0
2001-02-26,1312.4,1312.4,1325.2,1299.05,1320.9,0
2001-02-27,1295.55,1295.55,1324.0,1281.9,1312.45,0
2001-02-28,1351.4,1351.4,1362.25,1294.6,1295.3,0
2001-03-01,1358.05,1358.05,1399.55,1345.05,1351.75,0
2001-03-02,1306.35,1306.35,1386.75,1301.8,1360.25,0
2001-03-05,1271.45,1271.45,1316.45,1259.1,1304.85,0
2001-03-07,1290.5,1290.5,1311.1,1249.45,1272.8,0
2001-03-08,1292.85,1292.85,1307.95,1279.3,1290.85,0
2001-03-09,1254.75,1254.75,1292.7,1219.35,1292.7,0
2001-03-12,1197.95,1197.95,1253.25,1193.95,1253.25,0
2001-03-13,1124.7,1124.7,1201.15,1098.75,1197.85,0
2001-03-14,1194.2,1194.2,1200.25,1114.6,1125.15,0
2001-03-15,1217.15,1217.15,1219.7,1170.7,1191.6,0
2001-03-16,1193.55,1193.55,1233.4,1179.6,1216.9,0
2001-03-19,1186.7,1186.7,1201.7,1173.15,1192.85,0
2001-03-20,1170.95,1170.95,1193.35,1162.35,1186.8,0
2001-03-21,1207.1,1207.1,1212.2,1156.15,1168.8,0
2001-03-22,1187.55,1187.55,1218.35,1184.95,1206.45,0
2001-03-23,1161.3,1161.3,1196.55,1139.65,1187.6,0
2001-03-26,1161.5,1161.5,1165.65,1147.5,1159.85,0
2001-03-27,1177.75,1177.75,1182.7,1157.25,1161.6,0
2001-03-28,1206.2,1206.2,1209.6,1177.55,1177.55,0
2001-03-29,1195.1,1195.1,1210.1,1185.0,1204.9,0
2001-03-30,1148.2,1148.2,1195.25,1144.65,1195.05,0
2001-04-02,1138.1,1138.1,1148.1,1094.35,1148.1,0
2001-04-03,1149.25,1149.25,1153.1,1128.1,1136.65,0
2001-04-04,1136.65,1136.65,1146.15,1120.35,1146.1,0
2001-04-06,1139.6,1139.6,1171.85,1133.05,1137.55,0
2001-04-09,1128.35,1128.35,1138.55,1116.1,1137.6,0
2001-04-10,1103.05,1103.05,1129.75,1093.05,1129.1,0
2001-04-11,1066.8,1066.8,1116.85,1056.1,1104.9,0
2001-04-12,1024.9,1024.9,1066.75,1001.8,1066.75,0
2001-04-16,1044.6,1044.6,1049.4,1000.1,1024.0,0
2001-04-17,1067.0,1067.0,1072.9,1037.7,1044.85,0
2001-04-18,1103.4,1103.4,1106.3,1063.05,1066.5,0
2001-04-19,1144.45,1144.45,1159.3,1103.6,1103.6,0
2001-04-20,1144.0,1144.0,1156.45,1120.6,1145.75,0
2001-04-23,1149.75,1149.75,1162.05,1137.3,1144.05,0
2001-04-24,1146.3,1146.3,1149.6,1128.4,1149.6,0
2001-04-25,1155.35,1155.35,1162.85,1142.3,1146.5,0
2001-04-26,1143.75,1143.75,1170.2,1138.85,1155.4,0
2001-04-27,1101.3,1101.3,1143.65,1078.1,1143.65,0
2001-04-30,1125.25,1125.25,1127.9,1101.45,1101.45,0
2001-05-02,1137.2,1137.2,1150.65,1125.25,1125.45,0
2001-05-03,1122.05,1122.05,1139.85,1117.7,1137.15,0
2001-05-04,1130.05,1130.05,1131.95,1113.65,1121.45,0
2001-05-07,1139.2,1139.2,1145.4,1130.05,1130.05,0
2001-05-08,1148.95,1148.95,1151.95,1138.2,1139.25,0
2001-05-09,1149.25,1149.25,1164.3,1145.25,1149.9,0
2001-05-10,1144.95,1144.95,1151.6,1139.25,1149.1,0
2001-05-11,1140.5,1140.5,1146.85,1136.9,1144.1,0
2001-05-14,1140.8,1140.8,1146.25,1134.05,1140.45,0
2001-05-15,1145.3,1145.3,1147.75,1096.25,1140.75,0
2001-05-16,1151.15,1151.15,1163.15,1146.05,1147.1,0
2001-05-17,1174.95,1174.95,1179.0,1150.6,1151.2,0
2001-05-18,1172.8,1172.8,1187.65,1169.2,1175.0,0
2001-05-21,1169.45,1169.45,1182.65,1166.7,1172.95,0
2001-05-22,1168.1,1168.1,1176.2,1165.65,1169.5,0
2001-05-23,1179.1,1179.1,1181.8,1167.0,1168.25,0
2001-05-24,1181.85,1181.85,1190.15,1177.55,1179.1,0
2001-05-25,1174.9,1174.9,1188.5,1171.35,1181.95,0
2001-05-28,1193.2,1193.2,1194.5,1174.45,1174.95,0
2001-05-29,1198.45,1198.45,1202.05,1193.25,1193.25,0
2001-05-30,1177.55,1177.55,1207.0,1173.75,1199.5,0
2001-05-31,1167.9,1167.9,1177.5,1154.9,1177.5,0
2001-06-01,1148.05,1148.05,1175.8,1146.9,1168.1,0
2001-06-04,1127.2,1127.2,1154.45,1125.35,1148.0,0
2001-06-05,1115.6,1115.6,1130.65,1106.8,1127.15,0
2001-06-06,1115.7,1115.7,1132.95,1114.0,1117.5,0
2001-06-07,1112.35,1112.35,1116.1,1095.45,1115.05,0
2001-06-08,1126.6,1126.6,1128.9,1112.45,1112.45,0
2001-06-11,1131.1,1131.1,1134.8,1122.35,1126.55,0
2001-06-12,1127.15,1127.15,1133.3,1121.8,1131.05,0
2001-06-13,1129.0,1129.0,1132.95,1126.9,1127.1,0
2001-06-14,1112.75,1112.75,1128.95,1110.15,1128.95,0
2001-06-15,1087.75,1087.75,1112.7,1084.2,1112.7,0
2001-06-18,1078.3,1078.3,1087.75,1064.4,1087.75,0
2001-06-19,1096.65,1096.65,1099.7,1075.45,1078.25,0
2001-06-20,1097.6,1097.6,1100.55,1084.7,1096.35,0
2001-06-21,1095.2,1095.2,1102.45,1090.25,1097.9,0
2001-06-22,1087.65,1087.65,1097.8,1081.3,1095.85,0
2001-06-25,1067.0,1067.0,1087.1,1064.4,1087.1,0
2001-06-26,1096.6,1096.6,1099.8,1060.05,1066.4,0
2001-06-27,1096.1,1096.1,1102.8,1086.75,1096.6,0
2001-06-28,1094.0,1094.0,1101.0,1090.2,1095.85,0
2001-06-29,1107.9,1107.9,1114.35,1091.05,1094.05,0
2001-07-02,1100.75,1100.75,1119.55,1097.95,1108.35,0
2001-07-03,1069.8,1069.8,1097.4,1066.05,1097.4,0
2001-07-04,1067.95,1067.95,1074.6,1062.2,1068.05,0
2001-07-05,1069.75,1069.75,1079.35,1066.95,1068.35,0
2001-07-06,1065.1,1065.1,1069.15,1059.6,1069.15,0
2001-07-09,1059.5,1059.5,1064.8,1052.1,1064.8,0
2001-07-10,1072.05,1072.05,1078.1,1059.25,1059.95,0
2001-07-11,1083.65,1083.65,1088.5,1068.35,1072.15,0
2001-07-12,1105.5,1105.5,1109.0,1083.8,1083.8,0
2001-07-13,1110.45,1110.45,1127.15,1103.3,1105.7,0
2001-07-16,1105.55,1105.55,1116.7,1102.45,1110.35,0
2001-07-17,1103.1,1103.1,1106.05,1092.5,1103.55,0
2001-07-18,1091.95,1091.95,1108.45,1088.1,1103.1,0
2001-07-19,1085.9,1085.9,1091.35,1079.55,1091.35,0
2001-07-20,1077.7,1077.7,1089.95,1072.75,1085.95,0
2001-07-23,1070.65,1070.65,1076.15,1063.4,1076.15,0
2001-07-24,1072.55,1072.55,1074.75,1064.5,1065.95,0
2001-07-25,1064.2,1064.2,1073.95,1062.15,1072.45,0
2001-07-26,1053.4,1053.4,1066.55,1050.15,1063.9,0
2001-07-27,1051.7,1051.7,1061.2,1046.9,1053.2,0
2001-07-30,1061.45,1061.45,1062.8,1050.9,1051.45,0
2001-07-31,1072.85,1072.85,1076.35,1053.6,1061.45,0
2001-08-01,1063.15,1063.15,1077.7,1059.75,1073.0,0
2001-08-02,1066.0,1066.0,1070.05,1059.55,1064.25,0
2001-08-03,1074.6,1074.6,1077.55,1066.2,1066.4,0
2001-08-06,1075.25,1075.25,1082.4,1072.55,1074.2,0
2001-08-07,1072.1,1072.1,1079.3,1070.2,1074.35,0
2001-08-08,1068.0,1068.0,1072.1,1059.55,1071.75,0
2001-08-09,1070.65,1070.65,1072.6,1061.4,1068.1,0
2001-08-10,1071.15,1071.15,1076.7,1069.05,1070.65,0
2001-08-13,1063.0,1063.0,1081.4,1061.05,1070.95,0
2001-08-14,1075.5,1075.5,1076.6,1062.2,1063.05,0
2001-08-16,1078.95,1078.95,1083.7,1072.95,1075.2,0
2001-08-17,1069.2,1069.2,1084.0,1067.6,1079.0,0
2001-08-20,1063.75,1063.75,1067.95,1061.0,1062.5,0
2001-08-21,1068.7,1068.7,1071.2,1062.3,1063.65,0
2001-08-23,1071.5,1071.5,1079.0,1065.7,1068.7,0
2001-08-24,1069.15,1069.15,1076.7,1064.9,1071.5,0
2001-08-27,1072.55,1072.55,1078.35,1064.05,1064.05,0
2001-08-28,1070.65,1070.65,1076.85,1069.6,1072.35,0
2001-08-29,1067.45,1067.45,1074.5,1066.45,1070.55,0
2001-08-30,1064.15,1064.15,1070.25,1061.9,1068.3,0
2001-08-31,1053.75,1053.75,1064.1,1051.75,1064.1,0
2001-09-03,1048.05,1048.05,1059.9,1046.35,1054.65,0
2001-09-04,1048.2,1048.2,1053.25,1043.3,1048.2,0
2001-09-05,1045.0,1045.0,1051.55,1043.3,1047.25,0
2001-09-06,1036.1,1036.1,1048.2,1033.4,1047.7,0
2001-09-07,1035.2,1035.2,1037.35,1026.45,1036.35,0
2001-09-10,1033.4,1033.4,1045.3,1031.45,1035.0,0
2001-09-11,1023.4,1023.4,1037.45,1020.7,1033.35,0
2001-09-12,982.2,982.2,1023.25,957.95,1023.25,0
2001-09-13,971.7,971.7,993.05,969.0,982.2,0
2001-09-14,919.7,919.7,974.5,902.7,972.05,0
2001-09-17,872.25,872.25,916.15,861.05,916.15,0
2001-09-18,900.2,900.2,910.35,868.5,872.15,0
2001-09-19,912.2,912.2,915.0,899.7,899.7,0
2001-09-20,898.8,898.8,910.35,873.7,910.2,0
2001-09-21,854.2,854.2,903.75,849.95,903.75,0
2001-09-24,869.05,869.05,878.6,853.0,853.0,0
2001-09-25,861.4,861.4,893.35,858.85,869.15,0
2001-09-26,873.7,873.7,877.0,859.2,861.35,0
2001-09-27,890.0,890.0,893.05,868.3,873.15,0
2001-09-28,913.85,913.85,922.55,891.0,891.75,0
2001-10-01,910.1,910.1,919.2,905.5,914.65,0
2001-10-03,899.65,899.65,915.05,896.25,910.05,0
2001-10-04,911.65,911.65,914.25,899.65,899.65,0
2001-10-05,914.6,914.6,919.75,903.05,911.6,0
2001-10-08,901.95,901.95,913.05,884.65,911.2,0
2001-10-09,912.7,912.7,914.3,902.55,903.0,0
2001-10-10,940.35,940.35,942.8,912.9,915.5,0
2001-10-11,954.9,954.9,959.75,940.45,940.45,0
2001-10-12,960.4,960.4,969.9,956.85,958.4,0
2001-10-15,963.4,963.4,966.15,954.35,963.65,0
2001-10-16,971.25,971.25,973.25,962.5,963.4,0
2001-10-17,986.25,986.25,989.05,971.95,971.95,0
2001-10-18,972.05,972.05,984.5,969.35,984.2,0
2001-10-19,976.65,976.65,981.0,970.85,972.2,0
2001-10-22,976.4,976.4,994.15,973.2,980.05,0
2001-10-23,993.2,993.2,994.15,976.55,976.75,0
2001-10-24,991.2,991.2,1000.95,987.4,992.95,0
2001-10-25,983.2,983.2,998.0,979.95,991.25,0
2001-10-29,977.45,977.45,996.6,974.05,983.15,0
2001-10-30,963.1,963.1,977.35,960.5,977.35,0
2001-10-31,971.9,971.9,976.4,959.35,962.85,0
2001-11-01,994.0,994.0,997.3,973.55,973.55,0
2001-11-02,997.6,997.6,1009.55,991.95,994.25,0
2001-11-05,991.05,991.05,1001.3,987.85,997.25,0
2001-11-06,1001.9,1001.9,1007.4,991.15,991.2,0
2001-11-07,987.5,987.5,1014.1,984.45,1001.95,0
2001-11-08,997.7,997.7,1001.15,985.75,987.5,0
2001-11-09,1004.05,1004.05,1008.95,999.1,999.1,0
2001-11-12,1010.9,1010.9,1014.25,1003.6,1004.55,0
2001-11-13,1005.4,1005.4,1013.25,999.85,1010.95,0
2001-11-14,1015.8,1015.8,1017.2,1004.7,1005.45,0
2001-11-15,1035.7,1035.7,1038.35,1015.15,1016.05,0
2001-11-19,1068.15,1068.15,1072.0,1032.85,1034.2,0
2001-11-20,1050.2,1050.2,1082.4,1046.15,1067.3,0
2001-11-21,1056.35,1056.35,1064.85,1046.3,1050.4,0
2001-11-22,1062.45,1062.45,1075.9,1056.45,1056.45,0
2001-11-23,1059.0,1059.0,1075.05,1057.3,1063.05,0
2001-11-26,1080.6,1080.6,1084.65,1059.25,1059.25,0
2001-11-27,1076.05,1076.05,1097.6,1071.05,1087.6,0
2001-11-28,1070.8,1070.8,1082.3,1067.65,1076.15,0
2001-11-29,1067.15,1067.15,1071.0,1063.0,1070.3,0
2001-12-03,1065.4,1065.4,1074.5,1063.25,1067.2,0
2001-12-04,1077.7,1077.7,1082.6,1065.65,1066.05,0
2001-12-05,1104.55,1104.55,1107.15,1077.95,1077.95,0
2001-12-06,1110.45,1110.45,1132.65,1105.1,1105.1,0
2001-12-07,1112.3,1112.3,1122.65,1109.65,1110.9,0
2001-12-10,1115.25,1115.25,1123.55,1112.15,1112.15,0
2001-12-11,1110.2,1110.2,1122.85,1107.7,1112.15,0
2001-12-12,1107.65,1107.65,1121.55,1104.75,1110.65,0
2001-12-13,1098.75,1098.75,1114.15,1069.95,1107.75,0
2001-12-14,1087.85,1087.85,1102.9,1082.75,1098.65,0
2001-12-18,1082.3,1082.3,1098.0,1071.35,1089.9,0
2001-12-19,1060.75,1060.75,1086.35,1057.1,1082.5,0
2001-12-20,1062.0,1062.0,1064.8,1047.5,1060.45,0
2001-12-21,1050.85,1050.85,1061.8,1043.65,1061.8,0
2001-12-24,1048.5,1048.5,1055.0,1032.6,1051.0,0
2001-12-26,1034.25,1034.25,1058.3,1030.5,1048.9,0
2001-12-27,1020.0,1020.0,1037.7,1017.35,1033.85,0
2001-12-28,1033.8,1033.8,1036.35,1010.45,1019.9,0
2001-12-31,1059.05,1059.05,1062.3,1033.9,1033.9,0
2002-01-01,1055.3,1055.3,1071.15,1052.05,1058.85,0
2002-01-02,1060.75,1060.75,1065.25,1054.1,1054.95,0
2002-01-03,1072.25,1072.25,1074.85,1062.9,1063.45,0
2002-01-04,1096.2,1096.2,1099.25,1072.4,1072.4,0
2002-01-07,1100.15,1100.15,1111.55,1093.05,1093.05,0
2002-01-08,1109.9,1109.9,1114.55,1097.9,1100.55,0
2002-01-09,1102.8,1102.8,1119.4,1098.7,1110.0,0
2002-01-10,1098.2,1098.2,1105.35,1093.6,1098.8,0
2002-01-11,1088.55,1088.55,1105.9,1073.45,1098.15,0
2002-01-14,1109.8,1109.8,1118.5,1089.45,1089.45,0
2002-01-15,1094.15,1094.15,1112.6,1090.2,1109.45,0
2002-01-16,1090.3,1090.3,1104.8,1085.3,1094.15,0
2002-01-17,1109.2,1109.2,1116.05,1078.95,1090.25,0
2002-01-18,1093.15,1093.15,1121.75,1089.05,1109.55,0
2002-01-21,1091.35,1091.35,1099.8,1082.65,1093.25,0
2002-01-22,1092.85,1092.85,1099.0,1090.0,1091.35,0
2002-01-23,1089.4,1089.4,1096.95,1087.5,1092.85,0
2002-01-24,1085.3,1085.3,1098.6,1081.7,1089.6,0
2002-01-25,1080.1,1080.1,1089.7,1077.0,1085.85,0
2002-01-28,1071.35,1071.35,1088.75,1068.7,1083.25,0
2002-01-29,1071.65,1071.65,1076.45,1068.85,1071.35,0
2002-01-30,1067.45,1067.45,1072.85,1058.8,1072.85,0
2002-01-31,1075.4,1075.4,1082.0,1067.65,1067.65,0
2002-02-01,1081.65,1081.65,1088.05,1076.95,1076.95,0
2002-02-04,1076.9,1076.9,1086.95,1074.15,1083.05,0
2002-02-05,1074.25,1074.25,1081.2,1069.4,1076.25,0
2002-02-06,1113.1,1113.1,1117.1,1074.0,1074.4,0
2002-02-07,1110.45,1110.45,1130.95,1104.3,1114.85,0
2002-02-08,1123.75,1123.75,1131.85,1104.45,1112.8,0
2002-02-11,1131.55,1131.55,1144.15,1124.85,1124.85,0
2002-02-12,1129.5,1129.5,1143.3,1125.55,1131.95,0
2002-02-13,1135.1,1135.1,1142.3,1129.6,1129.8,0
2002-02-14,1150.0,1150.0,1151.65,1133.85,1135.5,0
2002-02-15,1159.95,1159.95,1164.1,1150.3,1150.65,0
2002-02-18,1172.85,1172.85,1177.05,1156.7,1159.85,0
2002-02-19,1158.9,1158.9,1178.1,1155.1,1172.85,0
2002-02-20,1145.95,1145.95,1158.45,1134.65,1158.45,0
2002-02-21,1149.85,1149.85,1158.05,1146.05,1146.05,0
2002-02-22,1163.5,1163.5,1165.7,1145.5,1149.85,0
2002-02-25,1165.45,1165.45,1167.6,1155.45,1163.65,0
2002-02-26,1189.4,1189.4,1192.65,1165.75,1165.75,0
2002-02-27,1189.2,1189.2,1205.95,1180.0,1190.15,0
2002-02-28,1142.05,1142.05,1197.0,1135.2,1189.6,0
2002-03-01,1178.0,1178.0,1181.25,1135.45,1142.05,0
2002-03-04,1177.35,1177.35,1201.1,1172.3,1178.45,0
2002-03-05,1178.5,1178.5,1193.1,1175.15,1176.4,0
2002-03-06,1172.6,1172.6,1182.65,1162.75,1176.55,0
2002-03-07,1193.05,1193.05,1195.2,1173.6,1173.6,0
2002-03-08,1187.65,1187.65,1199.6,1182.55,1193.6,0
2002-03-11,1167.85,1167.85,1192.75,1164.55,1187.5,0
2002-03-12,1150.45,1150.45,1171.2,1144.3,1167.85,0
2002-03-13,1157.05,1157.05,1165.4,1143.55,1150.2,0
2002-03-14,1159.45,1159.45,1163.65,1153.15,1156.85,0
2002-03-15,1169.75,1169.75,1173.75,1159.6,1159.6,0
2002-03-18,1169.3,1169.3,1184.7,1163.75,1169.95,0
2002-03-19,1152.15,1152.15,1170.8,1150.3,1169.4,0
2002-03-20,1155.6,1155.6,1158.95,1148.5,1152.05,0
2002-03-21,1144.2,1144.2,1155.55,1141.05,1155.55,0
2002-03-22,1138.45,1138.45,1148.65,1135.9,1144.5,0
2002-03-26,1123.05,1123.05,1140.2,1117.85,1138.1,0
2002-03-27,1123.35,1123.35,1134.1,1121.35,1130.0,0
2002-03-28,1129.55,1129.55,1138.45,1123.6,1123.6,0
2002-04-01,1138.95,1138.95,1143.3,1129.85,1129.85,0
2002-04-02,1136.95,1136.95,1147.3,1132.3,1138.8,0
2002-04-03,1123.5,1123.5,1136.9,1121.45,1136.6,0
2002-04-04,1145.9,1145.9,1149.65,1123.9,1124.05,0
2002-04-05,1141.95,1141.95,1153.3,1139.9,1146.05,0
2002-04-08,1135.25,1135.25,1147.9,1134.0,1141.9,0
2002-04-09,1126.7,1126.7,1137.45,1122.1,1135.15,0
2002-04-10,1138.5,1138.5,1140.25,1125.75,1126.7,0
2002-04-11,1143.6,1143.6,1150.2,1138.55,1138.55,0
2002-04-12,1146.5,1146.5,1151.55,1138.65,1143.25,0
2002-04-15,1134.15,1134.15,1152.55,1130.45,1146.55,0
2002-04-16,1118.75,1118.75,1133.5,1116.65,1130.8,0
2002-04-17,1125.1,1125.1,1136.6,1118.95,1119.0,0
2002-04-18,1129.0,1129.0,1135.0,1123.8,1125.25,0
2002-04-19,1100.3,1100.3,1127.05,1097.6,1125.55,0
2002-04-22,1104.15,1104.15,1107.2,1088.05,1100.5,0
2002-04-23,1106.0,1106.0,1108.8,1095.0,1104.0,0
2002-04-24,1110.6,1110.6,1116.85,1105.7,1106.25,0
2002-04-25,1094.3,1094.3,1113.85,1089.0,1110.65,0
2002-04-26,1097.4,1097.4,1103.35,1094.1,1094.25,0
2002-04-29,1074.2,1074.2,1098.65,1073.3,1097.55,0
2002-04-30,1084.5,1084.5,1085.75,1073.4,1074.25,0
2002-05-02,1093.3,1093.3,1101.1,1084.8,1084.8,0
2002-05-03,1096.95,1096.95,1098.6,1091.5,1093.4,0
2002-05-06,1100.95,1100.95,1102.05,1096.25,1096.95,0
2002-05-07,1110.7,1110.7,1111.85,1096.65,1100.9,0
2002-05-08,1117.6,1117.6,1122.7,1110.7,1110.7,0
2002-05-09,1127.6,1127.6,1136.55,1117.7,1117.7,0
2002-05-10,1116.4,1116.4,1127.3,1111.15,1127.05,0
2002-05-13,1119.65,1119.65,1121.95,1114.2,1116.8,0
2002-05-14,1115.1,1115.1,1125.95,1111.45,1119.95,0
2002-05-15,1107.8,1107.8,1121.5,1102.65,1115.15,0
2002-05-16,1092.8,1092.8,1111.25,1089.85,1108.25,0
2002-05-17,1090.65,1090.65,1099.75,1079.95,1092.8,0
2002-05-20,1074.35,1074.35,1097.95,1071.35,1091.7,0
2002-05-21,1049.2,1049.2,1074.85,1028.25,1074.75,0
2002-05-22,1045.3,1045.3,1050.9,1035.5,1049.5,0
2002-05-23,1026.75,1026.75,1045.35,1024.3,1045.2,0
2002-05-24,1067.0,1067.0,1069.2,1026.9,1026.9,0
2002-05-27,1062.7,1062.7,1071.5,1054.1,1067.0,0
2002-05-28,1038.2,1038.2,1062.3,1034.1,1061.9,0
2002-05-29,1041.65,1041.65,1047.95,1026.5,1038.2,0
2002-05-30,1032.15,1032.15,1049.95,1030.1,1041.4,0
2002-05-31,1028.8,1028.8,1037.7,1020.1,1032.5,0
2002-06-03,1039.75,1039.75,1047.25,1029.25,1029.25,0
2002-06-04,1045.4,1045.4,1047.4,1036.55,1040.15,0
2002-06-05,1064.2,1064.2,1067.5,1045.0,1045.55,0
2002-06-06,1064.35,1064.35,1072.0,1055.5,1064.15,0
2002-06-07,1048.8,1048.8,1063.75,1044.35,1063.75,0
2002-06-10,1069.9,1069.9,1072.5,1049.95,1049.95,0
2002-06-11,1097.05,1097.05,1099.5,1070.55,1070.95,0
2002-06-12,1092.8,1092.8,1100.45,1088.5,1097.15,0
2002-06-13,1082.85,1082.85,1102.05,1080.8,1093.0,0
2002-06-14,1085.7,1085.7,1087.6,1079.45,1081.75,0
2002-06-17,1088.9,1088.9,1097.55,1085.7,1085.8,0
2002-06-18,1074.95,1074.95,1097.4,1073.75,1088.9,0
2002-06-19,1062.9,1062.9,1079.2,1056.45,1074.7,0
2002-06-20,1070.05,1070.05,1074.0,1056.25,1063.1,0
2002-06-21,1062.55,1062.55,1069.8,1058.95,1069.5,0
2002-06-24,1061.85,1061.85,1065.6,1054.45,1065.6,0
2002-06-25,1055.4,1055.4,1063.3,1048.55,1061.9,0
2002-06-26,1044.2,1044.2,1061.05,1042.2,1055.35,0
2002-06-27,1048.55,1048.55,1053.7,1044.0,1044.5,0
2002-06-28,1057.8,1057.8,1068.9,1049.4,1049.4,0
2002-07-01,1068.95,1068.95,1070.15,1058.0,1058.0,0
2002-07-02,1068.05,1068.05,1071.7,1064.95,1067.9,0
2002-07-03,1069.9,1069.9,1074.0,1065.55,1067.8,0
2002-07-04,1070.55,1070.55,1078.55,1068.4,1069.95,0
2002-07-05,1073.8,1073.8,1076.2,1067.45,1071.0,0
2002-07-08,1082.05,1082.05,1085.3,1072.9,1074.0,0
2002-07-09,1080.3,1080.3,1083.65,1077.55,1081.9,0
2002-07-10,1071.7,1071.7,1087.4,1069.45,1081.55,0
2002-07-11,1056.6,1056.6,1070.95,1055.3,1070.95,0
2002-07-12,1058.25,1058.25,1064.9,1054.9,1057.1,0
2002-07-15,1048.0,1048.0,1058.45,1043.3,1057.95,0
2002-07-16,1035.95,1035.95,1051.85,1033.95,1047.9,0
2002-07-17,1032.55,1032.55,1037.5,1025.0,1035.95,0
2002-07-18,1041.3,1041.3,1044.0,1032.55,1032.55,0
2002-07-19,1035.9,1035.9,1041.5,1032.25,1041.35,0
2002-07-22,1012.0,1012.0,1035.2,1009.0,1035.2,0
2002-07-23,1021.9,1021.9,1023.65,1005.75,1012.05,0
2002-07-24,1004.05,1004.05,1022.2,1001.9,1021.8,0
2002-07-25,1001.55,1001.55,1021.3,997.85,1004.2,0
2002-07-26,973.5,973.5,1001.05,972.55,1001.05,0
2002-07-29,971.65,971.65,977.95,953.15,973.0,0
2002-07-30,960.65,960.65,987.5,956.8,973.0,0
2002-07-31,958.9,958.9,964.1,943.6,960.3,0
2002-08-01,957.7,957.7,972.05,954.15,959.2,0
2002-08-02,954.75,954.75,957.55,935.55,957.55,0
2002-08-05,963.25,963.25,966.5,953.9,954.9,0
2002-08-06,966.65,966.65,969.55,955.4,963.3,0
2002-08-07,969.1,969.1,978.6,966.55,967.7,0
2002-08-08,953.55,953.55,971.75,951.2,969.15,0
2002-08-09,961.95,961.95,963.85,948.0,953.8,0
2002-08-12,969.85,969.85,971.55,961.15,961.15,0
2002-08-13,976.05,976.05,977.2,969.9,970.4,0
2002-08-14,969.65,969.65,976.25,967.25,976.05,0
2002-08-16,979.25,979.25,981.2,968.35,970.75,0
2002-08-19,979.85,979.85,983.55,978.2,979.4,0
2002-08-20,988.55,988.55,990.85,979.05,979.75,0
2002-08-21,988.45,988.45,994.25,984.35,988.6,0
2002-08-22,985.7,985.7,995.3,983.45,988.55,0
2002-08-23,995.2,995.2,996.4,984.7,985.75,0
2002-08-26,998.85,998.85,1001.45,986.15,992.4,0
2002-08-27,987.7,987.7,1003.3,985.7,998.85,0
2002-08-28,985.7,985.7,988.1,981.1,987.35,0
2002-08-29,987.25,987.25,989.4,981.45,985.85,0
2002-08-30,1010.6,1010.6,1012.75,986.7,987.65,0
2002-09-02,1013.5,1013.5,1024.65,1010.85,1010.9,0
2002-09-03,1001.1,1001.1,1014.8,999.4,1013.65,0
2002-09-04,1006.95,1006.95,1008.8,990.85,1000.7,0
2002-09-05,1008.6,1008.6,1013.45,1004.2,1006.9,0
2002-09-06,995.2,995.2,1008.45,992.7,1008.45,0
2002-09-09,998.55,998.55,1005.85,985.25,992.05,0
2002-09-11,998.85,998.85,1002.35,993.35,998.6,0
2002-09-12,1001.65,1001.65,1005.15,998.8,998.95,0
2002-09-13,992.0,992.0,1001.4,989.85,1001.4,0
2002-09-16,985.75,985.75,997.0,983.55,991.75,0
2002-09-17,994.9,994.9,996.8,985.75,985.75,0
2002-09-18,983.6,983.6,994.15,981.6,994.15,0
2002-09-19,976.05,976.05,985.25,970.8,983.45,0
2002-09-20,969.6,969.6,975.6,960.7,975.6,0
2002-09-23,970.3,970.3,974.75,967.35,969.85,0
2002-09-24,966.2,966.2,969.95,960.2,969.95,0
2002-09-25,970.05,970.05,971.85,960.5,964.65,0
2002-09-26,969.9,969.9,976.25,968.25,970.1,0
2002-09-27,976.45,976.45,978.0,969.25,969.95,0
2002-09-30,963.15,963.15,976.15,961.55,976.15,0
2002-10-01,955.2,955.2,964.2,950.3,961.15,0
2002-10-03,948.2,948.2,957.9,945.8,955.35,0
2002-10-04,948.2,948.2,951.8,944.5,948.1,0
2002-10-07,954.75,954.75,956.35,946.25,947.8,0
2002-10-08,960.8,960.8,963.15,952.5,954.8,0
2002-10-09,954.75,954.75,968.75,952.95,960.85,0
2002-10-10,958.45,958.45,960.45,945.0,954.8,0
2002-10-11,971.05,971.05,973.5,958.45,958.45,0
2002-10-14,972.45,972.45,976.5,969.0,971.5,0
2002-10-16,973.6,973.6,983.6,971.7,972.9,0
2002-10-17,973.3,973.3,976.05,966.55,973.7,0
2002-10-18,971.65,971.65,982.5,968.8,973.8,0
2002-10-21,967.35,967.35,976.2,965.65,971.75,0
2002-10-22,962.5,962.5,976.35,961.65,967.5,0
2002-10-23,957.35,957.35,963.75,955.45,962.9,0
2002-10-24,946.9,946.9,959.8,945.0,957.7,0
2002-10-25,932.2,932.2,946.8,929.25,946.8,0
2002-10-28,922.7,922.7,934.9,920.1,932.35,0
2002-10-29,936.9,936.9,939.7,921.65,922.55,0
2002-10-30,937.75,937.75,944.35,935.9,936.15,0
2002-10-31,951.4,951.4,953.3,937.05,937.35,0
2002-11-01,951.45,951.45,956.95,946.4,951.45,0
2002-11-04,962.1,962.1,965.5,951.6,951.6,0
2002-11-05,962.3,962.3,963.7,957.2,962.85,0
2002-11-07,960.7,960.7,970.2,957.95,962.35,0
2002-11-08,956.95,956.95,960.95,954.35,960.5,0
2002-11-11,954.05,954.05,958.55,952.1,957.55,0
2002-11-12,959.85,959.85,960.85,948.05,953.9,0
2002-11-13,962.65,962.65,965.75,956.9,960.35,0
2002-11-14,971.9,971.9,974.1,963.5,964.15,0
2002-11-15,990.35,990.35,992.05,972.3,972.3,0
2002-11-18,996.85,996.85,1000.3,989.05,990.35,0
2002-11-20,1001.6,1001.6,1007.2,992.3,996.85,0
2002-11-21,1008.75,1008.75,1012.75,1001.8,1001.8,0
2002-11-22,1020.15,1020.15,1026.0,1009.5,1009.5,0
2002-11-25,1026.2,1026.2,1030.35,1017.5,1020.9,0
2002-11-26,1036.15,1036.15,1040.45,1026.0,1026.4,0
2002-11-27,1031.1,1031.1,1042.2,1027.7,1036.35,0
2002-11-28,1049.7,1049.7,1051.75,1031.25,1031.25,0
2002-11-29,1050.15,1050.15,1057.45,1040.95,1049.55,0
2002-12-02,1067.9,1067.9,1070.15,1050.15,1050.15,0
2002-12-03,1055.0,1055.0,1075.75,1051.8,1067.7,0
2002-12-04,1036.4,1036.4,1055.75,1034.1,1055.75,0
2002-12-05,1045.95,1045.95,1052.45,1036.75,1036.75,0
2002-12-06,1069.8,1069.8,1072.25,1047.55,1047.55,0
2002-12-09,1058.65,1058.65,1085.75,1054.95,1070.5,0
2002-12-10,1063.7,1063.7,1066.1,1045.65,1058.35,0
2002-12-11,1069.75,1069.75,1076.95,1062.3,1064.1,0
2002-12-12,1077.0,1077.0,1078.85,1066.8,1069.95,0
2002-12-13,1086.2,1086.2,1087.35,1074.45,1074.45,0
2002-12-16,1078.45,1078.45,1100.0,1075.55,1089.0,0
2002-12-17,1073.25,1073.25,1084.95,1069.0,1078.7,0
2002-12-18,1077.95,1077.95,1083.65,1072.85,1073.2,0
2002-12-19,1076.0,1076.0,1079.9,1070.5,1077.85,0
2002-12-20,1079.3,1079.3,1084.95,1075.4,1075.45,0
2002-12-23,1076.0,1076.0,1082.6,1073.35,1079.3,0
2002-12-24,1085.0,1085.0,1087.0,1072.65,1075.95,0
2002-12-26,1094.8,1094.8,1100.4,1085.05,1085.05,0
2002-12-27,1098.4,1098.4,1103.95,1095.6,1095.65,0
2002-12-30,1091.95,1091.95,1095.8,1084.35,1095.8,0
2002-12-31,1093.5,1093.5,1100.1,1091.7,1091.85,0
2003-01-01,1100.15,1100.15,1102.1,1093.6,1093.6,0
2003-01-02,1093.05,1093.05,1105.6,1091.2,1100.55,0
2003-01-03,1089.6,1089.6,1099.85,1087.3,1094.45,0
2003-01-06,1084.35,1084.35,1093.05,1081.25,1089.75,0
2003-01-07,1081.8,1081.8,1089.85,1078.95,1084.4,0
2003-01-08,1089.35,1089.35,1091.45,1082.3,1082.4,0
2003-01-09,1097.35,1097.35,1099.15,1087.75,1089.75,0
2003-01-10,1080.25,1080.25,1103.25,1077.4,1097.6,0
2003-01-13,1073.75,1073.75,1080.4,1070.75,1080.25,0
2003-01-14,1078.95,1078.95,1080.8,1070.3,1072.7,0
2003-01-15,1085.0,1085.0,1087.5,1077.8,1077.9,0
2003-01-16,1088.35,1088.35,1091.35,1083.95,1085.05,0
2003-01-17,1086.5,1086.5,1090.25,1083.2,1089.3,0
2003-01-20,1076.35,1076.35,1087.0,1074.2,1086.25,0
2003-01-21,1077.9,1077.9,1080.5,1074.1,1076.3,0
2003-01-22,1082.9,1082.9,1086.2,1073.6,1078.45,0
2003-01-23,1070.9,1070.9,1083.15,1069.05,1081.4,0
2003-01-24,1056.05,1056.05,1075.2,1053.4,1070.6,0
2003-01-27,1037.65,1037.65,1059.35,1030.35,1057.8,0
2003-01-28,1046.2,1046.2,1047.95,1026.75,1036.35,0
2003-01-29,1037.2,1037.2,1059.8,1033.3,1059.8,0
2003-01-30,1034.6,1034.6,1050.55,1031.35,1037.15,0
2003-01-31,1041.85,1041.85,1044.25,1026.2,1034.75,0
2003-02-03,1055.3,1055.3,1056.6,1036.5,1040.25,0
2003-02-04,1054.8,1054.8,1063.7,1050.45,1056.55,0
2003-02-05,1047.4,1047.4,1054.65,1041.75,1054.3,0
2003-02-06,1063.6,1063.6,1065.95,1043.7,1047.25,0
2003-02-07,1057.5,1057.5,1065.8,1055.5,1063.75,0
2003-02-10,1048.6,1048.6,1058.75,1047.15,1058.2,0
2003-02-11,1048.0,1048.0,1055.8,1044.55,1048.6,0
2003-02-12,1044.45,1044.45,1051.0,1040.4,1048.15,0
2003-02-14,1036.0,1036.0,1047.05,1034.1,1044.45,0
2003-02-17,1058.2,1058.2,1060.5,1036.2,1036.2,0
2003-02-18,1059.3,1059.3,1065.15,1057.6,1058.95,0
2003-02-19,1064.3,1064.3,1068.8,1059.3,1059.3,0
2003-02-20,1065.6,1065.6,1071.7,1058.35,1064.15,0
2003-02-21,1066.15,1066.15,1069.2,1061.1,1065.6,0
2003-02-24,1070.15,1070.15,1075.5,1066.2,1066.2,0
2003-02-25,1055.55,1055.55,1073.25,1054.9,1070.1,0
2003-02-26,1049.65,1049.65,1059.6,1048.2,1055.6,0
2003-02-27,1052.95,1052.95,1057.45,1044.9,1049.6,0
2003-02-28,1063.4,1063.4,1068.65,1053.65,1053.65,0
2003-03-03,1058.85,1058.85,1070.85,1057.55,1063.55,0
2003-03-04,1046.6,1046.6,1058.7,1045.2,1058.7,0
2003-03-05,1040.7,1040.7,1046.55,1029.9,1046.55,0
2003-03-06,1031.25,1031.25,1040.75,1029.55,1040.3,0
2003-03-07,1017.1,1017.1,1031.05,1014.3,1031.05,0
2003-03-10,1006.7,1006.7,1021.5,1004.35,1017.1,0
2003-03-11,1014.55,1014.55,1016.7,998.95,1006.65,0
2003-03-12,1001.7,1001.7,1017.75,1000.05,1014.25,0
2003-03-13,999.65,999.65,1006.4,994.2,1001.5,0
2003-03-17,993.0,993.0,1000.85,982.7,999.7,0
2003-03-19,1003.9,1003.9,1011.45,992.9,993.35,0
2003-03-20,1025.25,1025.25,1028.9,1001.75,1003.45,0
2003-03-21,1030.55,1030.55,1033.7,1022.05,1025.55,0
2003-03-22,1037.15,1037.15,1039.8,1030.6,1030.6,0
2003-03-24,1013.9,1013.9,1038.55,1011.95,1037.15,0
2003-03-25,1011.3,1011.3,1013.5,998.4,1013.5,0
2003-03-26,1013.85,1013.85,1019.9,1004.85,1011.55,0
2003-03-27,1002.7,1002.7,1013.9,999.6,1013.9,0
2003-03-28,1000.6,1000.6,1006.3,996.75,1002.8,0
2003-03-31,978.2,978.2,1000.6,974.1,1000.6,0
2003-04-01,984.3,984.3,992.05,973.5,977.4,0
2003-04-02,999.4,999.4,1002.1,984.45,984.45,0
2003-04-03,1009.15,1009.15,1010.75,999.55,999.55,0
2003-04-04,1016.95,1016.95,1018.25,1002.75,1009.15,0
2003-04-07,1031.5,1031.5,1033.45,1017.05,1017.05,0
2003-04-08,1018.1,1018.1,1032.0,1016.6,1032.0,0
2003-04-09,1004.85,1004.85,1018.0,1002.3,1018.0,0
2003-04-10,962.2,962.2,1003.8,958.2,1003.8,0
2003-04-11,949.8,949.8,965.15,935.7,958.9,0
2003-04-15,951.2,951.2,964.2,938.8,951.8,0
2003-04-16,958.65,958.65,961.75,949.0,950.65,0
2003-04-17,940.7,940.7,958.65,936.7,958.65,0
2003-04-21,947.2,947.2,949.7,941.5,941.5,0
2003-04-22,943.5,943.5,951.4,937.85,947.1,0
2003-04-23,934.2,934.2,951.2,931.5,943.75,0
2003-04-24,929.7,929.7,943.15,927.8,934.2,0
2003-04-25,924.3,924.3,931.35,921.1,929.45,0
2003-04-28,929.5,929.5,931.05,920.0,922.85,0
2003-04-29,932.3,932.3,936.9,929.75,929.75,0
2003-04-30,934.05,934.05,935.55,929.85,935.25,0
2003-05-02,938.3,938.3,940.2,930.8,930.9,0
2003-05-05,945.4,945.4,948.95,936.65,937.45,0
2003-05-06,951.85,951.85,955.0,943.2,945.85,0
2003-05-07,950.15,950.15,956.65,948.9,950.4,0
2003-05-08,941.55,941.55,951.3,938.7,950.15,0
2003-05-09,937.85,937.85,941.65,935.8,941.6,0
2003-05-12,936.0,936.0,944.45,934.0,938.5,0
2003-05-13,944.2,944.2,945.8,936.7,936.9,0
2003-05-14,952.15,952.15,953.45,943.15,944.2,0
2003-05-15,959.85,959.85,961.6,951.15,952.15,0
2003-05-16,973.1,973.1,974.4,959.85,959.85,0
2003-05-19,966.55,966.55,979.85,964.6,973.7,0
2003-05-20,971.55,971.55,974.05,959.8,964.65,0
2003-05-21,968.0,968.0,980.75,965.55,972.05,0
2003-05-22,963.25,963.25,972.4,960.05,967.95,0
2003-05-23,967.9,967.9,972.9,962.4,963.5,0
2003-05-26,982.45,982.45,983.9,967.1,967.85,0
2003-05-27,976.85,976.85,990.0,974.25,982.35,0
2003-05-28,990.8,990.8,992.25,977.55,977.65,0
2003-05-29,1002.6,1002.6,1004.85,989.5,990.8,0
2003-05-30,1006.8,1006.8,1013.85,994.65,1000.05,0
2003-06-02,1015.15,1015.15,1020.5,1004.7,1006.85,0
2003-06-03,1010.65,1010.65,1016.9,1007.65,1015.9,0
2003-06-04,1021.05,1021.05,1022.75,1010.1,1010.7,0
2003-06-05,1035.05,1035.05,1038.3,1021.1,1021.1,0
2003-06-06,1046.4,1046.4,1048.85,1035.95,1036.2,0
2003-06-09,1052.1,1052.1,1057.05,1039.85,1046.0,0
2003-06-10,1037.8,1037.8,1056.55,1033.95,1052.0,0
2003-06-11,1044.1,1044.1,1048.25,1035.0,1038.0,0
2003-06-12,1051.3,1051.3,1052.6,1043.1,1044.2,0
2003-06-13,1056.2,1056.2,1059.45,1050.95,1050.95,0
2003-06-16,1051.8,1051.8,1059.8,1045.55,1056.5,0
2003-06-17,1081.95,1081.95,1083.2,1052.3,1052.3,0
2003-06-18,1086.75,1086.75,1093.2,1080.9,1082.8,0
2003-06-19,1092.55,1092.55,1097.0,1078.9,1085.95,0
2003-06-20,1100.25,1100.25,1101.6,1081.35,1092.65,0
2003-06-23,1089.2,1089.2,1106.15,1087.65,1100.6,0
2003-06-24,1085.35,1085.35,1092.65,1079.1,1089.2,0
2003-06-25,1106.65,1106.65,1109.75,1084.35,1085.65,0
2003-06-26,1116.35,1116.35,1118.9,1106.8,1106.8,0
2003-06-27,1125.55,1125.55,1126.8,1109.35,1117.45,0
2003-06-30,1134.15,1134.15,1141.3,1125.5,1125.6,0
2003-07-01,1130.7,1130.7,1139.0,1125.75,1133.95,0
2003-07-02,1133.8,1133.8,1145.4,1130.2,1131.55,0
2003-07-03,1144.65,1144.65,1150.75,1126.35,1133.8,0
2003-07-04,1138.45,1138.45,1148.85,1134.0,1145.6,0
2003-07-07,1140.55,1140.55,1145.75,1134.6,1138.9,0
2003-07-08,1145.9,1145.9,1153.15,1141.3,1141.45,0
2003-07-09,1141.05,1141.05,1155.3,1137.15,1146.35,0
2003-07-10,1162.35,1162.35,1163.6,1146.0,1146.0,0
2003-07-11,1161.65,1161.65,1170.75,1157.45,1162.3,0
2003-07-14,1171.5,1171.5,1173.95,1161.2,1161.2,0
2003-07-15,1159.85,1159.85,1175.55,1148.8,1171.5,0
2003-07-16,1168.75,1168.75,1170.45,1148.6,1158.7,0
2003-07-17,1152.0,1152.0,1175.95,1145.65,1168.85,0
2003-07-18,1140.0,1140.0,1162.6,1130.45,1151.85,0
2003-07-21,1115.8,1115.8,1146.4,1112.55,1140.0,0
2003-07-22,1109.2,1109.2,1118.25,1089.3,1115.35,0
2003-07-23,1119.05,1119.05,1124.7,1109.6,1109.6,0
2003-07-24,1139.45,1139.45,1144.35,1118.55,1119.95,0
2003-07-25,1162.75,1162.75,1164.7,1135.05,1135.5,0
2003-07-28,1169.2,1169.2,1180.6,1163.25,1163.25,0
2003-07-29,1174.75,1174.75,1177.25,1154.8,1169.25,0
2003-07-30,1183.0,1183.0,1187.7,1168.45,1175.3,0
2003-07-31,1185.85,1185.85,1198.5,1181.9,1183.3,0
2003-08-01,1195.75,1195.75,1198.8,1180.3,1185.8,0
2003-08-04,1203.6,1203.6,1206.1,1185.95,1196.05,0
2003-08-05,1184.45,1184.45,1218.5,1181.0,1203.9,0
2003-08-06,1171.05,1171.05,1191.05,1164.75,1184.1,0
2003-08-07,1196.95,1196.95,1199.7,1170.75,1170.75,0
2003-08-08,1222.65,1222.65,1224.5,1199.7,1199.7,0
2003-08-11,1232.85,1232.85,1240.35,1215.75,1222.6,0
2003-08-12,1234.75,1234.75,1249.35,1229.8,1233.95,0
2003-08-13,1246.9,1246.9,1249.35,1229.3,1235.35,0
2003-08-14,1247.75,1247.75,1260.35,1243.4,1247.0,0
2003-08-18,1281.4,1281.4,1285.7,1247.9,1247.9,0
2003-08-19,1277.7,1277.7,1307.6,1268.1,1286.05,0
2003-08-20,1287.4,1287.4,1292.95,1280.8,1280.8,0
2003-08-21,1300.95,1300.95,1304.15,1287.0,1288.2,0
2003-08-22,1311.15,1311.15,1319.45,1298.8,1301.5,0
2003-08-25,1271.1,1271.1,1332.55,1245.85,1311.95,0
2003-08-26,1318.2,1318.2,1322.95,1269.5,1270.2,0
2003-08-27,1340.3,1340.3,1346.3,1318.75,1318.75,0
2003-08-28,1341.05,1341.05,1349.0,1328.35,1340.2,0
2003-08-29,1356.55,1356.55,1365.8,1340.8,1341.2,0
2003-09-01,1375.95,1375.95,1379.4,1356.65,1356.7,0
2003-09-02,1385.45,1385.45,1388.95,1366.9,1375.95,0
2003-09-03,1359.35,1359.35,1394.95,1353.6,1387.2,0
2003-09-04,1372.7,1372.7,1382.6,1355.8,1358.9,0
2003-09-05,1398.4,1398.4,1400.9,1372.75,1373.0,0
2003-09-08,1417.35,1417.35,1420.25,1398.35,1398.4,0
2003-09-09,1407.05,1407.05,1430.7,1397.65,1417.8,0
2003-09-10,1409.55,1409.55,1414.1,1389.65,1407.0,0
2003-09-11,1403.15,1403.15,1422.4,1399.6,1409.65,0
2003-09-12,1372.1,1372.1,1415.65,1367.15,1405.55,0
2003-09-15,1329.25,1329.25,1371.85,1322.65,1371.75,0
2003-09-16,1357.95,1357.95,1362.1,1299.5,1330.15,0
2003-09-17,1341.6,1341.6,1377.45,1332.2,1357.95,0
2003-09-18,1302.35,1302.35,1342.6,1299.25,1341.45,0
2003-09-19,1322.15,1322.15,1331.05,1285.25,1303.2,0
2003-09-22,1302.9,1302.9,1333.55,1300.25,1319.25,0
2003-09-23,1328.2,1328.2,1333.7,1290.55,1302.85,0
2003-09-24,1372.05,1372.05,1373.9,1322.65,1324.85,0
2003-09-25,1357.2,1357.2,1377.25,1352.8,1371.45,0
2003-09-26,1386.95,1386.95,1389.3,1357.35,1357.55,0
2003-09-29,1399.95,1399.95,1422.35,1386.1,1386.9,0
2003-09-30,1417.1,1417.1,1418.1,1399.8,1400.7,0
2003-10-01,1420.85,1420.85,1430.9,1407.95,1416.6,0
2003-10-03,1449.3,1449.3,1451.2,1420.85,1420.85,0
2003-10-06,1478.9,1478.9,1481.05,1423.75,1449.45,0
2003-10-07,1477.85,1477.85,1498.45,1467.75,1478.95,0
2003-10-08,1478.6,1478.6,1493.05,1460.6,1477.85,0
2003-10-09,1502.1,1502.1,1505.05,1478.4,1487.85,0
2003-10-10,1523.1,1523.1,1527.25,1505.1,1507.1,0
2003-10-13,1546.75,1546.75,1550.9,1516.05,1523.35,0
2003-10-14,1520.8,1520.8,1562.85,1513.75,1548.7,0
2003-10-15,1537.0,1537.0,1543.85,1503.0,1521.45,0
2003-10-16,1555.7,1555.7,1563.4,1537.3,1537.3,0
2003-10-17,1569.45,1569.45,1574.1,1552.15,1565.2,0
2003-10-20,1542.7,1542.7,1574.1,1536.5,1569.7,0
2003-10-21,1506.5,1506.5,1549.65,1496.95,1546.2,0
2003-10-22,1494.1,1494.1,1522.65,1483.0,1506.75,0
2003-10-23,1470.45,1470.45,1503.0,1466.25,1494.75,0
2003-10-24,1506.05,1506.05,1512.55,1434.75,1485.8,0
2003-10-25,1521.95,1521.95,1533.05,1506.05,1506.05,0
2003-10-27,1485.3,1485.3,1524.05,1482.0,1522.05,0
2003-10-28,1481.75,1481.75,1500.8,1471.3,1485.45,0
2003-10-29,1498.45,1498.45,1501.7,1477.1,1481.3,0
2003-10-30,1516.85,1516.85,1524.25,1495.8,1499.25,0
2003-10-31,1555.9,1555.9,1559.75,1515.55,1517.1,0
2003-11-03,1601.65,1601.65,1605.6,1556.5,1556.5,0
2003-11-04,1618.7,1618.7,1626.4,1601.3,1601.3,0
2003-11-05,1609.15,1609.15,1627.6,1592.55,1618.7,0
2003-11-06,1612.2,1612.2,1630.25,1605.4,1610.55,0
2003-11-07,1592.05,1592.05,1624.5,1585.35,1612.1,0
2003-11-10,1594.5,1594.5,1603.65,1568.1,1603.55,0
2003-11-11,1601.15,1601.15,1608.85,1590.95,1594.5,0
2003-11-12,1603.8,1603.8,1617.75,1598.0,1601.3,0
2003-11-13,1579.95,1579.95,1616.15,1573.6,1610.4,0
2003-11-14,1550.45,1550.45,1580.3,1544.75,1577.2,0
2003-11-15,1562.8,1562.8,1571.3,1542.0,1549.65,0
2003-11-17,1579.9,1579.9,1584.75,1554.4,1563.1,0
2003-11-18,1564.4,1564.4,1591.25,1557.2,1579.15,0
2003-11-19,1540.6,1540.6,1564.0,1534.35,1563.95,0
2003-11-20,1522.3,1522.3,1558.15,1517.9,1542.85,0
2003-11-21,1540.7,1540.7,1547.0,1509.15,1520.4,0
2003-11-24,1543.9,1543.9,1554.05,1536.5,1541.35,0
2003-11-25,1568.65,1568.65,1572.05,1543.95,1543.95,0
2003-11-27,1598.35,1598.35,1602.6,1568.7,1568.85,0
2003-11-28,1615.25,1615.25,1618.95,1598.55,1598.55,0
2003-12-01,1657.65,1657.65,1660.55,1615.7,1615.85,0
2003-12-02,1658.5,1658.5,1671.85,1639.65,1657.65,0
2003-12-03,1670.5,1670.5,1676.2,1655.9,1660.7,0
2003-12-04,1675.2,1675.2,1683.75,1656.1,1670.65,0
2003-12-05,1645.8,1645.8,1688.25,1642.05,1675.5,0
2003-12-08,1646.25,1646.25,1654.35,1631.85,1644.85,0
2003-12-09,1675.85,1675.85,1677.9,1646.4,1646.4,0
2003-12-10,1686.9,1686.9,1697.3,1672.65,1675.75,0
2003-12-11,1695.4,1695.4,1701.7,1678.35,1688.35,0
2003-12-12,1698.9,1698.9,1705.95,1686.45,1695.8,0
2003-12-15,1723.95,1723.95,1728.0,1699.7,1699.7,0
2003-12-16,1736.25,1736.25,1740.3,1711.3,1723.9,0
2003-12-17,1733.25,1733.25,1746.2,1725.4,1736.35,0
2003-12-18,1756.1,1756.1,1759.0,1725.85,1733.2,0
2003-12-19,1778.55,1778.55,1783.7,1755.4,1757.0,0
2003-12-22,1789.15,1789.15,1794.3,1778.4,1778.85,0
2003-12-23,1780.3,1780.3,1800.9,1751.05,1789.1,0
2003-12-24,1808.7,1808.7,1815.6,1780.3,1788.45,0
2003-12-26,1837.05,1837.05,1840.35,1804.7,1804.7,0
2003-12-29,1874.05,1874.05,1876.0,1837.65,1838.05,0
2003-12-30,1873.25,1873.25,1914.4,1858.55,1878.9,0
2003-12-31,1879.75,1879.75,1895.65,1852.5,1868.9,0
2004-01-01,1912.25,1912.25,1917.05,1880.35,1880.35,0
2004-01-02,1946.05,1946.05,1951.7,1911.05,1912.25,0
2004-01-05,1955.0,1955.0,1969.2,1930.75,1946.3,0
2004-01-06,1926.7,1926.7,1979.05,1908.75,1955.1,0
2004-01-07,1916.75,1916.75,1930.95,1888.1,1927.95,0
2004-01-08,1968.55,1968.55,1973.45,1918.1,1918.1,0
2004-01-09,1971.9,1971.9,2014.65,1957.45,1969.0,0
2004-01-12,1945.6,1945.6,1980.55,1936.75,1972.0,0
2004-01-13,1963.6,1963.6,1967.85,1926.1,1944.7,0
2004-01-14,1982.15,1982.15,1995.2,1970.1,1987.4,0
2004-01-15,1944.45,1944.45,2000.3,1933.25,1983.2,0
2004-01-16,1900.65,1900.65,1953.05,1887.1,1944.15,0
2004-01-19,1935.35,1935.35,1943.1,1874.95,1901.9,0
2004-01-20,1893.25,1893.25,1957.65,1876.85,1928.8,0
2004-01-21,1824.6,1824.6,1899.55,1811.35,1895.45,0
2004-01-22,1770.5,1770.5,1854.55,1756.25,1824.7,0
2004-01-23,1847.55,1847.55,1858.5,1771.1,1771.1,0
2004-01-27,1904.7,1904.7,1911.3,1844.65,1847.9,0
2004-01-28,1863.1,1863.1,1918.45,1846.35,1903.9,0
2004-01-29,1843.6,1843.6,1883.1,1827.25,1863.0,0
2004-01-30,1809.75,1809.75,1860.4,1804.3,1843.7,0
2004-02-03,1769.0,1769.0,1815.95,1755.65,1809.3,0
2004-02-04,1822.2,1822.2,1829.65,1761.75,1769.1,0
2004-02-05,1804.5,1804.5,1846.75,1787.15,1823.5,0
2004-02-06,1833.65,1833.65,1837.95,1797.95,1804.35,0
2004-02-09,1880.7,1880.7,1885.2,1833.05,1834.9,0
2004-02-10,1880.75,1880.75,1897.0,1861.65,1880.85,0
2004-02-11,1891.5,1891.5,1894.8,1874.5,1891.8,0
2004-02-12,1885.3,1885.3,1906.1,1869.25,1892.2,0
2004-02-13,1913.6,1913.6,1916.2,1873.25,1875.6,0
2004-02-16,1913.55,1913.55,1929.5,1909.45,1914.45,0
2004-02-17,1920.1,1920.1,1926.15,1905.5,1913.55,0
2004-02-18,1916.45,1916.45,1935.8,1912.6,1920.0,0
2004-02-19,1858.3,1858.3,1919.7,1851.8,1916.65,0
2004-02-20,1852.65,1852.65,1872.85,1831.15,1858.25,0
2004-02-23,1808.2,1808.2,1867.25,1800.2,1853.0,0
2004-02-24,1821.35,1821.35,1826.85,1780.35,1808.4,0
2004-02-25,1786.8,1786.8,1834.1,1779.0,1833.65,0
2004-02-26,1765.8,1765.8,1818.6,1760.55,1787.45,0
2004-02-27,1800.3,1800.3,1807.45,1763.95,1765.9,0
2004-03-01,1852.7,1852.7,1856.45,1795.35,1798.35,0
2004-03-03,1860.4,1860.4,1868.25,1842.45,1852.45,0
2004-03-04,1843.85,1843.85,1867.95,1831.2,1859.3,0
2004-03-05,1867.7,1867.7,1871.1,1843.9,1843.9,0
2004-03-08,1885.25,1885.25,1891.95,1867.95,1868.15,0
2004-03-09,1866.05,1866.05,1898.7,1843.0,1884.5,0
2004-03-10,1844.35,1844.35,1866.4,1835.8,1866.3,0
2004-03-11,1805.4,1805.4,1843.95,1798.45,1843.95,0
2004-03-12,1812.2,1812.2,1820.95,1775.9,1805.2,0
2004-03-15,1763.4,1763.4,1836.0,1751.8,1812.45,0
2004-03-16,1749.35,1749.35,1769.5,1730.1,1763.35,0
2004-03-17,1749.85,1749.85,1765.05,1738.85,1749.6,0
2004-03-18,1716.65,1716.65,1754.95,1708.3,1750.0,0
2004-03-19,1725.1,1725.1,1738.6,1703.55,1716.3,0
2004-03-22,1685.0,1685.0,1726.35,1678.4,1726.3,0
2004-03-23,1696.4,1696.4,1710.45,1669.7,1685.15,0
2004-03-24,1692.1,1692.1,1700.65,1676.4,1697.4,0
2004-03-25,1704.45,1704.45,1720.65,1691.95,1691.95,0
2004-03-26,1747.5,1747.5,1755.45,1703.8,1704.45,0
2004-03-29,1762.05,1762.05,1766.15,1739.5,1747.35,0
2004-03-30,1750.15,1750.15,1775.4,1746.25,1762.15,0
2004-03-31,1771.9,1771.9,1775.3,1740.2,1744.6,0
2004-04-01,1819.65,1819.65,1823.05,1771.45,1771.45,0
2004-04-02,1841.1,1841.1,1856.3,1809.0,1856.1,0
2004-04-05,1856.6,1856.6,1878.8,1840.0,1841.1,0
2004-04-06,1851.15,1851.15,1876.15,1836.9,1870.8,0
2004-04-07,1848.7,1848.7,1865.2,1833.95,1856.4,0
2004-04-08,1853.55,1853.55,1864.95,1839.7,1854.0,0
2004-04-12,1838.2,1838.2,1873.75,1828.95,1860.3,0
2004-04-13,1878.45,1878.45,1885.15,1819.8,1838.5,0
2004-04-15,1861.95,1861.95,1884.5,1855.0,1878.5,0
2004-04-16,1868.95,1868.95,1882.55,1861.8,1863.85,0
2004-04-17,1868.1,1868.1,1875.95,1864.95,1869.2,0
2004-04-19,1844.05,1844.05,1876.2,1837.4,1868.2,0
2004-04-20,1844.25,1844.25,1851.0,1832.0,1844.4,0
2004-04-21,1873.35,1873.35,1876.0,1838.6,1844.35,0
2004-04-22,1889.55,1889.55,1894.6,1871.0,1873.55,0
2004-04-23,1892.45,1892.45,1912.35,1885.75,1890.85,0
2004-04-27,1817.25,1817.25,1893.1,1814.0,1890.05,0
2004-04-28,1816.55,1816.55,1833.95,1801.8,1819.0,0
2004-04-29,1808.95,1808.95,1818.9,1793.1,1816.7,0
2004-04-30,1796.1,1796.1,1841.45,1788.3,1820.55,0
2004-05-03,1766.7,1766.7,1801.45,1742.8,1796.1,0
2004-05-04,1793.1,1793.1,1803.15,1768.8,1769.1,0
2004-05-05,1809.9,1809.9,1814.35,1788.1,1789.45,0
2004-05-06,1832.8,1832.8,1837.95,1810.3,1810.3,0
2004-05-07,1804.45,1804.45,1833.15,1796.95,1832.85,0
2004-05-10,1769.1,1769.1,1804.4,1753.8,1804.4,0
2004-05-11,1699.45,1699.45,1768.7,1692.9,1768.7,0
2004-05-12,1711.1,1711.1,1721.35,1689.85,1699.25,0
2004-05-13,1717.5,1717.5,1750.3,1625.1,1707.95,0
2004-05-14,1582.4,1582.4,1722.8,1566.95,1717.05,0
2004-05-17,1388.75,1388.75,1583.8,1292.2,1582.5,0
2004-05-18,1503.95,1503.95,1517.6,1389.65,1392.95,0
2004-05-19,1567.85,1567.85,1576.05,1508.05,1508.05,0
2004-05-20,1543.85,1543.85,1591.05,1531.3,1566.5,0
2004-05-21,1560.2,1560.2,1566.15,1498.1,1545.05,0
2004-05-24,1608.85,1608.85,1613.6,1563.05,1563.65,0
2004-05-25,1606.7,1606.7,1621.45,1566.4,1608.9,0
2004-05-26,1598.8,1598.8,1625.7,1587.0,1608.15,0
2004-05-27,1586.4,1586.4,1606.0,1576.05,1590.15,0
2004-05-28,1508.75,1508.75,1587.1,1504.0,1586.35,0
2004-05-31,1483.6,1483.6,1509.05,1456.2,1507.05,0
2004-06-01,1507.9,1507.9,1529.6,1483.9,1483.9,0
2004-06-02,1535.2,1535.2,1543.3,1508.0,1508.0,0
2004-06-03,1495.1,1495.1,1566.5,1484.5,1535.8,0
2004-06-04,1521.1,1521.1,1527.0,1480.8,1494.85,0
2004-06-07,1542.55,1542.55,1557.5,1521.6,1521.6,0
2004-06-08,1550.55,1550.55,1557.0,1526.45,1542.6,0
2004-06-09,1548.3,1548.3,1561.6,1541.6,1550.45,0
2004-06-10,1544.75,1544.75,1552.75,1535.0,1547.7,0
2004-06-11,1508.45,1508.45,1547.4,1504.8,1544.95,0
2004-06-14,1481.35,1481.35,1509.6,1474.65,1508.15,0
2004-06-15,1501.0,1501.0,1507.85,1481.0,1481.45,0
2004-06-16,1494.75,1494.75,1525.2,1490.45,1500.95,0
2004-06-17,1512.05,1512.05,1519.2,1482.2,1494.7,0
2004-06-18,1491.2,1491.2,1515.05,1485.05,1511.95,0
2004-06-21,1482.0,1482.0,1499.8,1478.85,1490.75,0
2004-06-22,1474.7,1474.7,1489.6,1467.65,1482.85,0
2004-06-23,1446.1,1446.1,1481.45,1442.55,1474.8,0
2004-06-24,1470.75,1470.75,1474.3,1437.9,1445.35,0
2004-06-25,1488.5,1488.5,1494.0,1459.55,1471.5,0
2004-06-28,1514.35,1514.35,1516.95,1488.6,1488.6,0
2004-06-29,1518.3,1518.3,1528.5,1503.3,1514.35,0
2004-06-30,1505.6,1505.6,1532.15,1501.7,1518.7,0
2004-07-01,1537.2,1537.2,1539.15,1504.55,1506.65,0
2004-07-02,1537.5,1537.5,1547.65,1516.15,1537.05,0
2004-07-05,1526.85,1526.85,1546.0,1522.9,1537.55,0
2004-07-06,1558.25,1558.25,1561.0,1524.15,1526.65,0
2004-07-07,1566.8,1566.8,1578.5,1551.35,1558.05,0
2004-07-08,1518.15,1518.15,1586.55,1504.5,1567.25,0
2004-07-09,1553.2,1553.2,1557.75,1472.55,1517.45,0
2004-07-12,1556.95,1556.95,1562.8,1537.7,1548.6,0
2004-07-13,1539.3,1539.3,1569.75,1530.6,1560.0,0
2004-07-14,1522.75,1522.75,1552.25,1519.35,1535.1,0
2004-07-15,1539.4,1539.4,1543.25,1517.8,1523.1,0
2004-07-16,1558.8,1558.8,1562.0,1533.65,1538.15,0
2004-07-19,1571.6,1571.6,1582.35,1556.55,1559.2,0
2004-07-20,1566.1,1566.1,1581.05,1555.55,1571.7,0
2004-07-21,1581.4,1581.4,1600.7,1562.9,1566.15,0
2004-07-22,1598.1,1598.1,1609.55,1580.95,1581.6,0
2004-07-23,1601.6,1601.6,1610.85,1587.6,1587.6,0
2004-07-26,1618.0,1618.0,1620.35,1584.65,1602.15,0
2004-07-27,1600.75,1600.75,1629.35,1597.2,1617.95,0
2004-07-28,1594.15,1594.15,1609.45,1586.15,1600.85,0
2004-07-29,1618.7,1618.7,1624.3,1590.15,1594.7,0
2004-07-30,1632.3,1632.3,1638.7,1609.9,1618.9,0
2004-08-02,1639.05,1639.05,1643.8,1627.25,1631.55,0
2004-08-03,1630.6,1630.6,1648.35,1626.3,1639.95,0
2004-08-04,1626.55,1626.55,1635.95,1618.2,1631.3,0
2004-08-05,1654.95,1654.95,1656.25,1626.4,1626.4,0
2004-08-06,1633.4,1633.4,1658.7,1626.7,1654.85,0
2004-08-09,1642.6,1642.6,1644.4,1617.05,1633.25,0
2004-08-10,1652.15,1652.15,1656.6,1637.7,1642.75,0
2004-08-11,1621.6,1621.6,1658.9,1616.85,1652.1,0
2004-08-12,1607.2,1607.2,1629.15,1599.5,1624.3,0
2004-08-13,1598.2,1598.2,1612.7,1591.6,1598.2,0
2004-08-16,1599.15,1599.15,1603.2,1582.35,1597.5,0
2004-08-17,1604.35,1604.35,1628.45,1597.45,1624.0,0
2004-08-18,1581.8,1581.8,1604.15,1577.25,1604.15,0
2004-08-19,1609.2,1609.2,1612.5,1581.9,1581.9,0
2004-08-20,1590.35,1590.35,1610.6,1584.05,1609.2,0
2004-08-23,1578.2,1578.2,1595.55,1573.7,1590.9,0
2004-08-24,1591.6,1591.6,1597.9,1578.05,1578.2,0
2004-08-25,1595.7,1595.7,1598.55,1586.35,1592.2,0
2004-08-26,1610.75,1610.75,1613.25,1593.45,1595.75,0
2004-08-27,1609.0,1609.0,1617.25,1600.15,1610.85,0
2004-08-30,1628.45,1628.45,1629.9,1609.2,1609.45,0
2004-08-31,1631.75,1631.75,1634.8,1618.3,1628.5,0
2004-09-01,1635.45,1635.45,1640.55,1631.1,1631.7,0
2004-09-02,1629.3,1629.3,1641.25,1619.9,1635.5,0
2004-09-03,1634.1,1634.1,1636.1,1622.1,1629.65,0
2004-09-06,1644.0,1644.0,1649.15,1634.45,1634.6,0
2004-09-07,1650.15,1650.15,1653.15,1641.8,1643.95,0
2004-09-08,1656.25,1656.25,1658.85,1648.25,1650.6,0
2004-09-09,1649.0,1649.0,1662.4,1640.25,1656.25,0
2004-09-10,1668.75,1668.75,1670.95,1642.35,1649.45,0
2004-09-13,1675.2,1675.2,1681.75,1668.05,1668.25,0
2004-09-14,1685.55,1685.55,1686.8,1668.45,1675.2,0
2004-09-15,1683.2,1683.2,1694.45,1675.85,1685.7,0
2004-09-16,1705.7,1705.7,1708.0,1677.35,1683.6,0
2004-09-17,1733.65,1733.65,1736.4,1702.7,1702.7,0
2004-09-20,1728.8,1728.8,1741.55,1725.3,1734.05,0
2004-09-21,1750.2,1750.2,1753.0,1724.7,1728.75,0
2004-09-22,1753.9,1753.9,1760.8,1736.3,1749.75,0
2004-09-23,1726.15,1726.15,1753.15,1723.4,1753.1,0
2004-09-24,1722.5,1722.5,1736.9,1717.2,1726.15,0
2004-09-27,1717.5,1717.5,1726.15,1707.95,1722.4,0
2004-09-28,1700.25,1700.25,1717.9,1697.4,1717.45,0
2004-09-29,1727.95,1727.95,1730.3,1695.7,1700.55,0
2004-09-30,1745.5,1745.5,1748.2,1728.2,1728.3,0
2004-10-01,1775.15,1775.15,1778.65,1737.85,1744.4,0
2004-10-04,1805.65,1805.65,1813.9,1775.45,1776.75,0
2004-10-05,1812.45,1812.45,1816.55,1798.6,1805.85,0
2004-10-06,1794.9,1794.9,1824.8,1790.6,1811.7,0
2004-10-07,1815.7,1815.7,1821.85,1793.0,1793.0,0
2004-10-08,1820.2,1820.2,1825.15,1808.75,1815.65,0
2004-10-09,1817.8,1817.8,1824.9,1812.8,1812.85,0
2004-10-11,1807.75,1807.75,1829.45,1803.5,1817.85,0
2004-10-12,1786.9,1786.9,1820.9,1783.05,1808.45,0
2004-10-14,1794.75,1794.75,1805.7,1773.0,1784.8,0
2004-10-15,1795.0,1795.0,1814.05,1789.55,1794.8,0
2004-10-18,1786.0,1786.0,1806.15,1782.95,1796.05,0
2004-10-19,1808.4,1808.4,1813.9,1787.2,1787.2,0
2004-10-20,1790.05,1790.05,1815.2,1785.45,1808.6,0
2004-10-21,1779.75,1779.75,1795.4,1772.4,1790.35,0
2004-10-25,1757.25,1757.25,1783.55,1753.5,1780.0,0
2004-10-26,1781.05,1781.05,1782.1,1750.3,1777.85,0
2004-10-27,1783.85,1783.85,1797.55,1774.2,1781.15,0
2004-10-28,1800.1,1800.1,1808.15,1783.9,1783.9,0
2004-10-29,1786.9,1786.9,1808.85,1783.1,1800.85,0
2004-11-01,1797.75,1797.75,1800.25,1776.7,1787.3,0
2004-11-02,1813.7,1813.7,1817.1,1798.3,1798.3,0
2004-11-03,1837.4,1837.4,1838.4,1814.15,1814.15,0
2004-11-04,1834.85,1834.85,1853.05,1830.5,1837.8,0
2004-11-05,1852.3,1852.3,1854.4,1836.0,1836.05,0
2004-11-08,1862.8,1862.8,1871.05,1852.45,1852.45,0
2004-11-09,1858.75,1858.75,1869.45,1853.45,1863.55,0
2004-11-10,1876.1,1876.1,1878.2,1857.7,1859.65,0
2004-11-11,1870.55,1870.55,1884.65,1866.95,1876.45,0
2004-11-12,1872.95,1872.95,1885.05,1866.75,1871.9,0
2004-11-16,1879.0,1879.0,1881.4,1862.8,1872.8,0
2004-11-17,1888.65,1888.65,1892.15,1874.35,1879.05,0
2004-11-18,1892.05,1892.05,1895.3,1880.8,1890.45,0
2004-11-19,1872.35,1872.35,1898.15,1869.35,1891.95,0
2004-11-22,1873.35,1873.35,1878.05,1845.1,1872.55,0
2004-11-23,1892.6,1892.6,1900.05,1873.35,1873.35,0
2004-11-24,1904.05,1904.05,1907.35,1889.85,1893.15,0
2004-11-25,1901.05,1901.05,1915.8,1892.6,1904.25,0
2004-11-29,1939.65,1939.65,1942.95,1894.6,1899.3,0
2004-11-30,1958.8,1958.8,1963.8,1940.25,1940.25,0
2004-12-01,1962.05,1962.05,1971.6,1944.5,1960.75,0
2004-12-02,1999.0,1999.0,2001.55,1962.75,1962.75,0
2004-12-03,1996.2,1996.2,2011.9,1990.3,1991.9,0
2004-12-06,1993.15,1993.15,2012.25,1989.95,1996.3,0
2004-12-07,1992.7,1992.7,2002.6,1981.15,1990.6,0
2004-12-08,1977.95,1977.95,2009.7,1973.15,1994.15,0
2004-12-09,1989.95,1989.95,1995.7,1964.5,1977.8,0
2004-12-10,1969.0,1969.0,1999.7,1964.65,1990.2,0
2004-12-13,1985.35,1985.35,1987.0,1964.8,1970.6,0
2004-12-14,2006.8,2006.8,2008.8,1972.85,1985.2,0
2004-12-15,2028.7,2028.7,2034.35,2006.8,2006.8,0
2004-12-16,2033.2,2033.2,2039.2,2019.5,2028.8,0
2004-12-17,2012.1,2012.1,2037.7,2007.2,2032.85,0
2004-12-20,2026.85,2026.85,2029.5,2007.15,2012.5,0
2004-12-21,2044.65,2044.65,2047.5,2025.25,2027.8,0
2004-12-22,2035.35,2035.35,2053.9,2029.85,2040.6,0
2004-12-23,2045.15,2045.15,2049.3,2031.9,2035.6,0
2004-12-24,2062.7,2062.7,2065.6,2045.3,2045.35,0
2004-12-27,2062.6,2062.6,2079.05,2046.25,2061.6,0
2004-12-28,2071.35,2071.35,2074.6,2060.05,2063.6,0
2004-12-29,2069.6,2069.6,2086.15,2062.35,2071.55,0
2004-12-30,2059.8,2059.8,2088.45,2052.25,2070.55,0
2004-12-31,2080.5,2080.5,2083.0,2059.85,2059.85,0
2005-01-03,2115.0,2115.0,2118.6,2080.0,2080.0,0
2005-01-04,2103.75,2103.75,2120.15,2100.55,2116.95,0
2005-01-05,2032.2,2032.2,2105.1,1990.15,2103.75,0
2005-01-06,1998.35,1998.35,2035.65,1984.25,2031.55,0
2005-01-07,2015.5,2015.5,2021.45,1992.55,1998.25,0
2005-01-10,1982.0,1982.0,2025.9,1974.8,2016.75,0
2005-01-11,1952.05,1952.05,1988.9,1947.35,1982.7,0
2005-01-12,1913.6,1913.6,1966.65,1900.85,1953.6,0
2005-01-13,1954.55,1954.55,1963.4,1916.95,1922.5,0
2005-01-14,1931.1,1931.1,1961.4,1922.85,1954.9,0
2005-01-17,1932.9,1932.9,1944.55,1902.45,1931.75,0
2005-01-18,1934.05,1934.05,1956.95,1925.35,1933.05,0
2005-01-19,1926.65,1926.65,1945.65,1922.35,1934.1,0
2005-01-20,1925.3,1925.3,1940.95,1900.05,1928.1,0
2005-01-24,1909.0,1909.0,1932.75,1902.9,1925.3,0
2005-01-25,1931.85,1931.85,1934.25,1894.4,1908.85,0
2005-01-27,1955.0,1955.0,1961.75,1929.0,1931.9,0
2005-01-28,2008.3,2008.3,2014.25,1950.85,1955.25,0
2005-01-31,2057.6,2057.6,2060.4,2006.35,2008.45,0
2005-02-01,2059.85,2059.85,2072.5,2045.25,2057.75,0
2005-02-02,2052.25,2052.25,2074.5,2045.5,2062.15,0
2005-02-03,2079.45,2079.45,2083.75,2052.35,2052.35,0
2005-02-04,2077.95,2077.95,2099.2,2060.8,2079.4,0
2005-02-07,2055.1,2055.1,2098.0,2049.85,2097.45,0
2005-02-08,2055.15,2055.15,2065.0,2043.6,2055.0,0
2005-02-09,2070.0,2070.0,2077.7,2055.2,2055.2,0
2005-02-10,2063.35,2063.35,2075.1,2049.85,2070.1,0
2005-02-11,2082.05,2082.05,2084.5,2063.35,2063.35,0
2005-02-14,2098.25,2098.25,2110.15,2083.05,2083.05,0
2005-02-15,2089.95,2089.95,2101.6,2081.2,2098.25,0
2005-02-16,2068.8,2068.8,2103.4,2059.45,2090.0,0
2005-02-17,2061.9,2061.9,2069.15,2045.85,2069.1,0
2005-02-18,2055.55,2055.55,2076.7,2048.85,2062.45,0
2005-02-21,2043.2,2043.2,2065.75,2039.9,2055.15,0
2005-02-22,2058.4,2058.4,2061.65,2036.6,2043.4,0
2005-02-23,2057.1,2057.1,2065.15,2051.35,2058.7,0
2005-02-24,2055.3,2055.3,2070.5,2052.4,2057.75,0
2005-02-25,2060.9,2060.9,2081.85,2051.2,2057.3,0
2005-02-28,2103.25,2103.25,2106.2,2047.7,2061.2,0
2005-03-01,2084.4,2084.4,2115.1,2073.8,2103.1,0
2005-03-02,2093.25,2093.25,2096.35,2080.55,2084.6,0
2005-03-03,2128.85,2128.85,2132.75,2093.35,2093.4,0
2005-03-04,2148.15,2148.15,2152.75,2129.1,2129.1,0
2005-03-07,2160.1,2160.1,2166.85,2143.05,2148.25,0
2005-03-08,2168.95,2168.95,2173.85,2154.0,2160.65,0
2005-03-09,2160.8,2160.8,2183.45,2141.35,2169.1,0
2005-03-10,2167.4,2167.4,2170.2,2145.75,2160.85,0
2005-03-11,2154.0,2154.0,2182.1,2148.7,2167.7,0
2005-03-14,2146.35,2146.35,2164.15,2140.9,2153.8,0
2005-03-15,2128.95,2128.95,2151.35,2122.0,2146.55,0
2005-03-16,2125.55,2125.55,2158.9,2121.1,2129.35,0
2005-03-17,2098.5,2098.5,2126.55,2090.45,2123.95,0
2005-03-18,2109.15,2109.15,2112.25,2077.2,2097.75,0
2005-03-21,2096.6,2096.6,2124.8,2089.35,2117.95,0
2005-03-22,2061.6,2061.6,2099.0,2056.5,2096.75,0
2005-03-23,2026.4,2026.4,2067.45,2019.85,2061.2,0
2005-03-24,2015.4,2015.4,2042.45,2007.35,2026.6,0
2005-03-28,2029.45,2029.45,2046.85,2015.25,2015.75,0
2005-03-29,1983.85,1983.85,2032.65,1971.55,2029.4,0
2005-03-30,1993.7,1993.7,2000.45,1971.15,1983.65,0
2005-03-31,2035.65,2035.65,2043.6,1994.5,1994.5,0
2005-04-01,2067.65,2067.65,2071.2,2024.25,2035.9,0
2005-04-04,2063.4,2063.4,2076.6,2054.9,2067.65,0
2005-04-05,2052.55,2052.55,2077.95,2043.7,2063.2,0
2005-04-06,2069.3,2069.3,2073.1,2051.3,2054.0,0
2005-04-07,2052.85,2052.85,2084.9,2048.05,2069.15,0
2005-04-08,2031.2,2031.2,2057.5,2024.8,2053.05,0
2005-04-11,2008.2,2008.2,2033.0,2001.85,2032.75,0
2005-04-12,2024.95,2024.95,2027.8,2002.75,2002.75,0
2005-04-13,2025.45,2025.45,2038.85,2018.1,2024.9,0
2005-04-15,1956.3,1956.3,2022.5,1952.75,2022.5,0
2005-04-18,1927.8,1927.8,1959.25,1914.85,1955.5,0
2005-04-19,1909.4,1909.4,1961.15,1902.8,1927.9,0
2005-04-20,1929.7,1929.7,1941.85,1902.9,1908.5,0
2005-04-21,1948.55,1948.55,1950.0,1911.4,1930.5,0
2005-04-22,1967.35,1967.35,1972.95,1950.0,1950.6,0
2005-04-25,1970.95,1970.95,1974.2,1952.4,1968.45,0
2005-04-26,1957.1,1957.1,1972.85,1951.8,1971.05,0
2005-04-27,1935.4,1935.4,1962.2,1930.35,1959.45,0
2005-04-28,1941.3,1941.3,1950.25,1921.05,1935.65,0
2005-04-29,1902.5,1902.5,1943.2,1896.3,1943.2,0
2005-05-02,1916.75,1916.75,1925.6,1898.15,1903.1,0
2005-05-03,1920.7,1920.7,1940.1,1911.0,1916.95,0
2005-05-04,1942.6,1942.6,1944.45,1920.15,1920.5,0
2005-05-05,1963.3,1963.3,1973.35,1942.05,1942.6,0
2005-05-06,1977.5,1977.5,1984.4,1947.3,1962.3,0
2005-05-09,2000.75,2000.75,2003.15,1978.05,1978.05,0
2005-05-10,1994.3,1994.3,2007.8,1989.1,2001.0,0
2005-05-11,1985.95,1985.95,1991.85,1975.05,1990.55,0
2005-05-12,1993.15,1993.15,1999.85,1981.95,1985.95,0
2005-05-13,1988.3,1988.3,1992.75,1978.9,1992.5,0
2005-05-16,2012.6,2012.6,2014.95,1989.7,1991.5,0
2005-05-17,1990.8,1990.8,2024.6,1984.75,2013.1,0
2005-05-18,1982.75,1982.75,1990.95,1964.65,1990.65,0
2005-05-19,1990.85,1990.85,2008.35,1983.15,1983.15,0
2005-05-20,1992.4,1992.4,1998.2,1975.95,1991.85,0
2005-05-23,2013.9,2013.9,2019.35,1991.7,1992.1,0
2005-05-24,2028.6,2028.6,2031.9,2009.55,2016.0,0
2005-05-25,2043.85,2043.85,2047.45,2019.0,2028.55,0
2005-05-26,2074.7,2074.7,2078.65,2025.65,2043.5,0
2005-05-27,2076.4,2076.4,2099.35,2069.5,2073.25,0
2005-05-30,2072.4,2072.4,2086.85,2064.85,2076.55,0
2005-05-31,2087.55,2087.55,2091.75,2066.55,2072.5,0
2005-06-01,2087.55,2087.55,2097.6,2081.2,2087.8,0
2005-06-02,2064.65,2064.65,2093.45,2062.55,2087.85,0
2005-06-03,2094.25,2094.25,2097.25,2061.35,2064.1,0
2005-06-04,2092.35,2092.35,2098.1,2087.0,2094.1,0
2005-06-06,2092.8,2092.8,2109.1,2087.4,2092.0,0
2005-06-07,2098.15,2098.15,2102.85,2084.35,2091.95,0
2005-06-08,2112.4,2112.4,2115.25,2094.05,2094.7,0
2005-06-09,2103.2,2103.2,2118.65,2097.55,2112.25,0
2005-06-10,2090.6,2090.6,2133.1,2086.3,2103.45,0
2005-06-13,2102.75,2102.75,2106.65,2081.7,2090.7,0
2005-06-14,2112.35,2112.35,2113.85,2098.7,2103.65,0
2005-06-15,2128.65,2128.65,2131.95,2110.35,2110.5,0
2005-06-16,2123.7,2123.7,2135.1,2114.55,2128.3,0
2005-06-17,2123.4,2123.4,2131.75,2103.9,2123.6,0
2005-06-20,2144.35,2144.35,2150.25,2124.65,2130.8,0
2005-06-21,2170.0,2170.0,2173.25,2140.15,2144.75,0
2005-06-22,2187.35,2187.35,2196.45,2167.35,2167.8,0
2005-06-23,2183.85,2183.85,2192.1,2174.05,2187.35,0
2005-06-24,2194.35,2194.35,2204.45,2162.95,2184.0,0
2005-06-27,2199.8,2199.8,2219.65,2188.15,2194.35,0
2005-06-28,2169.85,2169.85,2206.8,2165.9,2199.8,0
2005-06-29,2191.65,2191.65,2194.25,2162.0,2170.2,0
2005-06-30,2220.6,2220.6,2226.15,2189.45,2191.55,0
2005-07-01,2211.9,2211.9,2220.55,2198.9,2220.45,0
2005-07-04,2230.65,2230.65,2232.2,2211.4,2212.05,0
2005-07-05,2210.75,2210.75,2238.6,2205.1,2231.2,0
2005-07-06,2228.2,2228.2,2232.65,2211.3,2211.35,0
2005-07-07,2179.4,2179.4,2235.8,2171.25,2228.3,0
2005-07-08,2196.2,2196.2,2210.7,2179.05,2183.55,0
2005-07-11,2218.85,2218.85,2224.65,2195.55,2195.55,0
2005-07-12,2220.8,2220.8,2233.2,2191.7,2219.1,0
2005-07-13,2204.05,2204.05,2234.15,2200.05,2221.45,0
2005-07-14,2185.1,2185.1,2212.55,2178.6,2204.4,0
2005-07-15,2212.55,2212.55,2216.5,2181.85,2185.1,0
2005-07-18,2234.0,2234.0,2248.7,2212.95,2212.95,0
2005-07-19,2237.3,2237.3,2246.7,2227.2,2234.25,0
2005-07-20,2241.9,2241.9,2252.0,2236.9,2236.9,0
2005-07-21,2230.5,2230.5,2251.85,2221.2,2240.95,0
2005-07-22,2265.6,2265.6,2268.55,2223.15,2231.0,0
2005-07-25,2291.75,2291.75,2293.95,2266.65,2266.65,0
2005-07-26,2303.15,2303.15,2307.1,2279.8,2289.25,0
2005-07-27,2319.1,2319.1,2324.0,2292.85,2304.25,0
2005-07-29,2312.3,2312.3,2332.55,2280.85,2318.05,0
2005-08-01,2318.05,2318.05,2329.9,2294.25,2312.05,0
2005-08-02,2353.65,2353.65,2357.15,2319.75,2321.9,0
2005-08-03,2357.0,2357.0,2377.0,2345.2,2359.1,0
2005-08-04,2367.8,2367.8,2377.35,2352.05,2357.75,0
2005-08-05,2361.2,2361.2,2377.1,2355.95,2367.35,0
2005-08-08,2324.4,2324.4,2386.95,2320.05,2361.95,0
2005-08-09,2318.7,2318.7,2342.2,2303.1,2324.75,0
2005-08-10,2360.15,2360.15,2364.8,2322.05,2322.3,0
2005-08-11,2380.9,2380.9,2387.3,2355.5,2358.9,0
2005-08-12,2361.55,2361.55,2390.45,2356.9,2381.05,0
2005-08-16,2369.8,2369.8,2379.4,2356.85,2361.65,0
2005-08-17,2403.15,2403.15,2406.25,2357.5,2369.8,0
2005-08-18,2388.45,2388.45,2426.65,2380.7,2404.65,0
2005-08-19,2383.45,2383.45,2409.35,2378.45,2400.8,0
2005-08-22,2367.85,2367.85,2403.45,2355.75,2383.45,0
2005-08-23,2326.1,2326.1,2380.5,2320.35,2369.55,0
2005-08-24,2322.5,2322.5,2334.9,2300.45,2326.1,0
2005-08-25,2354.55,2354.55,2359.2,2320.7,2323.1,0
2005-08-26,2357.05,2357.05,2368.05,2340.2,2354.6,0
2005-08-29,2337.65,2337.65,2365.85,2312.6,2359.2,0
2005-08-30,2367.75,2367.75,2373.8,2337.75,2337.8,0
2005-08-31,2384.65,2384.65,2387.0,2355.0,2369.05,0
2005-09-01,2405.75,2405.75,2412.35,2382.9,2384.7,0
2005-09-02,2415.8,2415.8,2422.1,2396.1,2406.45,0
2005-09-05,2422.95,2422.95,2439.55,2414.95,2417.1,0
2005-09-06,2428.65,2428.65,2436.25,2417.0,2422.4,0
2005-09-08,2454.45,2454.45,2456.9,2429.0,2429.0,0
2005-09-09,2455.45,2455.45,2462.8,2441.9,2448.8,0
2005-09-12,2484.15,2484.15,2486.35,2455.85,2455.85,0
2005-09-13,2500.35,2500.35,2503.0,2477.1,2484.0,0
2005-09-14,2492.45,2492.45,2514.75,2476.0,2500.4,0
2005-09-15,2523.95,2523.95,2527.5,2492.75,2492.85,0
2005-09-16,2552.35,2552.35,2555.1,2519.05,2524.9,0
2005-09-19,2567.1,2567.1,2579.7,2550.45,2555.45,0
2005-09-20,2578.0,2578.0,2582.8,2546.6,2567.2,0
2005-09-21,2567.3,2567.3,2585.6,2504.9,2576.7,0
2005-09-22,2476.5,2476.5,2580.4,2465.85,2567.85,0
2005-09-23,2477.75,2477.75,2507.9,2453.05,2480.5,0
2005-09-26,2557.35,2557.35,2560.85,2477.85,2477.85,0
2005-09-27,2574.85,2574.85,2592.5,2549.85,2558.5,0
2005-09-28,2598.05,2598.05,2602.95,2559.85,2574.45,0
2005-09-29,2611.2,2611.2,2633.9,2589.45,2598.6,0
2005-09-30,2601.4,2601.4,2623.05,2567.75,2607.9,0
2005-10-03,2630.05,2630.05,2635.0,2597.2,2601.0,0
2005-10-04,2663.35,2663.35,2667.05,2629.6,2630.0,0
2005-10-05,2644.4,2644.4,2669.2,2636.6,2663.7,0
2005-10-06,2579.15,2579.15,2643.8,2571.3,2643.8,0
2005-10-07,2574.05,2574.05,2603.25,2547.55,2577.2,0
2005-10-10,2566.85,2566.85,2595.15,2561.0,2577.1,0
2005-10-11,2589.55,2589.55,2592.0,2533.7,2569.15,0
2005-10-13,2537.3,2537.3,2589.35,2529.05,2584.4,0
2005-10-14,2484.4,2484.4,2548.0,2478.0,2537.7,0
2005-10-17,2485.15,2485.15,2498.6,2459.5,2488.4,0
2005-10-18,2468.2,2468.2,2517.7,2452.5,2485.25,0
2005-10-19,2412.45,2412.45,2467.85,2394.95,2467.8,0
2005-10-20,2395.45,2395.45,2463.85,2363.55,2421.4,0
2005-10-21,2443.75,2443.75,2447.85,2384.05,2397.85,0
2005-10-24,2394.85,2394.85,2460.0,2388.4,2444.2,0
2005-10-25,2418.2,2418.2,2444.6,2390.85,2394.95,0
2005-10-26,2408.5,2408.5,2434.0,2401.1,2418.45,0
2005-10-27,2352.9,2352.9,2416.45,2338.6,2408.95,0
2005-10-28,2316.05,2316.05,2355.15,2307.45,2352.65,0
2005-10-31,2370.95,2370.95,2373.4,2314.2,2314.85,0
2005-11-01,2386.75,2386.75,2410.15,2366.8,2366.8,0
2005-11-02,2419.05,2419.05,2423.8,2367.75,2386.45,0
2005-11-07,2461.6,2461.6,2464.65,2411.6,2419.25,0
2005-11-08,2492.65,2492.65,2502.9,2460.0,2463.65,0
2005-11-09,2489.1,2489.1,2519.4,2475.7,2493.1,0
2005-11-10,2500.7,2500.7,2504.75,2480.85,2489.1,0
2005-11-11,2548.65,2548.65,2551.4,2500.85,2500.85,0
2005-11-14,2558.7,2558.7,2576.95,2534.4,2548.55,0
2005-11-16,2582.75,2582.75,2585.95,2559.45,2559.45,0
2005-11-17,2603.95,2603.95,2608.85,2558.45,2558.45,0
2005-11-18,2620.05,2620.05,2632.35,2595.15,2604.0,0
2005-11-21,2602.5,2602.5,2626.4,2591.75,2620.1,0
2005-11-22,2572.85,2572.85,2614.0,2567.05,2603.25,0
2005-11-23,2608.6,2608.6,2613.4,2563.1,2572.85,0
2005-11-24,2635.0,2635.0,2643.7,2608.7,2608.9,0
2005-11-25,2664.3,2664.3,2668.9,2633.75,2635.35,0
2005-11-26,2683.45,2683.45,2686.5,2664.7,2664.85,0
2005-11-28,2712.0,2712.0,2717.15,2682.65,2683.6,0
2005-11-29,2698.3,2698.3,2713.9,2679.9,2712.35,0
2005-11-30,2652.25,2652.25,2727.05,2647.1,2698.1,0
2005-12-01,2698.95,2698.95,2705.0,2641.95,2651.6,0
2005-12-02,2697.95,2697.95,2730.7,2691.5,2699.55,0
2005-12-05,2660.5,2660.5,2710.65,2654.35,2697.6,0
2005-12-06,2662.3,2662.3,2694.4,2647.35,2661.4,0
2005-12-07,2693.0,2693.0,2697.1,2662.3,2662.3,0
2005-12-08,2706.7,2706.7,2711.6,2673.5,2694.95,0
2005-12-09,2756.45,2756.45,2761.1,2698.0,2706.75,0
2005-12-12,2776.2,2776.2,2789.35,2756.4,2756.4,0
2005-12-13,2812.3,2812.3,2815.3,2764.65,2776.8,0
2005-12-14,2804.55,2804.55,2825.65,2788.3,2812.8,0
2005-12-15,2778.55,2778.55,2821.5,2763.35,2805.2,0
2005-12-16,2810.15,2810.15,2814.9,2766.5,2778.65,0
2005-12-19,2842.6,2842.6,2846.0,2803.45,2808.35,0
2005-12-20,2826.2,2826.2,2853.1,2815.2,2843.15,0
2005-12-21,2822.9,2822.9,2847.3,2799.45,2826.45,0
2005-12-22,2835.25,2835.25,2846.65,2818.65,2826.7,0
2005-12-23,2804.85,2804.85,2857.0,2799.7,2835.7,0
2005-12-26,2749.6,2749.6,2804.3,2741.8,2804.3,0
2005-12-27,2805.9,2805.9,2812.6,2725.7,2746.25,0
2005-12-28,2794.05,2794.05,2824.3,2780.0,2806.8,0
2005-12-29,2821.95,2821.95,2829.4,2792.75,2792.75,0
2005-12-30,2836.55,2836.55,2845.55,2812.75,2823.95,0
2006-01-02,2835.95,2835.95,2849.45,2825.4,2836.8,0
2006-01-03,2883.35,2883.35,2887.2,2832.05,2835.95,0
2006-01-04,2904.4,2904.4,2909.35,2883.0,2883.0,0
2006-01-05,2899.85,2899.85,2916.2,2884.8,2904.45,0
2006-01-06,2914.0,2914.0,2921.7,2877.25,2899.85,0
2006-01-09,2910.1,2910.1,2927.25,2898.25,2913.35,0
2006-01-10,2870.8,2870.8,2913.05,2865.6,2910.15,0
2006-01-12,2850.7,2850.7,2869.35,2824.0,2869.35,0
2006-01-13,2850.55,2850.55,2878.35,2846.7,2851.4,0
2006-01-16,2833.1,2833.1,2855.7,2824.05,2851.35,0
2006-01-17,2829.1,2829.1,2861.25,2820.65,2833.8,0
2006-01-18,2809.2,2809.2,2840.1,2783.85,2809.9,0
2006-01-19,2870.85,2870.85,2875.95,2811.1,2811.1,0
2006-01-20,2900.95,2900.95,2912.8,2870.8,2870.8,0
2006-01-23,2884.05,2884.05,2900.3,2870.95,2900.3,0
2006-01-24,2908.0,2908.0,2914.25,2885.75,2886.35,0
2006-01-25,2940.35,2940.35,2949.1,2871.25,2908.75,0
2006-01-27,2982.75,2982.75,2989.7,2941.9,2941.9,0
2006-01-30,2974.5,2974.5,3002.2,2963.65,2983.3,0
2006-01-31,3001.1,3001.1,3005.1,2968.85,2968.95,0
2006-02-01,2971.55,2971.55,3011.05,2960.9,3001.3,0
2006-02-02,2967.45,2967.45,2997.25,2957.55,2972.2,0
2006-02-03,2940.6,2940.6,2973.9,2931.85,2968.1,0
2006-02-06,3000.45,3000.45,3009.45,2928.1,2940.95,0
2006-02-07,3020.1,3020.1,3025.1,2991.25,3001.15,0
2006-02-08,3008.95,3008.95,3021.25,2984.9,3018.2,0
2006-02-10,3027.55,3027.55,3031.75,3009.1,3009.15,0
2006-02-13,3041.15,3041.15,3042.75,3018.5,3026.15,0
2006-02-14,3017.55,3017.55,3051.7,3009.9,3040.25,0
2006-02-15,3022.2,3022.2,3048.8,2995.3,3001.4,0
2006-02-16,3021.6,3021.6,3036.65,3013.7,3023.1,0
2006-02-17,2981.5,2981.5,3038.8,2976.7,3021.65,0
2006-02-20,3005.85,3005.85,3010.65,2955.85,2982.35,0
2006-02-21,3035.5,3035.5,3042.05,3008.55,3008.55,0
2006-02-22,3050.8,3050.8,3055.65,3032.5,3035.65,0
2006-02-23,3062.1,3062.1,3078.4,3050.85,3050.85,0
2006-02-24,3050.05,3050.05,3072.0,3041.6,3061.7,0
2006-02-27,3067.45,3067.45,3070.35,3050.3,3050.3,0
2006-02-28,3074.7,3074.7,3090.3,3031.8,3067.9,0
2006-03-01,3123.1,3123.1,3127.25,3064.0,3074.6,0
2006-03-02,3150.7,3150.7,3170.35,3124.25,3124.25,0
2006-03-03,3147.35,3147.35,3167.2,3132.6,3151.3,0
2006-03-06,3190.4,3190.4,3194.0,3147.2,3147.25,0
2006-03-07,3182.8,3182.8,3192.95,3166.75,3190.45,0
2006-03-08,3116.7,3116.7,3187.5,3107.9,3183.45,0
2006-03-09,3129.1,3129.1,3132.65,3069.85,3116.75,0
2006-03-10,3183.9,3183.9,3189.35,3128.6,3129.05,0
2006-03-13,3202.65,3202.65,3221.3,3174.05,3184.1,0
2006-03-14,3195.35,3195.35,3223.45,3184.05,3197.2,0
2006-03-16,3226.6,3226.6,3230.4,3196.95,3197.3,0
2006-03-17,3234.05,3234.05,3258.3,3226.9,3226.9,0
2006-03-20,3265.65,3265.65,3268.25,3234.2,3234.2,0
2006-03-21,3262.3,3262.3,3292.15,3247.25,3264.65,0
2006-03-22,3240.15,3240.15,3267.95,3221.95,3263.35,0
2006-03-23,3247.15,3247.15,3265.6,3225.2,3240.85,0
2006-03-24,3279.8,3279.8,3286.2,3242.6,3247.15,0
2006-03-27,3321.65,3321.65,3327.05,3280.8,3283.4,0
2006-03-28,3325.0,3325.0,3344.5,3311.85,3321.45,0
2006-03-29,3354.2,3354.2,3359.8,3324.8,3324.85,0
2006-03-30,3418.95,3418.95,3433.85,3354.25,3354.25,0
2006-03-31,3402.55,3402.55,3425.45,3381.9,3420.55,0
2006-04-03,3473.3,3473.3,3478.25,3402.45,3403.15,0
2006-04-04,3483.15,3483.15,3508.25,3463.85,3473.1,0
2006-04-05,3510.9,3510.9,3513.95,3483.15,3483.15,0
2006-04-07,3454.8,3454.8,3555.5,3445.9,3525.6,0
2006-04-10,3478.45,3478.45,3489.05,3430.4,3455.0,0
2006-04-12,3380.0,3380.0,3484.65,3366.75,3479.1,0
2006-04-13,3345.5,3345.5,3391.05,3290.35,3380.4,0
2006-04-17,3425.15,3425.15,3433.65,3342.15,3342.15,0
2006-04-18,3518.1,3518.1,3521.95,3429.0,3429.0,0
2006-04-19,3535.85,3535.85,3570.5,3502.75,3523.65,0
2006-04-20,3573.5,3573.5,3578.35,3527.25,3539.8,0
2006-04-21,3573.05,3573.05,3592.75,3517.1,3576.75,0
2006-04-24,3548.9,3548.9,3585.35,3536.3,3572.8,0
2006-04-25,3462.65,3462.65,3552.65,3433.55,3548.8,0
2006-04-26,3555.75,3555.75,3562.3,3454.1,3462.65,0
2006-04-27,3508.1,3508.1,3598.95,3492.75,3554.7,0
2006-04-28,3508.35,3508.35,3517.65,3342.85,3507.45,0
2006-04-29,3557.6,3557.6,3565.75,3508.35,3508.35,0
2006-05-02,3605.45,3605.45,3622.05,3556.9,3557.55,0
2006-05-03,3634.25,3634.25,3640.8,3581.4,3604.4,0
2006-05-04,3648.4,3648.4,3674.5,3621.55,3630.65,0
2006-05-05,3663.95,3663.95,3676.55,3639.55,3649.45,0
2006-05-08,3693.15,3693.15,3708.55,3668.65,3668.65,0
2006-05-09,3720.55,3720.55,3725.4,3655.65,3694.65,0
2006-05-10,3754.25,3754.25,3758.05,3717.25,3720.75,0
2006-05-11,3701.05,3701.05,3774.15,3687.9,3755.8,0
2006-05-12,3650.05,3650.05,3704.15,3633.85,3704.15,0
2006-05-15,3502.95,3502.95,3653.0,3482.85,3651.0,0
2006-05-16,3523.3,3523.3,3543.5,3382.4,3502.95,0
2006-05-17,3635.1,3635.1,3641.85,3525.05,3525.05,0
2006-05-18,3388.9,3388.9,3636.45,3365.9,3636.45,0
2006-05-19,3246.9,3246.9,3493.05,3205.25,3391.85,0
2006-05-22,3081.35,3081.35,3313.9,2896.4,3254.3,0
2006-05-23,3199.35,3199.35,3221.05,2997.35,3068.6,0
2006-05-24,3115.55,3115.55,3249.75,3091.6,3203.5,0
2006-05-25,3177.7,3177.7,3198.35,3012.95,3114.7,0
2006-05-26,3209.6,3209.6,3277.95,3177.7,3177.7,0
2006-05-29,3214.9,3214.9,3255.25,3193.15,3207.25,0
2006-05-30,3185.3,3185.3,3252.1,3167.05,3215.5,0
2006-05-31,3071.05,3071.05,3181.95,2972.9,3181.95,0
2006-06-01,2962.25,2962.25,3130.0,2936.6,3072.55,0
2006-06-02,3091.35,3091.35,3099.35,2940.2,2961.5,0
2006-06-05,3016.65,3016.65,3125.4,3006.4,3092.6,0
2006-06-06,2937.3,2937.3,3015.05,2910.3,3015.05,0
2006-06-07,2860.45,2860.45,2956.9,2819.45,2935.25,0
2006-06-08,2724.35,2724.35,2859.4,2683.2,2856.9,0
2006-06-09,2866.3,2866.3,2875.75,2707.85,2721.2,0
2006-06-12,2776.85,2776.85,2877.8,2761.85,2867.65,0
2006-06-13,2663.3,2663.3,2773.6,2638.1,2773.6,0
2006-06-14,2632.8,2632.8,2767.75,2595.65,2665.05,0
2006-06-15,2798.8,2798.8,2814.15,2634.1,2634.1,0
2006-06-16,2890.35,2890.35,2960.15,2799.85,2799.85,0
2006-06-19,2916.9,2916.9,2932.9,2846.5,2892.0,0
2006-06-20,2861.3,2861.3,2919.0,2837.45,2919.0,0
2006-06-21,2923.45,2923.45,2930.8,2836.4,2861.4,0
2006-06-22,2994.75,2994.75,3017.65,2923.75,2923.75,0
2006-06-23,3042.7,3042.7,3063.2,2920.2,2993.55,0
2006-06-25,3050.3,3050.3,3083.0,3035.95,3043.15,0
2006-06-26,2943.2,2943.2,3059.85,2928.0,3051.8,0
2006-06-27,2982.45,2982.45,3004.15,2899.25,2943.6,0
2006-06-28,2981.1,2981.1,3003.65,2909.6,2982.2,0
2006-06-29,2997.9,2997.9,3049.25,2982.9,2982.9,0
2006-06-30,3128.2,3128.2,3134.15,2993.5,2993.5,0
2006-07-03,3150.95,3150.95,3160.35,3114.85,3128.75,0
2006-07-04,3138.65,3138.65,3177.4,3130.3,3151.05,0
2006-07-05,3197.1,3197.1,3201.2,3121.8,3136.95,0
2006-07-06,3156.4,3156.4,3197.5,3138.4,3197.5,0
2006-07-07,3075.85,3075.85,3193.1,3056.3,3157.95,0
2006-07-10,3142.0,3142.0,3147.7,3064.1,3077.1,0
2006-07-11,3116.15,3116.15,3146.0,3100.4,3145.3,0
2006-07-12,3195.9,3195.9,3201.35,3078.25,3124.95,0
2006-07-13,3169.3,3169.3,3208.85,3148.95,3196.3,0
2006-07-14,3123.35,3123.35,3166.25,3089.55,3166.25,0
2006-07-17,3007.55,3007.55,3125.1,2999.35,3123.65,0
2006-07-18,2993.65,2993.65,3038.25,2967.95,3007.15,0
2006-07-19,2932.75,2932.75,3045.35,2919.95,2995.85,0
2006-07-20,3023.05,3023.05,3041.25,2943.65,2943.65,0
2006-07-21,2945.0,2945.0,3029.1,2930.15,3025.1,0
2006-07-24,2985.85,2985.85,2996.65,2878.25,2944.9,0
2006-07-25,3040.5,3040.5,3046.95,2987.15,2989.5,0
2006-07-26,3110.15,3110.15,3121.4,3022.7,3040.45,0
2006-07-27,3156.15,3156.15,3167.1,3109.85,3109.85,0
2006-07-28,3130.8,3130.8,3168.5,3109.45,3158.0,0
2006-07-31,3143.2,3143.2,3179.7,3110.6,3131.35,0
2006-08-01,3147.8,3147.8,3154.7,3113.6,3128.2,0
2006-08-02,3182.1,3182.1,3187.85,3127.9,3129.45,0
2006-08-03,3190.0,3190.0,3234.25,3175.15,3182.55,0
2006-08-04,3176.75,3176.75,3228.15,3161.8,3189.7,0
2006-08-07,3151.1,3151.1,3178.5,3142.55,3176.7,0
2006-08-08,3212.4,3212.4,3216.75,3151.55,3151.55,0
2006-08-09,3254.6,3254.6,3267.2,3187.85,3211.55,0
2006-08-10,3260.1,3260.1,3274.75,3229.45,3254.6,0
2006-08-11,3274.35,3274.35,3286.5,3236.95,3260.05,0
2006-08-14,3313.1,3313.1,3317.8,3269.15,3274.95,0
2006-08-16,3356.05,3356.05,3377.1,3314.75,3314.75,0
2006-08-17,3353.9,3353.9,3385.15,3328.6,3359.7,0
2006-08-18,3356.75,3356.75,3366.25,3332.2,3354.5,0
2006-08-21,3366.0,3366.0,3374.9,3332.9,3356.8,0
2006-08-22,3364.6,3364.6,3398.35,3351.5,3369.6,0
2006-08-23,3335.8,3335.8,3369.65,3325.1,3363.6,0
2006-08-24,3370.4,3370.4,3379.55,3304.85,3336.65,0
2006-08-25,3385.95,3385.95,3402.7,3368.55,3368.55,0
2006-08-28,3401.1,3401.1,3405.3,3377.75,3386.0,0
2006-08-29,3425.7,3425.7,3434.95,3396.1,3405.05,0
2006-08-30,3430.35,3430.35,3440.2,3407.75,3425.8,0
2006-08-31,3413.9,3413.9,3452.3,3403.65,3404.5,0
2006-09-01,3435.45,3435.45,3439.5,3402.9,3414.0,0
2006-09-04,3476.85,3476.85,3483.1,3435.55,3435.55,0
2006-09-05,3473.75,3473.75,3488.6,3457.9,3471.4,0
2006-09-06,3477.25,3477.25,3490.7,3465.8,3474.4,0
2006-09-07,3454.55,3454.55,3478.85,3438.8,3477.15,0
2006-09-08,3471.45,3471.45,3477.95,3442.85,3454.65,0
2006-09-11,3366.15,3366.15,3486.65,3351.3,3470.35,0
2006-09-12,3389.9,3389.9,3395.05,3328.45,3363.3,0
2006-09-13,3454.55,3454.55,3470.65,3389.8,3389.85,0
2006-09-14,3471.6,3471.6,3484.0,3454.6,3454.6,0
2006-09-15,3478.6,3478.6,3487.45,3434.55,3471.65,0
2006-09-18,3492.75,3492.75,3506.2,3478.4,3478.65,0
2006-09-19,3457.35,3457.35,3514.95,3438.8,3493.5,0
2006-09-20,3502.8,3502.8,3509.85,3419.75,3457.85,0
2006-09-21,3553.05,3553.05,3556.35,3506.7,3506.7,0
2006-09-22,3544.05,3544.05,3562.45,3525.4,3554.05,0
2006-09-25,3523.45,3523.45,3568.65,3514.85,3545.1,0
2006-09-26,3571.75,3571.75,3576.75,3517.15,3523.7,0
2006-09-27,3579.3,3579.3,3603.7,3568.4,3571.75,0
2006-09-28,3571.75,3571.75,3589.3,3560.75,3579.95,0
2006-09-29,3588.4,3588.4,3599.8,3564.7,3572.15,0
2006-10-03,3569.6,3569.6,3606.2,3561.7,3588.95,0
2006-10-04,3515.35,3515.35,3580.05,3508.65,3570.95,0
2006-10-05,3564.9,3564.9,3574.95,3515.6,3515.6,0
2006-10-06,3569.7,3569.7,3583.75,3560.9,3565.45,0
2006-10-09,3567.15,3567.15,3585.35,3540.45,3570.05,0
2006-10-10,3571.05,3571.05,3597.2,3563.1,3567.45,0
2006-10-11,3558.55,3558.55,3614.5,3544.25,3581.55,0
2006-10-12,3621.05,3621.05,3626.8,3545.95,3562.55,0
2006-10-13,3676.05,3676.05,3682.35,3621.65,3621.65,0
2006-10-16,3723.95,3723.95,3729.7,3668.9,3668.9,0
2006-10-17,3715.0,3715.0,3742.5,3691.35,3726.4,0
2006-10-18,3710.65,3710.65,3727.0,3701.3,3715.2,0
2006-10-19,3677.8,3677.8,3726.95,3655.05,3711.1,0
2006-10-20,3676.85,3676.85,3714.25,3665.5,3678.75,0
2006-10-21,3683.5,3683.5,3708.4,3662.85,3680.85,0
2006-10-23,3657.3,3657.3,3690.85,3651.2,3683.4,0
2006-10-26,3677.55,3677.55,3686.85,3651.2,3656.2,0
2006-10-27,3739.35,3739.35,3747.35,3674.8,3676.85,0
2006-10-30,3769.1,3769.1,3776.05,3719.45,3739.35,0
2006-10-31,3744.1,3744.1,3782.85,3726.75,3770.5,0
2006-11-01,3767.05,3767.05,3777.7,3737.0,3744.1,0
2006-11-02,3791.2,3791.2,3805.5,3761.9,3769.4,0
2006-11-03,3805.35,3805.35,3809.65,3771.0,3793.05,0
2006-11-06,3809.25,3809.25,3822.4,3798.25,3804.75,0
2006-11-07,3798.75,3798.75,3840.45,3789.4,3812.15,0
2006-11-08,3777.3,3777.3,3809.95,3737.2,3799.2,0
2006-11-09,3796.4,3796.4,3808.2,3769.8,3777.8,0
2006-11-10,3834.75,3834.75,3842.4,3785.4,3796.05,0
2006-11-13,3858.75,3858.75,3862.05,3834.0,3834.8,0
2006-11-14,3865.9,3865.9,3883.0,3850.75,3862.0,0
2006-11-15,3876.3,3876.3,3888.8,3838.25,3865.95,0
2006-11-16,3876.85,3876.85,3900.4,3863.85,3876.4,0
2006-11-17,3852.8,3852.8,3891.85,3835.7,3877.0,0
2006-11-20,3856.15,3856.15,3866.95,3794.3,3852.65,0
2006-11-21,3918.25,3918.25,3921.7,3856.75,3859.5,0
2006-11-22,3954.75,3954.75,3960.0,3909.6,3918.3,0
2006-11-23,3945.45,3945.45,3976.8,3933.7,3955.3,0
2006-11-24,3950.85,3950.85,3965.8,3935.3,3945.45,0
2006-11-27,3968.9,3968.9,3974.95,3948.85,3974.95,0
2006-11-28,3921.75,3921.75,3966.0,3911.55,3966.0,0
2006-11-29,3928.2,3928.2,3952.4,3920.0,3922.5,0
2006-11-30,3954.5,3954.5,3973.0,3929.4,3929.4,0
2006-12-01,3997.6,3997.6,4001.3,3953.95,3955.7,0
2006-12-04,4001.0,4001.0,4015.25,3991.55,4002.4,0
2006-12-05,4015.75,4015.75,4033.2,4001.25,4001.25,0
2006-12-06,4015.95,4015.95,4036.2,3982.5,4016.0,0
2006-12-07,4015.35,4015.35,4027.7,4001.4,4015.0,0
2006-12-08,3962.0,3962.0,4046.85,3948.7,4015.75,0
2006-12-11,3849.5,3849.5,3965.05,3798.3,3961.9,0
2006-12-12,3716.9,3716.9,3861.25,3661.6,3849.1,0
2006-12-13,3765.2,3765.2,3777.6,3657.65,3716.75,0
2006-12-14,3843.05,3843.05,3855.05,3763.5,3765.7,0
2006-12-15,3888.65,3888.65,3908.45,3845.45,3849.6,0
2006-12-18,3928.75,3928.75,3934.0,3828.15,3888.2,0
2006-12-19,3832.0,3832.0,3931.9,3783.45,3928.85,0
2006-12-20,3815.55,3815.55,3886.1,3787.55,3832.15,0
2006-12-21,3833.5,3833.5,3851.2,3768.8,3814.75,0
2006-12-22,3871.15,3871.15,3880.15,3823.4,3834.9,0
2006-12-26,3940.5,3940.5,3946.1,3870.45,3871.3,0
2006-12-27,3974.25,3974.25,3986.75,3937.7,3942.75,0
2006-12-28,3970.55,3970.55,3997.35,3961.95,3974.2,0
2006-12-29,3966.4,3966.4,3991.6,3960.45,3971.65,0
2007-01-02,4007.4,4007.4,4016.65,3964.95,3966.25,0
2007-01-03,4024.05,4024.05,4029.8,3985.0,4007.7,0
2007-01-04,3988.8,3988.8,4041.0,3979.8,4027.3,0
2007-01-05,3983.4,3983.4,4011.45,3969.65,3990.15,0
2007-01-08,3933.4,3933.4,3987.45,3913.0,3983.3,0
2007-01-09,3911.4,3911.4,3963.75,3890.75,3933.3,0
2007-01-10,3850.3,3850.3,3911.95,3841.7,3910.95,0
2007-01-11,3942.25,3942.25,3953.1,3833.6,3852.15,0
2007-01-12,4052.45,4052.45,4059.15,3944.55,3944.55,0
2007-01-15,4078.4,4078.4,4099.65,4052.4,4052.85,0
2007-01-16,4080.5,4080.5,4107.45,4067.9,4090.7,0
2007-01-17,4076.45,4076.45,4096.75,4071.55,4084.9,0
2007-01-18,4109.05,4109.05,4140.25,4075.2,4075.2,0
2007-01-19,4090.15,4090.15,4137.15,4058.35,4126.0,0
2007-01-22,4102.45,4102.45,4114.5,4069.95,4089.6,0
2007-01-23,4066.1,4066.1,4105.1,4056.45,4102.65,0
2007-01-24,4089.9,4089.9,4098.25,4065.75,4066.6,0
2007-01-25,4147.7,4147.7,4157.95,4090.1,4092.05,0
2007-01-29,4124.45,4124.45,4167.15,4115.75,4148.4,0
2007-01-31,4082.7,4082.7,4137.85,4068.55,4123.85,0
2007-02-01,4137.2,4137.2,4141.6,4081.1,4083.4,0
2007-02-02,4183.5,4183.5,4198.7,4132.95,4140.2,0
2007-02-05,4215.35,4215.35,4219.0,4170.0,4193.15,0
2007-02-06,4195.9,4195.9,4228.15,4186.15,4216.55,0
2007-02-07,4224.25,4224.25,4232.3,4192.85,4198.2,0
2007-02-08,4223.4,4223.4,4245.3,4188.45,4232.0,0
2007-02-09,4187.4,4187.4,4239.2,4171.8,4223.5,0
2007-02-12,4058.3,4058.3,4187.2,4044.35,4187.2,0
2007-02-13,4044.55,4044.55,4132.7,3998.3,4069.1,0
2007-02-14,4047.1,4047.1,4057.35,3965.2,4044.9,0
2007-02-15,4146.2,4146.2,4155.7,4046.8,4046.8,0
2007-02-19,4164.55,4164.55,4177.7,4149.25,4149.25,0
2007-02-20,4106.95,4106.95,4175.45,4099.55,4164.85,0
2007-02-21,4096.2,4096.2,4132.8,4080.9,4107.15,0
2007-02-22,4040.0,4040.0,4126.9,4023.15,4096.65,0
2007-02-23,3938.95,3938.95,4065.45,3918.2,4046.0,0
2007-02-26,3942.0,3942.0,3958.9,3856.7,3939.1,0
2007-02-27,3893.9,3893.9,3958.0,3873.85,3948.05,0
2007-02-28,3745.3,3745.3,3893.4,3674.85,3893.4,0
2007-03-01,3811.2,3811.2,3818.75,3718.15,3745.4,0
2007-03-02,3726.75,3726.75,3842.05,3711.05,3811.65,0
2007-03-05,3576.5,3576.5,3726.65,3554.5,3726.5,0
2007-03-06,3655.65,3655.65,3679.15,3576.65,3577.15,0
2007-03-07,3626.85,3626.85,3714.15,3568.55,3661.55,0
2007-03-08,3761.65,3761.65,3779.5,3626.8,3627.25,0
2007-03-09,3718.0,3718.0,3795.7,3684.25,3761.85,0
2007-03-12,3734.6,3734.6,3781.45,3713.9,3717.45,0
2007-03-13,3770.55,3770.55,3775.85,3717.15,3735.25,0
2007-03-14,3641.1,3641.1,3768.4,3623.0,3768.4,0
2007-03-15,3643.6,3643.6,3711.05,3630.55,3644.9,0
2007-03-16,3608.55,3608.55,3683.6,3573.85,3639.35,0
2007-03-19,3678.9,3678.9,3683.35,3602.85,3611.3,0
2007-03-20,3697.6,3697.6,3725.0,3676.65,3680.35,0
2007-03-21,3764.55,3764.55,3771.2,3680.6,3697.7,0
2007-03-22,3875.9,3875.9,3881.0,3764.5,3764.5,0
2007-03-23,3861.05,3861.05,3901.75,3850.8,3876.75,0
2007-03-26,3819.95,3819.95,3885.45,3768.25,3863.45,0
2007-03-28,3761.1,3761.1,3830.3,3752.95,3818.75,0
2007-03-29,3798.1,3798.1,3805.85,3750.35,3759.15,0
2007-03-30,3821.55,3821.55,3832.2,3785.3,3788.85,0
2007-04-02,3633.6,3633.6,3820.0,3617.0,3820.0,0
2007-04-03,3690.65,3690.65,3703.05,3632.2,3633.85,0
2007-04-04,3733.25,3733.25,3751.4,3689.75,3689.75,0
2007-04-05,3752.0,3752.0,3771.45,3709.15,3735.2,0
2007-04-09,3843.5,3843.5,3850.9,3747.25,3752.9,0
2007-04-10,3848.15,3848.15,3858.35,3819.3,3844.15,0
2007-04-11,3862.65,3862.65,3876.35,3844.75,3848.35,0
2007-04-12,3829.85,3829.85,3861.85,3811.25,3861.85,0
2007-04-13,3917.35,3917.35,3924.55,3828.45,3830.35,0
2007-04-16,4013.35,4013.35,4016.8,3920.5,3920.5,0
2007-04-17,3984.95,3984.95,4030.0,3976.25,4014.4,0
2007-04-18,4011.6,4011.6,4039.25,3981.75,3989.6,0
2007-04-19,3997.65,3997.65,4011.0,3933.35,3998.5,0
2007-04-20,4083.55,4083.55,4090.05,3995.5,4000.25,0
2007-04-23,4085.1,4085.1,4122.35,4075.2,4083.55,0
2007-04-24,4141.8,4141.8,4162.15,4057.7,4085.1,0
2007-04-25,4167.3,4167.3,4173.3,4114.35,4134.25,0
2007-04-26,4177.85,4177.85,4217.9,4143.25,4170.05,0
2007-04-27,4083.5,4083.5,4182.0,4074.3,4182.0,0
2007-04-30,4087.9,4087.9,4096.9,4028.9,4081.6,0
2007-05-03,4150.85,4150.85,4161.2,4080.75,4089.45,0
2007-05-04,4117.35,4117.35,4180.9,4109.7,4168.9,0
2007-05-07,4111.15,4111.15,4157.65,4103.6,4117.5,0
2007-05-08,4077.0,4077.0,4136.05,4066.4,4111.25,0
2007-05-09,4079.3,4079.3,4087.8,4030.55,4077.25,0
2007-05-10,4066.8,4066.8,4134.2,4057.55,4079.6,0
2007-05-11,4076.65,4076.65,4094.65,3981.15,4070.2,0
2007-05-14,4134.3,4134.3,4151.3,4072.45,4078.8,0
2007-05-15,4120.3,4120.3,4150.45,4102.45,4134.3,0
2007-05-16,4170.95,4170.95,4181.0,4113.05,4125.4,0
2007-05-17,4219.55,4219.55,4232.45,4172.1,4172.1,0
2007-05-18,4214.5,4214.5,4228.45,4177.0,4216.5,0
2007-05-21,4260.9,4260.9,4269.35,4217.55,4217.65,0
2007-05-22,4278.1,4278.1,4281.6,4234.1,4263.1,0
2007-05-23,4246.2,4246.2,4291.4,4231.05,4279.6,0
2007-05-24,4204.9,4204.9,4250.85,4189.05,4246.2,0
2007-05-25,4248.15,4248.15,4256.4,4141.35,4197.85,0
2007-05-28,4256.55,4256.55,4295.6,4242.8,4248.35,0
2007-05-29,4293.25,4293.25,4298.85,4248.9,4257.6,0
2007-05-30,4249.65,4249.65,4301.6,4241.35,4292.7,0
2007-05-31,4295.8,4295.8,4306.75,4250.25,4250.25,0
2007-06-01,4297.05,4297.05,4325.8,4288.55,4296.05,0
2007-06-04,4267.05,4267.05,4362.95,4256.45,4300.7,0
2007-06-05,4284.65,4284.65,4292.5,4249.1,4268.9,0
2007-06-06,4198.25,4198.25,4324.1,4190.95,4285.75,0
2007-06-07,4179.5,4179.5,4230.05,4130.5,4197.6,0
2007-06-08,4145.0,4145.0,4195.15,4126.1,4179.5,0
2007-06-11,4145.6,4145.6,4205.2,4134.95,4183.75,0
2007-06-12,4155.2,4155.2,4166.85,4100.8,4139.7,0
2007-06-13,4113.05,4113.05,4161.8,4102.95,4155.2,0
2007-06-14,4170.0,4170.0,4174.05,4112.85,4113.2,0
2007-06-15,4171.45,4171.45,4209.45,4153.7,4186.4,0
2007-06-18,4147.1,4147.1,4208.15,4140.25,4177.0,0
2007-06-19,4214.3,4214.3,4222.4,4136.15,4143.85,0
2007-06-20,4248.65,4248.65,4257.0,4214.3,4214.3,0
2007-06-21,4267.4,4267.4,4275.35,4220.1,4248.65,0
2007-06-22,4252.05,4252.05,4278.85,4242.5,4267.55,0
2007-06-25,4259.4,4259.4,4264.25,4236.3,4251.4,0
2007-06-26,4285.7,4285.7,4296.15,4250.1,4259.4,0
2007-06-27,4263.95,4263.95,4294.2,4255.25,4286.2,0
2007-06-28,4282.0,4282.0,4291.4,4256.9,4263.9,0
2007-06-29,4318.3,4318.3,4321.35,4280.95,4282.4,0
2007-07-02,4313.75,4313.75,4346.75,4305.45,4318.4,0
2007-07-03,4357.55,4357.55,4363.35,4313.55,4315.05,0
2007-07-04,4359.3,4359.3,4386.45,4342.0,4358.25,0
2007-07-05,4353.95,4353.95,4378.55,4311.8,4359.2,0
2007-07-06,4384.85,4384.85,4411.0,4304.0,4353.1,0
2007-07-09,4419.4,4419.4,4427.55,4385.45,4385.45,0
2007-07-10,4406.05,4406.05,4434.45,4393.0,4419.1,0
2007-07-11,4387.15,4387.15,4411.45,4344.7,4403.8,0
2007-07-12,4446.15,4446.15,4451.95,4387.05,4388.05,0
2007-07-13,4504.55,4504.55,4513.9,4446.05,4446.4,0
2007-07-16,4512.15,4512.15,4521.85,4495.95,4505.95,0
2007-07-17,4496.75,4496.75,4550.25,4488.25,4497.1,0
2007-07-18,4499.55,4499.55,4510.8,4452.85,4498.65,0
2007-07-19,4562.1,4562.1,4573.0,4496.2,4500.35,0
2007-07-20,4566.05,4566.05,4600.8,4553.8,4563.75,0
2007-07-23,4619.35,4619.35,4628.45,4547.2,4564.25,0
2007-07-24,4620.75,4620.75,4647.95,4609.75,4620.05,0
2007-07-25,4588.7,4588.7,4620.5,4555.8,4620.5,0
2007-07-26,4619.8,4619.8,4624.3,4570.8,4593.1,0
2007-07-27,4445.2,4445.2,4618.9,4424.25,4618.65,0
2007-07-30,4440.05,4440.05,4493.05,4403.7,4442.35,0
2007-07-31,4528.85,4528.85,4534.2,4432.85,4444.25,0
2007-08-01,4345.85,4345.85,4532.9,4339.75,4528.85,0
2007-08-02,4356.35,4356.35,4399.75,4327.0,4356.35,0
2007-08-03,4401.55,4401.55,4428.1,4355.75,4355.75,0
2007-08-06,4339.5,4339.5,4404.05,4267.15,4404.05,0
2007-08-07,4356.35,4356.35,4406.4,4341.5,4341.5,0
2007-08-08,4462.1,4462.1,4472.15,4356.75,4357.0,0
2007-08-09,4403.2,4403.2,4530.05,4390.8,4462.25,0
2007-08-10,4333.35,4333.35,4395.5,4239.2,4393.6,0
2007-08-13,4373.65,4373.65,4383.8,4324.65,4324.65,0
2007-08-14,4370.2,4370.2,4394.3,4354.35,4373.9,0
2007-08-16,4178.6,4178.6,4366.0,4171.15,4366.0,0
2007-08-17,4108.05,4108.05,4171.1,4002.2,4171.1,0
2007-08-20,4209.05,4209.05,4262.6,4108.95,4108.95,0
2007-08-21,4074.9,4074.9,4238.1,4058.55,4209.55,0
2007-08-22,4153.15,4153.15,4165.7,4040.15,4081.25,0
2007-08-23,4114.95,4114.95,4249.85,4100.8,4160.1,0
2007-08-24,4190.15,4190.15,4201.45,4110.05,4113.05,0
2007-08-27,4302.6,4302.6,4310.0,4193.6,4193.6,0
2007-08-28,4320.7,4320.7,4329.15,4280.6,4302.4,0
2007-08-29,4359.3,4359.3,4368.6,4226.35,4317.7,0
2007-08-30,4412.3,4412.3,4422.3,4359.75,4360.35,0
2007-08-31,4464.0,4464.0,4471.3,4403.0,4412.6,0
2007-09-03,4474.75,4474.75,4490.55,4452.4,4466.65,0
2007-09-04,4479.25,4479.25,4501.3,4460.4,4481.55,0
2007-09-05,4475.85,4475.85,4507.75,4458.55,4479.6,0
2007-09-06,4518.6,4518.6,4522.5,4445.55,4475.7,0
2007-09-07,4509.5,4509.5,4547.75,4499.9,4518.65,0
2007-09-10,4507.85,4507.85,4515.25,4452.95,4506.85,0
2007-09-11,4497.05,4497.05,4538.6,4487.15,4509.65,0
2007-09-12,4496.85,4496.85,4531.5,4490.4,4498.65,0
2007-09-13,4528.95,4528.95,4540.6,4498.05,4498.05,0
2007-09-14,4518.0,4518.0,4582.6,4508.85,4530.0,0
2007-09-17,4494.65,4494.65,4549.05,4482.85,4518.45,0
2007-09-18,4546.2,4546.2,4551.8,4481.55,4494.1,0
2007-09-19,4732.35,4732.35,4739.0,4550.25,4550.25,0
2007-09-20,4747.55,4747.55,4760.85,4721.15,4734.85,0
2007-09-21,4837.55,4837.55,4855.7,4733.7,4752.95,0
2007-09-24,4932.2,4932.2,4941.15,4837.15,4837.15,0
2007-09-25,4938.85,4938.85,4953.9,4878.15,4939.1,0
2007-09-26,4940.5,4940.5,4980.85,4930.35,4937.6,0
2007-09-27,5000.55,5000.55,5016.4,4942.7,4942.7,0
2007-09-28,5021.35,5021.35,5055.8,4996.45,4996.45,0
2007-10-01,5068.95,5068.95,5089.3,5001.35,5021.5,0
2007-10-03,5210.8,5210.8,5261.35,5034.15,5069.0,0
2007-10-04,5208.65,5208.65,5233.1,5126.05,5211.65,0
2007-10-05,5185.85,5185.85,5248.55,5164.5,5208.15,0
2007-10-08,5085.1,5085.1,5249.3,5024.75,5186.25,0
2007-10-09,5327.25,5327.25,5348.7,5000.95,5062.65,0
2007-10-10,5441.45,5441.45,5454.7,5328.15,5328.15,0
2007-10-11,5524.85,5524.85,5532.75,5424.25,5438.9,0
2007-10-12,5428.25,5428.25,5549.3,5402.6,5525.3,0
2007-10-15,5670.4,5670.4,5682.65,5419.9,5428.35,0
2007-10-16,5668.05,5668.05,5708.35,5578.45,5670.65,0
2007-10-17,5559.3,5559.3,5658.9,5107.3,5658.9,0
2007-10-18,5351.0,5351.0,5736.8,5269.65,5551.1,0
2007-10-19,5215.3,5215.3,5390.85,5101.75,5360.35,0
2007-10-22,5184.0,5184.0,5247.4,5070.9,5202.75,0
2007-10-23,5473.7,5473.7,5488.5,5176.85,5185.3,0
2007-10-24,5496.15,5496.15,5577.9,5419.4,5477.6,0
2007-10-25,5568.95,5568.95,5605.95,5469.3,5499.05,0
2007-10-26,5702.3,5702.3,5716.9,5513.35,5564.25,0
2007-10-29,5905.9,5905.9,5922.5,5708.9,5708.9,0
2007-10-30,5868.75,5868.75,5976.0,5833.9,5917.55,0
2007-10-31,5900.65,5900.65,5952.25,5861.3,5868.9,0
2007-11-01,5866.45,5866.45,6011.95,5837.2,5903.8,0
2007-11-02,5932.4,5932.4,5944.75,5714.25,5854.85,0
2007-11-05,5847.3,5847.3,5948.55,5819.6,5931.9,0
2007-11-06,5786.5,5786.5,5957.2,5759.95,5847.1,0
2007-11-07,5782.35,5782.35,5861.35,5744.3,5782.4,0
2007-11-08,5698.75,5698.75,5780.8,5646.75,5779.3,0
2007-11-09,5663.25,5663.25,5794.2,5614.9,5703.45,0
2007-11-12,5617.1,5617.1,5660.6,5477.5,5660.6,0
2007-11-13,5695.4,5695.4,5758.85,5591.6,5612.35,0
2007-11-14,5937.9,5937.9,5950.2,5700.05,5703.95,0
2007-11-15,5912.1,5912.1,5966.95,5895.65,5942.7,0
2007-11-16,5906.85,5906.85,5948.05,5817.4,5913.15,0
2007-11-19,5907.65,5907.65,5981.8,5893.8,5908.05,0
2007-11-20,5780.9,5780.9,5923.7,5755.8,5911.25,0
2007-11-21,5561.05,5561.05,5790.05,5530.85,5778.8,0
2007-11-22,5519.35,5519.35,5608.65,5394.35,5564.65,0
2007-11-23,5608.6,5608.6,5638.6,5514.75,5524.3,0
2007-11-26,5731.7,5731.7,5772.55,5608.95,5611.3,0
2007-11-27,5698.15,5698.15,5743.55,5655.6,5729.25,0
2007-11-28,5617.55,5617.55,5749.95,5595.5,5699.55,0
2007-11-29,5634.6,5634.6,5725.0,5612.1,5617.8,0
2007-11-30,5762.75,5762.75,5782.55,5632.65,5633.9,0
2007-12-03,5865.0,5865.0,5878.8,5754.6,5765.45,0
2007-12-04,5858.35,5858.35,5897.25,5840.3,5870.2,0
2007-12-05,5940.0,5940.0,5949.3,5859.95,5861.9,0
2007-12-06,5954.7,5954.7,6027.05,5919.8,5941.05,0
2007-12-07,5974.3,5974.3,6042.1,5894.8,5963.6,0
2007-12-10,5960.6,5960.6,6015.3,5923.35,5974.0,0
2007-12-11,6097.25,6097.25,6111.2,5960.4,5960.4,0
2007-12-12,6159.3,6159.3,6175.65,6005.45,6067.05,0
2007-12-13,6058.1,6058.1,6185.4,6040.4,6159.25,0
2007-12-14,6047.7,6047.7,6078.55,6015.05,6056.2,0
2007-12-17,5777.0,5777.0,6039.95,5740.6,6037.95,0
2007-12-18,5742.3,5742.3,5874.6,5710.6,5777.6,0
2007-12-19,5751.15,5751.15,5840.8,5676.7,5730.25,0
2007-12-20,5766.5,5766.5,5799.5,5742.75,5751.75,0
2007-12-24,5985.1,5985.1,6001.05,5771.3,5771.3,0
2007-12-26,6070.75,6070.75,6085.25,5988.45,5988.45,0
2007-12-27,6081.5,6081.5,6110.85,6060.2,6069.0,0
2007-12-28,6079.7,6079.7,6098.6,6021.9,6079.55,0
2007-12-31,6138.6,6138.6,6167.75,6095.0,6095.0,0
2008-01-01,6144.35009765625,6144.35009765625,6165.35009765625,6109.85009765625,6136.75,0
2008-01-02,6179.39990234375,6179.39990234375,6197.0,6060.85009765625,6144.7001953125,0
2008-01-03,6178.5498046875,6178.5498046875,6230.14990234375,6126.39990234375,6184.25,0
2008-01-04,6274.2998046875,6274.2998046875,6300.0498046875,6179.10009765625,6179.10009765625,0
2008-01-07,6279.10009765625,6279.10009765625,6289.7998046875,6193.35009765625,6271.0,0
2008-01-08,6287.85009765625,6287.85009765625,6357.10009765625,6221.60009765625,6282.4501953125,0
2008-01-09,6272.0,6272.0,6338.2998046875,6231.25,6287.5498046875,0
2008-01-10,6156.9501953125,6156.9501953125,6347.0,6142.89990234375,6278.10009765625,0
2008-01-11,6200.10009765625,6200.10009765625,6224.2001953125,6112.5498046875,6166.64990234375,0
2008-01-14,6206.7998046875,6206.7998046875,6244.14990234375,6172.0,6208.7998046875,0
2008-01-15,6074.25,6074.25,6260.4501953125,6053.2998046875,6226.35009765625,0
2008-01-16,5935.75,5935.75,6065.0,5825.75,6065.0,0
2008-01-17,5913.2001953125,5913.2001953125,6013.14990234375,5880.2998046875,5937.9501953125,0
2008-01-18,5705.2998046875,5705.2998046875,5908.75,5677.0,5907.75,0
2008-01-21,5208.7998046875,5208.7998046875,5705.0,4977.10009765625,5705.0,0
2008-01-22,4899.2998046875,4899.2998046875,5203.35009765625,4448.5,5203.35009765625,0
2008-01-23,5203.39990234375,5203.39990234375,5328.0498046875,4891.60009765625,4903.0498046875,0
2008-01-24,5033.4501953125,5033.4501953125,5357.2001953125,4995.7998046875,5208.0,0
2008-01-25,5383.35009765625,5383.35009765625,5399.25,5035.0498046875,5035.0498046875,0
2008-01-28,5274.10009765625,5274.10009765625,5380.9501953125,5071.0,5380.9501953125,0
2008-01-29,5280.7998046875,5280.7998046875,5391.60009765625,5225.25,5279.5498046875,0
2008-01-30,5167.60009765625,5167.60009765625,5314.2998046875,5142.25,5283.75,0
2008-01-31,5137.4501953125,5137.4501953125,5251.64990234375,5071.14990234375,5172.25,0
2008-02-01,5317.25,5317.25,5339.9501953125,5090.75,5140.60009765625,0
2008-02-04,5463.5,5463.5,5545.2001953125,5315.5498046875,5315.5498046875,0
2008-02-05,5483.89990234375,5483.89990234375,5500.60009765625,5412.9501953125,5463.75,0
2008-02-06,5322.5498046875,5322.5498046875,5470.39990234375,5257.0498046875,5470.39990234375,0
2008-02-07,5133.25,5133.25,5344.60009765625,5113.85009765625,5322.5498046875,0
2008-02-08,5120.35009765625,5120.35009765625,5173.85009765625,5034.25,5132.10009765625,0
2008-02-11,4857.0,4857.0,5126.39990234375,4803.60009765625,5120.5498046875,0
2008-02-12,4838.25,4838.25,4949.60009765625,4820.4501953125,4877.85009765625,0
2008-02-13,4929.4501953125,4929.4501953125,4986.5498046875,4836.5498046875,4836.5498046875,0
2008-02-14,5202.0,5202.0,5220.25,4944.64990234375,4944.64990234375,0
2008-02-15,5302.89990234375,5302.89990234375,5315.39990234375,5104.75,5202.85009765625,0
2008-02-18,5276.89990234375,5276.89990234375,5348.60009765625,5224.0,5304.4501953125,0
2008-02-19,5280.7998046875,5280.7998046875,5368.4501953125,5262.0,5278.39990234375,0
2008-02-20,5154.4501953125,5154.4501953125,5267.14990234375,5116.2998046875,5267.14990234375,0
2008-02-21,5191.7998046875,5191.7998046875,5241.35009765625,5120.0498046875,5156.89990234375,0
2008-02-22,5110.75,5110.75,5184.0,5092.7998046875,5183.39990234375,0
2008-02-25,5200.7001953125,5200.7001953125,5212.35009765625,5055.14990234375,5112.25,0
2008-02-26,5270.0498046875,5270.0498046875,5281.2001953125,5200.7998046875,5200.7998046875,0
2008-02-27,5268.39990234375,5268.39990234375,5368.14990234375,5249.75,5271.39990234375,0
2008-02-28,5285.10009765625,5285.10009765625,5302.85009765625,5227.14990234375,5266.35009765625,0
2008-02-29,5223.5,5223.5,5290.7998046875,5098.35009765625,5285.0,0
2008-03-03,4953.0,4953.0,5222.7998046875,4936.0498046875,5222.7998046875,0
2008-03-04,4864.25,4864.25,4976.7001953125,4812.9501953125,4958.5498046875,0
2008-03-05,4921.39990234375,4921.39990234375,4936.75,4847.25,4866.85009765625,0
2008-03-07,4771.60009765625,4771.60009765625,4918.2998046875,4672.25,4918.2998046875,0
2008-03-10,4800.39990234375,4800.39990234375,4814.9501953125,4620.5,4767.7998046875,0
2008-03-11,4865.89990234375,4865.89990234375,4888.5,4732.85009765625,4796.2998046875,0
2008-03-12,4872.0,4872.0,5019.2001953125,4854.75,4869.75,0
2008-03-13,4623.60009765625,4623.60009765625,4868.7998046875,4580.14990234375,4868.7001953125,0
2008-03-14,4745.7998046875,4745.7998046875,4758.9501953125,4607.5498046875,4623.7998046875,0
2008-03-17,4503.10009765625,4503.10009765625,4745.4501953125,4482.10009765625,4745.4501953125,0
2008-03-18,4533.0,4533.0,4617.9501953125,4468.5498046875,4519.89990234375,0
2008-03-19,4573.9501953125,4573.9501953125,4718.39990234375,4533.89990234375,4534.75,0
2008-03-24,4609.85009765625,4609.85009765625,4649.4501953125,4539.7998046875,4576.7998046875,0
2008-03-25,4877.5,4877.5,4896.7998046875,4616.7998046875,4616.7998046875,0
2008-03-26,4828.85009765625,4828.85009765625,4912.2998046875,4808.64990234375,4878.7001953125,0
2008-03-27,4830.25,4830.25,4863.75,4769.60009765625,4828.7998046875,0
2008-03-28,4942.0,4942.0,4970.7998046875,4796.35009765625,4830.0,0
2008-03-31,4734.5,4734.5,4947.0,4703.85009765625,4942.14990234375,0
2008-04-01,4739.5498046875,4739.5498046875,4800.75,4628.75,4735.64990234375,0
2008-04-02,4754.2001953125,4754.2001953125,4916.75,4741.39990234375,4741.39990234375,0
2008-04-03,4771.60009765625,4771.60009765625,4833.25,4738.2001953125,4753.89990234375,0
2008-04-04,4647.0,4647.0,4791.7001953125,4632.7001953125,4766.7001953125,0
2008-04-07,4761.2001953125,4761.2001953125,4798.5498046875,4628.7998046875,4631.35009765625,0
2008-04-08,4709.64990234375,4709.64990234375,4769.5498046875,4677.7998046875,4760.64990234375,0
2008-04-09,4747.0498046875,4747.0498046875,4758.25,4667.5,4707.0498046875,0
2008-04-10,4733.0,4733.0,4799.5,4720.89990234375,4747.5498046875,0
2008-04-11,4777.7998046875,4777.7998046875,4817.39990234375,4727.25,4734.35009765625,0
2008-04-15,4879.64990234375,4879.64990234375,4917.10009765625,4708.2998046875,4779.9501953125,0
2008-04-16,4887.2998046875,4887.2998046875,4951.39990234375,4874.0498046875,4881.64990234375,0
2008-04-17,4958.39990234375,4958.39990234375,4984.9501953125,4889.64990234375,4890.60009765625,0
2008-04-21,5037.0,5037.0,5053.39990234375,4955.89990234375,4955.89990234375,0
2008-04-22,5049.2998046875,5049.2998046875,5074.25,4994.0498046875,5037.0498046875,0
2008-04-23,5022.7998046875,5022.7998046875,5083.5,5003.5498046875,5044.35009765625,0
2008-04-24,4999.85009765625,4999.85009765625,5072.7001953125,4991.35009765625,5022.89990234375,0
2008-04-25,5111.7001953125,5111.7001953125,5117.7001953125,4999.14990234375,4999.14990234375,0
2008-04-28,5089.64990234375,5089.64990234375,5147.4501953125,5079.14990234375,5112.5,0
2008-04-29,5195.5,5195.5,5210.89990234375,5082.14990234375,5092.39990234375,0
2008-04-30,5165.89990234375,5165.89990234375,5230.75,5155.85009765625,5198.35009765625,0
2008-05-02,5228.2001953125,5228.2001953125,5298.85009765625,5197.60009765625,5265.2998046875,0
2008-05-05,5192.25,5192.25,5254.5,5182.60009765625,5227.25,0
2008-05-06,5144.64990234375,5144.64990234375,5206.5,5110.89990234375,5192.35009765625,0
2008-05-07,5135.5,5135.5,5159.0498046875,5101.25,5156.7001953125,0
2008-05-08,5081.7001953125,5081.7001953125,5143.0498046875,5062.4501953125,5135.7998046875,0
2008-05-09,4982.60009765625,4982.60009765625,5087.64990234375,4969.39990234375,5070.85009765625,0
2008-05-12,5012.64990234375,5012.64990234375,5021.75,4913.7998046875,4981.0,0
2008-05-13,4957.7998046875,4957.7998046875,5066.0,4943.75,5008.60009765625,0
2008-05-14,5011.75,5011.75,5026.10009765625,4932.0498046875,4958.4501953125,0
2008-05-15,5115.25,5115.25,5118.5498046875,4999.60009765625,5010.89990234375,0
2008-05-16,5157.7001953125,5157.7001953125,5167.39990234375,5106.39990234375,5115.64990234375,0
2008-05-20,5104.9501953125,5104.9501953125,5160.0498046875,5072.39990234375,5157.0,0
2008-05-21,5117.64990234375,5117.64990234375,5135.5498046875,5048.7001953125,5105.7001953125,0
2008-05-22,5025.4501953125,5025.4501953125,5118.89990234375,5010.7001953125,5117.0,0
2008-05-23,4946.5498046875,4946.5498046875,5059.0498046875,4940.7001953125,5026.5498046875,0
2008-05-26,4875.0498046875,4875.0498046875,4953.60009765625,4858.0,4953.60009765625,0
2008-05-27,4859.7998046875,4859.7998046875,4932.0,4846.2001953125,4877.14990234375,0
2008-05-28,4918.35009765625,4918.35009765625,4926.89990234375,4835.64990234375,4862.7001953125,0
2008-05-29,4835.2998046875,4835.2998046875,4957.39990234375,4801.89990234375,4926.2998046875,0
2008-05-30,4870.10009765625,4870.10009765625,4908.85009765625,4833.4501953125,4844.0498046875,0
2008-06-02,4739.60009765625,4739.60009765625,4908.7998046875,4713.0,4869.25,0
2008-06-03,4715.89990234375,4715.89990234375,4739.2998046875,4634.0,4739.2998046875,0
2008-06-04,4585.60009765625,4585.60009765625,4731.5,4564.5,4718.7001953125,0
2008-06-05,4676.9501953125,4676.9501953125,4690.60009765625,4536.25,4586.9501953125,0
2008-06-06,4627.7998046875,4627.7998046875,4746.2998046875,4614.25,4680.5498046875,0
2008-06-09,4500.9501953125,4500.9501953125,4626.4501953125,4411.60009765625,4626.4501953125,0
2008-06-10,4449.7998046875,4449.7998046875,4522.5498046875,4369.7998046875,4522.0,0
2008-06-11,4523.60009765625,4523.60009765625,4541.0498046875,4468.0498046875,4469.64990234375,0
2008-06-12,4539.35009765625,4539.35009765625,4550.0,4392.0,4524.39990234375,0
2008-06-13,4517.10009765625,4517.10009765625,4563.35009765625,4491.35009765625,4539.5,0
2008-06-16,4572.5,4572.5,4617.7001953125,4536.2998046875,4536.2998046875,0
2008-06-17,4653.0,4653.0,4664.0498046875,4561.75,4572.5,0
2008-06-18,4582.39990234375,4582.39990234375,4679.75,4569.89990234375,4652.7998046875,0
2008-06-19,4504.25,4504.25,4585.7001953125,4488.9501953125,4582.5498046875,0
2008-06-20,4347.5498046875,4347.5498046875,4532.0,4333.60009765625,4504.2001953125,0
2008-06-23,4266.39990234375,4266.39990234375,4351.14990234375,4225.5,4351.14990234375,0
2008-06-24,4191.10009765625,4191.10009765625,4305.89990234375,4156.10009765625,4271.0498046875,0
2008-06-25,4252.64990234375,4252.64990234375,4264.5498046875,4093.199951171875,4189.60009765625,0
2008-06-26,4315.85009765625,4315.85009765625,4324.75,4230.0,4252.60009765625,0
2008-06-27,4136.64990234375,4136.64990234375,4315.2998046875,4119.2001953125,4315.2998046875,0
2008-06-30,4040.550048828125,4040.550048828125,4163.0,4021.699951171875,4136.25,0
2008-07-01,3896.75,3896.75,4075.39990234375,3878.199951171875,4039.75,0
2008-07-02,4093.35009765625,4093.35009765625,4107.14990234375,3848.25,3895.300048828125,0
2008-07-03,3925.75,3925.75,4097.35009765625,3874.85009765625,4094.60009765625,0
2008-07-04,4016.0,4016.0,4033.5,3896.39990234375,3926.64990234375,0
2008-07-07,4030.0,4030.0,4114.5,4002.0,4002.0,0
2008-07-08,3988.550048828125,3988.550048828125,4028.699951171875,3896.050048828125,4028.699951171875,0
2008-07-09,4157.10009765625,4157.10009765625,4169.39990234375,3990.89990234375,3990.89990234375,0
2008-07-10,4162.2001953125,4162.2001953125,4187.9501953125,4110.39990234375,4155.64990234375,0
2008-07-11,4049.0,4049.0,4215.5,4014.449951171875,4166.0,0
2008-07-14,4039.699951171875,4039.699951171875,4118.10009765625,4004.25,4047.449951171875,0
2008-07-15,3861.10009765625,3861.10009765625,4040.699951171875,3835.5,4039.300048828125,0
2008-07-16,3816.699951171875,3816.699951171875,3920.050048828125,3790.199951171875,3861.550048828125,0
2008-07-17,3947.199951171875,3947.199951171875,3968.75,3823.14990234375,3823.14990234375,0
2008-07-18,4092.25,4092.25,4110.5498046875,3926.300048828125,3962.949951171875,0
2008-07-21,4159.5,4159.5,4168.14990234375,4072.75,4092.199951171875,0
2008-07-22,4240.10009765625,4240.10009765625,4262.4501953125,4137.9501953125,4158.4501953125,0
2008-07-23,4476.7998046875,4476.7998046875,4491.5498046875,4246.7001953125,4246.7001953125,0
2008-07-24,4433.5498046875,4433.5498046875,4539.4501953125,4385.85009765625,4476.2001953125,0
2008-07-25,4311.85009765625,4311.85009765625,4440.85009765625,4297.14990234375,4440.85009765625,0
2008-07-28,4332.10009765625,4332.10009765625,4352.64990234375,4282.25,4282.25,0
2008-07-29,4189.85009765625,4189.85009765625,4332.2001953125,4159.14990234375,4332.2001953125,0
2008-07-30,4313.5498046875,4313.5498046875,4327.0,4191.2001953125,4191.2001953125,0
2008-07-31,4332.9501953125,4332.9501953125,4342.0,4285.5498046875,4314.35009765625,0
2008-08-01,4413.5498046875,4413.5498046875,4422.9501953125,4235.7001953125,4331.60009765625,0
2008-08-04,4395.35009765625,4395.35009765625,4436.14990234375,4362.89990234375,4426.10009765625,0
2008-08-05,4502.85009765625,4502.85009765625,4515.14990234375,4376.0,4395.7998046875,0
2008-08-06,4517.5498046875,4517.5498046875,4615.89990234375,4503.89990234375,4506.25,0
2008-08-07,4523.85009765625,4523.85009765625,4580.14990234375,4493.7001953125,4515.25,0
2008-08-08,4529.5,4529.5,4546.35009765625,4464.0,4518.35009765625,0
2008-08-11,4620.39990234375,4620.39990234375,4625.2001953125,4529.35009765625,4529.35009765625,0
2008-08-12,4552.25,4552.25,4649.85009765625,4525.75,4620.9501953125,0
2008-08-13,4529.0498046875,4529.0498046875,4572.64990234375,4497.25,4548.0498046875,0
2008-08-14,4430.7001953125,4430.7001953125,4529.7998046875,4421.25,4524.2001953125,0
2008-08-18,4393.0498046875,4393.0498046875,4447.39990234375,4379.85009765625,4430.7001953125,0
2008-08-19,4368.25,4368.25,4393.7001953125,4316.5498046875,4393.10009765625,0
2008-08-20,4415.75,4415.75,4434.89990234375,4365.4501953125,4365.4501953125,0
2008-08-21,4283.85009765625,4283.85009765625,4418.5498046875,4271.2998046875,4416.2001953125,0
2008-08-22,4327.4501953125,4327.4501953125,4337.0,4248.0,4283.85009765625,0
2008-08-25,4335.35009765625,4335.35009765625,4398.7998046875,4317.9501953125,4317.9501953125,0
2008-08-26,4337.5,4337.5,4345.0498046875,4283.2998046875,4335.2001953125,0
2008-08-27,4292.10009765625,4292.10009765625,4364.25,4282.64990234375,4336.85009765625,0
2008-08-28,4214.0,4214.0,4304.5,4201.85009765625,4290.75,0
2008-08-29,4360.0,4360.0,4368.7998046875,4230.60009765625,4230.60009765625,0
2008-09-01,4348.64990234375,4348.64990234375,4365.0,4281.35009765625,4356.10009765625,0
2008-09-02,4504.0,4504.0,4522.39990234375,4343.10009765625,4358.85009765625,0
2008-09-04,4447.75,4447.75,4514.60009765625,4419.4501953125,4512.9501953125,0
2008-09-05,4352.2998046875,4352.2998046875,4444.7001953125,4328.89990234375,4444.7001953125,0
2008-09-08,4482.2998046875,4482.2998046875,4558.0,4358.2998046875,4358.2998046875,0
2008-09-09,4468.7001953125,4468.7001953125,4497.5,4418.9501953125,4485.14990234375,0
2008-09-10,4400.25,4400.25,4467.5,4382.35009765625,4467.5,0
2008-09-11,4290.2998046875,4290.2998046875,4399.2998046875,4272.75,4397.25,0
2008-09-12,4228.4501953125,4228.4501953125,4323.89990234375,4200.14990234375,4291.60009765625,0
2008-09-15,4072.89990234375,4072.89990234375,4237.25,3955.39990234375,4231.9501953125,0
2008-09-16,4074.89990234375,4074.89990234375,4090.10009765625,3919.35009765625,4072.550048828125,0
2008-09-17,4008.25,4008.25,4116.7001953125,3974.60009765625,4074.800048828125,0
2008-09-18,4038.14990234375,4038.14990234375,4050.10009765625,3799.550048828125,4005.25,0
2008-09-19,4245.25,4245.25,4262.64990234375,4040.800048828125,4040.800048828125,0
2008-09-22,4223.0498046875,4223.0498046875,4303.25,4202.39990234375,4248.9501953125,0
2008-09-23,4126.89990234375,4126.89990234375,4224.7001953125,4117.89990234375,4223.89990234375,0
2008-09-24,4161.25,4161.25,4207.9501953125,4115.85009765625,4125.75,0
2008-09-25,4110.5498046875,4110.5498046875,4172.60009765625,4077.5,4162.14990234375,0
2008-09-26,3985.25,3985.25,4110.7001953125,3970.35009765625,4108.75,0
2008-09-29,3850.050048828125,3850.050048828125,3997.550048828125,3777.300048828125,3990.199951171875,0
2008-09-30,3921.199951171875,3921.199951171875,3966.85009765625,3715.050048828125,3848.699951171875,0
2008-10-01,3950.75,3950.75,4000.5,3861.25,3921.85009765625,0
2008-10-03,3818.300048828125,3818.300048828125,3969.550048828125,3804.85009765625,3953.550048828125,0
2008-10-06,3602.35009765625,3602.35009765625,3820.85009765625,3581.60009765625,3817.300048828125,0
2008-10-07,3606.60009765625,3606.60009765625,3732.64990234375,3537.0,3606.949951171875,0
2008-10-08,3513.64990234375,3513.64990234375,3604.39990234375,3329.449951171875,3604.39990234375,0
2008-10-10,3279.949951171875,3279.949951171875,3502.050048828125,3198.949951171875,3502.050048828125,0
2008-10-13,3490.699951171875,3490.699951171875,3510.199951171875,3272.89990234375,3272.89990234375,0
2008-10-14,3518.64990234375,3518.64990234375,3648.25,3491.5,3494.10009765625,0
2008-10-15,3338.39990234375,3338.39990234375,3518.5,3324.550048828125,3517.89990234375,0
2008-10-16,3269.300048828125,3269.300048828125,3333.85009765625,3099.89990234375,3333.85009765625,0
2008-10-17,3074.35009765625,3074.35009765625,3335.949951171875,3046.60009765625,3269.050048828125,0
2008-10-20,3122.800048828125,3122.800048828125,3238.39990234375,3058.949951171875,3108.199951171875,0
2008-10-21,3234.89990234375,3234.89990234375,3254.85009765625,3117.35009765625,3125.39990234375,0
2008-10-22,3065.14990234375,3065.14990234375,3235.75,3051.800048828125,3234.699951171875,0
2008-10-23,2943.14990234375,2943.14990234375,3085.10009765625,2917.14990234375,3064.800048828125,0
2008-10-24,2584.0,2584.0,2936.25,2525.050048828125,2936.25,0
2008-10-27,2524.199951171875,2524.199951171875,2585.300048828125,2252.75,2583.75,0
2008-10-29,2697.050048828125,2697.050048828125,2781.25,2631.89990234375,2685.300048828125,0
2008-10-31,2885.60009765625,2885.60009765625,2921.35009765625,2696.300048828125,2696.300048828125,0
2008-11-03,3043.85009765625,3043.85009765625,3062.050048828125,2885.39990234375,2885.39990234375,0
2008-11-04,3142.10009765625,3142.10009765625,3152.300048828125,2985.0,3050.25,0
2008-11-05,2994.949951171875,2994.949951171875,3240.550048828125,2971.0,3155.75,0
2008-11-06,2892.64990234375,2892.64990234375,3007.800048828125,2860.25,2998.449951171875,0
2008-11-07,2973.0,2973.0,3010.0,2860.10009765625,2893.25,0
2008-11-10,3148.25,3148.25,3161.25,2973.300048828125,2973.300048828125,0
2008-11-11,2938.64990234375,2938.64990234375,3147.199951171875,2919.449951171875,3147.199951171875,0
2008-11-12,2848.449951171875,2848.449951171875,2975.199951171875,2794.949951171875,2937.89990234375,0
2008-11-14,2810.35009765625,2810.35009765625,2938.800048828125,2778.800048828125,2848.0,0
2008-11-17,2799.550048828125,2799.550048828125,2835.699951171875,2694.5,2813.39990234375,0
2008-11-18,2683.14990234375,2683.14990234375,2802.449951171875,2664.300048828125,2802.449951171875,0
2008-11-19,2635.0,2635.0,2772.39990234375,2617.89990234375,2682.75,0
2008-11-20,2553.14990234375,2553.14990234375,2634.199951171875,2502.89990234375,2634.199951171875,0
2008-11-21,2693.449951171875,2693.449951171875,2718.60009765625,2539.800048828125,2553.60009765625,0
2008-11-24,2708.25,2708.25,2740.35009765625,2633.800048828125,2690.85009765625,0
2008-11-25,2654.0,2654.0,2790.699951171875,2638.199951171875,2708.300048828125,0
2008-11-26,2752.25,2752.25,2762.60009765625,2643.35009765625,2652.449951171875,0
2008-11-28,2755.10009765625,2755.10009765625,2779.0,2690.300048828125,2745.699951171875,0
2008-12-01,2682.89990234375,2682.89990234375,2832.85009765625,2669.5,2755.14990234375,0
2008-12-02,2657.800048828125,2657.800048828125,2672.89990234375,2570.699951171875,2672.89990234375,0
2008-12-03,2656.449951171875,2656.449951171875,2693.64990234375,2611.949951171875,2657.5,0
2008-12-04,2788.0,2788.0,2793.800048828125,2646.35009765625,2656.5,0
2008-12-05,2714.39990234375,2714.39990234375,2821.14990234375,2701.35009765625,2786.64990234375,0
2008-12-08,2784.0,2784.0,2861.550048828125,2714.699951171875,2714.699951171875,0
2008-12-10,2928.25,2928.25,2940.14990234375,2785.699951171875,2785.699951171875,0
2008-12-11,2920.14990234375,2920.14990234375,2945.300048828125,2861.550048828125,2934.050048828125,0
2008-12-12,2921.35009765625,2921.35009765625,2936.800048828125,2812.550048828125,2915.35009765625,0
2008-12-15,2981.199951171875,2981.199951171875,3012.10009765625,2917.89990234375,2917.89990234375,0
2008-12-16,3041.75,3041.75,3052.550048828125,2963.300048828125,2983.60009765625,0
2008-12-17,2954.35009765625,2954.35009765625,3076.199951171875,2943.5,3040.449951171875,0
2008-12-18,3060.75,3060.75,3072.550048828125,2922.64990234375,2955.35009765625,0
2008-12-19,3077.5,3077.5,3106.800048828125,3036.300048828125,3063.0,0
2008-12-22,3039.300048828125,3039.300048828125,3110.449951171875,3027.800048828125,3077.25,0
2008-12-23,2968.64990234375,2968.64990234375,3040.0,2957.050048828125,3039.25,0
2008-12-24,2916.85009765625,2916.85009765625,2968.0,2900.449951171875,2967.39990234375,0
2008-12-26,2857.25,2857.25,2960.949951171875,2844.800048828125,2919.85009765625,0
2008-12-29,2922.199951171875,2922.199951171875,2931.800048828125,2812.89990234375,2857.14990234375,0
2008-12-30,2979.5,2979.5,2999.14990234375,2899.75,2922.550048828125,0
2008-12-31,2959.14990234375,2959.14990234375,3002.64990234375,2937.35009765625,2979.800048828125,0
2009-01-02,3046.75,3046.75,3079.85009765625,3021.800048828125,3034.60009765625,0
2009-01-05,3121.449951171875,3121.449951171875,3131.949951171875,3056.449951171875,3058.75,0
2009-01-06,3112.800048828125,3112.800048828125,3141.800048828125,3056.10009765625,3121.5,0
2009-01-07,2920.39990234375,2920.39990234375,3147.199951171875,2888.199951171875,3112.800048828125,0
2009-01-09,2873.0,2873.0,2929.85009765625,2810.25,2919.949951171875,0
2009-01-12,2773.10009765625,2773.10009765625,2869.199951171875,2748.550048828125,2868.85009765625,0
2009-01-13,2744.949951171875,2744.949951171875,2802.60009765625,2720.800048828125,2775.0,0
2009-01-14,2835.300048828125,2835.300048828125,2853.25,2748.39990234375,2748.39990234375,0
2009-01-15,2736.699951171875,2736.699951171875,2832.300048828125,2701.75,2832.300048828125,0
2009-01-16,2828.449951171875,2828.449951171875,2835.64990234375,2724.199951171875,2737.0,0
2009-01-19,2846.199951171875,2846.199951171875,2868.199951171875,2819.89990234375,2828.699951171875,0
2009-01-20,2796.60009765625,2796.60009765625,2842.89990234375,2758.0,2842.89990234375,0
2009-01-21,2706.14990234375,2706.14990234375,2787.300048828125,2690.199951171875,2777.39990234375,0
2009-01-22,2713.800048828125,2713.800048828125,2744.85009765625,2681.39990234375,2714.699951171875,0
2009-01-23,2678.550048828125,2678.550048828125,2765.550048828125,2661.64990234375,2705.449951171875,0
2009-01-27,2771.35009765625,2771.35009765625,2777.300048828125,2685.25,2686.050048828125,0
2009-01-28,2849.5,2849.5,2855.39990234375,2765.60009765625,2771.10009765625,0
2009-01-29,2823.949951171875,2823.949951171875,2873.85009765625,2795.35009765625,2849.35009765625,0
2009-01-30,2874.800048828125,2874.800048828125,2881.0,2774.10009765625,2824.050048828125,0
2009-02-02,2766.64990234375,2766.64990234375,2873.449951171875,2760.699951171875,2872.35009765625,0
2009-02-03,2783.89990234375,2783.89990234375,2831.699951171875,2752.89990234375,2773.5,0
2009-02-04,2803.050048828125,2803.050048828125,2842.199951171875,2780.699951171875,2780.699951171875,0
2009-02-05,2780.050048828125,2780.050048828125,2816.800048828125,2754.85009765625,2802.75,0
2009-02-06,2843.10009765625,2843.10009765625,2852.5,2778.64990234375,2779.35009765625,0
2009-02-09,2919.89990234375,2919.89990234375,2926.75,2840.14990234375,2843.050048828125,0
2009-02-10,2934.5,2934.5,2957.39990234375,2891.75,2919.699951171875,0
2009-02-11,2925.699951171875,2925.699951171875,2937.5,2877.60009765625,2933.0,0
2009-02-12,2893.050048828125,2893.050048828125,2939.0,2886.550048828125,2927.39990234375,0
2009-02-13,2948.35009765625,2948.35009765625,2969.75,2896.85009765625,2896.949951171875,0
2009-02-16,2848.5,2848.5,2953.199951171875,2839.10009765625,2948.25,0
2009-02-17,2770.5,2770.5,2854.64990234375,2757.300048828125,2853.85009765625,0
2009-02-18,2776.14990234375,2776.14990234375,2806.5,2736.64990234375,2755.14990234375,0
2009-02-19,2789.35009765625,2789.35009765625,2802.14990234375,2767.60009765625,2776.699951171875,0
2009-02-20,2736.449951171875,2736.449951171875,2789.300048828125,2709.300048828125,2789.300048828125,0
2009-02-24,2733.89990234375,2733.89990234375,2746.199951171875,2677.550048828125,2737.25,0
2009-02-25,2762.5,2762.5,2789.35009765625,2733.449951171875,2733.449951171875,0
2009-02-26,2785.64990234375,2785.64990234375,2797.800048828125,2731.89990234375,2762.199951171875,0
2009-02-27,2763.64990234375,2763.64990234375,2787.199951171875,2708.449951171875,2785.699951171875,0
2009-03-02,2674.60009765625,2674.60009765625,2764.60009765625,2659.550048828125,2764.60009765625,0
2009-03-03,2622.39990234375,2622.39990234375,2688.5,2611.550048828125,2672.14990234375,0
2009-03-04,2645.199951171875,2645.199951171875,2655.699951171875,2611.949951171875,2611.949951171875,0
2009-03-05,2576.699951171875,2576.699951171875,2663.89990234375,2564.10009765625,2645.89990234375,0
2009-03-06,2620.14990234375,2620.14990234375,2628.10009765625,2539.449951171875,2576.75,0
2009-03-09,2573.14990234375,2573.14990234375,2621.25,2555.60009765625,2620.10009765625,0
2009-03-12,2617.449951171875,2617.449951171875,2646.10009765625,2574.5,2574.5,0
2009-03-13,2719.25,2719.25,2726.14990234375,2616.60009765625,2616.60009765625,0
2009-03-16,2777.25,2777.25,2781.949951171875,2701.949951171875,2716.050048828125,0
2009-03-17,2757.449951171875,2757.449951171875,2805.60009765625,2738.699951171875,2776.35009765625,0
2009-03-18,2794.699951171875,2794.699951171875,2836.050048828125,2752.25,2757.64990234375,0
2009-03-19,2807.14990234375,2807.14990234375,2822.25,2771.35009765625,2797.050048828125,0
2009-03-20,2807.050048828125,2807.050048828125,2816.10009765625,2773.64990234375,2807.35009765625,0
2009-03-23,2939.89990234375,2939.89990234375,2949.75,2807.25,2807.25,0
2009-03-24,2938.699951171875,2938.699951171875,3017.39990234375,2914.5,2923.800048828125,0
2009-03-25,2984.35009765625,2984.35009765625,2996.5,2923.300048828125,2938.800048828125,0
2009-03-26,3082.25,3082.25,3103.35009765625,2982.25,2982.25,0
2009-03-27,3108.64990234375,3108.64990234375,3123.35009765625,3055.89990234375,3079.39990234375,0
2009-03-30,2978.14990234375,2978.14990234375,3110.199951171875,2962.39990234375,3108.75,0
2009-03-31,3020.949951171875,3020.949951171875,3054.300048828125,2966.39990234375,2981.699951171875,0
2009-04-01,3060.35009765625,3060.35009765625,3069.300048828125,2965.699951171875,3023.85009765625,0
2009-04-02,3211.050048828125,3211.050048828125,3228.75,3061.050048828125,3061.050048828125,0
2009-04-06,3256.60009765625,3256.60009765625,3303.89990234375,3211.35009765625,3211.35009765625,0
2009-04-08,3342.949951171875,3342.949951171875,3357.050048828125,3149.25,3255.35009765625,0
2009-04-09,3342.050048828125,3342.050048828125,3401.14990234375,3307.050048828125,3346.0,0
2009-04-13,3382.60009765625,3382.60009765625,3417.800048828125,3334.14990234375,3342.199951171875,0
2009-04-15,3484.14990234375,3484.14990234375,3497.550048828125,3311.800048828125,3381.449951171875,0
2009-04-16,3369.5,3369.5,3511.25,3354.199951171875,3484.35009765625,0
2009-04-17,3384.39990234375,3384.39990234375,3489.85009765625,3359.25,3369.5,0
2009-04-20,3377.10009765625,3377.10009765625,3441.10009765625,3339.449951171875,3384.75,0
2009-04-21,3365.300048828125,3365.300048828125,3414.699951171875,3309.35009765625,3376.85009765625,0
2009-04-22,3330.300048828125,3330.300048828125,3401.10009765625,3296.89990234375,3364.60009765625,0
2009-04-23,3423.699951171875,3423.699951171875,3439.89990234375,3310.5,3330.5,0
2009-04-24,3480.75,3480.75,3491.35009765625,3402.89990234375,3423.60009765625,0
2009-04-27,3470.0,3470.0,3517.25,3435.300048828125,3481.300048828125,0
2009-04-28,3362.35009765625,3362.35009765625,3471.949951171875,3351.5,3469.5,0
2009-04-29,3473.949951171875,3473.949951171875,3486.39990234375,3366.699951171875,3371.64990234375,0
2009-05-04,3654.0,3654.0,3664.5,3478.699951171875,3478.699951171875,0
2009-05-05,3661.89990234375,3661.89990234375,3682.199951171875,3618.75,3664.5,0
2009-05-06,3625.050048828125,3625.050048828125,3717.050048828125,3608.64990234375,3662.0,0
2009-05-07,3683.89990234375,3683.89990234375,3692.050048828125,3617.14990234375,3617.14990234375,0
2009-05-08,3620.699951171875,3620.699951171875,3711.25,3582.85009765625,3681.800048828125,0
2009-05-11,3554.60009765625,3554.60009765625,3660.199951171875,3534.550048828125,3615.75,0
2009-05-12,3681.10009765625,3681.10009765625,3691.64990234375,3534.199951171875,3554.64990234375,0
2009-05-13,3635.25,3635.25,3709.60009765625,3610.199951171875,3668.75,0
2009-05-14,3593.449951171875,3593.449951171875,3631.89990234375,3537.60009765625,3631.89990234375,0
2009-05-15,3671.64990234375,3671.64990234375,3686.25,3597.85009765625,3597.85009765625,0
2009-05-18,4323.14990234375,4323.14990234375,4384.2998046875,3673.14990234375,3673.14990234375,0
2009-05-19,4318.4501953125,4318.4501953125,4509.39990234375,4167.64990234375,4324.9501953125,0
2009-05-20,4270.2998046875,4270.2998046875,4362.85009765625,4244.7001953125,4318.75,0
2009-05-21,4210.89990234375,4210.89990234375,4319.0,4199.2001953125,4270.35009765625,0
2009-05-22,4238.5,4238.5,4249.5,4155.85009765625,4211.85009765625,0
2009-05-25,4237.5498046875,4237.5498046875,4270.0498046875,4205.10009765625,4238.10009765625,0
2009-05-26,4116.7001953125,4116.7001953125,4256.0498046875,4092.25,4239.5498046875,0
2009-05-27,4276.0498046875,4276.0498046875,4286.4501953125,4115.25,4117.2998046875,0
2009-05-28,4337.10009765625,4337.10009765625,4354.85009765625,4254.85009765625,4276.14990234375,0
2009-05-29,4448.9501953125,4448.9501953125,4488.0498046875,4340.75,4340.75,0
2009-06-01,4529.89990234375,4529.89990234375,4545.39990234375,4450.39990234375,4450.39990234375,0
2009-06-02,4525.25,4525.25,4586.39990234375,4451.2998046875,4530.4501953125,0
2009-06-03,4530.7001953125,4530.7001953125,4574.89990234375,4478.60009765625,4525.5,0
2009-06-04,4572.64990234375,4572.64990234375,4582.2001953125,4453.4501953125,4530.2998046875,0
2009-06-05,4586.89990234375,4586.89990234375,4636.85009765625,4561.9501953125,4573.2998046875,0
2009-06-08,4429.89990234375,4429.89990234375,4611.39990234375,4404.64990234375,4582.35009765625,0
2009-06-09,4550.9501953125,4550.9501953125,4562.4501953125,4365.10009765625,4427.75,0
2009-06-10,4655.25,4655.25,4688.9501953125,4551.7001953125,4551.7001953125,0
2009-06-11,4637.7001953125,4637.7001953125,4679.5498046875,4586.14990234375,4657.39990234375,0
2009-06-12,4583.39990234375,4583.39990234375,4693.2001953125,4566.14990234375,4637.5498046875,0
2009-06-15,4484.0,4484.0,4601.0498046875,4469.60009765625,4584.64990234375,0
2009-06-16,4517.7998046875,4517.7998046875,4537.9501953125,4405.9501953125,4478.10009765625,0
2009-06-17,4356.14990234375,4356.14990234375,4517.7998046875,4332.7998046875,4515.35009765625,0
2009-06-18,4251.39990234375,4251.39990234375,4375.2998046875,4222.14990234375,4352.9501953125,0
2009-06-19,4313.60009765625,4313.60009765625,4326.2001953125,4206.7001953125,4251.10009765625,0
2009-06-22,4235.25,4235.25,4352.25,4221.89990234375,4314.2001953125,0
2009-06-23,4247.0,4247.0,4267.4501953125,4143.25,4223.2998046875,0
2009-06-24,4292.9501953125,4292.9501953125,4307.0,4218.25,4247.2998046875,0
2009-06-25,4241.85009765625,4241.85009765625,4337.9501953125,4221.14990234375,4293.85009765625,0
2009-06-26,4375.5,4375.5,4383.75,4243.9501953125,4243.9501953125,0
2009-06-29,4390.9501953125,4390.9501953125,4439.9501953125,4350.89990234375,4375.39990234375,0
2009-06-30,4291.10009765625,4291.10009765625,4426.75,4267.35009765625,4391.5,0
2009-07-01,4340.89990234375,4340.89990234375,4362.2998046875,4249.7001953125,4292.2998046875,0
2009-07-02,4348.85009765625,4348.85009765625,4383.64990234375,4288.75,4373.5,0
2009-07-03,4424.25,4424.25,4434.4501953125,4298.9501953125,4347.2998046875,0
2009-07-06,4165.7001953125,4165.7001953125,4479.7998046875,4133.7001953125,4429.60009765625,0
2009-07-07,4202.14990234375,4202.14990234375,4231.7998046875,4155.5,4166.0,0
2009-07-08,4078.89990234375,4078.89990234375,4201.85009765625,4061.10009765625,4201.85009765625,0
2009-07-09,4080.949951171875,4080.949951171875,4114.89990234375,4039.85009765625,4078.75,0
2009-07-10,4003.89990234375,4003.89990234375,4129.9501953125,3976.800048828125,4081.39990234375,0
2009-07-13,3974.050048828125,3974.050048828125,4003.39990234375,3918.75,4003.39990234375,0
2009-07-14,4111.39990234375,4111.39990234375,4128.89990234375,3974.10009765625,3974.10009765625,0
2009-07-15,4233.5,4233.5,4249.5498046875,4118.75,4120.7998046875,0
2009-07-16,4231.39990234375,4231.39990234375,4305.0,4205.5,4223.5,0
2009-07-17,4374.9501953125,4374.9501953125,4390.39990234375,4230.14990234375,4231.4501953125,0
2009-07-20,4502.25,4502.25,4510.2998046875,4377.89990234375,4377.89990234375,0
2009-07-21,4469.10009765625,4469.10009765625,4524.0,4436.60009765625,4501.5,0
2009-07-22,4398.89990234375,4398.89990234375,4557.9501953125,4380.4501953125,4469.2998046875,0
2009-07-23,4523.75,4523.75,4532.39990234375,4405.9501953125,4409.7001953125,0
2009-07-24,4568.5498046875,4568.5498046875,4578.75,4504.85009765625,4524.7998046875,0
2009-07-27,4572.2998046875,4572.2998046875,4596.75,4528.5,4568.64990234375,0
2009-07-28,4564.10009765625,4564.10009765625,4599.89990234375,4529.14990234375,4572.7998046875,0
2009-07-29,4513.5,4513.5,4573.85009765625,4420.7998046875,4565.7998046875,0
2009-07-30,4571.4501953125,4571.4501953125,4582.35009765625,4474.5,4513.10009765625,0
2009-07-31,4636.4501953125,4636.4501953125,4669.75,4571.60009765625,4571.60009765625,0
2009-08-03,4711.39990234375,4711.39990234375,4723.75,4617.75,4633.7998046875,0
2009-08-04,4680.5,4680.5,4731.4501953125,4642.60009765625,4706.25,0
2009-08-05,4694.14990234375,4694.14990234375,4717.2001953125,4629.85009765625,4680.9501953125,0
2009-08-06,4585.5,4585.5,4718.14990234375,4559.2001953125,4694.35009765625,0
2009-08-07,4481.39990234375,4481.39990234375,4591.89990234375,4463.9501953125,4591.89990234375,0
2009-08-10,4437.64990234375,4437.64990234375,4562.5,4399.85009765625,4486.5,0
2009-08-11,4471.35009765625,4471.35009765625,4510.7998046875,4398.89990234375,4435.0,0
2009-08-12,4457.5,4457.5,4473.7998046875,4359.39990234375,4473.7998046875,0
2009-08-13,4605.0,4605.0,4614.14990234375,4458.5498046875,4458.5498046875,0
2009-08-14,4580.0498046875,4580.0498046875,4619.0,4559.35009765625,4605.14990234375,0
2009-08-17,4387.89990234375,4387.89990234375,4578.7998046875,4374.60009765625,4578.7998046875,0
2009-08-18,4458.89990234375,4458.89990234375,4491.4501953125,4372.64990234375,4389.5,0
2009-08-19,4394.10009765625,4394.10009765625,4477.5498046875,4353.4501953125,4457.75,0
2009-08-20,4453.4501953125,4453.4501953125,4492.7998046875,4394.35009765625,4394.35009765625,0
2009-08-21,4528.7998046875,4528.7998046875,4538.7001953125,4400.89990234375,4453.4501953125,0
2009-08-24,4642.7998046875,4642.7998046875,4656.2998046875,4536.9501953125,4536.9501953125,0
2009-08-25,4659.35009765625,4659.35009765625,4672.89990234375,4582.5,4641.64990234375,0
2009-08-26,4680.85009765625,4680.85009765625,4697.7998046875,4659.10009765625,4659.4501953125,0
2009-08-27,4688.2001953125,4688.2001953125,4707.89990234375,4645.14990234375,4679.0,0
2009-08-28,4732.35009765625,4732.35009765625,4743.75,4651.39990234375,4688.39990234375,0
2009-08-31,4662.10009765625,4662.10009765625,4730.85009765625,4635.0,4730.85009765625,0
2009-09-01,4625.35009765625,4625.35009765625,4735.89990234375,4600.64990234375,4662.2001953125,0
2009-09-02,4608.35009765625,4608.35009765625,4650.4501953125,4576.60009765625,4624.0,0
2009-09-03,4593.5498046875,4593.5498046875,4647.35009765625,4581.0498046875,4608.75,0
2009-09-04,4680.39990234375,4680.39990234375,4697.2001953125,4580.35009765625,4608.7001953125,0
2009-09-07,4782.89990234375,4782.89990234375,4790.0,4679.2998046875,4682.39990234375,0
2009-09-08,4805.25,4805.25,4842.2001953125,4782.64990234375,4782.85009765625,0
2009-09-09,4814.25,4814.25,4825.0498046875,4783.5,4804.89990234375,0
2009-09-10,4819.39990234375,4819.39990234375,4889.0498046875,4807.89990234375,4814.35009765625,0
2009-09-11,4829.5498046875,4829.5498046875,4856.14990234375,4791.5498046875,4819.39990234375,0
2009-09-14,4808.60009765625,4808.60009765625,4832.25,4786.25,4830.35009765625,0
2009-09-15,4892.10009765625,4892.10009765625,4899.4501953125,4808.35009765625,4808.35009765625,0
2009-09-16,4958.39990234375,4958.39990234375,4966.2998046875,4894.64990234375,4894.64990234375,0
2009-09-17,4965.5498046875,4965.5498046875,5003.0498046875,4944.14990234375,4958.5498046875,0
2009-09-18,4976.0498046875,4976.0498046875,4980.85009765625,4931.89990234375,4963.9501953125,0
2009-09-22,5020.2001953125,5020.2001953125,5036.2998046875,4977.10009765625,4977.10009765625,0
2009-09-23,4969.9501953125,4969.9501953125,5030.75,4957.0498046875,5019.9501953125,0
2009-09-24,4986.5498046875,4986.5498046875,5016.7001953125,4904.0498046875,4977.14990234375,0
2009-09-25,4958.9501953125,4958.9501953125,4994.35009765625,4931.25,4985.10009765625,0
2009-09-29,5006.85009765625,5006.85009765625,5020.25,4959.10009765625,4959.14990234375,0
2009-09-30,5083.9501953125,5083.9501953125,5087.60009765625,5004.35009765625,5007.64990234375,0
2009-10-01,5083.39990234375,5083.39990234375,5110.5,5057.0498046875,5087.2001953125,0
2009-10-05,5003.2001953125,5003.2001953125,5076.0498046875,4991.9501953125,5076.0498046875,0
2009-10-06,5027.39990234375,5027.39990234375,5034.7001953125,4921.0498046875,5003.64990234375,0
2009-10-07,4985.75,4985.75,5077.0,4972.9501953125,5031.7001953125,0
2009-10-08,5002.25,5002.25,5035.10009765625,4980.7001953125,5011.25,0
2009-10-09,4945.2001953125,4945.2001953125,5032.60009765625,4934.5498046875,4993.0,0
2009-10-12,5054.25,5054.25,5068.0498046875,4945.4501953125,4945.4501953125,0
2009-10-14,5118.2001953125,5118.2001953125,5127.39990234375,5054.35009765625,5054.35009765625,0
2009-10-15,5108.85009765625,5108.85009765625,5152.25,5077.10009765625,5118.5498046875,0
2009-10-16,5142.14990234375,5142.14990234375,5149.64990234375,5093.2001953125,5108.64990234375,0
2009-10-20,5114.4501953125,5114.4501953125,5181.9501953125,5102.64990234375,5145.60009765625,0
2009-10-21,5063.60009765625,5063.60009765625,5117.4501953125,5051.64990234375,5114.85009765625,0
2009-10-22,4988.60009765625,4988.60009765625,5064.25,4968.4501953125,5063.35009765625,0
2009-10-23,4997.0498046875,4997.0498046875,5054.9501953125,4983.25,4986.5498046875,0
2009-10-26,4970.89990234375,4970.89990234375,5033.75,4961.35009765625,4997.14990234375,0
2009-10-27,4846.7001953125,4846.7001953125,4970.5498046875,4829.5,4970.5498046875,0
2009-10-28,4826.14990234375,4826.14990234375,4867.0,4784.10009765625,4846.5498046875,0
2009-10-29,4750.5498046875,4750.5498046875,4826.10009765625,4738.39990234375,4826.10009765625,0
2009-10-30,4711.7001953125,4711.7001953125,4853.64990234375,4687.5,4751.10009765625,0
2009-11-03,4563.89990234375,4563.89990234375,4729.85009765625,4538.5,4712.25,0
2009-11-04,4710.7998046875,4710.7998046875,4717.7998046875,4565.0,4567.2998046875,0
2009-11-05,4765.5498046875,4765.5498046875,4776.35009765625,4610.60009765625,4711.64990234375,0
2009-11-06,4796.14990234375,4796.14990234375,4836.2001953125,4764.85009765625,4767.5,0
2009-11-09,4898.39990234375,4898.39990234375,4905.25,4789.89990234375,4796.14990234375,0
2009-11-10,4881.7001953125,4881.7001953125,4947.7001953125,4860.10009765625,4898.89990234375,0
2009-11-11,5003.9501953125,5003.9501953125,5016.7001953125,4870.0498046875,4882.2998046875,0
2009-11-12,4952.64990234375,4952.64990234375,5014.39990234375,4924.75,5004.39990234375,0
2009-11-13,4998.9501953125,4998.9501953125,5017.89990234375,4942.64990234375,4952.35009765625,0
2009-11-16,5058.0498046875,5058.0498046875,5073.2001953125,4994.0,4996.5,0
2009-11-17,5062.25,5062.25,5074.0,5010.14990234375,5058.9501953125,0
2009-11-18,5054.7001953125,5054.7001953125,5079.2998046875,5041.64990234375,5061.5,0
2009-11-19,4989.0,4989.0,5053.4501953125,4963.7001953125,5043.9501953125,0
2009-11-20,5052.4501953125,5052.4501953125,5063.2998046875,4932.7998046875,4988.75,0
2009-11-23,5103.5498046875,5103.5498046875,5113.10009765625,5052.10009765625,5052.9501953125,0
2009-11-24,5090.5498046875,5090.5498046875,5112.85009765625,5053.5,5105.0,0
2009-11-25,5108.14990234375,5108.14990234375,5138.0,5078.35009765625,5091.5498046875,0
2009-11-26,5005.5498046875,5005.5498046875,5116.4501953125,4986.0498046875,5116.4501953125,0
2009-11-27,4941.75,4941.75,5005.0498046875,4806.7001953125,5005.0498046875,0
2009-11-30,5032.7001953125,5032.7001953125,5066.35009765625,4942.25,4942.25,0
2009-12-01,5122.0,5122.0,5130.35009765625,5038.85009765625,5039.7001953125,0
2009-12-02,5123.25,5123.25,5161.75,5111.75,5122.75,0
2009-12-03,5131.7001953125,5131.7001953125,5181.0,5106.60009765625,5124.5498046875,0
2009-12-04,5108.89990234375,5108.89990234375,5161.7998046875,5081.85009765625,5131.7001953125,0
2009-12-07,5066.7001953125,5066.7001953125,5131.2998046875,5051.5498046875,5108.85009765625,0
2009-12-08,5147.9501953125,5147.9501953125,5152.5498046875,5058.89990234375,5068.5498046875,0
2009-12-09,5112.0,5112.0,5147.64990234375,5090.60009765625,5147.64990234375,0
2009-12-10,5134.64990234375,5134.64990234375,5146.4501953125,5084.64990234375,5112.39990234375,0
2009-12-11,5117.2998046875,5117.2998046875,5182.5498046875,5088.39990234375,5136.0498046875,0
2009-12-14,5105.7001953125,5105.7001953125,5156.7001953125,5090.14990234375,5117.4501953125,0
2009-12-15,5033.0498046875,5033.0498046875,5129.4501953125,5018.25,5105.75,0
2009-12-16,5042.0498046875,5042.0498046875,5067.25,5001.7998046875,5032.9501953125,0
2009-12-17,5041.75,5041.75,5064.2001953125,5013.14990234375,5046.64990234375,0
2009-12-18,4987.7001953125,4987.7001953125,5043.39990234375,4979.0498046875,5042.0,0
2009-12-21,4952.60009765625,4952.60009765625,4997.85009765625,4943.9501953125,4983.64990234375,0
2009-12-22,4985.85009765625,4985.85009765625,4997.2998046875,4953.35009765625,4953.35009765625,0
2009-12-23,5144.60009765625,5144.60009765625,5150.60009765625,4990.0498046875,4990.0498046875,0
2009-12-24,5178.39990234375,5178.39990234375,5197.89990234375,5129.0498046875,5144.7998046875,0
2009-12-29,5187.9501953125,5187.9501953125,5214.60009765625,5175.85009765625,5180.75,0
2009-12-30,5169.4501953125,5169.4501953125,5197.0498046875,5160.10009765625,5188.75,0
2009-12-31,5201.0498046875,5201.0498046875,5221.85009765625,5168.75,5171.2001953125,0
2010-01-04,5232.2001953125,5232.2001953125,5238.4501953125,5167.10009765625,5200.89990234375,0
2010-01-05,5277.89990234375,5277.89990234375,5288.35009765625,5242.39990234375,5277.14990234375,0
2010-01-06,5281.7998046875,5281.7998046875,5310.85009765625,5260.0498046875,5278.14990234375,0
2010-01-07,5263.10009765625,5263.10009765625,5302.5498046875,5244.75,5281.7998046875,0
2010-01-08,5244.75,5244.75,5276.75,5234.7001953125,5264.25,0
2010-01-11,5249.39990234375,5249.39990234375,5287.2001953125,5227.7998046875,5263.7998046875,0
2010-01-12,5210.39990234375,5210.39990234375,5300.5,5200.9501953125,5251.10009765625,0
2010-01-13,5233.9501953125,5233.9501953125,5239.2001953125,5169.5498046875,5212.60009765625,0
2010-01-14,5259.89990234375,5259.89990234375,5272.85009765625,5232.5,5234.5,0
2010-01-15,5252.2001953125,5252.2001953125,5279.85009765625,5242.4501953125,5259.89990234375,0
2010-01-18,5274.85009765625,5274.85009765625,5292.5,5228.9501953125,5253.64990234375,0
2010-01-19,5225.64990234375,5225.64990234375,5287.7998046875,5218.64990234375,5274.2001953125,0
2010-01-20,5221.7001953125,5221.7001953125,5256.7001953125,5201.39990234375,5226.10009765625,0
2010-01-21,5094.14990234375,5094.14990234375,5220.35009765625,5085.4501953125,5220.2001953125,0
2010-01-22,5036.0,5036.0,5094.14990234375,4954.85009765625,5094.14990234375,0
2010-01-25,5007.89990234375,5007.89990234375,5035.7001953125,4983.0498046875,5034.5498046875,0
2010-01-27,4853.10009765625,4853.10009765625,5008.5,4833.0498046875,5008.5,0
2010-01-28,4867.25,4867.25,4929.89990234375,4824.9501953125,4863.0,0
2010-01-29,4882.0498046875,4882.0498046875,4893.7001953125,4766.0,4866.14990234375,0
2010-02-01,4899.7001953125,4899.7001953125,4918.7998046875,4827.14990234375,4882.0498046875,0
2010-02-02,4830.10009765625,4830.10009765625,4951.14990234375,4814.10009765625,4907.85009765625,0
2010-02-03,4931.85009765625,4931.85009765625,4949.14990234375,4831.0,4831.0,0
2010-02-04,4845.35009765625,4845.35009765625,4931.2998046875,4832.35009765625,4931.2998046875,0
2010-02-05,4718.64990234375,4718.64990234375,4827.0,4692.35009765625,4819.64990234375,0
2010-02-08,4760.39990234375,4760.39990234375,4799.0498046875,4675.39990234375,4755.35009765625,0
2010-02-09,4792.64990234375,4792.64990234375,4810.39990234375,4739.35009765625,4760.5498046875,0
2010-02-10,4757.2001953125,4757.2001953125,4826.85009765625,4748.10009765625,4793.0,0
2010-02-11,4826.85009765625,4826.85009765625,4843.7998046875,4757.25,4757.25,0
2010-02-15,4801.9501953125,4801.9501953125,4845.60009765625,4783.89990234375,4827.89990234375,0
2010-02-16,4855.75,4855.75,4880.0,4791.35009765625,4801.7998046875,0
2010-02-17,4914.0,4914.0,4929.7001953125,4857.60009765625,4858.64990234375,0
2010-02-18,4887.75,4887.75,4922.0498046875,4873.7001953125,4915.10009765625,0
2010-02-19,4844.89990234375,4844.89990234375,4887.2998046875,4805.5498046875,4887.2998046875,0
2010-02-22,4856.39990234375,4856.39990234375,4912.0498046875,4845.89990234375,4849.35009765625,0
2010-02-23,4870.0498046875,4870.0498046875,4884.10009765625,4833.14990234375,4856.60009765625,0
2010-02-24,4858.60009765625,4858.60009765625,4880.5498046875,4834.64990234375,4869.5498046875,0
2010-02-25,4859.75,4859.75,4880.14990234375,4835.60009765625,4859.0,0
2010-02-26,4922.2998046875,4922.2998046875,4992.0,4858.4501953125,4858.5,0
2010-03-02,5017.0,5017.0,5029.4501953125,4935.35009765625,4935.60009765625,0
2010-03-03,5088.10009765625,5088.10009765625,5093.25,5015.10009765625,5015.7998046875,0
2010-03-04,5080.25,5080.25,5096.9501953125,5049.0,5096.9501953125,0
2010-03-05,5088.7001953125,5088.7001953125,5118.64990234375,5068.0498046875,5080.5498046875,0
2010-03-08,5124.0,5124.0,5147.10009765625,5092.14990234375,5092.14990234375,0
2010-03-09,5101.5,5101.5,5131.7998046875,5094.35009765625,5121.0498046875,0
2010-03-10,5116.25,5116.25,5137.39990234375,5092.0498046875,5101.60009765625,0
2010-03-11,5133.39990234375,5133.39990234375,5152.60009765625,5102.10009765625,5116.35009765625,0
2010-03-12,5137.0,5137.0,5158.10009765625,5122.10009765625,5131.7998046875,0
2010-03-15,5128.89990234375,5128.89990234375,5151.0498046875,5101.2001953125,5134.4501953125,0
2010-03-16,5198.10009765625,5198.10009765625,5209.25,5125.7001953125,5128.9501953125,0
2010-03-17,5231.89990234375,5231.89990234375,5260.5,5177.14990234375,5198.4501953125,0
2010-03-18,5245.89990234375,5245.89990234375,5255.64990234375,5214.39990234375,5232.5498046875,0
2010-03-19,5262.7998046875,5262.7998046875,5269.9501953125,5237.10009765625,5246.7998046875,0
2010-03-22,5205.2001953125,5205.2001953125,5260.9501953125,5187.0498046875,5260.9501953125,0
2010-03-23,5225.2998046875,5225.2998046875,5243.60009765625,5193.39990234375,5205.85009765625,0
2010-03-25,5260.39990234375,5260.39990234375,5267.2998046875,5202.9501953125,5225.2998046875,0
2010-03-26,5282.0,5282.0,5293.75,5260.5498046875,5260.5498046875,0
2010-03-29,5302.85009765625,5302.85009765625,5329.5498046875,5242.14990234375,5283.89990234375,0
2010-03-30,5262.4501953125,5262.4501953125,5325.0,5251.35009765625,5302.9501953125,0
2010-03-31,5249.10009765625,5249.10009765625,5293.89990234375,5235.14990234375,5260.39990234375,0
2010-04-01,5290.5,5290.5,5298.60009765625,5249.2001953125,5249.2001953125,0
2010-04-05,5368.39990234375,5368.39990234375,5377.5498046875,5291.39990234375,5291.39990234375,0
2010-04-06,5366.0,5366.0,5388.64990234375,5351.7001953125,5369.64990234375,0
2010-04-07,5374.64990234375,5374.64990234375,5399.64990234375,5345.0498046875,5365.7001953125,0
2010-04-08,5304.4501953125,5304.4501953125,5383.64990234375,5290.25,5376.2998046875,0
2010-04-09,5361.75,5361.75,5377.4501953125,5302.25,5302.39990234375,0
2010-04-12,5339.7001953125,5339.7001953125,5382.14990234375,5324.89990234375,5354.14990234375,0
2010-04-13,5322.9501953125,5322.9501953125,5356.5,5301.7001953125,5340.85009765625,0
2010-04-15,5273.60009765625,5273.60009765625,5373.14990234375,5265.2998046875,5323.2998046875,0
2010-04-16,5262.60009765625,5262.60009765625,5283.0498046875,5237.5498046875,5273.39990234375,0
2010-04-19,5203.64990234375,5203.64990234375,5279.0498046875,5160.89990234375,5279.0498046875,0
2010-04-20,5230.10009765625,5230.10009765625,5257.25,5208.2998046875,5208.2998046875,0
2010-04-21,5244.89990234375,5244.89990234375,5266.2998046875,5230.2998046875,5230.2998046875,0
2010-04-22,5269.35009765625,5269.35009765625,5331.7998046875,5221.10009765625,5248.60009765625,0
2010-04-23,5304.10009765625,5304.10009765625,5311.0498046875,5269.64990234375,5269.64990234375,0
2010-04-26,5322.4501953125,5322.4501953125,5342.35009765625,5299.35009765625,5299.35009765625,0
2010-04-27,5308.35009765625,5308.35009765625,5330.5498046875,5301.39990234375,5322.10009765625,0
2010-04-28,5215.4501953125,5215.4501953125,5308.25,5202.4501953125,5308.2001953125,0
2010-04-29,5254.14990234375,5254.14990234375,5264.75,5214.7998046875,5215.25,0
2010-04-30,5278.0,5278.0,5294.7998046875,5254.2001953125,5254.2001953125,0
2010-05-03,5222.75,5222.75,5278.7001953125,5210.0498046875,5278.39990234375,0
2010-05-04,5148.5,5148.5,5250.14990234375,5134.85009765625,5223.89990234375,0
2010-05-05,5124.89990234375,5124.89990234375,5148.35009765625,5056.5,5148.35009765625,0
2010-05-06,5090.85009765625,5090.85009765625,5124.89990234375,5037.75,5124.39990234375,0
2010-05-07,5018.0498046875,5018.0498046875,5085.64990234375,4984.60009765625,5072.2998046875,0
2010-05-10,5193.60009765625,5193.60009765625,5203.2998046875,5026.60009765625,5026.60009765625,0
2010-05-11,5136.14990234375,5136.14990234375,5206.7001953125,5126.5,5189.75,0
2010-05-12,5156.64990234375,5156.64990234375,5172.85009765625,5098.7998046875,5133.75,0
2010-05-13,5178.89990234375,5178.89990234375,5212.7001953125,5147.9501953125,5157.5498046875,0
2010-05-14,5093.5,5093.5,5192.75,5070.9501953125,5180.5498046875,0
2010-05-17,5059.89990234375,5059.89990234375,5094.5498046875,4966.25,5093.89990234375,0
2010-05-18,5066.2001953125,5066.2001953125,5105.2001953125,5024.25,5059.5498046875,0
2010-05-19,4919.64990234375,4919.64990234375,5065.10009765625,4908.14990234375,5065.10009765625,0
2010-05-20,4947.60009765625,4947.60009765625,4980.25,4924.2998046875,4924.2998046875,0
2010-05-21,4931.14990234375,4931.14990234375,4946.7001953125,4842.2998046875,4946.7001953125,0
2010-05-24,4943.9501953125,4943.9501953125,5029.5498046875,4923.4501953125,4944.2998046875,0
2010-05-25,4806.75,4806.75,4946.60009765625,4786.4501953125,4945.2998046875,0
2010-05-26,4917.39990234375,4917.39990234375,4925.4501953125,4807.2998046875,4807.2998046875,0
2010-05-27,5003.10009765625,5003.10009765625,5016.60009765625,4897.60009765625,4915.14990234375,0
2010-05-28,5066.5498046875,5066.5498046875,5077.25,5005.60009765625,5005.60009765625,0
2010-05-31,5086.2998046875,5086.2998046875,5097.60009765625,5038.5498046875,5076.10009765625,0
2010-06-01,4970.2001953125,4970.2001953125,5086.9501953125,4961.0498046875,5086.25,0
2010-06-02,5019.85009765625,5019.85009765625,5031.2001953125,4967.0498046875,4970.75,0
2010-06-03,5110.5,5110.5,5125.7001953125,5020.14990234375,5020.14990234375,0
2010-06-04,5135.5,5135.5,5147.89990234375,5091.60009765625,5112.60009765625,0
2010-06-07,5034.0,5034.0,5132.9501953125,5004.25,5132.9501953125,0
2010-06-08,4987.10009765625,4987.10009765625,5071.35009765625,4967.2998046875,5036.7001953125,0
2010-06-09,5000.2998046875,5000.2998046875,5050.60009765625,4980.10009765625,4985.0498046875,0
2010-06-10,5078.60009765625,5078.60009765625,5085.2001953125,4997.60009765625,4999.60009765625,0
2010-06-11,5119.35009765625,5119.35009765625,5139.0498046875,5078.75,5078.75,0
2010-06-14,5197.7001953125,5197.7001953125,5201.25,5120.14990234375,5120.14990234375,0
2010-06-15,5222.35009765625,5222.35009765625,5231.4501953125,5171.0498046875,5201.2998046875,0
2010-06-16,5233.35009765625,5233.35009765625,5255.64990234375,5214.89990234375,5225.0498046875,0
2010-06-17,5274.85009765625,5274.85009765625,5285.5498046875,5206.5498046875,5233.64990234375,0
2010-06-18,5262.60009765625,5262.60009765625,5302.2998046875,5245.5,5274.9501953125,0
2010-06-21,5353.2998046875,5353.2998046875,5366.75,5266.5,5266.5,0
2010-06-22,5316.5498046875,5316.5498046875,5354.35009765625,5311.0498046875,5353.9501953125,0
2010-06-23,5323.14990234375,5323.14990234375,5333.2998046875,5288.14990234375,5316.14990234375,0
2010-06-24,5320.60009765625,5320.60009765625,5348.2998046875,5284.5498046875,5323.25,0
2010-06-25,5269.0498046875,5269.0498046875,5320.5,5259.89990234375,5320.5,0
2010-06-28,5333.5,5333.5,5339.4501953125,5270.75,5271.10009765625,0
2010-06-29,5256.14990234375,5256.14990234375,5334.14990234375,5235.7998046875,5333.5498046875,0
2010-06-30,5312.5,5312.5,5320.35009765625,5210.0,5254.25,0
2010-07-01,5251.39990234375,5251.39990234375,5312.5498046875,5232.10009765625,5312.0498046875,0
2010-07-02,5237.10009765625,5237.10009765625,5277.25,5225.60009765625,5251.25,0
2010-07-05,5235.89990234375,5235.89990234375,5252.75,5225.85009765625,5237.0,0
2010-07-06,5289.0498046875,5289.0498046875,5297.4501953125,5231.5,5236.10009765625,0
2010-07-07,5241.10009765625,5241.10009765625,5296.75,5233.4501953125,5293.10009765625,0
2010-07-08,5296.85009765625,5296.85009765625,5320.5,5242.0,5242.0,0
2010-07-09,5352.4501953125,5352.4501953125,5359.0498046875,5297.2001953125,5297.2001953125,0
2010-07-12,5383.0,5383.0,5402.7001953125,5351.60009765625,5352.25,0
2010-07-13,5400.64990234375,5400.64990234375,5406.2001953125,5357.85009765625,5370.2001953125,0
2010-07-14,5386.14990234375,5386.14990234375,5453.4501953125,5371.7001953125,5402.0,0
2010-07-15,5378.75,5378.75,5399.2001953125,5360.60009765625,5387.10009765625,0
2010-07-16,5393.89990234375,5393.89990234375,5401.35009765625,5374.39990234375,5376.64990234375,0
2010-07-19,5386.4501953125,5386.4501953125,5409.10009765625,5361.5,5392.7001953125,0
2010-07-20,5368.0,5368.0,5416.4501953125,5353.60009765625,5387.0,0
2010-07-21,5399.35009765625,5399.35009765625,5409.10009765625,5368.85009765625,5368.85009765625,0
2010-07-22,5441.9501953125,5441.9501953125,5447.14990234375,5372.2001953125,5399.14990234375,0
2010-07-23,5449.10009765625,5449.10009765625,5477.5,5435.14990234375,5441.89990234375,0
2010-07-26,5418.60009765625,5418.60009765625,5466.25,5409.2001953125,5446.5498046875,0
2010-07-27,5430.60009765625,5430.60009765625,5450.9501953125,5407.2001953125,5420.2001953125,0
2010-07-28,5397.5498046875,5397.5498046875,5447.85009765625,5386.25,5436.10009765625,0
2010-07-29,5408.89990234375,5408.89990234375,5415.85009765625,5381.5498046875,5397.85009765625,0
2010-07-30,5367.60009765625,5367.60009765625,5413.25,5349.2001953125,5408.39990234375,0
2010-08-02,5431.64990234375,5431.64990234375,5438.85009765625,5351.2998046875,5369.5498046875,0
2010-08-03,5439.5498046875,5439.5498046875,5459.2001953125,5426.39990234375,5432.5,0
2010-08-04,5467.85009765625,5467.85009765625,5481.89990234375,5428.39990234375,5441.35009765625,0
2010-08-05,5447.10009765625,5447.10009765625,5487.14990234375,5443.10009765625,5470.14990234375,0
2010-08-06,5439.25,5439.25,5471.89990234375,5431.35009765625,5448.25,0
2010-08-09,5486.14990234375,5486.14990234375,5492.2998046875,5433.25,5439.7998046875,0
2010-08-10,5460.7001953125,5460.7001953125,5491.4501953125,5445.35009765625,5486.7998046875,0
2010-08-11,5420.60009765625,5420.60009765625,5474.60009765625,5412.0,5460.7001953125,0
2010-08-12,5416.4501953125,5416.4501953125,5431.10009765625,5372.4501953125,5418.7001953125,0
2010-08-13,5452.10009765625,5452.10009765625,5476.5,5415.5,5420.64990234375,0
2010-08-16,5418.2998046875,5418.2998046875,5465.25,5397.39990234375,5452.10009765625,0
2010-08-17,5414.14990234375,5414.14990234375,5443.5498046875,5408.7998046875,5422.14990234375,0
2010-08-18,5479.14990234375,5479.14990234375,5487.9501953125,5416.25,5416.25,0
2010-08-19,5540.2001953125,5540.2001953125,5544.7001953125,5478.10009765625,5478.25,0
2010-08-20,5530.64990234375,5530.64990234375,5546.60009765625,5513.35009765625,5540.7998046875,0
2010-08-23,5543.5,5543.5,5549.7998046875,5519.39990234375,5531.14990234375,0
2010-08-24,5505.10009765625,5505.10009765625,5547.25,5488.4501953125,5541.10009765625,0
2010-08-25,5462.35009765625,5462.35009765625,5506.14990234375,5452.5498046875,5505.2998046875,0
2010-08-26,5477.89990234375,5477.89990234375,5486.5498046875,5454.7001953125,5462.10009765625,0
2010-08-27,5408.7001953125,5408.7001953125,5495.2001953125,5391.9501953125,5489.60009765625,0
2010-08-30,5415.4501953125,5415.4501953125,5469.0,5390.35009765625,5408.89990234375,0
2010-08-31,5402.39990234375,5402.39990234375,5413.89990234375,5348.89990234375,5413.5498046875,0
2010-09-01,5471.85009765625,5471.85009765625,5478.60009765625,5403.0498046875,5403.0498046875,0
2010-09-02,5486.14990234375,5486.14990234375,5513.9501953125,5471.85009765625,5471.89990234375,0
2010-09-03,5479.39990234375,5479.39990234375,5510.39990234375,5473.64990234375,5486.2998046875,0
2010-09-06,5576.9501953125,5576.9501953125,5589.39990234375,5479.5498046875,5479.5498046875,0
2010-09-07,5604.0,5604.0,5625.5,5571.64990234375,5575.89990234375,0
2010-09-08,5607.85009765625,5607.85009765625,5625.2998046875,5567.75,5604.25,0
2010-09-09,5640.0498046875,5640.0498046875,5647.4501953125,5608.10009765625,5608.2998046875,0
2010-09-13,5760.0,5760.0,5770.60009765625,5639.2001953125,5639.2001953125,0
2010-09-14,5795.5498046875,5795.5498046875,5838.4501953125,5760.2998046875,5760.2998046875,0
2010-09-15,5860.9501953125,5860.9501953125,5869.4501953125,5792.2001953125,5795.25,0
2010-09-16,5828.7001953125,5828.7001953125,5901.64990234375,5815.7998046875,5861.10009765625,0
2010-09-17,5884.9501953125,5884.9501953125,5898.39990234375,5828.7001953125,5828.7001953125,0
2010-09-20,5980.4501953125,5980.4501953125,5989.5,5885.0498046875,5885.0498046875,0
2010-09-21,6009.0498046875,6009.0498046875,6032.7998046875,5961.85009765625,5980.5,0
2010-09-22,5991.0,5991.0,6037.39990234375,5946.4501953125,6008.39990234375,0
2010-09-23,5959.5498046875,5959.5498046875,6006.7998046875,5932.39990234375,5991.0498046875,0
2010-09-24,6018.2998046875,6018.2998046875,6029.10009765625,5951.2001953125,5959.4501953125,0
2010-09-27,6035.64990234375,6035.64990234375,6073.5,6018.2998046875,6018.2998046875,0
2010-09-28,6029.5,6029.5,6049.7998046875,5991.2998046875,6036.0498046875,0
2010-09-29,5991.2998046875,5991.2998046875,6071.5498046875,5979.64990234375,6029.14990234375,0
2010-09-30,6029.9501953125,6029.9501953125,6048.4501953125,5963.60009765625,5991.35009765625,0
2010-10-01,6143.39990234375,6143.39990234375,6153.10009765625,6030.2998046875,6030.2998046875,0
2010-10-04,6159.4501953125,6159.4501953125,6222.10009765625,6144.7001953125,6144.7001953125,0
2010-10-05,6145.7998046875,6145.7998046875,6188.35009765625,6118.0498046875,6159.4501953125,0
2010-10-06,6186.4501953125,6186.4501953125,6223.39990234375,6148.60009765625,6150.9501953125,0
2010-10-07,6120.2998046875,6120.2998046875,6199.4501953125,6107.5,6186.85009765625,0
2010-10-08,6103.4501953125,6103.4501953125,6148.60009765625,6067.0,6121.39990234375,0
2010-10-11,6135.85009765625,6135.85009765625,6187.75,6105.9501953125,6105.9501953125,0
2010-10-12,6090.89990234375,6090.89990234375,6144.9501953125,6057.9501953125,6135.9501953125,0
2010-10-13,6233.89990234375,6233.89990234375,6240.25,6089.75,6091.4501953125,0
2010-10-14,6177.35009765625,6177.35009765625,6284.10009765625,6157.89990234375,6234.2998046875,0
2010-10-15,6062.64990234375,6062.64990234375,6200.60009765625,6050.35009765625,6175.89990234375,0
2010-10-18,6075.9501953125,6075.9501953125,6115.10009765625,5985.10009765625,6112.75,0
2010-10-19,6027.2998046875,6027.2998046875,6127.0498046875,6008.14990234375,6114.4501953125,0
2010-10-20,5982.10009765625,5982.10009765625,6038.10009765625,5966.75,6002.9501953125,0
2010-10-21,6101.5,6101.5,6113.5,5984.89990234375,6008.89990234375,0
2010-10-22,6066.0498046875,6066.0498046875,6121.10009765625,6041.35009765625,6113.39990234375,0
2010-10-25,6105.7998046875,6105.7998046875,6151.2998046875,6094.60009765625,6101.25,0
2010-10-26,6082.0,6082.0,6120.25,6074.64990234375,6116.2998046875,0
2010-10-27,6012.64990234375,6012.64990234375,6075.9501953125,5987.5498046875,6075.4501953125,0
2010-10-28,5987.7001953125,5987.7001953125,6071.10009765625,5968.10009765625,6039.9501953125,0
2010-10-29,6017.7001953125,6017.7001953125,6032.64990234375,5937.10009765625,6021.14990234375,0
2010-11-01,6117.5498046875,6117.5498046875,6132.39990234375,6084.75,6092.2998046875,0
2010-11-02,6119.0,6119.0,6138.10009765625,6094.39990234375,6127.5498046875,0
2010-11-03,6160.5,6160.5,6182.5,6146.7998046875,6150.60009765625,0
2010-11-04,6281.7998046875,6281.7998046875,6290.14990234375,6199.35009765625,6209.60009765625,0
2010-11-08,6273.2001953125,6273.2001953125,6335.89990234375,6265.35009765625,6335.25,0
2010-11-09,6301.5498046875,6301.5498046875,6310.89990234375,6243.5498046875,6281.0,0
2010-11-10,6275.7001953125,6275.7001953125,6307.64990234375,6269.25,6303.2001953125,0
2010-11-11,6194.25,6194.25,6296.5498046875,6179.5,6286.35009765625,0
2010-11-12,6071.64990234375,6071.64990234375,6202.5,6056.75,6182.2998046875,0
2010-11-15,6121.60009765625,6121.60009765625,6128.75,6039.39990234375,6079.89990234375,0
2010-11-16,5988.7001953125,5988.7001953125,6144.0498046875,5970.60009765625,6143.4501953125,0
2010-11-18,5998.7998046875,5998.7998046875,6076.2001953125,5906.75,6075.9501953125,0
2010-11-19,5890.2998046875,5890.2998046875,6013.25,5863.9501953125,6011.2998046875,0
2010-11-22,6010.0,6010.0,6020.25,5905.14990234375,5920.89990234375,0
2010-11-23,5934.75,5934.75,5973.35009765625,5824.9501953125,5971.5498046875,0
2010-11-24,5865.75,5865.75,5976.64990234375,5833.60009765625,5946.7998046875,0
2010-11-25,5799.75,5799.75,5907.10009765625,5780.35009765625,5883.9501953125,0
2010-11-26,5751.9501953125,5751.9501953125,5838.5,5690.35009765625,5828.5498046875,0
2010-11-29,5830.0,5830.0,5843.14990234375,5754.7001953125,5789.9501953125,0
2010-11-30,5862.7001953125,5862.7001953125,5892.25,5768.35009765625,5811.60009765625,0
2010-12-01,5960.89990234375,5960.89990234375,5971.0,5865.5498046875,5871.0,0
2010-12-02,6011.7001953125,6011.7001953125,6029.5,5980.60009765625,6023.0498046875,0
2010-12-03,5992.7998046875,5992.7998046875,6025.39990234375,5964.25,6013.35009765625,0
2010-12-06,5992.25,5992.25,6069.4501953125,5981.7001953125,6033.64990234375,0
2010-12-07,5976.5498046875,5976.5498046875,6001.0,5939.7001953125,5995.0498046875,0
2010-12-08,5903.7001953125,5903.7001953125,5960.0,5878.60009765625,5954.39990234375,0
2010-12-09,5766.5,5766.5,5927.2998046875,5742.2998046875,5924.25,0
2010-12-10,5857.35009765625,5857.35009765625,5865.5,5721.14990234375,5761.0,0
2010-12-13,5907.64990234375,5907.64990234375,5913.7998046875,5795.89990234375,5882.64990234375,0
2010-12-14,5944.10009765625,5944.10009765625,5953.9501953125,5888.75,5928.7001953125,0
2010-12-15,5892.2998046875,5892.2998046875,5942.75,5865.7998046875,5931.14990234375,0
2010-12-16,5948.75,5948.75,5956.14990234375,5855.0498046875,5910.5498046875,0
2010-12-20,5947.0498046875,5947.0498046875,5985.0,5900.25,5926.85009765625,0
2010-12-21,6000.64990234375,6000.64990234375,6007.4501953125,5960.0498046875,5960.39990234375,0
2010-12-22,5984.39990234375,5984.39990234375,6023.7998046875,5958.0,6019.0,0
2010-12-23,5980.0,5980.0,6006.4501953125,5964.60009765625,6005.89990234375,0
2010-12-24,6011.60009765625,6011.60009765625,6017.35009765625,5940.25,5940.25,0
2010-12-27,5998.10009765625,5998.10009765625,6045.75,5991.10009765625,6013.2998046875,0
2010-12-28,5996.0,5996.0,6010.89990234375,5982.25,6005.35009765625,0
2010-12-29,6060.35009765625,6060.35009765625,6067.5498046875,6002.85009765625,6005.14990234375,0
2010-12-30,6101.85009765625,6101.85009765625,6106.39990234375,6062.35009765625,6062.35009765625,0
2010-12-31,6134.5,6134.5,6147.2998046875,6103.5498046875,6105.10009765625,0
2011-01-03,6157.60009765625,6157.60009765625,6178.5498046875,6147.2001953125,6177.4501953125,0
2011-01-04,6146.35009765625,6146.35009765625,6181.0498046875,6124.39990234375,6172.75,0
2011-01-05,6079.7998046875,6079.7998046875,6141.35009765625,6062.35009765625,6141.35009765625,0
2011-01-06,6048.25,6048.25,6116.14990234375,6022.2998046875,6107.0,0
2011-01-07,5904.60009765625,5904.60009765625,6051.2001953125,5883.60009765625,6030.89990234375,0
2011-01-10,5762.85009765625,5762.85009765625,5907.25,5740.9501953125,5901.2998046875,0
2011-01-11,5754.10009765625,5754.10009765625,5842.60009765625,5698.2001953125,5767.9501953125,0
2011-01-12,5863.25,5863.25,5874.2001953125,5711.2998046875,5800.0498046875,0
2011-01-13,5751.89990234375,5751.89990234375,5857.75,5736.7001953125,5850.75,0
2011-01-14,5654.5498046875,5654.5498046875,5833.64990234375,5639.64990234375,5752.10009765625,0
2011-01-17,5654.75,5654.75,5696.14990234375,5624.14990234375,5648.7998046875,0
2011-01-18,5724.0498046875,5724.0498046875,5730.5,5671.25,5682.5498046875,0
2011-01-19,5691.0498046875,5691.0498046875,5747.64990234375,5662.5498046875,5737.35009765625,0
2011-01-20,5711.60009765625,5711.60009765625,5729.4501953125,5634.5,5656.0,0
2011-01-21,5696.5,5696.5,5717.5498046875,5674.5,5692.0498046875,0
2011-01-24,5743.25,5743.25,5756.0,5697.75,5717.10009765625,0
2011-01-25,5687.39990234375,5687.39990234375,5801.5498046875,5680.64990234375,5763.2998046875,0
2011-01-27,5604.2998046875,5604.2998046875,5726.10009765625,5594.9501953125,5725.2998046875,0
2011-01-28,5512.14990234375,5512.14990234375,5614.39990234375,5459.5498046875,5614.0,0
2011-01-31,5505.89990234375,5505.89990234375,5526.85009765625,5416.64990234375,5452.5498046875,0
2011-02-01,5417.2001953125,5417.2001953125,5539.14990234375,5402.0,5537.2998046875,0
2011-02-02,5432.0,5432.0,5490.60009765625,5415.64990234375,5469.5498046875,0
2011-02-03,5526.75,5526.75,5532.64990234375,5418.0,5430.4501953125,0
2011-02-04,5395.75,5395.75,5556.2998046875,5369.0498046875,5519.89990234375,0
2011-02-07,5396.0,5396.0,5440.35009765625,5376.9501953125,5430.14990234375,0
2011-02-08,5312.5498046875,5312.5498046875,5432.35009765625,5303.39990234375,5432.35009765625,0
2011-02-09,5253.5498046875,5253.5498046875,5339.4501953125,5225.64990234375,5293.0498046875,0
2011-02-10,5225.7998046875,5225.7998046875,5272.60009765625,5196.7998046875,5246.0498046875,0
2011-02-11,5310.0,5310.0,5319.4501953125,5177.7001953125,5219.64990234375,0
2011-02-14,5456.0,5456.0,5463.7998046875,5340.25,5340.25,0
2011-02-15,5481.0,5481.0,5506.5,5408.35009765625,5467.75,0
2011-02-16,5481.7001953125,5481.7001953125,5504.7998046875,5460.35009765625,5467.60009765625,0
2011-02-17,5546.4501953125,5546.4501953125,5553.0,5463.39990234375,5501.7001953125,0
2011-02-18,5458.9501953125,5458.9501953125,5599.25,5441.9501953125,5557.5498046875,0
2011-02-21,5518.60009765625,5518.60009765625,5526.25,5413.10009765625,5456.60009765625,0
2011-02-22,5469.2001953125,5469.2001953125,5519.4501953125,5437.2998046875,5504.39990234375,0
2011-02-23,5437.35009765625,5437.35009765625,5495.2001953125,5427.5498046875,5452.4501953125,0
2011-02-24,5262.7001953125,5262.7001953125,5423.39990234375,5242.5,5408.75,0
2011-02-25,5303.5498046875,5303.5498046875,5338.2001953125,5232.75,5321.0498046875,0
2011-02-28,5333.25,5333.25,5477.0,5308.60009765625,5330.14990234375,0
2011-03-01,5522.2998046875,5522.2998046875,5533.0498046875,5373.5498046875,5382.0,0
2011-03-03,5536.2001953125,5536.2001953125,5570.75,5468.25,5478.4501953125,0
2011-03-04,5538.75,5538.75,5608.2001953125,5524.10009765625,5586.2001953125,0
2011-03-07,5463.14990234375,5463.14990234375,5491.25,5408.4501953125,5490.0498046875,0
2011-03-08,5520.7998046875,5520.7998046875,5530.5498046875,5464.75,5466.10009765625,0
2011-03-09,5531.0,5531.0,5563.2998046875,5477.4501953125,5542.39990234375,0
2011-03-10,5494.39990234375,5494.39990234375,5516.2998046875,5468.4501953125,5516.10009765625,0
2011-03-11,5445.4501953125,5445.4501953125,5502.7001953125,5411.5498046875,5456.14990234375,0
2011-03-14,5531.5,5531.5,5537.2998046875,5434.25,5436.5,0
2011-03-15,5449.64990234375,5449.64990234375,5497.85009765625,5373.64990234375,5420.0,0
2011-03-16,5511.14990234375,5511.14990234375,5535.10009765625,5475.9501953125,5475.9501953125,0
2011-03-17,5446.64990234375,5446.64990234375,5510.0498046875,5435.2998046875,5455.39990234375,0
2011-03-18,5373.7001953125,5373.7001953125,5483.0498046875,5366.39990234375,5475.35009765625,0
2011-03-21,5364.75,5364.75,5413.2998046875,5348.2001953125,5408.75,0
2011-03-22,5413.85009765625,5413.85009765625,5428.14990234375,5376.14990234375,5390.85009765625,0
2011-03-23,5480.25,5480.25,5484.9501953125,5401.9501953125,5411.39990234375,0
2011-03-24,5522.39990234375,5522.39990234375,5529.0,5496.10009765625,5501.7998046875,0
2011-03-25,5654.25,5654.25,5667.10009765625,5560.9501953125,5588.64990234375,0
2011-03-28,5687.25,5687.25,5709.10009765625,5643.2001953125,5645.25,0
2011-03-29,5736.35009765625,5736.35009765625,5770.35009765625,5680.7001953125,5686.5,0
2011-03-30,5787.64990234375,5787.64990234375,5803.14990234375,5753.89990234375,5755.7998046875,0
2011-03-31,5833.75,5833.75,5872.0,5778.64990234375,5803.0498046875,0
2011-04-01,5826.0498046875,5826.0498046875,5860.2001953125,5810.39990234375,5835.0,0
2011-04-04,5908.4501953125,5908.4501953125,5918.7001953125,5833.2001953125,5842.0,0
2011-04-05,5910.0498046875,5910.0498046875,5928.64990234375,5855.85009765625,5923.85009765625,0
2011-04-06,5891.75,5891.75,5944.4501953125,5868.7998046875,5908.0,0
2011-04-07,5885.7001953125,5885.7001953125,5906.10009765625,5866.25,5888.5498046875,0
2011-04-08,5842.0,5842.0,5926.9501953125,5822.0,5886.75,0
2011-04-11,5785.7001953125,5785.7001953125,5830.2998046875,5777.89990234375,5805.35009765625,0
2011-04-13,5911.5,5911.5,5923.60009765625,5735.5498046875,5747.9501953125,0
2011-04-15,5824.5498046875,5824.5498046875,5907.35009765625,5806.4501953125,5898.75,0
2011-04-18,5729.10009765625,5729.10009765625,5897.89990234375,5722.25,5824.35009765625,0
2011-04-19,5740.75,5740.75,5762.9501953125,5693.25,5716.0,0
2011-04-20,5851.64990234375,5851.64990234375,5857.35009765625,5759.64990234375,5786.0498046875,0
2011-04-21,5884.7001953125,5884.7001953125,5912.89990234375,5864.35009765625,5882.85009765625,0
2011-04-25,5874.5,5874.5,5906.60009765625,5857.0,5859.60009765625,0
2011-04-26,5868.39990234375,5868.39990234375,5893.2001953125,5791.5498046875,5876.85009765625,0
2011-04-27,5833.89990234375,5833.89990234375,5892.35009765625,5819.9501953125,5884.2001953125,0
2011-04-28,5785.4501953125,5785.4501953125,5856.39990234375,5776.9501953125,5851.35009765625,0
2011-04-29,5749.5,5749.5,5804.2998046875,5706.0498046875,5782.5,0
2011-05-02,5701.2998046875,5701.2998046875,5775.25,5687.7001953125,5766.89990234375,0
2011-05-03,5565.25,5565.25,5710.7998046875,5554.85009765625,5689.7001953125,0
2011-05-04,5537.14990234375,5537.14990234375,5578.7998046875,5503.0,5567.7001953125,0
2011-05-05,5459.85009765625,5459.85009765625,5560.2998046875,5443.64990234375,5531.60009765625,0
2011-05-06,5551.4501953125,5551.4501953125,5564.39990234375,5472.4501953125,5477.64990234375,0
2011-05-09,5551.10009765625,5551.10009765625,5586.0498046875,5502.39990234375,5575.2001953125,0
2011-05-10,5541.25,5541.25,5592.89990234375,5514.5498046875,5555.5498046875,0
2011-05-11,5565.0498046875,5565.0498046875,5574.7001953125,5525.0,5547.2001953125,0
2011-05-12,5486.14990234375,5486.14990234375,5572.5,5476.2998046875,5537.7998046875,0
2011-05-13,5544.75,5544.75,5605.0,5472.14990234375,5492.35009765625,0
2011-05-16,5499.0,5499.0,5541.7998046875,5487.64990234375,5541.7001953125,0
2011-05-17,5438.9501953125,5438.9501953125,5523.85009765625,5421.0498046875,5496.10009765625,0
2011-05-18,5420.60009765625,5420.60009765625,5460.5,5401.25,5448.2001953125,0
2011-05-19,5428.10009765625,5428.10009765625,5452.60009765625,5411.25,5448.14990234375,0
2011-05-20,5486.35009765625,5486.35009765625,5517.5498046875,5432.75,5450.64990234375,0
2011-05-23,5386.5498046875,5386.5498046875,5456.7001953125,5373.0,5456.7001953125,0
2011-05-24,5394.85009765625,5394.85009765625,5422.60009765625,5367.4501953125,5385.10009765625,0
2011-05-25,5348.9501953125,5348.9501953125,5389.10009765625,5328.7001953125,5389.10009765625,0
2011-05-26,5412.35009765625,5412.35009765625,5422.2001953125,5356.35009765625,5372.75,0
2011-05-27,5476.10009765625,5476.10009765625,5485.7998046875,5413.60009765625,5413.7001953125,0
2011-05-30,5473.10009765625,5473.10009765625,5509.2998046875,5458.60009765625,5493.75,0
2011-06-01,5592.0,5592.0,5597.35009765625,5559.4501953125,5561.0498046875,0
2011-06-02,5550.35009765625,5550.35009765625,5568.2001953125,5521.9501953125,5529.89990234375,0
2011-06-03,5516.75,5516.75,5604.9501953125,5507.2001953125,5565.7001953125,0
2011-06-06,5532.0498046875,5532.0498046875,5542.64990234375,5479.85009765625,5504.2998046875,0
2011-06-07,5556.14990234375,5556.14990234375,5570.10009765625,5507.7998046875,5509.14990234375,0
2011-06-08,5526.85009765625,5526.85009765625,5556.60009765625,5514.89990234375,5535.25,0
2011-06-09,5521.0498046875,5521.0498046875,5540.10009765625,5502.0498046875,5523.5498046875,0
2011-06-10,5485.7998046875,5485.7998046875,5521.4501953125,5457.4501953125,5518.0498046875,0
2011-06-13,5482.7998046875,5482.7998046875,5496.7001953125,5436.9501953125,5469.85009765625,0
2011-06-14,5500.5,5500.5,5520.14990234375,5484.2001953125,5485.60009765625,0
2011-06-15,5447.5,5447.5,5499.35009765625,5438.9501953125,5494.4501953125,0
2011-06-16,5396.75,5396.75,5447.5,5389.7998046875,5419.64990234375,0
2011-06-17,5366.39990234375,5366.39990234375,5421.14990234375,5355.85009765625,5412.5,0
2011-06-20,5257.89990234375,5257.89990234375,5377.39990234375,5195.89990234375,5372.2001953125,0
2011-06-21,5275.85009765625,5275.85009765625,5322.4501953125,5257.0,5280.7998046875,0
2011-06-22,5278.2998046875,5278.2998046875,5310.5,5262.5,5304.64990234375,0
2011-06-23,5320.0,5320.0,5330.60009765625,5252.25,5269.10009765625,0
2011-06-24,5471.25,5471.25,5477.85009765625,5343.39990234375,5343.39990234375,0
2011-06-27,5526.60009765625,5526.60009765625,5552.64990234375,5434.25,5441.2001953125,0
2011-06-28,5545.2998046875,5545.2998046875,5558.2998046875,5496.35009765625,5548.85009765625,0
2011-06-29,5600.4501953125,5600.4501953125,5608.64990234375,5566.5,5566.5,0
2011-06-30,5647.39990234375,5647.39990234375,5657.89990234375,5606.10009765625,5614.5,0
2011-07-01,5627.2001953125,5627.2001953125,5705.7998046875,5609.75,5705.75,0
2011-07-04,5650.5,5650.5,5679.64990234375,5633.10009765625,5679.5498046875,0
2011-07-05,5632.10009765625,5632.10009765625,5659.85009765625,5612.2998046875,5659.85009765625,0
2011-07-06,5625.4501953125,5625.4501953125,5655.39990234375,5610.75,5622.7001953125,0
2011-07-07,5728.9501953125,5728.9501953125,5737.14990234375,5632.9501953125,5633.35009765625,0
2011-07-08,5660.64990234375,5660.64990234375,5740.39990234375,5651.0498046875,5734.64990234375,0
2011-07-11,5616.10009765625,5616.10009765625,5652.89990234375,5601.7001953125,5648.0498046875,0
2011-07-12,5526.14990234375,5526.14990234375,5580.25,5496.9501953125,5556.89990234375,0
2011-07-13,5585.4501953125,5585.4501953125,5596.14990234375,5541.39990234375,5542.0498046875,0
2011-07-15,5581.10009765625,5581.10009765625,5631.7001953125,5562.75,5602.9501953125,0
2011-07-18,5567.0498046875,5567.0498046875,5596.60009765625,5550.9501953125,5581.75,0
2011-07-19,5613.5498046875,5613.5498046875,5627.64990234375,5557.2001953125,5569.85009765625,0
2011-07-20,5567.0498046875,5567.0498046875,5645.39990234375,5555.10009765625,5642.0498046875,0
2011-07-21,5541.60009765625,5541.60009765625,5578.89990234375,5532.7001953125,5554.60009765625,0
2011-07-22,5633.9501953125,5633.9501953125,5642.2001953125,5567.10009765625,5576.9501953125,0
2011-07-25,5680.2998046875,5680.2998046875,5700.5498046875,5616.7001953125,5633.7998046875,0
2011-07-26,5574.85009765625,5574.85009765625,5702.25,5560.14990234375,5688.4501953125,0
2011-07-27,5546.7998046875,5546.7998046875,5591.7001953125,5521.5,5588.5498046875,0
2011-07-28,5487.75,5487.75,5512.10009765625,5475.64990234375,5492.39990234375,0
2011-07-29,5482.0,5482.0,5520.2998046875,5453.9501953125,5479.0,0
2011-08-01,5516.7998046875,5516.7998046875,5551.89990234375,5486.4501953125,5527.5,0
2011-08-02,5456.5498046875,5456.5498046875,5496.2998046875,5433.64990234375,5493.2001953125,0
2011-08-03,5404.7998046875,5404.7998046875,5422.60009765625,5378.85009765625,5402.0,0
2011-08-04,5331.7998046875,5331.7998046875,5434.5,5323.14990234375,5412.39990234375,0
2011-08-05,5211.25,5211.25,5229.64990234375,5116.4501953125,5204.35009765625,0
2011-08-08,5118.5,5118.5,5204.2001953125,5054.0498046875,5083.85009765625,0
2011-08-09,5072.85009765625,5072.85009765625,5167.0,4946.4501953125,4947.89990234375,0
2011-08-10,5161.0,5161.0,5197.9501953125,5123.35009765625,5196.5498046875,0
2011-08-11,5138.2998046875,5138.2998046875,5184.9501953125,5121.0,5128.0,0
2011-08-12,5072.9501953125,5072.9501953125,5194.4501953125,5053.35009765625,5194.39990234375,0
2011-08-16,5035.7998046875,5035.7998046875,5132.2001953125,5015.39990234375,5125.75,0
2011-08-17,5056.60009765625,5056.60009765625,5112.14990234375,5017.25,5030.2998046875,0
2011-08-18,4944.14990234375,4944.14990234375,5078.60009765625,4932.14990234375,5077.9501953125,0
2011-08-19,4845.64990234375,4845.64990234375,4893.60009765625,4796.10009765625,4859.2998046875,0
2011-08-22,4898.7998046875,4898.7998046875,4910.0498046875,4808.75,4843.7001953125,0
2011-08-23,4948.89990234375,4948.89990234375,4965.7998046875,4863.7998046875,4925.14990234375,0
2011-08-24,4888.89990234375,4888.89990234375,4962.39990234375,4875.2998046875,4934.35009765625,0
2011-08-25,4839.60009765625,4839.60009765625,4915.85009765625,4825.0498046875,4914.64990234375,0
2011-08-26,4747.7998046875,4747.7998046875,4872.0,4720.0,4839.25,0
2011-08-29,4919.60009765625,4919.60009765625,4934.39990234375,4806.0498046875,4806.2001953125,0
2011-08-30,5001.0,5001.0,5016.25,4927.5498046875,4973.25,0
2011-09-02,5040.0,5040.0,5113.7001953125,4993.35009765625,5109.7998046875,0
2011-09-05,5017.2001953125,5017.2001953125,5030.2998046875,4964.4501953125,4998.89990234375,0
2011-09-06,5064.2998046875,5064.2998046875,5072.89990234375,4942.89990234375,4993.35009765625,0
2011-09-07,5124.64990234375,5124.64990234375,5154.5,5076.2998046875,5080.14990234375,0
2011-09-08,5153.25,5153.25,5169.25,5098.25,5139.2001953125,0
2011-09-09,5059.4501953125,5059.4501953125,5163.75,5046.7998046875,5161.2998046875,0
2011-09-12,4946.7998046875,4946.7998046875,4985.60009765625,4911.25,4981.7001953125,0
2011-09-13,4940.9501953125,4940.9501953125,5030.14990234375,4911.0498046875,4977.7998046875,0
2011-09-14,5012.5498046875,5012.5498046875,5026.14990234375,4917.39990234375,4965.0498046875,0
2011-09-15,5075.7001953125,5075.7001953125,5091.4501953125,4967.4501953125,5062.35009765625,0
2011-09-16,5084.25,5084.25,5143.60009765625,5068.10009765625,5123.35009765625,0
2011-09-19,5031.9501953125,5031.9501953125,5068.39990234375,5019.25,5068.39990234375,0
2011-09-20,5140.2001953125,5140.2001953125,5149.89990234375,5035.25,5042.5498046875,0
2011-09-21,5133.25,5133.25,5168.39990234375,5109.85009765625,5153.75,0
2011-09-22,4923.64990234375,4923.64990234375,5059.85009765625,4907.75,5054.4501953125,0
2011-09-23,4867.75,4867.75,4930.25,4829.60009765625,4873.75,0
2011-09-26,4835.39990234375,4835.39990234375,4879.7998046875,4758.85009765625,4878.60009765625,0
2011-09-27,4971.25,4971.25,4982.9501953125,4905.14990234375,4905.14990234375,0
2011-09-28,4945.89990234375,4945.89990234375,5006.0498046875,4918.4501953125,5005.5,0
2011-09-29,5015.4501953125,5015.4501953125,5034.25,4906.0,4924.2001953125,0
2011-09-30,4943.25,4943.25,5025.5498046875,4924.2998046875,4990.14990234375,0
2011-10-03,4849.5,4849.5,4879.14990234375,4823.89990234375,4874.39990234375,0
2011-10-04,4772.14990234375,4772.14990234375,4869.75,4728.2998046875,4823.5,0
2011-10-05,4751.2998046875,4751.2998046875,4827.7998046875,4741.0,4791.2998046875,0
2011-10-07,4888.0498046875,4888.0498046875,4922.60009765625,4861.2001953125,4883.64990234375,0
2011-10-10,4979.60009765625,4979.60009765625,4991.14990234375,4882.0498046875,4886.85009765625,0
2011-10-11,4974.35009765625,4974.35009765625,5045.10009765625,4964.0,5019.89990234375,0
2011-10-12,5099.39990234375,5099.39990234375,5109.7998046875,4997.64990234375,5011.2001953125,0
2011-10-13,5077.85009765625,5077.85009765625,5136.9501953125,5067.64990234375,5130.7998046875,0
2011-10-14,5132.2998046875,5132.2998046875,5141.39990234375,5056.60009765625,5057.35009765625,0
2011-10-17,5118.25,5118.25,5160.2001953125,5084.5,5156.2001953125,0
2011-10-18,5037.5,5037.5,5057.5,5011.0498046875,5049.4501953125,0
2011-10-19,5139.14990234375,5139.14990234375,5148.0498046875,5075.2998046875,5080.4501953125,0
2011-10-20,5091.89990234375,5091.89990234375,5099.0,5033.9501953125,5086.5498046875,0
2011-10-21,5049.9501953125,5049.9501953125,5120.75,5037.9501953125,5106.60009765625,0
2011-10-24,5098.35009765625,5098.35009765625,5145.64990234375,5084.75,5114.7001953125,0
2011-10-25,5191.60009765625,5191.60009765625,5211.0,5085.5498046875,5137.89990234375,0
2011-10-28,5360.7001953125,5360.7001953125,5399.7001953125,5322.7998046875,5341.89990234375,0
2011-10-31,5326.60009765625,5326.60009765625,5360.25,5314.60009765625,5358.89990234375,0
2011-11-01,5257.9501953125,5257.9501953125,5310.85009765625,5238.2998046875,5278.60009765625,0
2011-11-02,5258.4501953125,5258.4501953125,5300.10009765625,5204.9501953125,5216.75,0
2011-11-03,5265.75,5265.75,5281.60009765625,5201.85009765625,5241.5498046875,0
2011-11-04,5284.2001953125,5284.2001953125,5326.4501953125,5256.7998046875,5325.39990234375,0
2011-11-08,5289.35009765625,5289.35009765625,5304.25,5252.0,5292.25,0
2011-11-09,5221.0498046875,5221.0498046875,5317.5,5211.75,5309.7001953125,0
2011-11-11,5168.85009765625,5168.85009765625,5198.60009765625,5142.25,5159.75,0
2011-11-14,5148.35009765625,5148.35009765625,5228.89990234375,5140.5498046875,5217.35009765625,0
2011-11-15,5068.5,5068.5,5158.75,5052.85009765625,5131.2001953125,0
2011-11-16,5030.4501953125,5030.4501953125,5065.2001953125,4989.5,5059.10009765625,0
2011-11-17,4934.75,4934.75,5036.7998046875,4919.4501953125,5027.10009765625,0
2011-11-18,4905.7998046875,4905.7998046875,4915.89990234375,4837.9501953125,4899.14990234375,0
2011-11-21,4778.35009765625,4778.35009765625,4873.7998046875,4764.7998046875,4873.7998046875,0
2011-11-22,4812.35009765625,4812.35009765625,4854.0,4782.5498046875,4794.85009765625,0
2011-11-23,4706.4501953125,4706.4501953125,4779.5,4640.9501953125,4779.5,0
2011-11-25,4710.0498046875,4710.0498046875,4767.2998046875,4693.10009765625,4731.2998046875,0
2011-11-28,4851.2998046875,4851.2998046875,4859.10009765625,4766.39990234375,4769.2998046875,0
2011-11-29,4805.10009765625,4805.10009765625,4866.10009765625,4787.10009765625,4864.2001953125,0
2011-11-30,4832.0498046875,4832.0498046875,4851.5498046875,4754.7998046875,4766.14990234375,0
2011-12-01,4936.85009765625,4936.85009765625,5011.89990234375,4916.7001953125,4970.85009765625,0
2011-12-02,5050.14990234375,5050.14990234375,5062.5498046875,4918.39990234375,4940.85009765625,0
2011-12-05,5039.14990234375,5039.14990234375,5055.39990234375,5002.5498046875,5036.5,0
2011-12-07,5062.60009765625,5062.60009765625,5099.25,5032.25,5050.10009765625,0
2011-12-08,4943.64990234375,4943.64990234375,5049.0498046875,4921.4501953125,5037.39990234375,0
2011-12-09,4866.7001953125,4866.7001953125,4918.35009765625,4841.75,4870.75,0
2011-12-12,4764.60009765625,4764.60009765625,4910.25,4755.5498046875,4906.85009765625,0
2011-12-13,4800.60009765625,4800.60009765625,4824.7001953125,4728.5,4733.60009765625,0
2011-12-14,4763.25,4763.25,4839.5498046875,4750.39990234375,4788.7001953125,0
2011-12-15,4746.35009765625,4746.35009765625,4768.64990234375,4673.85009765625,4712.7998046875,0
2011-12-16,4651.60009765625,4651.60009765625,4818.85009765625,4628.2001953125,4752.5,0
2011-12-19,4613.10009765625,4613.10009765625,4623.14990234375,4555.89990234375,4623.14990234375,0
2011-12-20,4544.2001953125,4544.2001953125,4637.25,4531.14990234375,4635.7998046875,0
2011-12-21,4693.14990234375,4693.14990234375,4707.35009765625,4601.9501953125,4636.4501953125,0
2011-12-22,4733.85009765625,4733.85009765625,4740.60009765625,4632.9501953125,4636.89990234375,0
2011-12-23,4714.0,4714.0,4763.4501953125,4693.2001953125,4763.2001953125,0
2011-12-27,4750.5,4750.5,4800.5,4723.64990234375,4780.2001953125,0
2011-12-28,4705.7998046875,4705.7998046875,4756.2001953125,4685.64990234375,4756.2001953125,0
2011-12-29,4646.25,4646.25,4701.7998046875,4639.0498046875,4681.14990234375,0
2011-12-30,4624.2998046875,4624.2998046875,4690.4501953125,4608.89990234375,4659.9501953125,0
2012-01-03,4765.2998046875,4765.2998046875,4773.10009765625,4675.7998046875,4675.7998046875,0
2012-01-04,4749.64990234375,4749.64990234375,4782.85009765625,4728.85009765625,4774.9501953125,0
2012-01-05,4749.9501953125,4749.9501953125,4779.7998046875,4730.14990234375,4749.0,0
2012-01-06,4754.10009765625,4754.10009765625,4794.89990234375,4686.85009765625,4724.14990234375,0
2012-01-09,4742.7998046875,4742.7998046875,4758.7001953125,4695.4501953125,4747.5498046875,0
2012-01-10,4849.5498046875,4849.5498046875,4855.89990234375,4768.25,4771.85009765625,0
2012-01-11,4860.9501953125,4860.9501953125,4877.2001953125,4841.60009765625,4863.14990234375,0
2012-01-12,4831.25,4831.25,4869.2001953125,4803.89990234375,4840.9501953125,0
2012-01-13,4866.0,4866.0,4898.85009765625,4834.2001953125,4861.9501953125,0
2012-01-16,4873.89990234375,4873.89990234375,4880.7998046875,4827.0498046875,4844.0,0
2012-01-17,4967.2998046875,4967.2998046875,4975.5498046875,4904.0,4904.5,0
2012-01-18,4955.7998046875,4955.7998046875,4980.64990234375,4931.0498046875,4977.75,0
2012-01-19,5018.39990234375,5018.39990234375,5023.7998046875,4991.39990234375,4995.0,0
2012-01-20,5048.60009765625,5048.60009765625,5064.14990234375,5004.2998046875,5044.85009765625,0
2012-01-23,5046.25,5046.25,5059.5498046875,5021.35009765625,5025.35009765625,0
2012-01-24,5127.35009765625,5127.35009765625,5141.0498046875,5049.7998046875,5064.7998046875,0
2012-01-25,5158.2998046875,5158.2998046875,5174.14990234375,5130.25,5151.5,0
2012-01-27,5204.7001953125,5204.7001953125,5217.0,5162.39990234375,5216.75,0
2012-01-30,5087.2998046875,5087.2998046875,5166.14990234375,5076.7001953125,5163.5498046875,0
2012-01-31,5199.25,5199.25,5215.39990234375,5120.14990234375,5125.25,0
2012-02-01,5235.7001953125,5235.7001953125,5244.60009765625,5159.0,5198.14990234375,0
2012-02-02,5269.89990234375,5269.89990234375,5289.9501953125,5225.75,5272.10009765625,0
2012-02-03,5325.85009765625,5325.85009765625,5334.85009765625,5255.5498046875,5276.10009765625,0
2012-02-06,5361.64990234375,5361.64990234375,5390.0498046875,5327.25,5379.4501953125,0
2012-02-07,5335.14990234375,5335.14990234375,5413.35009765625,5322.9501953125,5412.9501953125,0
2012-02-08,5368.14990234375,5368.14990234375,5396.89990234375,5325.2001953125,5343.7998046875,0
2012-02-09,5412.35009765625,5412.35009765625,5423.39990234375,5338.89990234375,5343.0498046875,0
2012-02-10,5381.60009765625,5381.60009765625,5427.75,5341.0498046875,5399.7998046875,0
2012-02-13,5390.2001953125,5390.2001953125,5421.0498046875,5351.39990234375,5382.10009765625,0
2012-02-14,5416.0498046875,5416.0498046875,5428.0498046875,5377.9501953125,5380.7998046875,0
2012-02-15,5531.9501953125,5531.9501953125,5542.10009765625,5460.60009765625,5460.60009765625,0
2012-02-16,5521.9501953125,5521.9501953125,5531.39990234375,5483.75,5513.75,0
2012-02-17,5564.2998046875,5564.2998046875,5606.7001953125,5545.2001953125,5574.2001953125,0
2012-02-21,5607.14990234375,5607.14990234375,5621.5,5561.75,5561.89990234375,0
2012-02-22,5505.35009765625,5505.35009765625,5629.9501953125,5491.35009765625,5609.75,0
2012-02-23,5483.2998046875,5483.2998046875,5537.39990234375,5460.7998046875,5490.0498046875,0
2012-02-24,5429.2998046875,5429.2998046875,5521.39990234375,5405.89990234375,5479.14990234375,0
2012-02-27,5281.2001953125,5281.2001953125,5449.7998046875,5268.14990234375,5448.10009765625,0
2012-02-28,5375.5,5375.5,5391.10009765625,5306.4501953125,5310.5,0
2012-02-29,5385.2001953125,5385.2001953125,5458.7998046875,5352.25,5424.9501953125,0
2012-03-01,5339.75,5339.75,5372.4501953125,5297.5,5366.0,0
2012-03-02,5359.35009765625,5359.35009765625,5392.5498046875,5315.0498046875,5369.4501953125,0
2012-03-05,5280.35009765625,5280.35009765625,5344.5,5265.7001953125,5342.5498046875,0
2012-03-06,5222.39990234375,5222.39990234375,5382.0498046875,5206.39990234375,5266.0,0
2012-03-07,5220.4501953125,5220.4501953125,5243.85009765625,5171.4501953125,5207.0498046875,0
2012-03-09,5333.5498046875,5333.5498046875,5342.2998046875,5291.60009765625,5294.10009765625,0
2012-03-12,5359.5498046875,5359.5498046875,5421.89990234375,5327.2998046875,5420.10009765625,0
2012-03-13,5429.5,5429.5,5438.64990234375,5390.7998046875,5391.0498046875,0
2012-03-14,5463.89990234375,5463.89990234375,5499.39990234375,5437.7998046875,5490.5498046875,0
2012-03-15,5380.5,5380.5,5462.5,5362.2998046875,5462.5,0
2012-03-16,5317.89990234375,5317.89990234375,5445.64990234375,5305.0,5380.35009765625,0
2012-03-19,5257.0498046875,5257.0498046875,5340.7001953125,5238.5498046875,5337.35009765625,0
2012-03-20,5274.85009765625,5274.85009765625,5297.35009765625,5233.25,5257.14990234375,0
2012-03-21,5364.9501953125,5364.9501953125,5372.35009765625,5256.0,5267.2001953125,0
2012-03-22,5228.4501953125,5228.4501953125,5385.9501953125,5205.64990234375,5361.10009765625,0
2012-03-23,5278.2001953125,5278.2001953125,5312.0,5220.0,5255.64990234375,0
2012-03-26,5184.25,5184.25,5274.9501953125,5174.89990234375,5274.35009765625,0
2012-03-27,5243.14990234375,5243.14990234375,5277.9501953125,5184.64990234375,5242.9501953125,0
2012-03-28,5194.75,5194.75,5236.5498046875,5169.60009765625,5231.7001953125,0
2012-03-29,5178.85009765625,5178.85009765625,5194.2998046875,5135.9501953125,5145.9501953125,0
2012-03-30,5295.5498046875,5295.5498046875,5307.10009765625,5203.64990234375,5206.60009765625,0
2012-04-02,5317.89990234375,5317.89990234375,5331.5498046875,5278.7998046875,5296.35009765625,0
2012-04-03,5358.5,5358.5,5378.75,5344.4501953125,5353.2001953125,0
2012-04-04,5322.89990234375,5322.89990234375,5338.39990234375,5305.2998046875,5328.64990234375,0
2012-04-09,5234.39990234375,5234.39990234375,5287.89990234375,5228.0,5282.5,0
2012-04-10,5243.60009765625,5243.60009765625,5255.7998046875,5211.85009765625,5254.10009765625,0
2012-04-11,5226.85009765625,5226.85009765625,5263.64990234375,5190.7998046875,5209.4501953125,0
2012-04-12,5276.85009765625,5276.85009765625,5290.60009765625,5246.75,5246.75,0
2012-04-13,5207.4501953125,5207.4501953125,5306.75,5185.39990234375,5255.7001953125,0
2012-04-16,5226.2001953125,5226.2001953125,5233.5,5183.5,5190.60009765625,0
2012-04-17,5289.7001953125,5289.7001953125,5298.2001953125,5208.35009765625,5266.60009765625,0
2012-04-18,5300.0,5300.0,5342.0,5293.4501953125,5320.7001953125,0
2012-04-19,5332.39990234375,5332.39990234375,5342.4501953125,5291.2998046875,5320.60009765625,0
2012-04-20,5290.85009765625,5290.85009765625,5336.14990234375,5245.4501953125,5313.9501953125,0
2012-04-23,5200.60009765625,5200.60009765625,5310.5498046875,5187.14990234375,5277.39990234375,0
2012-04-24,5222.64990234375,5222.64990234375,5232.35009765625,5180.35009765625,5215.89990234375,0
2012-04-25,5202.0,5202.0,5236.10009765625,5160.64990234375,5222.2001953125,0
2012-04-26,5189.0,5189.0,5215.60009765625,5179.0498046875,5214.75,0
2012-04-27,5190.60009765625,5190.60009765625,5223.0498046875,5154.2998046875,5189.0,0
2012-04-30,5248.14990234375,5248.14990234375,5262.14990234375,5201.4501953125,5201.4501953125,0
2012-05-02,5239.14990234375,5239.14990234375,5279.60009765625,5226.4501953125,5254.2998046875,0
2012-05-03,5188.39990234375,5188.39990234375,5217.2998046875,5180.64990234375,5211.2001953125,0
2012-05-04,5086.85009765625,5086.85009765625,5177.2001953125,5070.60009765625,5166.64990234375,0
2012-05-07,5114.14990234375,5114.14990234375,5124.75,4988.0,5017.7998046875,0
2012-05-08,4999.9501953125,4999.9501953125,5119.9501953125,4983.60009765625,5114.7001953125,0
2012-05-09,4974.7998046875,4974.7998046875,5016.25,4956.4501953125,4967.89990234375,0
2012-05-10,4965.7001953125,4965.7001953125,5039.2998046875,4950.2998046875,4984.14990234375,0
2012-05-11,4928.89990234375,4928.89990234375,4976.25,4906.14990234375,4938.85009765625,0
2012-05-14,4907.7998046875,4907.7998046875,4957.2001953125,4874.5,4934.35009765625,0
2012-05-15,4942.7998046875,4942.7998046875,4955.2001953125,4868.5498046875,4869.85009765625,0
2012-05-16,4858.25,4858.25,4882.25,4837.0498046875,4875.2998046875,0
2012-05-17,4870.2001953125,4870.2001953125,4922.25,4850.2001953125,4878.60009765625,0
2012-05-18,4891.4501953125,4891.4501953125,4908.5,4788.9501953125,4796.39990234375,0
2012-05-22,4860.5,4860.5,4956.35009765625,4849.89990234375,4954.7001953125,0
2012-05-23,4835.64990234375,4835.64990234375,4853.75,4803.9501953125,4843.0,0
2012-05-24,4921.39990234375,4921.39990234375,4931.89990234375,4830.14990234375,4863.39990234375,0
2012-05-25,4920.39990234375,4920.39990234375,4935.7998046875,4889.35009765625,4905.9501953125,0
2012-05-28,4985.64990234375,4985.64990234375,4994.9501953125,4931.2998046875,4931.7001953125,0
2012-05-29,4990.10009765625,4990.10009765625,5020.14990234375,4982.14990234375,5005.35009765625,0
2012-05-30,4950.75,4950.75,4982.25,4944.89990234375,4964.25,0
2012-05-31,4924.25,4924.25,4924.25,4894.4501953125,4896.10009765625,0
2012-06-01,4841.60009765625,4841.60009765625,4925.0,4831.75,4910.85009765625,0
2012-06-04,4848.14990234375,4848.14990234375,4858.2998046875,4770.35009765625,4797.2998046875,0
2012-06-05,4863.2998046875,4863.2998046875,4898.9501953125,4847.7001953125,4869.4501953125,0
2012-06-06,4997.10009765625,4997.10009765625,5010.4501953125,4886.14990234375,4886.64990234375,0
2012-06-07,5049.64990234375,5049.64990234375,5059.64990234375,5007.75,5035.35009765625,0
2012-06-08,5068.35009765625,5068.35009765625,5084.4501953125,4994.7998046875,5044.25,0
2012-06-11,5054.10009765625,5054.10009765625,5124.4501953125,5040.7001953125,5096.7001953125,0
2012-06-12,5115.89990234375,5115.89990234375,5128.89990234375,5015.14990234375,5015.5,0
2012-06-13,5121.4501953125,5121.4501953125,5144.89990234375,5095.4501953125,5117.5498046875,0
2012-06-14,5054.75,5054.75,5130.0,5047.60009765625,5105.10009765625,0
2012-06-15,5139.0498046875,5139.0498046875,5146.2001953125,5069.14990234375,5069.5498046875,0
2012-06-18,5064.25,5064.25,5190.2001953125,5041.7001953125,5174.0,0
2012-06-19,5103.85009765625,5103.85009765625,5113.60009765625,5048.10009765625,5050.7998046875,0
2012-06-20,5120.5498046875,5120.5498046875,5141.7001953125,5100.7001953125,5114.5498046875,0
2012-06-21,5165.0,5165.0,5170.39990234375,5093.4501953125,5097.35009765625,0
2012-06-22,5146.0498046875,5146.0498046875,5159.7998046875,5094.0,5101.75,0
2012-06-25,5114.64990234375,5114.64990234375,5194.60009765625,5105.64990234375,5158.5,0
2012-06-26,5120.7998046875,5120.7998046875,5134.5498046875,5095.5,5107.4501953125,0
2012-06-27,5141.89990234375,5141.89990234375,5160.10009765625,5129.25,5149.4501953125,0
2012-06-28,5149.14990234375,5149.14990234375,5159.0498046875,5125.2998046875,5148.9501953125,0
2012-06-29,5278.89990234375,5278.89990234375,5286.25,5189.0,5191.25,0
2012-07-02,5278.60009765625,5278.60009765625,5302.14990234375,5263.35009765625,5283.85009765625,0
2012-07-03,5287.9501953125,5287.9501953125,5317.0,5265.9501953125,5298.85009765625,0
2012-07-04,5302.5498046875,5302.5498046875,5317.64990234375,5273.2998046875,5310.39990234375,0
2012-07-05,5327.2998046875,5327.2998046875,5333.64990234375,5288.85009765625,5297.0498046875,0
2012-07-06,5316.9501953125,5316.9501953125,5327.2001953125,5287.75,5324.7001953125,0
2012-07-09,5275.14990234375,5275.14990234375,5300.60009765625,5257.75,5283.7001953125,0
2012-07-10,5345.35009765625,5345.35009765625,5348.5498046875,5284.5498046875,5286.60009765625,0
2012-07-11,5306.2998046875,5306.2998046875,5336.4501953125,5300.25,5315.25,0
2012-07-12,5235.25,5235.25,5261.75,5217.7001953125,5240.0,0
2012-07-13,5227.25,5227.25,5267.14990234375,5216.85009765625,5242.75,0
2012-07-16,5197.25,5197.25,5246.85009765625,5190.4501953125,5232.35009765625,0
2012-07-17,5192.85009765625,5192.85009765625,5236.7001953125,5181.7001953125,5228.0498046875,0
2012-07-18,5216.2998046875,5216.2998046875,5222.85009765625,5169.0498046875,5199.10009765625,0
2012-07-19,5242.7001953125,5242.7001953125,5257.75,5233.14990234375,5249.85009765625,0
2012-07-20,5205.10009765625,5205.10009765625,5238.7001953125,5197.5,5233.5498046875,0
2012-07-23,5117.9501953125,5117.9501953125,5164.2001953125,5108.10009765625,5163.25,0
2012-07-24,5128.2001953125,5128.2001953125,5144.0,5103.25,5128.7998046875,0
2012-07-25,5109.60009765625,5109.60009765625,5121.60009765625,5076.60009765625,5118.39990234375,0
2012-07-26,5043.0,5043.0,5126.2998046875,5032.39990234375,5126.2998046875,0
2012-07-27,5099.85009765625,5099.85009765625,5149.9501953125,5077.5,5124.2998046875,0
2012-07-30,5199.7998046875,5199.7998046875,5206.60009765625,5129.75,5129.75,0
2012-07-31,5229.0,5229.0,5234.5498046875,5154.0498046875,5214.85009765625,0
2012-08-01,5240.5,5240.5,5246.35009765625,5212.64990234375,5220.7001953125,0
2012-08-02,5227.75,5227.75,5236.89990234375,5209.9501953125,5233.10009765625,0
2012-08-03,5215.7001953125,5215.7001953125,5220.2001953125,5164.64990234375,5195.60009765625,0
2012-08-06,5282.5498046875,5282.5498046875,5293.2001953125,5260.85009765625,5260.85009765625,0
2012-08-07,5336.7001953125,5336.7001953125,5350.10009765625,5281.64990234375,5295.39990234375,0
2012-08-08,5338.0,5338.0,5377.60009765625,5331.0498046875,5345.25,0
2012-08-09,5322.9501953125,5322.9501953125,5368.2001953125,5312.10009765625,5348.2998046875,0
2012-08-10,5320.39990234375,5320.39990234375,5330.10009765625,5294.10009765625,5308.2001953125,0
2012-08-13,5347.89990234375,5347.89990234375,5352.4501953125,5309.0498046875,5316.35009765625,0
2012-08-14,5380.35009765625,5380.35009765625,5387.0498046875,5328.7998046875,5343.25,0
2012-08-16,5362.9501953125,5362.9501953125,5390.64990234375,5356.64990234375,5385.9501953125,0
2012-08-17,5366.2998046875,5366.2998046875,5399.9501953125,5341.7001953125,5368.60009765625,0
2012-08-21,5421.0,5421.0,5425.14990234375,5368.7001953125,5368.7001953125,0
2012-08-22,5412.85009765625,5412.85009765625,5433.35009765625,5394.7998046875,5395.75,0
2012-08-23,5415.35009765625,5415.35009765625,5448.60009765625,5393.85009765625,5426.14990234375,0
2012-08-24,5386.7001953125,5386.7001953125,5399.64990234375,5371.0,5392.60009765625,0
2012-08-27,5350.25,5350.25,5399.14990234375,5346.64990234375,5387.85009765625,0
2012-08-29,5287.7998046875,5287.7998046875,5345.5,5282.7001953125,5343.85009765625,0
2012-08-30,5315.0498046875,5315.0498046875,5342.7998046875,5255.0498046875,5268.60009765625,0
2012-08-31,5258.5,5258.5,5303.25,5238.89990234375,5298.2001953125,0
2012-09-03,5253.75,5253.75,5295.7998046875,5243.14990234375,5276.5,0
2012-09-04,5274.0,5274.0,5278.35009765625,5233.2001953125,5249.14990234375,0
2012-09-05,5225.7001953125,5225.7001953125,5259.5,5215.7001953125,5243.89990234375,0
2012-09-06,5238.39990234375,5238.39990234375,5260.60009765625,5217.64990234375,5217.64990234375,0
2012-09-07,5342.10009765625,5342.10009765625,5347.14990234375,5309.2001953125,5309.4501953125,0
2012-09-10,5363.4501953125,5363.4501953125,5375.4501953125,5349.10009765625,5361.89990234375,0
2012-09-11,5390.0,5390.0,5393.35009765625,5332.10009765625,5336.10009765625,0
2012-09-12,5431.0,5431.0,5435.5498046875,5393.9501953125,5404.4501953125,0
2012-09-13,5435.35009765625,5435.35009765625,5447.4501953125,5421.85009765625,5435.2001953125,0
2012-09-14,5577.64990234375,5577.64990234375,5586.64990234375,5526.9501953125,5528.35009765625,0
2012-09-17,5610.0,5610.0,5652.2001953125,5585.14990234375,5631.75,0
2012-09-18,5600.0498046875,5600.0498046875,5620.5498046875,5586.4501953125,5602.39990234375,0
2012-09-20,5554.25,5554.25,5581.35009765625,5534.89990234375,5536.9501953125,0
2012-09-21,5691.14990234375,5691.14990234375,5720.0,5575.4501953125,5577.0,0
2012-09-24,5669.60009765625,5669.60009765625,5709.85009765625,5662.75,5691.9501953125,0
2012-09-25,5673.89990234375,5673.89990234375,5702.7001953125,5652.4501953125,5674.89990234375,0
2012-09-26,5663.4501953125,5663.4501953125,5672.7998046875,5638.64990234375,5653.39990234375,0
2012-09-27,5649.5,5649.5,5693.7001953125,5639.7001953125,5673.75,0
2012-09-28,5703.2998046875,5703.2998046875,5735.14990234375,5683.4501953125,5684.7998046875,0
2012-10-01,5718.7998046875,5718.7998046875,5722.9501953125,5694.0,5704.75,0
2012-10-03,5731.25,5731.25,5743.25,5715.7998046875,5727.7001953125,0
2012-10-04,5787.60009765625,5787.60009765625,5807.25,5751.35009765625,5751.5498046875,0
2012-10-05,5746.9501953125,5746.9501953125,5815.35009765625,4888.2001953125,5815.0,0
2012-10-08,5676.0,5676.0,5751.85009765625,5666.2001953125,5751.85009765625,0
2012-10-09,5704.60009765625,5704.60009765625,5728.64990234375,5677.89990234375,5708.14990234375,0
2012-10-10,5652.14990234375,5652.14990234375,5686.5,5647.0498046875,5671.14990234375,0
2012-10-11,5708.0498046875,5708.0498046875,5721.10009765625,5636.9501953125,5663.5,0
2012-10-12,5676.0498046875,5676.0498046875,5725.0,5659.35009765625,5681.7001953125,0
2012-10-15,5687.25,5687.25,5693.7001953125,5651.0498046875,5674.25,0
2012-10-16,5648.0,5648.0,5714.0,5635.60009765625,5705.60009765625,0
2012-10-17,5660.25,5660.25,5684.35009765625,5633.89990234375,5681.10009765625,0
2012-10-18,5718.7001953125,5718.7001953125,5722.5,5650.5498046875,5675.2998046875,0
2012-10-19,5684.25,5684.25,5711.7001953125,5660.0,5703.2998046875,0
2012-10-22,5717.14990234375,5717.14990234375,5721.5498046875,5658.0498046875,5667.60009765625,0
2012-10-23,5691.39990234375,5691.39990234375,5720.7998046875,5681.4501953125,5715.64990234375,0
2012-10-25,5705.2998046875,5705.2998046875,5718.75,5685.7001953125,5688.7998046875,0
2012-10-29,5665.60009765625,5665.60009765625,5698.2998046875,5645.10009765625,5665.2001953125,0
2012-10-30,5597.89990234375,5597.89990234375,5689.89990234375,5589.89990234375,5656.35009765625,0
2012-10-31,5619.7001953125,5619.7001953125,5624.39990234375,5583.0498046875,5596.75,0
2012-11-01,5645.0498046875,5645.0498046875,5649.75,5601.9501953125,5609.85009765625,0
2012-11-02,5697.7001953125,5697.7001953125,5711.2998046875,5682.5498046875,5696.35009765625,0
2012-11-05,5704.2001953125,5704.2001953125,5709.2001953125,5679.5,5693.0498046875,0
2012-11-06,5724.39990234375,5724.39990234375,5730.7998046875,5693.64990234375,5694.10009765625,0
2012-11-07,5760.10009765625,5760.10009765625,5777.2998046875,5711.39990234375,5718.60009765625,0
2012-11-08,5738.75,5738.75,5744.5,5693.9501953125,5709.0,0
2012-11-09,5686.25,5686.25,5751.7001953125,5677.75,5731.10009765625,0
2012-11-12,5683.7001953125,5683.7001953125,5718.89990234375,5665.75,5688.4501953125,0
2012-11-15,5631.0,5631.0,5651.64990234375,5603.5498046875,5650.35009765625,0
2012-11-16,5574.0498046875,5574.0498046875,5650.14990234375,5559.7998046875,5624.7998046875,0
2012-11-19,5571.39990234375,5571.39990234375,5592.75,5549.25,5577.2998046875,0
2012-11-20,5571.5498046875,5571.5498046875,5613.7001953125,5548.35009765625,5604.7998046875,0
2012-11-21,5614.7998046875,5614.7998046875,5620.2001953125,5561.39990234375,5582.5,0
2012-11-22,5627.75,5627.75,5643.35009765625,5608.0,5628.60009765625,0
2012-11-23,5626.60009765625,5626.60009765625,5637.75,5593.5498046875,5635.4501953125,0
2012-11-26,5635.89990234375,5635.89990234375,5649.2001953125,5623.4501953125,5648.64990234375,0
2012-11-27,5727.4501953125,5727.4501953125,5733.2001953125,5658.0,5658.5,0
2012-11-29,5825.0,5825.0,5833.5,5736.10009765625,5736.7001953125,0
2012-11-30,5879.85009765625,5879.85009765625,5885.25,5827.85009765625,5836.0,0
2012-12-03,5870.9501953125,5870.9501953125,5899.14990234375,5854.60009765625,5878.25,0
2012-12-04,5889.25,5889.25,5894.9501953125,5859.0,5866.7998046875,0
2012-12-05,5900.5,5900.5,5917.7998046875,5891.35009765625,5906.60009765625,0
2012-12-06,5930.89990234375,5930.89990234375,5942.5498046875,5838.89990234375,5926.2998046875,0
2012-12-07,5907.39990234375,5907.39990234375,5949.85009765625,5888.64990234375,5934.0,0
2012-12-10,5908.89990234375,5908.89990234375,5919.9501953125,5888.10009765625,5916.0498046875,0
2012-12-11,5898.7998046875,5898.7998046875,5965.14990234375,5865.4501953125,5923.7998046875,0
2012-12-12,5888.0,5888.0,5924.60009765625,5874.25,5917.7998046875,0
2012-12-13,5851.5,5851.5,5907.4501953125,5841.35009765625,5900.35009765625,0
2012-12-14,5879.60009765625,5879.60009765625,5886.10009765625,5839.14990234375,5846.89990234375,0
2012-12-17,5857.89990234375,5857.89990234375,5886.0498046875,5850.14990234375,5860.5,0
2012-12-18,5896.7998046875,5896.7998046875,5905.7998046875,5823.14990234375,5873.60009765625,0
2012-12-19,5929.60009765625,5929.60009765625,5939.39990234375,5910.7998046875,5917.2998046875,0
2012-12-20,5916.39990234375,5916.39990234375,5937.60009765625,5881.4501953125,5934.4501953125,0
2012-12-21,5847.7001953125,5847.7001953125,5888.0,5841.64990234375,5888.0,0
2012-12-24,5855.75,5855.75,5871.89990234375,5844.7001953125,5869.0,0
2012-12-26,5905.60009765625,5905.60009765625,5917.2998046875,5859.5498046875,5864.9501953125,0
2012-12-27,5870.10009765625,5870.10009765625,5930.7998046875,5864.7001953125,5930.2001953125,0
2012-12-28,5908.35009765625,5908.35009765625,5915.75,5879.5,5887.14990234375,0
2012-12-31,5905.10009765625,5905.10009765625,5919.0,5897.14990234375,5901.2001953125,0
2013-01-02,5993.25,5993.25,6006.0498046875,5982.0,5982.60009765625,0
2013-01-03,6009.5,6009.5,6017.0,5986.5498046875,6015.7998046875,0
2013-01-04,6016.14990234375,6016.14990234375,6020.75,5981.5498046875,6011.9501953125,0
2013-01-07,5988.39990234375,5988.39990234375,6042.14990234375,5977.14990234375,6042.14990234375,0
2013-01-08,6001.7001953125,6001.7001953125,6007.0498046875,5964.39990234375,5983.4501953125,0
2013-01-09,5971.5,5971.5,6020.10009765625,5958.4501953125,6006.2001953125,0
2013-01-10,5968.64990234375,5968.64990234375,6005.14990234375,5947.2998046875,5998.7998046875,0
2013-01-11,5951.2998046875,5951.2998046875,6018.85009765625,5940.60009765625,6012.39990234375,0
2013-01-14,6024.0498046875,6024.0498046875,6036.89990234375,5962.14990234375,5967.2001953125,0
2013-01-15,6056.60009765625,6056.60009765625,6068.5,6018.60009765625,6037.85009765625,0
2013-01-16,6001.85009765625,6001.85009765625,6055.9501953125,5992.0498046875,6049.0,0
2013-01-17,6039.2001953125,6039.2001953125,6053.2001953125,5988.10009765625,6001.25,0
2013-01-18,6064.39990234375,6064.39990234375,6083.39990234375,6048.2998046875,6059.85009765625,0
2013-01-21,6082.2998046875,6082.2998046875,6094.35009765625,6065.10009765625,6085.75,130900
2013-01-22,6048.5,6048.5,6101.2998046875,6040.5,6080.14990234375,129000
2013-01-23,6054.2998046875,6054.2998046875,6069.7998046875,6021.14990234375,6052.85009765625,137000
2013-01-24,6019.35009765625,6019.35009765625,6065.2998046875,6007.85009765625,6046.2001953125,185200
2013-01-25,6074.64990234375,6074.64990234375,6080.5498046875,6014.4501953125,6024.5,147600
2013-01-28,6074.7998046875,6074.7998046875,6088.39990234375,6061.39990234375,6082.10009765625,113100
2013-01-29,6049.89990234375,6049.89990234375,6111.7998046875,6042.4501953125,6064.7001953125,157600
2013-01-30,6055.75,6055.75,6071.9501953125,6044.14990234375,6065.0,124200
2013-01-31,6034.75,6034.75,6058.0498046875,6025.14990234375,6045.64990234375,168500
2013-02-01,5998.89990234375,5998.89990234375,6052.9501953125,5983.2001953125,6040.9501953125,159300
2013-02-04,5987.25,5987.25,6038.5,5981.25,6025.2001953125,141700
2013-02-05,5956.89990234375,5956.89990234375,5970.35009765625,5946.89990234375,5948.2001953125,136200
2013-02-06,5959.2001953125,5959.2001953125,5990.89990234375,5953.14990234375,5988.0498046875,157800
2013-02-07,5938.7998046875,5938.7998046875,5978.5,5927.60009765625,5936.4501953125,157600
2013-02-08,5903.5,5903.5,5953.7001953125,5883.64990234375,5929.10009765625,192600
2013-02-11,5897.85009765625,5897.85009765625,5924.14990234375,5879.10009765625,5920.0498046875,122000
2013-02-12,5922.5,5922.5,5927.64990234375,5886.4501953125,5894.35009765625,142800
2013-02-13,5932.9501953125,5932.9501953125,5969.5,5922.9501953125,5943.14990234375,142600
2013-02-14,5896.9501953125,5896.9501953125,5940.2001953125,5884.5498046875,5933.2001953125,143800
2013-02-15,5887.39990234375,5887.39990234375,5899.9501953125,5853.89990234375,5869.9501953125,125100
2013-02-18,5898.2001953125,5898.2001953125,5911.0,5878.4501953125,5888.64990234375,114300
2013-02-19,5939.7001953125,5939.7001953125,5947.5498046875,5883.14990234375,5900.2001953125,101000
2013-02-20,5943.0498046875,5943.0498046875,5971.0,5937.5498046875,5966.2998046875,135400
2013-02-21,5852.25,5852.25,5921.14990234375,5844.39990234375,5909.64990234375,159400
2013-02-22,5850.2998046875,5850.2998046875,5873.7998046875,5835.7998046875,5837.9501953125,157000
2013-02-25,5854.75,5854.75,5878.39990234375,5825.0,5870.5498046875,125100
2013-02-26,5761.35009765625,5761.35009765625,5838.85009765625,5748.60009765625,5838.2998046875,157400
2013-02-27,5796.89990234375,5796.89990234375,5818.2001953125,5749.7001953125,5784.89990234375,175200
2013-02-28,5693.0498046875,5693.0498046875,5849.89990234375,5671.89990234375,5834.35009765625,334900
2013-03-01,5719.7001953125,5719.7001953125,5739.4501953125,5679.89990234375,5702.4501953125,174500
2013-03-04,5698.5,5698.5,5712.0,5663.60009765625,5704.7001953125,144900
2013-03-05,5784.25,5784.25,5790.10009765625,5722.39990234375,5722.4501953125,154400
2013-03-06,5818.60009765625,5818.60009765625,5828.7001953125,5795.0498046875,5816.39990234375,156900
2013-03-07,5863.2998046875,5863.2998046875,5878.0,5801.2998046875,5801.2998046875,134700
2013-03-08,5945.7001953125,5945.7001953125,5952.85009765625,5883.0,5883.64990234375,150800
2013-03-11,5942.35009765625,5942.35009765625,5971.2001953125,5930.35009765625,5946.10009765625,125400
2013-03-12,5914.10009765625,5914.10009765625,5952.0,5893.64990234375,5944.60009765625,115900
2013-03-13,5851.2001953125,5851.2001953125,5893.85009765625,5842.25,5884.7998046875,116700
2013-03-14,5908.9501953125,5908.9501953125,5920.14990234375,5791.75,5845.9501953125,149000
2013-03-15,5872.60009765625,5872.60009765625,5945.64990234375,5861.0,5914.89990234375,152200
2013-03-18,5835.25,5835.25,5850.2001953125,5814.35009765625,5816.75,102700
2013-03-19,5745.9501953125,5745.9501953125,5863.60009765625,5724.2998046875,5859.5,182300
2013-03-20,5694.39990234375,5694.39990234375,5745.2998046875,5682.2998046875,5740.5498046875,187600
2013-03-21,5658.75,5658.75,5757.75,5647.9501953125,5705.89990234375,179200
2013-03-22,5651.35009765625,5651.35009765625,5691.4501953125,5631.7998046875,5659.7998046875,165300
2013-03-25,5633.85009765625,5633.85009765625,5718.39990234375,5624.39990234375,5707.2998046875,150400
2013-03-26,5641.60009765625,5641.60009765625,5655.2998046875,5612.0498046875,5613.75,126500
2013-03-28,5682.5498046875,5682.5498046875,5692.9501953125,5604.85009765625,5647.75,209700
2013-04-01,5704.39990234375,5704.39990234375,5720.9501953125,5675.89990234375,5697.35009765625,97800
2013-04-02,5748.10009765625,5748.10009765625,5754.60009765625,5687.14990234375,5701.7001953125,106400
2013-04-03,5672.89990234375,5672.89990234375,5744.9501953125,5650.10009765625,5740.2001953125,140700
2013-04-04,5574.75,5574.75,5644.4501953125,5565.64990234375,5640.64990234375,134600
2013-04-05,5553.25,5553.25,5577.2998046875,5534.7001953125,5568.10009765625,137500
2013-04-08,5542.9501953125,5542.9501953125,5569.2001953125,5537.0498046875,5550.5,97000
2013-04-09,5495.10009765625,5495.10009765625,5603.0498046875,5487.0,5568.75,138200
2013-04-10,5558.7001953125,5558.7001953125,5569.25,5477.2001953125,5536.25,128600
2013-04-11,5594.0,5594.0,5610.64990234375,5542.85009765625,5601.64990234375,146800
2013-04-12,5528.5498046875,5528.5498046875,5544.5,5494.89990234375,5520.7001953125,127300
2013-04-15,5568.39990234375,5568.39990234375,5592.85009765625,5500.2998046875,5508.5,142900
2013-04-16,5688.9501953125,5688.9501953125,5699.25,5555.85009765625,5562.4501953125,142700
2013-04-17,5688.7001953125,5688.7001953125,5732.14990234375,5669.0,5708.64990234375,154600
2013-04-18,5783.10009765625,5783.10009765625,5794.35009765625,5681.85009765625,5682.7001953125,149900
2013-04-22,5834.39990234375,5834.39990234375,5844.85009765625,5789.7998046875,5789.85009765625,135100
2013-04-23,5836.89990234375,5836.89990234375,5844.2998046875,5791.5498046875,5843.10009765625,132200
2013-04-25,5916.2998046875,5916.2998046875,5924.60009765625,5853.2998046875,5856.10009765625,199600
2013-04-26,5871.4501953125,5871.4501953125,5907.0498046875,5860.5,5899.75,141300
2013-04-29,5904.10009765625,5904.10009765625,5918.64990234375,5868.7998046875,5877.60009765625,118900
2013-04-30,5930.2001953125,5930.2001953125,5962.2998046875,5867.7998046875,5932.60009765625,153200
2013-05-02,5999.35009765625,5999.35009765625,6019.4501953125,5910.9501953125,5911.39990234375,162400
2013-05-03,5944.0,5944.0,6000.2998046875,5930.14990234375,5993.5,145800
2013-05-06,5971.0498046875,5971.0498046875,5976.5,5928.4501953125,5944.89990234375,110200
2013-05-07,6043.5498046875,6043.5498046875,6050.5,5982.9501953125,5983.4501953125,136400
2013-05-08,6069.2998046875,6069.2998046875,6083.5498046875,6024.9501953125,6064.14990234375,122300
2013-05-09,6050.14990234375,6050.14990234375,6084.7001953125,6040.4501953125,6078.35009765625,110000
2013-05-10,6094.75,6094.75,6105.2998046875,6045.60009765625,6046.25,111400
2013-05-13,5980.4501953125,5980.4501953125,6104.9501953125,5972.89990234375,6098.2001953125,107900
2013-05-14,5995.39990234375,5995.39990234375,6026.2001953125,5970.0498046875,5989.7001953125,119300
2013-05-15,6146.75,6146.75,6157.10009765625,6018.85009765625,6018.85009765625,153900
2013-05-16,6169.89990234375,6169.89990234375,6187.2998046875,6128.25,6128.25,158600
2013-05-17,6187.2998046875,6187.2998046875,6199.9501953125,6146.14990234375,6172.9501953125,147300
2013-05-20,6156.89990234375,6156.89990234375,6229.4501953125,6146.0498046875,6198.0,122300
2013-05-21,6114.10009765625,6114.10009765625,6180.25,6102.35009765625,6152.35009765625,130600
2013-05-22,6094.5,6094.5,6147.60009765625,6074.4501953125,6127.0498046875,133800
2013-05-23,5967.0498046875,5967.0498046875,6081.4501953125,5955.7001953125,6050.39990234375,198900
2013-05-24,5983.5498046875,5983.5498046875,6015.2998046875,5936.7998046875,6010.7001953125,161600
2013-05-27,6083.14990234375,6083.14990234375,6099.89990234375,5975.5498046875,5989.39990234375,115100
2013-05-28,6111.25,6111.25,6127.64990234375,6055.39990234375,6086.35009765625,139700
2013-05-29,6104.2998046875,6104.2998046875,6125.0498046875,6069.7998046875,6120.4501953125,120200
2013-05-30,6124.0498046875,6124.0498046875,6133.75,6072.14990234375,6072.14990234375,194100
2013-05-31,5985.9501953125,5985.9501953125,6106.25,5975.5498046875,6098.7001953125,175300
2013-06-03,5939.2998046875,5939.2998046875,6011.0,5916.35009765625,5997.35009765625,112100
2013-06-04,5919.4501953125,5919.4501953125,5981.60009765625,5910.25,5941.10009765625,114500
2013-06-05,5923.85009765625,5923.85009765625,5935.2001953125,5883.7001953125,5908.2998046875,110200
2013-06-06,5921.39990234375,5921.39990234375,5956.5498046875,5869.5,5895.0,114200
2013-06-07,5881.0,5881.0,5972.7001953125,5871.2998046875,5900.0498046875,118300
2013-06-10,5878.0,5878.0,5931.64990234375,5857.39990234375,5907.89990234375,100100
2013-06-11,5788.7998046875,5788.7998046875,5868.0498046875,5780.35009765625,5848.75,180900
2013-06-12,5760.2001953125,5760.2001953125,5792.89990234375,5738.60009765625,5771.75,140400
2013-06-13,5699.10009765625,5699.10009765625,5729.85009765625,5683.10009765625,5709.35009765625,142000
2013-06-14,5808.39990234375,5808.39990234375,5819.39990234375,5739.39990234375,5748.9501953125,124400
2013-06-17,5850.0498046875,5850.0498046875,5854.89990234375,5770.25,5820.39990234375,107200
2013-06-18,5813.60009765625,5813.60009765625,5863.39990234375,5804.2998046875,5841.89990234375,117500
2013-06-19,5822.25,5822.25,5828.39990234375,5777.89990234375,5805.75,115500
2013-06-20,5655.89990234375,5655.89990234375,5755.0,5645.64990234375,5754.14990234375,198400
2013-06-21,5667.64990234375,5667.64990234375,5686.14990234375,5616.85009765625,5639.89990234375,182400
2013-06-24,5590.25,5590.25,5640.0,5566.25,5638.0498046875,193500
2013-06-25,5609.10009765625,5609.10009765625,5666.25,5570.25,5606.9501953125,196600
2013-06-26,5588.7001953125,5588.7001953125,5635.25,5579.35009765625,5627.9501953125,160100
2013-06-27,5682.35009765625,5682.35009765625,5699.35009765625,5630.9501953125,5647.9501953125,239000
2013-06-28,5842.2001953125,5842.2001953125,5852.9501953125,5749.5,5749.5,214400
2013-07-01,5898.85009765625,5898.85009765625,5904.35009765625,5822.2001953125,5834.10009765625,144800
2013-07-02,5857.5498046875,5857.5498046875,5898.7998046875,5852.2998046875,5885.5,145700
2013-07-03,5770.89990234375,5770.89990234375,5815.0,5760.39990234375,5811.9501953125,160500
2013-07-04,5836.9501953125,5836.9501953125,5848.2001953125,5786.0498046875,5794.75,151900
2013-07-05,5867.89990234375,5867.89990234375,5900.4501953125,5858.4501953125,5889.9501953125,123600
2013-07-08,5811.5498046875,5811.5498046875,5833.85009765625,5775.5498046875,5833.14990234375,127600
2013-07-09,5859.0,5859.0,5864.9501953125,5834.60009765625,5834.60009765625,110400
2013-07-10,5816.7001953125,5816.7001953125,5879.35009765625,5802.85009765625,5869.89990234375,117500
2013-07-11,5935.10009765625,5935.10009765625,5948.85009765625,5887.9501953125,5894.5,120200
2013-07-12,6009.0,6009.0,6019.0,5951.14990234375,6000.5,127700
2013-07-15,6030.7998046875,6030.7998046875,6038.2001953125,5980.9501953125,5991.2001953125,116300
2013-07-16,5955.25,5955.25,5966.0498046875,5910.9501953125,5930.7998046875,151200
2013-07-17,5973.2998046875,5973.2998046875,5989.7998046875,5926.75,5972.25,191500
2013-07-18,6038.0498046875,6038.0498046875,6051.10009765625,5974.5498046875,5984.7001953125,171700
2013-07-19,6029.2001953125,6029.2001953125,6066.85009765625,6020.25,6057.2001953125,163300
2013-07-22,6031.7998046875,6031.7998046875,6064.14990234375,6004.25,6009.75,115200
2013-07-23,6077.7998046875,6077.7998046875,6093.35009765625,6061.2998046875,6064.2998046875,126500
2013-07-24,5990.5,5990.5,6047.25,5962.60009765625,6032.2001953125,151900
2013-07-25,5907.5,5907.5,5990.64990234375,5896.39990234375,5970.39990234375,237100
2013-07-26,5886.2001953125,5886.2001953125,5944.5,5869.5,5937.9501953125,174500
2013-07-29,5831.64990234375,5831.64990234375,5886.0,5825.7998046875,5869.9501953125,173400
2013-07-30,5755.0498046875,5755.0498046875,5861.2998046875,5747.60009765625,5836.0498046875,181500
2013-07-31,5742.0,5742.0,5752.10009765625,5675.75,5738.35009765625,235500
2013-08-01,5727.85009765625,5727.85009765625,5808.5,5676.85009765625,5776.89990234375,216800
2013-08-02,5677.89990234375,5677.89990234375,5761.85009765625,5649.0,5750.0498046875,222500
2013-08-05,5685.39990234375,5685.39990234375,5721.0,5661.5,5682.39990234375,197200
2013-08-06,5542.25,5542.25,5664.89990234375,5521.7998046875,5664.89990234375,216200
2013-08-07,5519.10009765625,5519.10009765625,5561.4501953125,5486.85009765625,5549.2998046875,245000
2013-08-08,5565.64990234375,5565.64990234375,5577.60009765625,5510.0498046875,5510.0498046875,204900
2013-08-12,5612.39990234375,5612.39990234375,5644.10009765625,5557.10009765625,5606.7001953125,195700
2013-08-13,5699.2998046875,5699.2998046875,5704.75,5578.89990234375,5600.25,223000
2013-08-14,5742.2998046875,5742.2998046875,5754.5498046875,5690.2001953125,5715.39990234375,223700
2013-08-16,5507.85009765625,5507.85009765625,5716.60009765625,5496.0498046875,5705.4501953125,248100
2013-08-19,5414.75,5414.75,5499.64990234375,5360.64990234375,5497.5498046875,219700
2013-08-20,5401.4501953125,5401.4501953125,5417.7998046875,5306.35009765625,5353.4501953125,261100
2013-08-21,5302.5498046875,5302.5498046875,5504.10009765625,5268.4501953125,5494.4501953125,255000
2013-08-22,5408.4501953125,5408.4501953125,5418.9501953125,5254.0498046875,5282.7998046875,284500
2013-08-23,5471.75,5471.75,5478.7998046875,5377.7998046875,5428.75,251500
2013-08-26,5476.5,5476.5,5528.7001953125,5454.4501953125,5499.39990234375,242000
2013-08-27,5287.4501953125,5287.4501953125,5427.39990234375,5274.25,5426.5,306000
2013-08-28,5285.0,5285.0,5317.7001953125,5118.85009765625,5233.4501953125,336000
2013-08-29,5409.0498046875,5409.0498046875,5428.89990234375,5303.0,5316.5,326500
2013-08-30,5471.7998046875,5471.7998046875,5493.2998046875,5360.2001953125,5407.4501953125,336400
2013-09-02,5550.75,5550.75,5564.89990234375,5478.85009765625,5480.25,214200
2013-09-03,5341.4501953125,5341.4501953125,5580.9501953125,5323.75,5574.7001953125,250300
2013-09-04,5448.10009765625,5448.10009765625,5460.25,5318.89990234375,5358.64990234375,237200
2013-09-05,5592.9501953125,5592.9501953125,5625.75,5552.7001953125,5553.75,274900
2013-09-06,5680.39990234375,5680.39990234375,5688.60009765625,5566.14990234375,5617.4501953125,253000
2013-09-10,5896.75,5896.75,5904.85009765625,5738.2001953125,5738.5,275200
2013-09-11,5913.14990234375,5913.14990234375,5924.35009765625,5832.7001953125,5887.25,265000
2013-09-12,5850.7001953125,5850.7001953125,5932.0,5815.7998046875,5931.14990234375,273000
2013-09-13,5850.60009765625,5850.60009765625,5884.2998046875,5822.89990234375,5828.0,190800
2013-09-16,5840.5498046875,5840.5498046875,5957.25,5798.14990234375,5930.2998046875,219500
2013-09-17,5850.2001953125,5850.2001953125,5857.7998046875,5804.89990234375,5824.2001953125,157900
2013-09-18,5899.4501953125,5899.4501953125,5916.89990234375,5840.2001953125,5872.75,153600
2013-09-19,6115.5498046875,6115.5498046875,6142.5,6040.14990234375,6044.14990234375,287200
2013-09-20,6012.10009765625,6012.10009765625,6130.9501953125,5932.85009765625,6104.5498046875,318600
2013-09-23,5889.75,5889.75,5989.39990234375,5871.39990234375,5945.7998046875,188300
2013-09-24,5892.4501953125,5892.4501953125,5938.39990234375,5854.5498046875,5855.0,187600
2013-09-25,5873.85009765625,5873.85009765625,5910.5498046875,5811.10009765625,5901.5498046875,200200
2013-09-26,5882.25,5882.25,5917.64990234375,5864.10009765625,5872.7998046875,220600
2013-09-27,5833.2001953125,5833.2001953125,5909.2001953125,5819.2998046875,5905.5498046875,163100
2013-09-30,5735.2998046875,5735.2998046875,5810.2001953125,5718.5,5801.0498046875,155700
2013-10-01,5780.0498046875,5780.0498046875,5786.4501953125,5700.9501953125,5756.10009765625,159200
2013-10-03,5909.7001953125,5909.7001953125,5917.60009765625,5802.7001953125,5819.10009765625,199800
2013-10-04,5907.2998046875,5907.2998046875,5950.4501953125,5885.0,5891.2998046875,191500
2013-10-07,5906.14990234375,5906.14990234375,5912.0,5825.85009765625,5889.0498046875,156400
2013-10-08,5928.39990234375,5928.39990234375,5981.7001953125,5913.0,5975.0,158500
2013-10-09,6007.4501953125,6007.4501953125,6015.5,5877.10009765625,5893.25,192000
2013-10-10,6020.9501953125,6020.9501953125,6033.9501953125,5979.7998046875,6001.0498046875,159600
2013-10-11,6096.2001953125,6096.2001953125,6107.60009765625,6046.39990234375,6104.85009765625,180800
2013-10-14,6112.7001953125,6112.7001953125,6124.10009765625,6082.89990234375,6093.0,142200
2013-10-15,6089.0498046875,6089.0498046875,6156.2998046875,6056.5498046875,6147.5498046875,218300
2013-10-17,6045.85009765625,6045.85009765625,6110.75,6032.5498046875,6098.5,230600
2013-10-18,6189.35009765625,6189.35009765625,6201.4501953125,6070.89990234375,6070.89990234375,250300
2013-10-21,6204.9501953125,6204.9501953125,6218.9501953125,6163.2998046875,6202.0,197000
2013-10-22,6202.7998046875,6202.7998046875,6220.10009765625,6181.7998046875,6192.2998046875,161900
2013-10-23,6178.35009765625,6178.35009765625,6217.9501953125,6116.60009765625,6209.5498046875,188300
2013-10-24,6164.35009765625,6164.35009765625,6252.4501953125,6142.9501953125,6162.7998046875,148900
2013-10-25,6144.89990234375,6144.89990234375,6174.75,6125.9501953125,6154.0,144500
2013-10-28,6101.10009765625,6101.10009765625,6168.75,6094.10009765625,6155.10009765625,146300
2013-10-29,6220.89990234375,6220.89990234375,6228.0498046875,6079.2001953125,6107.5498046875,197300
2013-10-30,6251.7001953125,6251.7001953125,6269.2001953125,6222.60009765625,6230.7998046875,177600
2013-10-31,6299.14990234375,6299.14990234375,6309.0498046875,6235.89990234375,6237.14990234375,239600
2013-11-01,6307.2001953125,6307.2001953125,6332.60009765625,6286.9501953125,6289.75,191600
2013-11-05,6253.14990234375,6253.14990234375,6304.75,6244.2998046875,6282.14990234375,181100
2013-11-06,6215.14990234375,6215.14990234375,6269.7001953125,6208.7001953125,6260.5498046875,157100
2013-11-07,6187.25,6187.25,6288.9501953125,6180.7998046875,6228.89990234375,168800
2013-11-08,6140.75,6140.75,6185.14990234375,6120.9501953125,6170.14990234375,150100
2013-11-11,6078.7998046875,6078.7998046875,6141.64990234375,6067.75,6110.39990234375,146100
2013-11-12,6018.0498046875,6018.0498046875,6108.7001953125,6011.75,6087.25,153800
2013-11-13,5989.60009765625,5989.60009765625,6042.25,5972.4501953125,5998.85009765625,162500
2013-11-14,6056.14990234375,6056.14990234375,6101.64990234375,6036.64990234375,6037.0,154900
2013-11-18,6189.0,6189.0,6196.7998046875,6110.39990234375,6111.0498046875,164000
2013-11-19,6203.35009765625,6203.35009765625,6212.39990234375,6180.2001953125,6197.25,161500
2013-11-20,6122.89990234375,6122.89990234375,6204.35009765625,6106.9501953125,6186.85009765625,155800
2013-11-21,5999.0498046875,5999.0498046875,6097.35009765625,5985.39990234375,6096.5,137200
2013-11-22,5995.4501953125,5995.4501953125,6049.60009765625,5972.7998046875,6027.35009765625,134800
2013-11-25,6115.35009765625,6115.35009765625,6123.5,6035.9501953125,6035.9501953125,127200
2013-11-26,6059.10009765625,6059.10009765625,6112.7001953125,6047.75,6099.25,150700
2013-11-27,6057.10009765625,6057.10009765625,6074.0,6030.2998046875,6062.7001953125,124900
2013-11-28,6091.85009765625,6091.85009765625,6112.9501953125,6068.2998046875,6092.0,195300
2013-11-29,6176.10009765625,6176.10009765625,6182.5,6103.7998046875,6103.89990234375,190700
2013-12-02,6217.85009765625,6217.85009765625,6228.7001953125,6171.14990234375,6171.14990234375,145900
2013-12-03,6201.85009765625,6201.85009765625,6225.39990234375,6191.39990234375,6204.25,156900
2013-12-04,6160.9501953125,6160.9501953125,6209.14990234375,6149.89990234375,6187.9501953125,186200
2013-12-05,6241.10009765625,6241.10009765625,6300.5498046875,6232.0,6262.4501953125,186100
2013-12-06,6259.89990234375,6259.89990234375,6275.35009765625,6230.75,6234.39990234375,158500
2013-12-09,6363.89990234375,6363.89990234375,6415.25,6345.0,6415.0,198300
2013-12-10,6332.85009765625,6332.85009765625,6362.25,6307.5498046875,6354.7001953125,242400
2013-12-11,6307.89990234375,6307.89990234375,6326.60009765625,6280.25,6307.2001953125,148200
2013-12-12,6237.0498046875,6237.0498046875,6286.85009765625,6230.5498046875,6276.75,148500
2013-12-13,6168.39990234375,6168.39990234375,6208.60009765625,6161.39990234375,6201.2998046875,169700
2013-12-16,6154.7001953125,6154.7001953125,6183.25,6146.0498046875,6168.35009765625,146500
2013-12-17,6139.0498046875,6139.0498046875,6190.5498046875,6133.0,6178.2001953125,154200
2013-12-18,6217.14990234375,6217.14990234375,6236.0,6129.9501953125,6129.9501953125,243300
2013-12-19,6166.64990234375,6166.64990234375,6263.75,6150.7001953125,6253.89990234375,437000
2013-12-20,6274.25,6274.25,6284.5,6170.35009765625,6179.9501953125,172000
2013-12-23,6284.5,6284.5,6317.5,6266.9501953125,6267.2001953125,131200
2013-12-24,6268.39990234375,6268.39990234375,6301.5,6262.0,6296.4501953125,107600
2013-12-26,6278.89990234375,6278.89990234375,6302.75,6259.4501953125,6270.10009765625,182300
2013-12-27,6313.7998046875,6313.7998046875,6324.89990234375,6289.39990234375,6292.7998046875,96900
2013-12-30,6291.10009765625,6291.10009765625,6344.0498046875,6273.14990234375,6336.39990234375,101300
2013-12-31,6304.0,6304.0,6317.2998046875,6287.2998046875,6307.35009765625,103400
2014-01-02,6221.14990234375,6221.14990234375,6358.2998046875,6211.2998046875,6301.25,158100
2014-01-03,6211.14990234375,6211.14990234375,6221.7001953125,6171.25,6194.5498046875,139000
2014-01-06,6191.4501953125,6191.4501953125,6224.7001953125,6170.25,6220.85009765625,118300
2014-01-07,6162.25,6162.25,6221.5,6144.75,6203.89990234375,138600
2014-01-08,6174.60009765625,6174.60009765625,6192.10009765625,6160.35009765625,6178.0498046875,146900
2014-01-09,6168.35009765625,6168.35009765625,6188.0498046875,6148.25,6181.7001953125,150100
2014-01-10,6171.4501953125,6171.4501953125,6239.10009765625,6139.60009765625,6178.85009765625,159900
2014-01-13,6272.75,6272.75,6288.2001953125,6189.5498046875,6189.5498046875,135000
2014-01-14,6241.85009765625,6241.85009765625,6280.35009765625,6234.14990234375,6260.25,110200
2014-01-15,6320.89990234375,6320.89990234375,6325.2001953125,6265.2998046875,6265.9501953125,145900
2014-01-16,6318.89990234375,6318.89990234375,6346.5,6299.85009765625,6341.35009765625,153400
2014-01-17,6261.64990234375,6261.64990234375,6327.10009765625,6246.35009765625,6306.25,167700
2014-01-20,6303.9501953125,6303.9501953125,6307.4501953125,6243.35009765625,6261.75,122100
2014-01-21,6313.7998046875,6313.7998046875,6330.2998046875,6297.89990234375,6320.14990234375,141700
2014-01-22,6338.9501953125,6338.9501953125,6349.9501953125,6287.4501953125,6309.0498046875,137500
2014-01-23,6345.64990234375,6345.64990234375,6355.60009765625,6316.39990234375,6325.9501953125,120100
2014-01-24,6266.75,6266.75,6331.4501953125,6263.89990234375,6301.64990234375,160300
2014-01-27,6135.85009765625,6135.85009765625,6188.5498046875,6130.25,6186.2998046875,190400
2014-01-28,6126.25,6126.25,6163.60009765625,6085.9501953125,6131.85009765625,184100
2014-01-29,6120.25,6120.25,6170.4501953125,6109.7998046875,6161.0,146700
2014-01-30,6073.7001953125,6073.7001953125,6082.85009765625,6027.25,6067.0,208100
2014-01-31,6089.5,6089.5,6097.85009765625,6067.35009765625,6082.75,146700
2014-02-03,6001.7998046875,6001.7998046875,6074.85009765625,5994.4501953125,6058.7998046875,134900
2014-02-04,6000.89990234375,6000.89990234375,6017.7998046875,5933.2998046875,5947.60009765625,183300
2014-02-05,6022.39990234375,6022.39990234375,6028.0498046875,5962.0498046875,6004.25,166600
2014-02-06,6036.2998046875,6036.2998046875,6048.35009765625,5965.39990234375,6028.35009765625,185500
2014-02-07,6063.2001953125,6063.2001953125,6079.9501953125,6030.89990234375,6077.64990234375,181900
2014-02-10,6053.4501953125,6053.4501953125,6083.0498046875,6046.39990234375,6072.7998046875,133100
2014-02-11,6062.7001953125,6062.7001953125,6081.85009765625,6053.25,6072.4501953125,150500
2014-02-12,6084.0,6084.0,6106.60009765625,6077.39990234375,6085.35009765625,138500
2014-02-13,6001.10009765625,6001.10009765625,6094.39990234375,5991.10009765625,6087.5498046875,153700
2014-02-14,6048.35009765625,6048.35009765625,6056.39990234375,5984.60009765625,6023.75,140200
2014-02-18,6127.10009765625,6127.10009765625,6141.7001953125,6066.7998046875,6071.2998046875,126600
2014-02-19,6152.75,6152.75,6160.35009765625,6125.75,6132.0498046875,95200
2014-02-20,6091.4501953125,6091.4501953125,6129.10009765625,6086.4501953125,6127.14990234375,132100
2014-02-21,6155.4501953125,6155.4501953125,6159.64990234375,6108.0,6108.2998046875,112600
2014-02-24,6186.10009765625,6186.10009765625,6191.85009765625,6130.7998046875,6140.9501953125,144900
2014-02-25,6200.0498046875,6200.0498046875,6216.85009765625,6176.60009765625,6205.7001953125,146300
2014-02-26,6238.7998046875,6238.7998046875,6245.9501953125,6202.10009765625,6202.4501953125,181700
2014-02-28,6276.9501953125,6276.9501953125,6282.7001953125,6228.10009765625,6228.4501953125,180600
2014-03-03,6221.4501953125,6221.4501953125,6277.75,6212.25,6264.35009765625,144600
2014-03-04,6297.9501953125,6297.9501953125,6302.14990234375,6215.7001953125,6216.75,166800
2014-03-05,6328.64990234375,6328.64990234375,6336.25,6287.7998046875,6328.4501953125,160300
2014-03-06,6401.14990234375,6401.14990234375,6406.60009765625,6339.7001953125,6344.75,180700
2014-03-07,6526.64990234375,6526.64990234375,6537.7998046875,6413.5498046875,6413.9501953125,284900
2014-03-10,6537.25,6537.25,6562.2001953125,6487.35009765625,6491.7001953125,242100
2014-03-11,6511.89990234375,6511.89990234375,6562.85009765625,6494.25,6537.35009765625,239000
2014-03-12,6516.89990234375,6516.89990234375,6546.14990234375,6487.2998046875,6497.5,175000
2014-03-13,6493.10009765625,6493.10009765625,6561.4501953125,6476.64990234375,6491.75,167900
2014-03-14,6504.2001953125,6504.2001953125,6518.4501953125,6432.7001953125,6447.25,177300
2014-03-18,6516.64990234375,6516.64990234375,6574.9501953125,6497.64990234375,6532.4501953125,179300
2014-03-19,6524.0498046875,6524.0498046875,6541.2001953125,6506.0,6530.0,172500
2014-03-20,6483.10009765625,6483.10009765625,6523.64990234375,6473.25,6508.35009765625,142000
2014-03-21,6493.2001953125,6493.2001953125,6522.89990234375,6485.7001953125,6515.2001953125,189900
2014-03-24,6583.5,6583.5,6591.5,6510.5,6510.5,158400
2014-03-25,6589.75,6589.75,6595.5498046875,6544.85009765625,6550.10009765625,168100
2014-03-26,6601.39990234375,6601.39990234375,6627.4501953125,6580.60009765625,6615.64990234375,186600
2014-03-27,6641.75,6641.75,6673.9501953125,6599.5,6613.10009765625,312400
2014-03-28,6695.89990234375,6695.89990234375,6702.60009765625,6643.7998046875,6673.0498046875,184800
2014-03-31,6704.2001953125,6704.2001953125,6730.0498046875,6662.39990234375,6723.14990234375,220600
2014-04-01,6721.0498046875,6721.0498046875,6732.25,6675.4501953125,6729.5,177800
2014-04-02,6752.5498046875,6752.5498046875,6763.5,6723.60009765625,6757.60009765625,173300
2014-04-03,6736.10009765625,6736.10009765625,6776.75,6696.89990234375,6772.0498046875,197500
2014-04-04,6694.35009765625,6694.35009765625,6741.85009765625,6685.14990234375,6741.85009765625,155100
2014-04-07,6695.0498046875,6695.0498046875,6725.14990234375,6650.39990234375,6694.25,133900
2014-04-09,6796.2001953125,6796.2001953125,6808.7001953125,6705.10009765625,6722.0,169800
2014-04-10,6796.39990234375,6796.39990234375,6819.0498046875,6777.2998046875,6803.0498046875,191100
2014-04-11,6776.2998046875,6776.2998046875,6789.35009765625,6743.14990234375,6758.35009765625,140700
2014-04-15,6733.10009765625,6733.10009765625,6813.39990234375,6711.75,6792.7001953125,123200
2014-04-16,6675.2998046875,6675.2998046875,6748.64990234375,6665.14990234375,6727.25,119800
2014-04-17,6779.39990234375,6779.39990234375,6783.0498046875,6684.39990234375,6695.4501953125,131500
2014-04-21,6817.64990234375,6817.64990234375,6825.4501953125,6786.89990234375,6789.25,111800
2014-04-22,6815.35009765625,6815.35009765625,6838.0,6806.25,6822.89990234375,114700
2014-04-23,6840.7998046875,6840.7998046875,6861.60009765625,6820.75,6823.25,183000
2014-04-25,6782.75,6782.75,6869.85009765625,6772.85009765625,6855.7998046875,154300
2014-04-28,6761.25,6761.25,6786.25,6750.2998046875,6778.5498046875,118200
2014-04-29,6715.25,6715.25,6779.7001953125,6708.64990234375,6769.0,115500
2014-04-30,6696.39990234375,6696.39990234375,6780.14990234375,6656.7998046875,6724.9501953125,161100
2014-05-02,6694.7998046875,6694.7998046875,6737.64990234375,6689.5,6709.9501953125,114300
2014-05-05,6699.35009765625,6699.35009765625,6741.0498046875,6680.4501953125,6681.64990234375,105000
2014-05-06,6715.2998046875,6715.2998046875,6743.4501953125,6701.89990234375,6719.25,88300
2014-05-07,6652.5498046875,6652.5498046875,6718.75,6642.89990234375,6708.60009765625,114100
2014-05-08,6659.85009765625,6659.85009765625,6688.39990234375,6638.5498046875,6669.89990234375,101600
2014-05-09,6858.7998046875,6858.7998046875,6871.35009765625,6652.14990234375,6654.14990234375,166400
2014-05-12,7014.25,7014.25,7020.0498046875,6862.89990234375,6863.39990234375,157700
2014-05-13,7108.75,7108.75,7172.35009765625,7067.14990234375,7080.0,232200
2014-05-14,7108.75,7108.75,7142.25,7080.89990234375,7112.0,177200
2014-05-15,7123.14990234375,7123.14990234375,7152.5498046875,7082.5498046875,7111.2998046875,186800
2014-05-16,7203.0,7203.0,7563.5,7130.64990234375,7270.2001953125,393200
2014-05-19,7263.5498046875,7263.5498046875,7291.10009765625,7193.5498046875,7276.85009765625,316200
2014-05-20,7275.5,7275.5,7353.64990234375,7247.7001953125,7309.9501953125,255300
2014-05-21,7252.89990234375,7252.89990234375,7287.14990234375,7206.7001953125,7274.85009765625,203100
2014-05-22,7276.39990234375,7276.39990234375,7319.5498046875,7258.14990234375,7289.9501953125,240900
2014-05-23,7367.10009765625,7367.10009765625,7381.0,7293.89990234375,7306.5,259600
2014-05-26,7359.0498046875,7359.0498046875,7504.0,7269.0498046875,7428.75,273200
2014-05-27,7318.0,7318.0,7372.9501953125,7274.75,7363.10009765625,168600
2014-05-28,7329.64990234375,7329.64990234375,7344.75,7302.60009765625,7324.9501953125,175600
2014-05-29,7235.64990234375,7235.64990234375,7325.39990234375,7224.39990234375,7316.60009765625,241100
2014-05-30,7229.9501953125,7229.9501953125,7272.5,7118.4501953125,7254.85009765625,312200
2014-06-02,7362.5,7362.5,7368.60009765625,7239.5,7264.0498046875,169900
2014-06-03,7415.85009765625,7415.85009765625,7424.9501953125,7342.14990234375,7375.35009765625,234700
2014-06-04,7402.25,7402.25,7433.2998046875,7391.35009765625,7417.5498046875,204600
2014-06-05,7474.10009765625,7474.10009765625,7484.7001953125,7360.5,7399.75,250700
2014-06-06,7583.39990234375,7583.39990234375,7592.7001953125,7497.64990234375,7521.5,248400
2014-06-09,7654.60009765625,7654.60009765625,7673.7001953125,7580.25,7621.64990234375,231900
2014-06-10,7656.39990234375,7656.39990234375,7683.2001953125,7579.2998046875,7679.0498046875,188700
2014-06-11,7626.85009765625,7626.85009765625,7700.0498046875,7589.0498046875,7672.39990234375,186200
2014-06-12,7649.89990234375,7649.89990234375,7658.0,7593.7998046875,7641.2998046875,148200
2014-06-13,7542.10009765625,7542.10009765625,7678.5,7525.35009765625,7668.2001953125,174500
2014-06-16,7533.5498046875,7533.5498046875,7548.60009765625,7487.5498046875,7534.7998046875,155400
2014-06-17,7631.7001953125,7631.7001953125,7637.60009765625,7509.25,7525.0498046875,158000
2014-06-18,7558.2001953125,7558.2001953125,7663.0,7515.5,7636.0498046875,165100
2014-06-19,7540.7001953125,7540.7001953125,7606.4501953125,7502.5498046875,7580.0498046875,148900
2014-06-20,7511.4501953125,7511.4501953125,7560.5498046875,7497.2998046875,7543.2998046875,124100
2014-06-23,7493.35009765625,7493.35009765625,7534.7998046875,7441.60009765625,7514.0,127400
2014-06-24,7580.2001953125,7580.2001953125,7593.35009765625,7515.2001953125,7515.2001953125,137000
2014-06-25,7569.25,7569.25,7589.25,7557.0498046875,7588.5498046875,115000
2014-06-26,7493.2001953125,7493.2001953125,7570.2001953125,7481.2998046875,7554.10009765625,171700
2014-06-27,7508.7998046875,7508.7998046875,7538.75,7482.2998046875,7514.2001953125,126700
2014-06-30,7611.35009765625,7611.35009765625,7623.64990234375,7531.60009765625,7534.0498046875,152300
2014-07-01,7634.7001953125,7634.7001953125,7649.5,7618.14990234375,7629.0,139400
2014-07-02,7725.14990234375,7725.14990234375,7732.39990234375,7677.2998046875,7683.0498046875,136300
2014-07-03,7714.7998046875,7714.7998046875,7754.64990234375,7706.7998046875,7734.35009765625,133800
2014-07-04,7751.60009765625,7751.60009765625,7758.0,7661.2998046875,7718.10009765625,113100
2014-07-07,7787.14990234375,7787.14990234375,7792.0,7755.10009765625,7780.39990234375,173900
2014-07-08,7623.2001953125,7623.2001953125,7808.85009765625,7595.89990234375,7804.0498046875,180600
2014-07-09,7585.0,7585.0,7650.10009765625,7551.64990234375,7637.9501953125,168300
2014-07-10,7567.75,7567.75,7731.0498046875,7479.0498046875,7589.5,258400
2014-07-11,7459.60009765625,7459.60009765625,7625.85009765625,7447.2001953125,7584.10009765625,187600
2014-07-14,7454.14990234375,7454.14990234375,7478.4501953125,7422.14990234375,7469.0,135200
2014-07-15,7526.64990234375,7526.64990234375,7534.89990234375,7459.14990234375,7491.2998046875,122100
2014-07-16,7624.39990234375,7624.39990234375,7640.10009765625,7532.4501953125,7564.14990234375,168000
2014-07-17,7640.4501953125,7640.4501953125,7655.64990234375,7612.7001953125,7612.7001953125,141600
2014-07-18,7663.89990234375,7663.89990234375,7685.0,7595.5,7630.25,134600
2014-07-21,7684.2001953125,7684.2001953125,7722.10009765625,7674.0,7701.64990234375,105400
2014-07-22,7767.85009765625,7767.85009765625,7773.85009765625,7704.7998046875,7708.2001953125,120100
2014-07-23,7795.75,7795.75,7809.2001953125,7752.89990234375,7794.89990234375,122100
2014-07-24,7830.60009765625,7830.60009765625,7835.64990234375,7771.64990234375,7796.25,117600
2014-07-25,7790.4501953125,7790.4501953125,7840.9501953125,7748.60009765625,7828.2001953125,153900
2014-07-28,7748.7001953125,7748.7001953125,7799.89990234375,7722.64990234375,7792.89990234375,116500
2014-07-30,7791.39990234375,7791.39990234375,7798.7001953125,7707.60009765625,7746.2001953125,178100
2014-07-31,7721.2998046875,7721.2998046875,7791.85009765625,7711.14990234375,7784.64990234375,208900
2014-08-01,7602.60009765625,7602.60009765625,7716.7001953125,7593.89990234375,7662.5,181100
2014-08-04,7683.64990234375,7683.64990234375,7694.7998046875,7622.0498046875,7639.5498046875,137000
2014-08-05,7746.5498046875,7746.5498046875,7752.4501953125,7638.0498046875,7706.64990234375,128200
2014-08-06,7672.0498046875,7672.0498046875,7740.9501953125,7658.9501953125,7726.14990234375,116400
2014-08-07,7649.25,7649.25,7708.9501953125,7630.39990234375,7651.14990234375,116800
2014-08-08,7568.5498046875,7568.5498046875,7592.4501953125,7540.10009765625,7588.7001953125,118400
2014-08-11,7625.9501953125,7625.9501953125,7635.5498046875,7598.60009765625,7619.85009765625,107000
2014-08-12,7727.0498046875,7727.0498046875,7735.75,7654.7998046875,7688.7998046875,120600
2014-08-13,7739.5498046875,7739.5498046875,7757.10009765625,7695.7001953125,7717.2998046875,154100
2014-08-14,7791.7001953125,7791.7001953125,7796.7001953125,7739.10009765625,7756.14990234375,127300
2014-08-18,7874.25,7874.25,7880.5,7779.2001953125,7785.25,126700
2014-08-19,7897.5,7897.5,7918.5498046875,7881.14990234375,7901.0,140600
2014-08-20,7875.2998046875,7875.2998046875,7922.7001953125,7864.0498046875,7915.7998046875,117300
2014-08-21,7891.10009765625,7891.10009765625,7919.64990234375,7855.9501953125,7875.35009765625,115200
2014-08-22,7913.2001953125,7913.2001953125,7929.0498046875,7900.0498046875,7904.5498046875,104100
2014-08-25,7906.2998046875,7906.2998046875,7968.25,7897.9501953125,7931.75,118500
2014-08-26,7904.75,7904.75,7915.4501953125,7862.4501953125,7874.5,142800
2014-08-27,7936.0498046875,7936.0498046875,7946.85009765625,7916.5498046875,7933.89990234375,120000
2014-08-28,7954.35009765625,7954.35009765625,7967.7998046875,7939.2001953125,7942.25,189700
2014-09-01,8027.7001953125,8027.7001953125,8035.0,7984.0,7990.35009765625,139300
2014-09-02,8083.0498046875,8083.0498046875,8101.9501953125,8036.5498046875,8038.60009765625,134900
2014-09-03,8114.60009765625,8114.60009765625,8141.89990234375,8092.25,8110.85009765625,150700
2014-09-04,8095.9501953125,8095.9501953125,8114.7998046875,8060.89990234375,8114.2001953125,141300
2014-09-05,8086.85009765625,8086.85009765625,8122.7001953125,8049.85009765625,8099.89990234375,126000
2014-09-08,8173.89990234375,8173.89990234375,8180.2001953125,8126.14990234375,8132.9501953125,120700
2014-09-09,8152.9501953125,8152.9501953125,8174.5498046875,8126.5,8161.89990234375,104700
2014-09-10,8094.10009765625,8094.10009765625,8135.75,8082.10009765625,8135.5498046875,107100
2014-09-11,8085.7001953125,8085.7001953125,8127.9501953125,8057.2998046875,8115.14990234375,122800
2014-09-12,8105.5,8105.5,8114.2998046875,8071.60009765625,8087.0498046875,111400
2014-09-15,8042.0,8042.0,8077.2998046875,8030.0,8070.35009765625,96500
2014-09-16,7932.89990234375,7932.89990234375,8044.89990234375,7925.14990234375,8036.60009765625,128000
2014-09-17,7975.5,7975.5,7990.64990234375,7936.9501953125,7971.5,123700
2014-09-18,8114.75,8114.75,8120.85009765625,7939.7001953125,7950.64990234375,116900
2014-09-19,8121.4501953125,8121.4501953125,8160.89990234375,8105.35009765625,8129.39990234375,161300
2014-09-22,8146.2998046875,8146.2998046875,8159.89990234375,8064.7998046875,8084.4501953125,105500
2014-09-23,8017.5498046875,8017.5498046875,8159.75,8008.10009765625,8144.39990234375,140800
2014-09-24,8002.39990234375,8002.39990234375,8042.0498046875,7950.0498046875,8015.5498046875,182200
2014-09-25,7911.85009765625,7911.85009765625,8019.2998046875,7877.35009765625,8003.2998046875,231900
2014-09-26,7968.85009765625,7968.85009765625,7993.2998046875,7841.7998046875,7885.85009765625,147800
2014-09-29,7958.89990234375,7958.89990234375,7991.75,7934.7001953125,7978.4501953125,97300
2014-09-30,7964.7998046875,7964.7998046875,8030.89990234375,7923.85009765625,7948.7998046875,141100
2014-10-01,7945.5498046875,7945.5498046875,7977.5,7936.7001953125,7960.5,113000
2014-10-07,7852.39990234375,7852.39990234375,7943.0498046875,7842.7001953125,7897.39990234375,148200
2014-10-08,7842.7001953125,7842.7001953125,7869.89990234375,7815.75,7828.75,135900
2014-10-09,7960.5498046875,7960.5498046875,7972.35009765625,7886.5,7886.5,123800
2014-10-10,7859.9501953125,7859.9501953125,7924.0498046875,7848.4501953125,7911.0,142900
2014-10-13,7884.25,7884.25,7901.14990234375,7796.0,7831.0,118800
2014-10-14,7864.0,7864.0,7928.0,7825.4501953125,7923.25,225500
2014-10-16,7748.2001953125,7748.2001953125,7893.89990234375,7729.64990234375,7837.2998046875,213500
2014-10-17,7779.7001953125,7779.7001953125,7819.2001953125,7723.85009765625,7733.75,177600
2014-10-20,7879.39990234375,7879.39990234375,7905.9501953125,7856.9501953125,7896.9501953125,176200
2014-10-21,7927.75,7927.75,7936.60009765625,7874.35009765625,7906.14990234375,163400
2014-10-22,7995.89990234375,7995.89990234375,8005.0,7974.5498046875,7997.7998046875,151100
2014-10-27,7991.7001953125,7991.7001953125,8064.39990234375,7985.64990234375,8064.35009765625,132800
2014-10-28,8027.60009765625,8027.60009765625,8037.7998046875,7995.0498046875,8002.39990234375,124100
2014-10-29,8090.4501953125,8090.4501953125,8097.9501953125,8052.25,8077.0498046875,148300
2014-10-30,8169.2001953125,8169.2001953125,8181.5498046875,8085.2001953125,8085.2001953125,205700
2014-10-31,8322.2001953125,8322.2001953125,8330.75,8198.0498046875,8200.7998046875,176200
2014-11-03,8324.150390625,8324.150390625,8350.599609375,8297.650390625,8348.150390625,141100
2014-11-05,8338.2998046875,8338.2998046875,8365.5498046875,8323.5,8351.25,161600
2014-11-07,8337.0,8337.0,8360.349609375,8290.25,8331.849609375,153400
2014-11-10,8344.25,8344.25,8383.0498046875,8304.4501953125,8337.7998046875,130700
2014-11-11,8362.650390625,8362.650390625,8378.7001953125,8321.849609375,8354.099609375,122000
2014-11-12,8383.2998046875,8383.2998046875,8415.0498046875,8370.5,8378.900390625,125200
2014-11-13,8357.849609375,8357.849609375,8408.0,8320.349609375,8405.25,127400
2014-11-14,8389.900390625,8389.900390625,8400.650390625,8346.7998046875,8360.7001953125,146800
2014-11-17,8430.75,8430.75,8438.099609375,8349.099609375,8378.400390625,113900
2014-11-18,8425.900390625,8425.900390625,8454.5,8407.25,8441.25,134700
2014-11-19,8382.2998046875,8382.2998046875,8455.650390625,8360.5,8440.650390625,125400
2014-11-20,8401.900390625,8401.900390625,8410.849609375,8353.150390625,8406.5,122800
2014-11-21,8477.349609375,8477.349609375,8489.7998046875,8398.599609375,8408.2001953125,137000
2014-11-24,8530.150390625,8530.150390625,8534.650390625,8490.7998046875,8490.9501953125,140700
2014-11-25,8463.099609375,8463.099609375,8535.349609375,8429.4501953125,8530.7998046875,271900
2014-11-26,8475.75,8475.75,8500.2998046875,8438.650390625,8450.2998046875,151900
2014-11-27,8494.2001953125,8494.2001953125,8506.75,8456.349609375,8477.7998046875,194300
2014-11-28,8588.25,8588.25,8617.0,8516.25,8516.7998046875,197200
2014-12-01,8555.900390625,8555.900390625,8623.0,8545.150390625,8605.099609375,152000
2014-12-02,8524.7001953125,8524.7001953125,8560.2001953125,8504.650390625,8535.4501953125,137400
2014-12-03,8537.650390625,8537.650390625,8546.9501953125,8508.349609375,8528.7001953125,153200
2014-12-04,8564.400390625,8564.400390625,8626.9501953125,8526.400390625,8582.400390625,143500
2014-12-05,8538.2998046875,8538.2998046875,8588.349609375,8523.900390625,8584.25,143300
2014-12-08,8438.25,8438.25,8546.349609375,8432.25,8538.650390625,163800
2014-12-09,8340.7001953125,8340.7001953125,8444.5,8330.5,8439.2998046875,146300
2014-12-10,8355.650390625,8355.650390625,8376.7998046875,8317.0,8318.0498046875,136700
2014-12-11,8292.900390625,8292.900390625,8348.2998046875,8272.400390625,8338.849609375,133900
2014-12-12,8224.099609375,8224.099609375,8321.900390625,8216.2998046875,8302.0,138100
2014-12-15,8219.599609375,8219.599609375,8242.400390625,8152.5,8160.75,137100
2014-12-16,8067.60009765625,8067.60009765625,8189.35009765625,8052.60009765625,8172.60009765625,197300
2014-12-17,8029.7998046875,8029.7998046875,8082.0,7961.35009765625,8041.2001953125,216200
2014-12-18,8159.2998046875,8159.2998046875,8174.2998046875,8084.89990234375,8138.89990234375,162100
2014-12-19,8225.2001953125,8225.2001953125,8263.4501953125,8208.599609375,8230.4501953125,174800
2014-12-22,8324.0,8324.0,8330.9501953125,8228.2001953125,8255.0,139200
2014-12-23,8267.0,8267.0,8364.75,8252.849609375,8324.599609375,132200
2014-12-24,8174.10009765625,8174.10009765625,8286.400390625,8155.25,8272.0498046875,221900
2014-12-26,8200.7001953125,8200.7001953125,8234.5498046875,8147.9501953125,8204.7998046875,75500
2014-12-29,8246.2998046875,8246.2998046875,8279.150390625,8214.7001953125,8214.7001953125,82100
2014-12-30,8248.25,8248.25,8268.25,8220.5498046875,8260.2998046875,77700
2014-12-31,8282.7001953125,8282.7001953125,8291.0,8243.75,8243.900390625,84500
2015-01-02,8395.4501953125,8395.4501953125,8410.599609375,8288.7001953125,8288.7001953125,101900
2015-01-05,8378.400390625,8378.400390625,8445.599609375,8363.900390625,8407.9501953125,118200
2015-01-06,8127.35009765625,8127.35009765625,8327.849609375,8111.35009765625,8325.2998046875,172800
2015-01-07,8102.10009765625,8102.10009765625,8151.2001953125,8065.4501953125,8118.64990234375,164100
2015-01-08,8234.599609375,8234.599609375,8243.5,8167.2998046875,8191.39990234375,143800
2015-01-09,8284.5,8284.5,8303.2998046875,8190.7998046875,8285.4501953125,148000
2015-01-12,8323.0,8323.0,8332.599609375,8245.599609375,8291.349609375,103200
2015-01-13,8299.400390625,8299.400390625,8356.650390625,8267.900390625,8346.150390625,129600
2015-01-14,8277.5498046875,8277.5498046875,8326.4501953125,8236.650390625,8307.25,146100
2015-01-15,8494.150390625,8494.150390625,8527.099609375,8380.5498046875,8424.5,232100
2015-01-16,8513.7998046875,8513.7998046875,8530.75,8452.25,8504.0498046875,176000
2015-01-19,8550.7001953125,8550.7001953125,8570.9501953125,8531.5,8550.0498046875,125400
2015-01-20,8695.599609375,8695.599609375,8707.900390625,8574.5,8575.099609375,158700
2015-01-21,8729.5,8729.5,8741.849609375,8689.599609375,8719.650390625,185900
2015-01-22,8761.400390625,8761.400390625,8774.150390625,8727.0,8745.849609375,175500
2015-01-23,8835.599609375,8835.599609375,8866.400390625,8795.400390625,8827.9501953125,191200
2015-01-27,8910.5,8910.5,8925.0498046875,8825.4501953125,8871.349609375,192000
2015-01-28,8914.2998046875,8914.2998046875,8985.0498046875,8874.0498046875,8902.75,185100
2015-01-29,8952.349609375,8952.349609375,8966.650390625,8861.25,8901.5,256300
2015-01-30,8808.900390625,8808.900390625,8996.599609375,8775.099609375,8996.599609375,267300
2015-02-02,8797.400390625,8797.400390625,8840.7998046875,8751.099609375,8802.5,210100
2015-02-03,8756.5498046875,8756.5498046875,8837.2998046875,8726.650390625,8823.150390625,208700
2015-02-04,8723.7001953125,8723.7001953125,8792.849609375,8704.400390625,8789.150390625,195300
2015-02-05,8711.7001953125,8711.7001953125,8838.4501953125,8683.650390625,8733.099609375,173600
2015-02-06,8661.0498046875,8661.0498046875,8726.2001953125,8645.5498046875,8696.849609375,171300
2015-02-09,8526.349609375,8526.349609375,8605.5498046875,8516.349609375,8584.400390625,146800
2015-02-10,8565.5498046875,8565.5498046875,8646.25,8470.5,8478.099609375,196200
2015-02-11,8627.400390625,8627.400390625,8651.9501953125,8593.650390625,8603.2998046875,161600
2015-02-12,8711.5498046875,8711.5498046875,8732.5498046875,8599.25,8676.9501953125,158800
2015-02-13,8805.5,8805.5,8822.099609375,8729.650390625,8741.5,221900
2015-02-16,8809.349609375,8809.349609375,8870.099609375,8793.400390625,8831.400390625,136400
2015-02-18,8869.099609375,8869.099609375,8894.2998046875,8808.900390625,8811.5498046875,147600
2015-02-19,8895.2998046875,8895.2998046875,8913.4501953125,8794.4501953125,8883.0498046875,213300
2015-02-20,8833.599609375,8833.599609375,8899.9501953125,8816.2998046875,8895.5,197600
2015-02-23,8754.9501953125,8754.9501953125,8869.0,8736.099609375,8856.849609375,139600
2015-02-24,8762.099609375,8762.099609375,8800.5,8726.75,8772.900390625,149800
2015-02-25,8767.25,8767.25,8840.650390625,8751.400390625,8801.900390625,135200
2015-02-26,8683.849609375,8683.849609375,8786.0498046875,8669.4501953125,8779.0,217500
2015-02-27,8844.599609375,8844.599609375,8856.9501953125,8717.4501953125,8729.5,249500
2015-03-02,8956.75,8956.75,8972.349609375,8885.4501953125,8953.849609375,218100
2015-03-03,8996.25,8996.25,9008.400390625,8925.5498046875,8962.849609375,177800
2015-03-04,8922.650390625,8922.650390625,9119.2001953125,8893.9501953125,9109.150390625,248400
2015-03-05,8937.75,8937.75,8957.5498046875,8849.349609375,8929.400390625,160100
2015-03-09,8756.75,8756.75,8891.2998046875,8740.4501953125,8891.150390625,155500
2015-03-10,8712.0498046875,8712.0498046875,8778.0,8677.349609375,8769.75,163800
2015-03-11,8699.9501953125,8699.9501953125,8755.599609375,8682.349609375,8728.75,172800
2015-03-12,8776.0,8776.0,8787.2001953125,8732.900390625,8740.650390625,173900
2015-03-13,8647.75,8647.75,8849.75,8631.75,8844.0498046875,179200
2015-03-16,8633.150390625,8633.150390625,8663.5498046875,8612.0,8656.75,163300
2015-03-17,8723.2998046875,8723.2998046875,8742.5498046875,8630.7998046875,8689.099609375,177000
2015-03-18,8685.900390625,8685.900390625,8747.25,8664.0,8742.900390625,156400
2015-03-19,8634.650390625,8634.650390625,8788.2001953125,8614.650390625,8749.4501953125,163500
2015-03-20,8570.900390625,8570.900390625,8627.900390625,8553.0,8627.900390625,174600
2015-03-23,8550.900390625,8550.900390625,8608.349609375,8540.5498046875,8591.5498046875,150700
2015-03-24,8542.9501953125,8542.9501953125,8627.75,8535.849609375,8537.0498046875,156700
2015-03-25,8530.7998046875,8530.7998046875,8573.75,8516.5498046875,8568.900390625,161000
2015-03-26,8342.150390625,8342.150390625,8499.4501953125,8325.349609375,8474.9501953125,280100
2015-03-27,8341.400390625,8341.400390625,8413.2001953125,8269.150390625,8396.0,193000
2015-03-30,8492.2998046875,8492.2998046875,8492.2998046875,8380.75,8390.9501953125,134700
2015-03-31,8491.0,8491.0,8550.4501953125,8454.150390625,8527.599609375,167200
2015-04-01,8586.25,8586.25,8603.400390625,8464.75,8483.7001953125,125500
2015-04-06,8659.900390625,8659.900390625,8667.5498046875,8573.75,8615.7998046875,146900
2015-04-07,8660.2998046875,8660.2998046875,8693.599609375,8586.849609375,8684.4501953125,148700
2015-04-08,8714.400390625,8714.400390625,8730.5,8679.7998046875,8698.9501953125,148200
2015-04-09,8778.2998046875,8778.2998046875,8785.5,8682.4501953125,8756.2001953125,152700
2015-04-10,8780.349609375,8780.349609375,8787.400390625,8733.599609375,8774.349609375,139000
2015-04-13,8834.0,8834.0,8841.650390625,8762.099609375,8801.75,121600
2015-04-16,8706.7001953125,8706.7001953125,8760.0,8645.650390625,8757.0498046875,142900
2015-04-17,8606.0,8606.0,8699.849609375,8596.7001953125,8698.0498046875,150400
2015-04-20,8448.099609375,8448.099609375,8619.9501953125,8422.75,8618.7998046875,148900
2015-04-21,8377.75,8377.75,8469.349609375,8352.7001953125,8416.099609375,407800
2015-04-22,8429.7001953125,8429.7001953125,8449.9501953125,8284.7001953125,8400.400390625,171800
2015-04-23,8398.2998046875,8398.2998046875,8504.9501953125,8361.849609375,8478.2001953125,156000
2015-04-24,8305.25,8305.25,8413.2998046875,8273.349609375,8405.7001953125,173600
2015-04-27,8213.7998046875,8213.7998046875,8334.4501953125,8202.349609375,8330.5498046875,171500
2015-04-28,8285.599609375,8285.599609375,8308.0,8185.14990234375,8215.5498046875,174600
2015-04-29,8239.75,8239.75,8308.2001953125,8219.2001953125,8274.7998046875,160400
2015-04-30,8181.5,8181.5,8229.400390625,8144.75,8224.5,267700
2015-05-04,8331.9501953125,8331.9501953125,8346.0,8220.4501953125,8230.0498046875,131700
2015-05-05,8324.7998046875,8324.7998046875,8355.650390625,8280.599609375,8338.400390625,155500
2015-05-06,8097.0,8097.0,8331.9501953125,8083.0,8316.599609375,209600
2015-05-07,8057.2998046875,8057.2998046875,8122.60009765625,7997.14990234375,8077.0,161600
2015-05-08,8191.5,8191.5,8224.9501953125,8123.4501953125,8131.5,183100
2015-05-11,8325.25,8325.25,8332.75,8224.650390625,8243.2001953125,192000
2015-05-12,8126.9501953125,8126.9501953125,8326.650390625,8115.2998046875,8326.150390625,173400
2015-05-13,8235.4501953125,8235.4501953125,8254.9501953125,8089.7998046875,8181.5498046875,169800
2015-05-14,8224.2001953125,8224.2001953125,8236.25,8137.2998046875,8232.4501953125,134800
2015-05-15,8262.349609375,8262.349609375,8279.2001953125,8212.2001953125,8240.2998046875,129800
2015-05-18,8373.650390625,8373.650390625,8384.599609375,8271.9501953125,8284.9501953125,148700
2015-05-19,8365.650390625,8365.650390625,8427.7998046875,8335.0,8356.2001953125,140300
2015-05-20,8423.25,8423.25,8440.349609375,8391.4501953125,8392.650390625,123600
2015-05-21,8421.0,8421.0,8446.349609375,8382.5,8434.5,143800
2015-05-22,8458.9501953125,8458.9501953125,8489.5498046875,8420.599609375,8432.5,187300
2015-05-25,8370.25,8370.25,8441.9501953125,8364.150390625,8438.150390625,121300
2015-05-26,8339.349609375,8339.349609375,8378.900390625,8320.0498046875,8377.099609375,116800
2015-05-27,8334.599609375,8334.599609375,8342.849609375,8277.9501953125,8302.75,165500
2015-05-28,8319.0,8319.0,8364.5,8270.150390625,8345.7001953125,232300
2015-05-29,8433.650390625,8433.650390625,8443.900390625,8305.7001953125,8327.099609375,363900
2015-06-01,8433.400390625,8433.400390625,8467.150390625,8405.400390625,8417.25,122200
2015-06-02,8236.4501953125,8236.4501953125,8445.349609375,8226.0498046875,8442.7998046875,146800
2015-06-03,8135.10009765625,8135.10009765625,8236.7001953125,8094.14990234375,8232.4501953125,171400
2015-06-04,8130.64990234375,8130.64990234375,8160.0498046875,8056.75,8155.14990234375,154700
2015-06-05,8114.7001953125,8114.7001953125,8191.0,8100.14990234375,8119.14990234375,162100
2015-06-08,8044.14990234375,8044.14990234375,8131.0,8030.5498046875,8124.35009765625,135900
2015-06-09,8022.39990234375,8022.39990234375,8057.14990234375,8005.14990234375,8026.5,136000
2015-06-10,8124.4501953125,8124.4501953125,8152.25,8023.7998046875,8024.14990234375,136800
2015-06-11,7965.35009765625,7965.35009765625,8163.0498046875,7958.25,8157.2998046875,166200
2015-06-12,7982.89990234375,7982.89990234375,7995.60009765625,7940.2998046875,7959.85009765625,136600
2015-06-15,8013.89990234375,8013.89990234375,8057.7001953125,7944.85009765625,7986.60009765625,133000
2015-06-16,8047.2998046875,8047.2998046875,8061.85009765625,7952.35009765625,8004.2001953125,124000
2015-06-17,8091.5498046875,8091.5498046875,8136.85009765625,8048.9501953125,8084.2001953125,152500
2015-06-18,8174.60009765625,8174.60009765625,8186.89990234375,8101.7998046875,8113.7001953125,144800
2015-06-19,8224.9501953125,8224.9501953125,8250.7998046875,8195.650390625,8201.150390625,147100
2015-06-22,8353.099609375,8353.099609375,8369.4501953125,8257.400390625,8259.2998046875,122700
2015-06-23,8381.5498046875,8381.5498046875,8398.4501953125,8334.9501953125,8377.4501953125,131700
2015-06-24,8360.849609375,8360.849609375,8421.349609375,8338.900390625,8399.400390625,130100
2015-06-25,8398.0,8398.0,8423.150390625,8329.5,8336.25,201200
2015-06-26,8381.099609375,8381.099609375,8408.5498046875,8339.7001953125,8393.9501953125,110600
2015-06-29,8318.400390625,8318.400390625,8329.4501953125,8195.650390625,8247.0498046875,132000
2015-06-30,8368.5,8368.5,8378.0,8298.9501953125,8316.349609375,158500
2015-07-01,8453.0498046875,8453.0498046875,8481.599609375,8370.150390625,8376.25,131800
2015-07-02,8444.900390625,8444.900390625,8479.25,8433.2001953125,8471.9501953125,112000
2015-07-03,8484.900390625,8484.900390625,8497.75,8424.150390625,8440.099609375,88400
2015-07-06,8522.150390625,8522.150390625,8533.150390625,8386.150390625,8386.150390625,101500
2015-07-07,8510.7998046875,8510.7998046875,8561.349609375,8483.849609375,8525.5,122200
2015-07-08,8363.0498046875,8363.0498046875,8457.5,8341.400390625,8439.2001953125,188100
2015-07-09,8328.5498046875,8328.5498046875,8400.2998046875,8323.0,8364.849609375,131300
2015-07-10,8360.5498046875,8360.5498046875,8377.099609375,8315.400390625,8365.7001953125,154100
2015-07-13,8459.650390625,8459.650390625,8471.650390625,8355.400390625,8397.25,117800
2015-07-14,8454.099609375,8454.099609375,8480.25,8424.099609375,8470.599609375,101700
2015-07-15,8523.7998046875,8523.7998046875,8531.400390625,8462.9501953125,8463.400390625,105500
2015-07-16,8608.0498046875,8608.0498046875,8616.099609375,8542.900390625,8546.150390625,116000
2015-07-17,8609.849609375,8609.849609375,8642.9501953125,8593.150390625,8623.650390625,105000
2015-07-20,8603.4501953125,8603.4501953125,8624.099609375,8559.0,8623.900390625,90600
2015-07-21,8529.4501953125,8529.4501953125,8646.75,8517.900390625,8601.5,164100
2015-07-22,8633.5,8633.5,8643.900390625,8498.650390625,8512.25,136800
2015-07-23,8589.7998046875,8589.7998046875,8654.75,8573.7998046875,8643.9501953125,132900
2015-07-24,8521.5498046875,8521.5498046875,8589.150390625,8513.5,8588.150390625,127400
2015-07-27,8361.0,8361.0,8492.2001953125,8351.5498046875,8492.099609375,136600
2015-07-28,8337.0,8337.0,8397.400390625,8321.75,8371.099609375,174600
2015-07-29,8375.0498046875,8375.0498046875,8381.5,8338.4501953125,8365.599609375,141000
2015-07-30,8421.7998046875,8421.7998046875,8458.900390625,8408.2998046875,8417.0,215200
2015-07-31,8532.849609375,8532.849609375,8548.9501953125,8448.0,8456.099609375,203300
2015-08-03,8543.0498046875,8543.0498046875,8563.9501953125,8508.099609375,8510.650390625,156700
2015-08-04,8516.900390625,8516.900390625,8565.150390625,8448.25,8564.099609375,187400
2015-08-05,8567.9501953125,8567.9501953125,8591.849609375,8545.849609375,8547.4501953125,132800
2015-08-06,8588.650390625,8588.650390625,8606.2998046875,8551.5,8585.7998046875,134900
2015-08-07,8564.599609375,8564.599609375,8595.9501953125,8552.7001953125,8580.7998046875,143700
2015-08-10,8525.599609375,8525.599609375,8621.5498046875,8497.7998046875,8577.0,123400
2015-08-11,8462.349609375,8462.349609375,8556.25,8441.2998046875,8548.4501953125,154400
2015-08-12,8349.4501953125,8349.4501953125,8446.9501953125,8337.9501953125,8445.7001953125,190000
2015-08-13,8355.849609375,8355.849609375,8429.5,8339.75,8384.4501953125,189200
2015-08-14,8518.5498046875,8518.5498046875,8530.099609375,8381.2001953125,8402.349609375,155900
2015-08-17,8477.2998046875,8477.2998046875,8530.599609375,8428.0498046875,8530.5,174700
2015-08-18,8466.5498046875,8466.5498046875,8525.75,8433.599609375,8505.849609375,153300
2015-08-19,8495.150390625,8495.150390625,8520.4501953125,8425.9501953125,8468.0498046875,130500
2015-08-20,8372.75,8372.75,8501.349609375,8359.75,8471.0498046875,184100
2015-08-21,8299.9501953125,8299.9501953125,8322.2001953125,8225.0498046875,8305.400390625,201300
2015-08-24,7809.0,7809.0,8060.0498046875,7769.39990234375,8055.9501953125,312400
2015-08-25,7880.7001953125,7880.7001953125,7925.39990234375,7667.25,7895.39990234375,299100
2015-08-26,7791.85009765625,7791.85009765625,7930.0498046875,7777.10009765625,7865.25,216600
2015-08-27,7948.9501953125,7948.9501953125,7963.60009765625,7862.2998046875,7921.60009765625,305000
2015-08-28,8001.9501953125,8001.9501953125,8091.7998046875,7961.64990234375,8053.7001953125,195600
2015-08-31,7971.2998046875,7971.2998046875,8043.60009765625,7947.9501953125,8009.25,198200
2015-09-01,7785.85009765625,7785.85009765625,7929.10009765625,7746.5,7907.9501953125,184900
2015-09-02,7717.0,7717.0,7862.5498046875,7699.25,7856.64990234375,215300
2015-09-03,7823.0,7823.0,7845.60009765625,7754.0498046875,7774.4501953125,155800
2015-09-04,7655.0498046875,7655.0498046875,7804.89990234375,7626.85009765625,7803.39990234375,193600
2015-09-07,7558.7998046875,7558.7998046875,7705.0498046875,7545.89990234375,7685.85009765625,141400
2015-09-08,7688.25,7688.25,7720.89990234375,7539.5,7587.7001953125,172200
2015-09-09,7818.60009765625,7818.60009765625,7846.0498046875,7764.5498046875,7805.85009765625,208400
2015-09-10,7788.10009765625,7788.10009765625,7819.85009765625,7678.5,7729.0498046875,160300
2015-09-11,7789.2998046875,7789.2998046875,7864.85009765625,7759.89990234375,7833.7998046875,136400
2015-09-14,7872.25,7872.25,7879.9501953125,7761.85009765625,7811.10009765625,122800
2015-09-15,7829.10009765625,7829.10009765625,7880.0,7799.75,7867.35009765625,136500
2015-09-16,7899.14990234375,7899.14990234375,7913.89990234375,7853.2998046875,7886.85009765625,140000
2015-09-18,7981.89990234375,7981.89990234375,8055.0,7955.85009765625,7967.4501953125,241800
2015-09-21,7977.10009765625,7977.10009765625,7987.89990234375,7908.35009765625,7911.5,121800
2015-09-22,7812.0,7812.0,8021.60009765625,7787.75,8014.7998046875,168400
2015-09-23,7845.9501953125,7845.9501953125,7882.89990234375,7723.25,7737.35009765625,146700
2015-09-24,7868.5,7868.5,7894.5,7804.10009765625,7838.39990234375,202500
2015-09-28,7795.7001953125,7795.7001953125,7893.9501953125,7787.9501953125,7892.7998046875,136300
2015-09-29,7843.2998046875,7843.2998046875,7926.5498046875,7691.2001953125,7725.7001953125,240700
2015-09-30,7948.89990234375,7948.89990234375,7957.7001953125,7874.5,7924.25,210700
2015-10-01,7950.89990234375,7950.89990234375,8008.25,7930.64990234375,7992.0498046875,156900
2015-10-05,8119.2998046875,8119.2998046875,8128.89990234375,8005.10009765625,8005.10009765625,183100
2015-10-06,8152.89990234375,8152.89990234375,8180.9501953125,8096.5,8180.4501953125,178500
2015-10-07,8177.39990234375,8177.39990234375,8188.89990234375,8132.89990234375,8146.2001953125,193900
2015-10-08,8129.35009765625,8129.35009765625,8196.75,8105.85009765625,8196.75,171700
2015-10-09,8189.7001953125,8189.7001953125,8232.2001953125,8139.64990234375,8186.35009765625,199700
2015-10-12,8143.60009765625,8143.60009765625,8244.5,8128.2001953125,8231.5,199100
2015-10-13,8131.7001953125,8131.7001953125,8150.25,8088.60009765625,8121.9501953125,145900
2015-10-14,8107.89990234375,8107.89990234375,8139.2998046875,8096.35009765625,8102.39990234375,138900
2015-10-15,8179.5,8179.5,8190.5498046875,8129.7998046875,8134.35009765625,167200
2015-10-16,8238.150390625,8238.150390625,8246.400390625,8147.64990234375,8193.650390625,156400
2015-10-19,8275.0498046875,8275.0498046875,8283.0498046875,8239.2001953125,8262.5498046875,124500
2015-10-20,8261.650390625,8261.650390625,8294.0498046875,8229.2001953125,8280.2998046875,155100
2015-10-21,8251.7001953125,8251.7001953125,8294.400390625,8217.150390625,8258.349609375,144800
2015-10-23,8295.4501953125,8295.4501953125,8328.099609375,8280.75,8308.25,152000
2015-10-26,8260.5498046875,8260.5498046875,8336.2998046875,8252.0498046875,8333.650390625,133900
2015-10-27,8232.900390625,8232.900390625,8241.9501953125,8217.0498046875,8230.349609375,156700
2015-10-28,8171.2001953125,8171.2001953125,8209.099609375,8131.7998046875,8188.89990234375,188900
2015-10-29,8111.75,8111.75,8179.60009765625,8098.0,8175.4501953125,217500
2015-10-30,8065.7998046875,8065.7998046875,8146.10009765625,8044.39990234375,8123.5498046875,199500
2015-11-02,8050.7998046875,8050.7998046875,8060.7001953125,7995.60009765625,8054.5498046875,136100
2015-11-03,8060.7001953125,8060.7001953125,8100.35009765625,8031.75,8086.35009765625,132500
2015-11-04,8040.2001953125,8040.2001953125,8116.10009765625,8027.2998046875,8104.89990234375,122100
2015-11-05,7955.4501953125,7955.4501953125,8031.2001953125,7944.10009765625,8030.35009765625,132100
2015-11-06,7954.2998046875,7954.2998046875,8002.64990234375,7926.14990234375,7956.5498046875,219500
2015-11-09,7915.2001953125,7915.2001953125,7937.75,7771.7001953125,7788.25,211800
2015-11-10,7783.35009765625,7783.35009765625,7885.10009765625,7772.85009765625,7877.60009765625,165200
2015-11-13,7762.25,7762.25,7775.10009765625,7730.89990234375,7762.4501953125,160900
2015-11-16,7806.60009765625,7806.60009765625,7838.85009765625,7714.14990234375,7732.9501953125,149500
2015-11-17,7837.5498046875,7837.5498046875,7860.4501953125,7793.0,7848.75,145000
2015-11-18,7731.7998046875,7731.7998046875,7843.39990234375,7725.0498046875,7823.14990234375,143600
2015-11-19,7842.75,7842.75,7854.89990234375,7765.4501953125,7788.5,132600
2015-11-20,7856.5498046875,7856.5498046875,7906.9501953125,7817.7998046875,7841.89990234375,151900
2015-11-23,7849.25,7849.25,7877.5,7825.2001953125,7869.5,127000
2015-11-24,7831.60009765625,7831.60009765625,7870.35009765625,7812.64990234375,7837.0,130600
2015-11-26,7883.7998046875,7883.7998046875,7897.10009765625,7832.0,7837.14990234375,219800
2015-11-27,7942.7001953125,7942.7001953125,7959.2998046875,7879.4501953125,7910.60009765625,150300
2015-11-30,7935.25,7935.25,7966.0,7922.7998046875,7936.25,216300
2015-12-01,7954.89990234375,7954.89990234375,7972.14990234375,7934.14990234375,7958.14990234375,138600
2015-12-02,7931.35009765625,7931.35009765625,7979.2998046875,7910.7998046875,7976.7001953125,126300
2015-12-03,7864.14990234375,7864.14990234375,7912.2998046875,7853.2998046875,7902.2998046875,125700
2015-12-04,7781.89990234375,7781.89990234375,7821.39990234375,7775.7001953125,7817.60009765625,152500
2015-12-07,7765.39990234375,7765.39990234375,7825.39990234375,7746.0498046875,7816.5498046875,137600
2015-12-08,7701.7001953125,7701.7001953125,7771.25,7685.4501953125,7738.5,135100
2015-12-09,7612.5,7612.5,7702.85009765625,7606.89990234375,7695.5,140000
2015-12-10,7683.2998046875,7683.2998046875,7691.9501953125,7610.0,7643.2998046875,140800
2015-12-11,7610.4501953125,7610.4501953125,7703.0498046875,7575.2998046875,7699.60009765625,167800
2015-12-14,7650.0498046875,7650.0498046875,7663.9501953125,7551.0498046875,7558.2001953125,148900
2015-12-15,7700.89990234375,7700.89990234375,7705.0,7625.10009765625,7659.14990234375,134300
2015-12-16,7750.89990234375,7750.89990234375,7776.60009765625,7715.75,7725.25,154300
2015-12-17,7844.35009765625,7844.35009765625,7852.89990234375,7737.5498046875,7783.0498046875,175900
2015-12-18,7761.9501953125,7761.9501953125,7836.14990234375,7753.35009765625,7828.89990234375,191400
2015-12-21,7834.4501953125,7834.4501953125,7840.75,7733.4501953125,7745.64990234375,126300
2015-12-22,7786.10009765625,7786.10009765625,7846.2998046875,7776.85009765625,7829.39990234375,125700
2015-12-23,7865.9501953125,7865.9501953125,7871.4501953125,7826.10009765625,7830.4501953125,117900
2015-12-24,7861.0498046875,7861.0498046875,7888.75,7835.5,7888.75,93500
2015-12-28,7925.14990234375,7925.14990234375,7937.2001953125,7863.0,7863.2001953125,122900
2015-12-29,7928.9501953125,7928.9501953125,7942.14990234375,7902.75,7929.2001953125,113000
2015-12-30,7896.25,7896.25,7944.75,7889.85009765625,7938.60009765625,106800
2015-12-31,7946.35009765625,7946.35009765625,7955.5498046875,7891.14990234375,7897.7998046875,150900
2016-01-04,7791.2998046875,7791.2998046875,7937.5498046875,7781.10009765625,7924.5498046875,134700
2016-01-05,7784.64990234375,7784.64990234375,7831.2001953125,7763.25,7828.39990234375,145200
2016-01-06,7741.0,7741.0,7800.9501953125,7721.2001953125,7788.0498046875,147100
2016-01-07,7568.2998046875,7568.2998046875,7674.9501953125,7556.60009765625,7673.35009765625,188900
2016-01-08,7601.35009765625,7601.35009765625,7634.10009765625,7581.0498046875,7611.64990234375,157400
2016-01-11,7563.85009765625,7563.85009765625,7605.10009765625,7494.35009765625,7527.4501953125,189000
2016-01-12,7510.2998046875,7510.2998046875,7588.2998046875,7487.7998046875,7587.2001953125,163900
2016-01-13,7562.39990234375,7562.39990234375,7590.9501953125,7425.7998046875,7557.89990234375,215200
2016-01-14,7536.7998046875,7536.7998046875,7604.7998046875,7443.7998046875,7467.39990234375,200800
2016-01-15,7437.7998046875,7437.7998046875,7566.5,7427.2998046875,7561.64990234375,197500
2016-01-18,7351.0,7351.0,7463.64990234375,7336.39990234375,7420.35009765625,233600
2016-01-19,7435.10009765625,7435.10009765625,7462.75,7364.14990234375,7381.7998046875,188300
2016-01-20,7309.2998046875,7309.2998046875,7470.89990234375,7241.5,7357.0,225600
2016-01-21,7276.7998046875,7276.7998046875,7398.7001953125,7250.0,7376.64990234375,240700
2016-01-22,7422.4501953125,7422.4501953125,7433.39990234375,7327.60009765625,7355.7001953125,229200
2016-01-25,7436.14990234375,7436.14990234375,7487.14990234375,7421.2001953125,7468.75,163200
2016-01-27,7437.75,7437.75,7477.89990234375,7419.7001953125,7469.60009765625,187600
2016-01-28,7424.64990234375,7424.64990234375,7468.85009765625,7409.60009765625,7426.5,274500
2016-01-29,7563.5498046875,7563.5498046875,7575.64990234375,7402.7998046875,7413.35009765625,298700
2016-02-01,7555.9501953125,7555.9501953125,7600.4501953125,7541.25,7589.5,200400
2016-02-02,7455.5498046875,7455.5498046875,7576.2998046875,7428.0498046875,7566.64990234375,230200
2016-02-03,7361.7998046875,7361.7998046875,7419.39990234375,7350.2998046875,7392.4501953125,192000
2016-02-04,7404.0,7404.0,7457.0498046875,7365.9501953125,7411.4501953125,222700
2016-02-05,7489.10009765625,7489.10009765625,7503.14990234375,7406.64990234375,7418.25,249800
2016-02-08,7387.25,7387.25,7512.5498046875,7363.2001953125,7489.7001953125,171500
2016-02-09,7298.2001953125,7298.2001953125,7323.4501953125,7275.14990234375,7303.9501953125,212100
2016-02-10,7215.7001953125,7215.7001953125,7271.85009765625,7177.75,7264.2998046875,246900
2016-02-11,6976.35009765625,6976.35009765625,7208.64990234375,6959.9501953125,7203.60009765625,292300
2016-02-12,6980.9501953125,6980.9501953125,7034.7998046875,6869.0,7023.64990234375,333900
2016-02-15,7162.9501953125,7162.9501953125,7182.7998046875,7056.7998046875,7057.35009765625,354200
2016-02-16,7048.25,7048.25,7204.64990234375,7037.7001953125,7201.25,253800
2016-02-17,7108.4501953125,7108.4501953125,7123.7001953125,6960.64990234375,7058.85009765625,260000
2016-02-18,7191.75,7191.75,7215.10009765625,7127.85009765625,7177.39990234375,246700
2016-02-19,7210.75,7210.75,7226.85009765625,7145.9501953125,7170.5498046875,192300
2016-02-22,7234.5498046875,7234.5498046875,7252.39990234375,7200.7001953125,7208.85009765625,154400
2016-02-23,7109.5498046875,7109.5498046875,7241.7001953125,7090.7001953125,7240.2998046875,194400
2016-02-24,7018.7001953125,7018.7001953125,7090.7998046875,7009.75,7075.0,199700
2016-02-25,6970.60009765625,6970.60009765625,7034.2001953125,6961.39990234375,7029.85009765625,283100
2016-02-26,7029.75,7029.75,7052.89990234375,6985.10009765625,7039.2998046875,206700
2016-02-29,6987.0498046875,6987.0498046875,7094.60009765625,6825.7998046875,7050.4501953125,473400
2016-03-01,7222.2998046875,7222.2998046875,7235.5,7035.10009765625,7038.25,275100
2016-03-02,7368.85009765625,7368.85009765625,7380.35009765625,7308.14990234375,7321.7001953125,338500
2016-03-03,7475.60009765625,7475.60009765625,7483.9501953125,7406.0498046875,7429.5498046875,278600
2016-03-04,7485.35009765625,7485.35009765625,7505.89990234375,7444.10009765625,7505.39990234375,281700
2016-03-08,7485.2998046875,7485.2998046875,7527.14990234375,7442.14990234375,7486.39990234375,257000
2016-03-09,7531.7998046875,7531.7998046875,7539.0,7424.2998046875,7436.10009765625,245100
2016-03-10,7486.14990234375,7486.14990234375,7547.10009765625,7447.39990234375,7545.35009765625,224700
2016-03-11,7510.2001953125,7510.2001953125,7543.9501953125,7460.60009765625,7484.85009765625,198700
2016-03-14,7538.75,7538.75,7583.7001953125,7515.0498046875,7542.60009765625,166900
2016-03-15,7460.60009765625,7460.60009765625,7545.2001953125,7452.7998046875,7535.85009765625,193700
2016-03-16,7498.75,7498.75,7508.0,7405.14990234375,7457.0498046875,195400
2016-03-17,7512.5498046875,7512.5498046875,7585.2998046875,7479.39990234375,7557.39990234375,239600
2016-03-18,7604.35009765625,7604.35009765625,7613.60009765625,7517.89990234375,7534.64990234375,237400
2016-03-21,7704.25,7704.25,7713.5498046875,7617.7001953125,7619.2001953125,196800
2016-03-22,7714.89990234375,7714.89990234375,7728.2001953125,7643.7998046875,7695.5498046875,208900
2016-03-23,7716.5,7716.5,7726.85009765625,7670.60009765625,7717.4501953125,199600
2016-03-28,7615.10009765625,7615.10009765625,7749.39990234375,7587.7001953125,7741.0,242400
2016-03-29,7597.0,7597.0,7652.89990234375,7582.25,7606.5498046875,216800
2016-03-30,7735.2001953125,7735.2001953125,7741.9501953125,7643.4501953125,7651.10009765625,232600
2016-03-31,7738.39990234375,7738.39990234375,7777.60009765625,7702.0,7727.64990234375,380100
2016-04-01,7713.0498046875,7713.0498046875,7740.14990234375,7666.10009765625,7718.0498046875,183900
2016-04-04,7758.7998046875,7758.7998046875,7764.4501953125,7704.39990234375,7733.14990234375,155500
2016-04-05,7603.2001953125,7603.2001953125,7736.2998046875,7588.64990234375,7736.2998046875,203800
2016-04-06,7614.35009765625,7614.35009765625,7638.64990234375,7591.75,7636.0498046875,165600
2016-04-07,7546.4501953125,7546.4501953125,7630.75,7535.85009765625,7630.39990234375,234400
2016-04-08,7555.2001953125,7555.2001953125,7569.35009765625,7526.7001953125,7542.35009765625,143400
2016-04-11,7671.39990234375,7671.39990234375,7678.7998046875,7516.85009765625,7577.7998046875,179800
2016-04-12,7708.9501953125,7708.9501953125,7717.39990234375,7663.35009765625,7669.25,163400
2016-04-13,7850.4501953125,7850.4501953125,7864.7998046875,7772.2001953125,7777.14990234375,220400
2016-04-18,7914.7001953125,7914.7001953125,7920.60009765625,7842.75,7908.14990234375,184600
2016-04-20,7914.75,7914.75,7950.39990234375,7877.5498046875,7950.0498046875,205300
2016-04-21,7912.0498046875,7912.0498046875,7978.4501953125,7884.10009765625,7953.64990234375,223700
2016-04-22,7899.2998046875,7899.2998046875,7923.35009765625,7873.35009765625,7891.7998046875,183300
2016-04-25,7855.0498046875,7855.0498046875,7911.0,7827.0,7894.7998046875,146300
2016-04-26,7962.64990234375,7962.64990234375,7974.5,7822.5498046875,7828.14990234375,202400
2016-04-27,7979.89990234375,7979.89990234375,7991.0,7940.5498046875,7942.0,206800
2016-04-28,7847.25,7847.25,7992.0,7834.4501953125,7967.39990234375,292500
2016-04-29,7849.7998046875,7849.7998046875,7889.0498046875,7788.7001953125,7844.25,243700
2016-05-02,7805.89990234375,7805.89990234375,7829.7998046875,7777.2998046875,7822.7001953125,146300
2016-05-03,7747.0,7747.0,7890.25,7735.14990234375,7824.7998046875,186500
2016-05-04,7706.5498046875,7706.5498046875,7749.0,7697.25,7724.14990234375,199700
2016-05-05,7735.5,7735.5,7777.5498046875,7706.85009765625,7731.0,185100
2016-05-06,7733.4501953125,7733.4501953125,7738.89990234375,7678.35009765625,7717.64990234375,163600
2016-05-09,7866.0498046875,7866.0498046875,7873.64990234375,7753.5498046875,7755.25,160600
2016-05-10,7887.7998046875,7887.7998046875,7896.89990234375,7837.7001953125,7873.5498046875,162000
2016-05-11,7848.85009765625,7848.85009765625,7893.10009765625,7780.89990234375,7804.64990234375,214100
2016-05-12,7900.39990234375,7900.39990234375,7916.0498046875,7849.64990234375,7871.4501953125,152700
2016-05-13,7814.89990234375,7814.89990234375,7881.0,7784.2001953125,7881.0,179500
2016-05-16,7860.75,7860.75,7873.89990234375,7772.14990234375,7831.2001953125,205200
2016-05-17,7890.75,7890.75,7940.10009765625,7879.7001953125,7896.85009765625,183400
2016-05-18,7870.14990234375,7870.14990234375,7882.0498046875,7810.75,7846.75,156400
2016-05-19,7783.39990234375,7783.39990234375,7876.2001953125,7766.7998046875,7875.5,170400
2016-05-20,7749.7001953125,7749.7001953125,7812.39990234375,7735.75,7792.2001953125,157000
2016-05-23,7731.0498046875,7731.0498046875,7820.60009765625,7722.2001953125,7813.9501953125,172000
2016-05-24,7748.85009765625,7748.85009765625,7761.5498046875,7715.7998046875,7738.0498046875,147000
2016-05-25,7934.89990234375,7934.89990234375,7941.2001953125,7809.2998046875,7811.7998046875,176200
2016-05-26,8069.64990234375,8069.64990234375,8083.0,7948.5,7974.4501953125,264300
2016-05-27,8156.64990234375,8156.64990234375,8164.2001953125,8077.0498046875,8081.9501953125,260900
2016-05-30,8178.5,8178.5,8200.0,8150.7998046875,8166.5,247400
2016-05-31,8160.10009765625,8160.10009765625,8213.599609375,8134.2998046875,8209.849609375,471000
2016-06-01,8179.9501953125,8179.9501953125,8215.349609375,8171.0498046875,8179.2001953125,194400
2016-06-02,8218.9501953125,8218.9501953125,8229.5,8154.75,8156.89990234375,181700
2016-06-03,8220.7998046875,8220.7998046875,8262.0,8209.849609375,8246.2001953125,379000
2016-06-06,8201.0498046875,8201.0498046875,8234.7001953125,8186.0498046875,8228.75,171600
2016-06-07,8266.4501953125,8266.4501953125,8294.9501953125,8216.400390625,8235.5498046875,241900
2016-06-08,8273.0498046875,8273.0498046875,8288.900390625,8252.0498046875,8285.5,174300
2016-06-09,8203.599609375,8203.599609375,8273.349609375,8184.60009765625,8273.349609375,174900
2016-06-10,8170.0498046875,8170.0498046875,8265.599609375,8162.85009765625,8180.25,182200
2016-06-13,8110.60009765625,8110.60009765625,8125.25,8063.89990234375,8102.25,169700
2016-06-14,8108.85009765625,8108.85009765625,8134.9501953125,8069.5,8134.39990234375,145500
2016-06-15,8206.599609375,8206.599609375,8213.2001953125,8123.14990234375,8139.39990234375,169800
2016-06-16,8140.75,8140.75,8180.64990234375,8074.4501953125,8180.64990234375,189200
2016-06-17,8170.2001953125,8170.2001953125,8195.25,8135.7998046875,8176.64990234375,166600
2016-06-20,8238.5,8238.5,8244.150390625,8107.35009765625,8115.75,168600
2016-06-21,8219.900390625,8219.900390625,8257.25,8202.150390625,8255.400390625,137000
2016-06-22,8203.7001953125,8203.7001953125,8238.349609375,8153.25,8213.650390625,136100
2016-06-23,8270.4501953125,8270.4501953125,8285.599609375,8188.2998046875,8201.150390625,154100
2016-06-24,8088.60009765625,8088.60009765625,8100.7001953125,7927.0498046875,8029.10009765625,297600
2016-06-27,8094.7001953125,8094.7001953125,8120.64990234375,8039.35009765625,8039.35009765625,162500
2016-06-28,8127.85009765625,8127.85009765625,8146.35009765625,8086.85009765625,8096.0498046875,170400
2016-06-29,8204.0,8204.0,8212.400390625,8157.64990234375,8173.10009765625,147000
2016-06-30,8287.75,8287.75,8308.150390625,8242.099609375,8260.25,279400
2016-07-01,8328.349609375,8328.349609375,8356.75,8308.650390625,8313.0498046875,165500
2016-07-04,8370.7001953125,8370.7001953125,8398.4501953125,8364.7001953125,8376.75,154200
2016-07-05,8335.9501953125,8335.9501953125,8381.4501953125,8319.9501953125,8379.2998046875,139000
2016-07-07,8337.900390625,8337.900390625,8361.9501953125,8317.7001953125,8342.0,155500
2016-07-08,8323.2001953125,8323.2001953125,8353.2998046875,8287.5498046875,8350.0,137900
2016-07-11,8467.900390625,8467.900390625,8475.25,8407.0498046875,8413.349609375,149800
2016-07-12,8521.0498046875,8521.0498046875,8526.599609375,8479.2001953125,8502.599609375,183600
2016-07-13,8519.5,8519.5,8550.25,8493.5498046875,8540.4501953125,195500
2016-07-14,8565.0,8565.0,8571.400390625,8500.7001953125,8515.75,153900
2016-07-15,8541.400390625,8541.400390625,8594.7998046875,8510.0498046875,8565.4501953125,221700
2016-07-18,8508.7001953125,8508.7001953125,8587.099609375,8494.349609375,8564.0498046875,164300
2016-07-19,8528.5498046875,8528.5498046875,8540.0498046875,8476.7001953125,8514.2998046875,167900
2016-07-20,8565.849609375,8565.849609375,8569.900390625,8512.5498046875,8515.4501953125,160300
2016-07-21,8510.099609375,8510.099609375,8585.25,8503.4501953125,8582.7001953125,150000
2016-07-22,8541.2001953125,8541.2001953125,8548.9501953125,8489.7998046875,8519.650390625,143200
2016-07-25,8635.650390625,8635.650390625,8641.150390625,8517.2001953125,8519.9501953125,150000
2016-07-26,8590.650390625,8590.650390625,8644.900390625,8577.150390625,8633.75,154800
2016-07-27,8615.7998046875,8615.7998046875,8665.0,8572.0498046875,8599.400390625,184100
2016-07-28,8666.2998046875,8666.2998046875,8674.7001953125,8625.25,8636.9501953125,233500
2016-07-29,8638.5,8638.5,8670.349609375,8631.150390625,8668.2998046875,157000
2016-08-01,8636.5498046875,8636.5498046875,8711.2998046875,8590.5,8654.2998046875,188400
2016-08-02,8622.900390625,8622.900390625,8687.2001953125,8611.400390625,8647.4501953125,169400
2016-08-03,8544.849609375,8544.849609375,8635.4501953125,8529.599609375,8635.2001953125,163000
2016-08-04,8551.099609375,8551.099609375,8601.400390625,8518.150390625,8599.9501953125,164700
2016-08-05,8683.150390625,8683.150390625,8689.400390625,8590.150390625,8600.2001953125,157900
2016-08-08,8711.349609375,8711.349609375,8723.5,8697.599609375,8712.849609375,172600
2016-08-09,8678.25,8678.25,8728.349609375,8638.2001953125,8727.7998046875,200100
2016-08-10,8575.2998046875,8575.2998046875,8690.099609375,8564.599609375,8686.7001953125,173600
2016-08-11,8592.150390625,8592.150390625,8601.150390625,8540.0498046875,8572.7998046875,189200
2016-08-16,8642.5498046875,8642.5498046875,8682.349609375,8600.4501953125,8670.25,224800
2016-08-17,8624.0498046875,8624.0498046875,8667.099609375,8603.599609375,8639.7998046875,174100
2016-08-18,8673.25,8673.25,8690.7001953125,8645.0498046875,8648.849609375,164300
2016-08-19,8666.900390625,8666.900390625,8696.599609375,8647.099609375,8694.2998046875,191900
2016-08-22,8629.150390625,8629.150390625,8684.849609375,8614.0,8667.0,152300
2016-08-23,8632.599609375,8632.599609375,8642.150390625,8580.0,8628.349609375,187500
2016-08-24,8650.2998046875,8650.2998046875,8661.0498046875,8620.900390625,8648.5,149600
2016-08-25,8592.2001953125,8592.2001953125,8683.0498046875,8583.650390625,8668.849609375,213100
2016-08-26,8572.5498046875,8572.5498046875,8622.9501953125,8547.5498046875,8614.349609375,147500
2016-08-29,8607.4501953125,8607.4501953125,8622.0,8543.75,8583.75,129700
2016-08-30,8744.349609375,8744.349609375,8750.599609375,8642.25,8646.75,150200
2016-08-31,8786.2001953125,8786.2001953125,8819.2001953125,8754.0498046875,8754.0498046875,362200
2016-09-01,8774.650390625,8774.650390625,8813.25,8759.9501953125,8793.599609375,238900
2016-09-02,8809.650390625,8809.650390625,8824.099609375,8768.2001953125,8796.349609375,191500
2016-09-06,8943.0,8943.0,8950.849609375,8848.4501953125,8852.7001953125,195600
2016-09-07,8917.9501953125,8917.9501953125,8968.7001953125,8913.349609375,8968.7001953125,290100
2016-09-08,8952.5,8952.5,8960.349609375,8896.0,8915.5,217200
2016-09-09,8866.7001953125,8866.7001953125,8939.150390625,8858.7001953125,8934.2998046875,175900
2016-09-12,8715.599609375,8715.599609375,8746.9501953125,8699.400390625,8732.9501953125,184500
2016-09-14,8726.599609375,8726.599609375,8739.849609375,8688.900390625,8710.650390625,184300
2016-09-15,8742.5498046875,8742.5498046875,8751.9501953125,8704.349609375,8743.849609375,145400
2016-09-16,8779.849609375,8779.849609375,8847.650390625,8750.5,8780.849609375,265800
2016-09-19,8808.400390625,8808.400390625,8824.2998046875,8774.2001953125,8788.4501953125,131700
2016-09-20,8775.900390625,8775.900390625,8816.4501953125,8759.2998046875,8816.099609375,136500
2016-09-21,8777.150390625,8777.150390625,8826.849609375,8757.2998046875,8790.2998046875,148800
2016-09-22,8867.4501953125,8867.4501953125,8893.349609375,8837.7998046875,8873.349609375,172800
2016-09-23,8831.5498046875,8831.5498046875,8885.2001953125,8820.2998046875,8880.75,185900
2016-09-26,8723.0498046875,8723.0498046875,8809.5498046875,8715.099609375,8807.900390625,164000
2016-09-27,8706.400390625,8706.400390625,8768.5,8690.5,8748.900390625,151400
2016-09-28,8745.150390625,8745.150390625,8767.0498046875,8703.150390625,8711.2001953125,165500
2016-09-29,8591.25,8591.25,8800.650390625,8558.25,8792.7001953125,372900
2016-09-30,8611.150390625,8611.150390625,8637.150390625,8555.2001953125,8581.5,181700
2016-10-03,8738.099609375,8738.099609375,8745.2001953125,8635.0,8666.150390625,137300
2016-10-04,8769.150390625,8769.150390625,8783.650390625,8736.099609375,8770.0,184300
2016-10-05,8743.9501953125,8743.9501953125,8806.9501953125,8731.400390625,8806.349609375,157200
2016-10-06,8709.5498046875,8709.5498046875,8781.150390625,8684.650390625,8768.7001953125,163600
2016-10-07,8697.599609375,8697.599609375,8723.7001953125,8663.7998046875,8721.7001953125,150400
2016-10-10,8708.7998046875,8708.7998046875,8745.7998046875,8703.9501953125,8735.349609375,108400
2016-10-13,8573.349609375,8573.349609375,8681.5498046875,8541.349609375,8671.5,212300
2016-10-14,8583.400390625,8583.400390625,8604.4501953125,8549.7998046875,8594.0,162800
2016-10-17,8520.400390625,8520.400390625,8615.400390625,8506.150390625,8612.9501953125,197400
2016-10-18,8677.900390625,8677.900390625,8685.099609375,8555.900390625,8556.0498046875,216600
2016-10-19,8659.099609375,8659.099609375,8698.75,8636.7001953125,8697.5,172100
2016-10-20,8699.400390625,8699.400390625,8727.0,8678.2998046875,8693.349609375,161000
2016-10-21,8693.0498046875,8693.0498046875,8709.099609375,8652.0498046875,8708.599609375,157300
2016-10-24,8708.9501953125,8708.9501953125,8736.9501953125,8684.150390625,8709.849609375,157100
2016-10-25,8691.2998046875,8691.2998046875,8722.650390625,8663.4501953125,8721.7001953125,189800
2016-10-26,8615.25,8615.25,8657.2998046875,8596.599609375,8657.2998046875,219300
2016-10-27,8615.25,8615.25,8624.849609375,8550.25,8607.099609375,242800
2016-10-28,8638.0,8638.0,8653.75,8581.75,8625.0,175500
2016-11-01,8626.25,8626.25,8669.599609375,8614.5,8653.150390625,165000
2016-11-02,8514.0,8514.0,8549.5,8504.849609375,8542.7998046875,155300
2016-11-03,8484.9501953125,8484.9501953125,8537.650390625,8476.150390625,8499.849609375,170500
2016-11-04,8433.75,8433.75,8504.0,8400.25,8503.599609375,224800
2016-11-07,8497.0498046875,8497.0498046875,8535.849609375,8481.4501953125,8535.75,172800
2016-11-08,8543.5498046875,8543.5498046875,8559.400390625,8480.099609375,8540.0,195700
2016-11-09,8432.0,8432.0,8476.2001953125,8002.25,8067.5,314300
2016-11-10,8525.75,8525.75,8598.4501953125,8510.7001953125,8555.599609375,263100
2016-11-11,8296.2998046875,8296.2998046875,8460.599609375,8284.9501953125,8456.650390625,266900
2016-11-15,8108.4501953125,8108.4501953125,8288.5498046875,8093.2001953125,8284.849609375,359200
2016-11-16,8111.60009765625,8111.60009765625,8210.0498046875,8089.39990234375,8205.650390625,269500
2016-11-17,8079.9501953125,8079.9501953125,8151.25,8060.2998046875,8105.10009765625,191300
2016-11-18,8074.10009765625,8074.10009765625,8128.9501953125,8048.2998046875,8097.5498046875,161200
2016-11-21,7929.10009765625,7929.10009765625,8102.4501953125,7916.39990234375,8102.10009765625,218800
2016-11-22,8002.2998046875,8002.2998046875,8019.0498046875,7938.14990234375,7989.14990234375,210200
2016-11-23,8033.2998046875,8033.2998046875,8055.2001953125,7973.10009765625,8051.2001953125,181000
2016-11-24,7965.5,7965.5,8024.85009765625,7952.5498046875,8011.7998046875,260500
2016-11-25,8114.2998046875,8114.2998046875,8122.25,7976.75,8007.9501953125,177900
2016-11-28,8126.89990234375,8126.89990234375,8146.5,8066.5,8080.64990234375,189700
2016-11-29,8142.14990234375,8142.14990234375,8197.349609375,8128.7001953125,8131.5498046875,189700
2016-11-30,8224.5,8224.5,8234.25,8139.25,8172.14990234375,248000
2016-12-01,8192.900390625,8192.900390625,8250.7998046875,8185.0498046875,8244.0,157700
2016-12-02,8086.7998046875,8086.7998046875,8159.2998046875,8070.0498046875,8153.5498046875,171500
2016-12-05,8128.75,8128.75,8141.89990234375,8056.85009765625,8088.75,126500
2016-12-06,8143.14990234375,8143.14990234375,8178.7001953125,8130.85009765625,8153.14990234375,115300
2016-12-07,8102.0498046875,8102.0498046875,8190.4501953125,8077.5,8168.39990234375,169800
2016-12-08,8246.849609375,8246.849609375,8256.25,8151.75,8152.10009765625,142500
2016-12-09,8261.75,8261.75,8274.9501953125,8241.9501953125,8271.7001953125,149700
2016-12-12,8170.7998046875,8170.7998046875,8230.650390625,8154.4501953125,8230.650390625,108100
2016-12-13,8221.7998046875,8221.7998046875,8228.849609375,8155.7998046875,8196.150390625,184000
2016-12-14,8182.4501953125,8182.4501953125,8229.400390625,8165.10009765625,8229.349609375,144600
2016-12-15,8153.60009765625,8153.60009765625,8225.900390625,8121.9501953125,8128.39990234375,181800
2016-12-16,8139.4501953125,8139.4501953125,8178.7001953125,8127.4501953125,8178.2001953125,203000
2016-12-19,8104.35009765625,8104.35009765625,8132.5,8094.85009765625,8126.0,107400
2016-12-20,8082.39990234375,8082.39990234375,8124.10009765625,8062.75,8110.60009765625,128000
2016-12-21,8061.2998046875,8061.2998046875,8112.5498046875,8053.25,8105.85009765625,123700
2016-12-22,7979.10009765625,7979.10009765625,8046.4501953125,7964.9501953125,8043.85009765625,122600
2016-12-23,7985.75,7985.75,8022.60009765625,7942.0498046875,7972.5,124100
2016-12-26,7908.25,7908.25,7970.0498046875,7893.7998046875,7965.10009765625,106900
2016-12-27,8032.85009765625,8032.85009765625,8044.64990234375,7903.7001953125,7915.0498046875,118800
2016-12-28,8034.85009765625,8034.85009765625,8100.5498046875,8028.39990234375,8047.5498046875,126700
2016-12-29,8103.60009765625,8103.60009765625,8111.10009765625,8020.7998046875,8030.60009765625,178500
2016-12-30,8185.7998046875,8185.7998046875,8197.0,8114.75,8119.64990234375,127600
2017-01-02,8179.5,8179.5,8212.0,8133.7998046875,8210.099609375,118300
2017-01-03,8192.25,8192.25,8219.099609375,8148.60009765625,8196.0498046875,127300
2017-01-04,8190.5,8190.5,8218.5,8180.89990234375,8202.650390625,132400
2017-01-05,8273.7998046875,8273.7998046875,8282.650390625,8223.7001953125,8226.650390625,159100
2017-01-06,8243.7998046875,8243.7998046875,8306.849609375,8233.25,8281.849609375,139400
2017-01-09,8236.0498046875,8236.0498046875,8263.0,8227.75,8259.349609375,99100
2017-01-10,8288.599609375,8288.599609375,8293.7998046875,8261.0,8262.7001953125,142900
2017-01-11,8380.650390625,8380.650390625,8389.0,8322.25,8327.7998046875,186500
2017-01-12,8407.2001953125,8407.2001953125,8417.2001953125,8382.2998046875,8391.0498046875,172600
2017-01-13,8400.349609375,8400.349609375,8461.0498046875,8373.150390625,8457.650390625,185300
2017-01-16,8412.7998046875,8412.7998046875,8426.7001953125,8374.400390625,8390.9501953125,124100
2017-01-17,8398.0,8398.0,8440.900390625,8378.2998046875,8415.0498046875,122000
2017-01-18,8417.0,8417.0,8460.2998046875,8397.400390625,8403.849609375,163800
2017-01-19,8435.099609375,8435.099609375,8445.150390625,8404.0498046875,8418.400390625,165900
2017-01-20,8349.349609375,8349.349609375,8423.650390625,8340.9501953125,8404.349609375,202600
2017-01-23,8391.5,8391.5,8404.150390625,8327.2001953125,8329.599609375,195000
2017-01-24,8475.7998046875,8475.7998046875,8480.9501953125,8398.150390625,8407.0498046875,179200
2017-01-25,8602.75,8602.75,8612.599609375,8493.9501953125,8499.4501953125,292500
2017-01-27,8641.25,8641.25,8672.7001953125,8606.900390625,8610.5,275400
2017-01-30,8632.75,8632.75,8662.599609375,8617.75,8635.5498046875,304700
2017-01-31,8561.2998046875,8561.2998046875,8631.75,8552.400390625,8629.4501953125,521000
2017-02-01,8716.400390625,8716.400390625,8722.400390625,8537.5,8570.349609375,327700
2017-02-02,8734.25,8734.25,8757.599609375,8685.7998046875,8724.75,283500
2017-02-03,8740.9501953125,8740.9501953125,8748.25,8707.75,8735.150390625,191000
2017-02-06,8801.0498046875,8801.0498046875,8814.099609375,8770.2001953125,8785.4501953125,194400
2017-02-07,8768.2998046875,8768.2998046875,8809.2998046875,8741.0498046875,8805.7001953125,226300
2017-02-08,8769.0498046875,8769.0498046875,8791.25,8715.0,8774.5498046875,218700
2017-02-09,8778.400390625,8778.400390625,8821.400390625,8724.099609375,8795.5498046875,187500
2017-02-10,8793.5498046875,8793.5498046875,8822.099609375,8771.2001953125,8812.349609375,225900
2017-02-13,8805.0498046875,8805.0498046875,8826.900390625,8754.2001953125,8819.7998046875,204900
2017-02-14,8792.2998046875,8792.2998046875,8820.4501953125,8772.5,8819.900390625,188300
2017-02-15,8724.7001953125,8724.7001953125,8807.900390625,8712.849609375,8778.9501953125,216100
2017-02-16,8778.0,8778.0,8783.9501953125,8719.599609375,8739.0,184600
2017-02-17,8821.7001953125,8821.7001953125,8896.4501953125,8804.25,8883.7001953125,298300
2017-02-20,8879.2001953125,8879.2001953125,8886.25,8809.7998046875,8818.5498046875,167800
2017-02-21,8907.849609375,8907.849609375,8920.7998046875,8860.9501953125,8890.75,175700
2017-02-22,8926.900390625,8926.900390625,8960.75,8905.25,8931.599609375,247100
2017-02-23,8939.5,8939.5,8982.150390625,8927.5498046875,8956.400390625,377200
2017-02-27,8896.7001953125,8896.7001953125,8951.7998046875,8888.650390625,8943.7001953125,189900
2017-02-28,8879.599609375,8879.599609375,8914.75,8867.599609375,8898.9501953125,293600
2017-03-01,8945.7998046875,8945.7998046875,8960.7998046875,8898.599609375,8904.400390625,205900
2017-03-02,8899.75,8899.75,8992.5,8879.7998046875,8982.849609375,218800
2017-03-03,8897.5498046875,8897.5498046875,8907.099609375,8860.099609375,8883.5,202600
2017-03-06,8963.4501953125,8963.4501953125,8967.7998046875,8914.0,8915.099609375,174800
2017-03-07,8946.900390625,8946.900390625,8977.849609375,8932.7998046875,8977.75,173400
2017-03-08,8924.2998046875,8924.2998046875,8957.0498046875,8891.9501953125,8950.7001953125,177800
2017-03-09,8927.0,8927.0,8945.7998046875,8899.5,8914.5,171500
2017-03-10,8934.5498046875,8934.5498046875,8975.7001953125,8903.9501953125,8953.7001953125,152700
2017-03-14,9087.0,9087.0,9122.75,9060.5,9091.650390625,270300
2017-03-15,9084.7998046875,9084.7998046875,9106.5498046875,9075.5,9086.849609375,240600
2017-03-16,9153.7001953125,9153.7001953125,9158.4501953125,9128.5498046875,9129.650390625,208600
2017-03-17,9160.0498046875,9160.0498046875,9218.400390625,9147.599609375,9207.7998046875,286700
2017-03-20,9126.849609375,9126.849609375,9167.599609375,9116.2998046875,9166.9501953125,332100
2017-03-21,9121.5,9121.5,9147.75,9087.2001953125,9133.9501953125,247700
2017-03-22,9030.4501953125,9030.4501953125,9072.900390625,9019.2998046875,9047.2001953125,232300
2017-03-23,9086.2998046875,9086.2998046875,9099.0498046875,9048.599609375,9048.75,191800
2017-03-24,9108.0,9108.0,9133.5498046875,9089.400390625,9104.0,203700
2017-03-27,9045.2001953125,9045.2001953125,9094.849609375,9024.650390625,9093.4501953125,202700
2017-03-28,9100.7998046875,9100.7998046875,9110.400390625,9079.7998046875,9081.5,183300
2017-03-29,9143.7998046875,9143.7998046875,9153.150390625,9109.099609375,9128.7001953125,243400
2017-03-30,9173.75,9173.75,9183.150390625,9136.349609375,9142.599609375,323400
2017-03-31,9173.75,9173.75,9191.7001953125,9152.099609375,9158.900390625,190900
2017-04-03,9237.849609375,9237.849609375,9245.349609375,9192.400390625,9220.599609375,139100
2017-04-05,9265.150390625,9265.150390625,9273.900390625,9215.400390625,9264.400390625,184800
2017-04-06,9261.9501953125,9261.9501953125,9267.9501953125,9218.849609375,9245.7998046875,186100
2017-04-07,9198.2998046875,9198.2998046875,9250.5,9188.099609375,9223.7001953125,190000
2017-04-10,9181.4501953125,9181.4501953125,9225.650390625,9174.849609375,9225.599609375,135800
2017-04-11,9237.0,9237.0,9242.7001953125,9172.849609375,9184.5498046875,200100
2017-04-12,9203.4501953125,9203.4501953125,9246.400390625,9161.7998046875,9242.5,161800
2017-04-13,9150.7998046875,9150.7998046875,9202.650390625,9144.9501953125,9202.5,166500
2017-04-17,9139.2998046875,9139.2998046875,9160.0,9120.25,9144.75,0
2017-04-18,9105.150390625,9105.150390625,9217.900390625,9095.4501953125,9163.0,174200
2017-04-19,9103.5,9103.5,9120.5,9075.150390625,9112.2001953125,173700
2017-04-20,9136.400390625,9136.400390625,9143.900390625,9102.650390625,9108.099609375,170300
2017-04-21,9119.400390625,9119.400390625,9183.650390625,9088.75,9179.099609375,155200
2017-04-24,9217.9501953125,9217.9501953125,9225.400390625,9130.5498046875,9135.349609375,167700
2017-04-25,9306.599609375,9306.599609375,9309.2001953125,9250.349609375,9273.0498046875,168700
2017-04-26,9351.849609375,9351.849609375,9367.0,9301.349609375,9336.2001953125,185700
2017-04-27,9342.150390625,9342.150390625,9367.150390625,9322.650390625,9359.150390625,209400
2017-04-28,9304.0498046875,9304.0498046875,9342.650390625,9282.25,9340.9501953125,162200
2017-05-02,9313.7998046875,9313.7998046875,9352.5498046875,9269.900390625,9339.849609375,161600
2017-05-03,9311.9501953125,9311.9501953125,9346.2998046875,9298.400390625,9344.7001953125,151600
2017-05-04,9359.900390625,9359.900390625,9365.650390625,9323.25,9360.9501953125,269600
2017-05-05,9285.2998046875,9285.2998046875,9377.099609375,9272.0,9374.5498046875,231900
2017-05-08,9314.0498046875,9314.0498046875,9338.7001953125,9297.9501953125,9311.4501953125,174300
2017-05-09,9316.849609375,9316.849609375,9338.9501953125,9307.7001953125,9337.349609375,132300
2017-05-10,9407.2998046875,9407.2998046875,9414.75,9336.0,9339.650390625,152700
2017-05-11,9422.400390625,9422.400390625,9450.650390625,9411.2998046875,9448.599609375,171100
2017-05-12,9400.900390625,9400.900390625,9437.75,9372.5498046875,9436.650390625,154300
2017-05-15,9445.400390625,9445.400390625,9449.25,9423.099609375,9433.5498046875,140800
2017-05-16,9512.25,9512.25,9517.2001953125,9456.349609375,9461.0,166500
2017-05-17,9525.75,9525.75,9532.599609375,9486.099609375,9517.599609375,205500
2017-05-18,9429.4501953125,9429.4501953125,9489.099609375,9418.099609375,9453.2001953125,193300
2017-05-19,9427.900390625,9427.900390625,9505.75,9390.75,9469.900390625,252100
2017-05-22,9438.25,9438.25,9498.650390625,9427.900390625,9480.25,196800
2017-05-23,9386.150390625,9386.150390625,9448.0498046875,9370.0,9445.0498046875,224400
2017-05-24,9360.5498046875,9360.5498046875,9431.900390625,9341.650390625,9410.900390625,211800
2017-05-25,9509.75,9509.75,9523.2998046875,9379.2001953125,9384.0498046875,289200
2017-05-26,9595.099609375,9595.099609375,9604.900390625,9495.400390625,9507.75,218800
2017-05-29,9604.900390625,9604.900390625,9637.75,9547.7001953125,9560.0498046875,235000
2017-05-30,9624.5498046875,9624.5498046875,9635.2998046875,9581.2001953125,9590.650390625,193900
2017-05-31,9621.25,9621.25,9649.599609375,9609.25,9636.5498046875,414300
2017-06-01,9616.099609375,9616.099609375,9634.650390625,9589.900390625,9603.5498046875,176100
2017-06-02,9653.5,9653.5,9673.5,9637.4501953125,9657.150390625,162200
2017-06-05,9675.099609375,9675.099609375,9687.2001953125,9640.7001953125,9656.2998046875,127700
2017-06-06,9637.150390625,9637.150390625,9709.2998046875,9630.2001953125,9704.25,145900
2017-06-07,9663.900390625,9663.900390625,9678.5498046875,9630.5498046875,9663.9501953125,160700
2017-06-08,9647.25,9647.25,9688.7001953125,9641.5,9682.400390625,155400
2017-06-09,9668.25,9668.25,9676.25,9608.150390625,9638.5498046875,159000
2017-06-12,9616.400390625,9616.400390625,9647.0498046875,9598.5,9646.7001953125,141400
2017-06-13,9606.900390625,9606.900390625,9654.150390625,9595.400390625,9615.5498046875,129700
2017-06-14,9618.150390625,9618.150390625,9627.400390625,9580.4501953125,9621.5498046875,181800
2017-06-15,9578.0498046875,9578.0498046875,9621.400390625,9560.7998046875,9617.900390625,171100
2017-06-16,9588.0498046875,9588.0498046875,9615.849609375,9565.5,9595.4501953125,213200
2017-06-19,9657.5498046875,9657.5498046875,9673.2998046875,9614.900390625,9626.400390625,141700
2017-06-20,9653.5,9653.5,9676.5,9643.75,9670.5,159500
2017-06-21,9633.599609375,9633.599609375,9650.4501953125,9608.599609375,9648.099609375,144000
2017-06-22,9630.0,9630.0,9698.849609375,9617.75,9642.650390625,198800
2017-06-23,9574.9501953125,9574.9501953125,9647.650390625,9565.2998046875,9643.25,175200
2017-06-27,9511.400390625,9511.400390625,9615.400390625,9473.4501953125,9594.0498046875,203300
2017-06-28,9491.25,9491.25,9522.5,9474.349609375,9520.2001953125,172400
2017-06-29,9504.099609375,9504.099609375,9575.7998046875,9493.7998046875,9522.9501953125,259300
2017-06-30,9520.900390625,9520.900390625,9535.7998046875,9448.75,9478.5,179600
2017-07-03,9615.0,9615.0,9624.0,9543.5498046875,9587.9501953125,183000
2017-07-04,9613.2998046875,9613.2998046875,9650.650390625,9595.5,9645.900390625,144800
2017-07-05,9637.599609375,9637.599609375,9643.650390625,9607.349609375,9619.75,130800
2017-07-06,9674.5498046875,9674.5498046875,9700.7001953125,9639.9501953125,9653.599609375,147400
2017-07-07,9665.7998046875,9665.7998046875,9684.25,9642.650390625,9670.349609375,141800
2017-07-10,9771.0498046875,9771.0498046875,9782.150390625,9646.4501953125,9719.2998046875,37500
2017-07-11,9786.0498046875,9786.0498046875,9830.0498046875,9778.849609375,9797.4501953125,179700
2017-07-12,9816.099609375,9816.099609375,9824.9501953125,9787.7001953125,9807.2998046875,145500
2017-07-13,9891.7001953125,9891.7001953125,9897.25,9853.4501953125,9855.7998046875,181300
2017-07-14,9886.349609375,9886.349609375,9913.2998046875,9845.4501953125,9913.2998046875,159600
2017-07-17,9915.9501953125,9915.9501953125,9928.2001953125,9894.7001953125,9908.150390625,163500
2017-07-18,9827.150390625,9827.150390625,9885.349609375,9792.0498046875,9832.7001953125,293900
2017-07-19,9899.599609375,9899.599609375,9905.0498046875,9851.650390625,9855.9501953125,200200
2017-07-20,9873.2998046875,9873.2998046875,9922.5498046875,9863.4501953125,9920.2001953125,161100
2017-07-21,9915.25,9915.25,9924.7001953125,9838.0,9899.599609375,187500
2017-07-24,9966.400390625,9966.400390625,9982.0498046875,9919.599609375,9936.7998046875,174500
2017-07-25,9964.5498046875,9964.5498046875,10011.2998046875,9949.099609375,10010.5498046875,185500
2017-07-26,10020.650390625,10020.650390625,10025.9501953125,9965.9501953125,9983.650390625,197600
2017-07-27,10020.5498046875,10020.5498046875,10114.849609375,10005.5,10063.25,287900
2017-07-28,10014.5,10014.5,10026.0498046875,9944.5,9996.5498046875,191600
2017-07-31,10077.099609375,10077.099609375,10085.900390625,10016.9501953125,10034.7001953125,237700
2017-08-01,10114.650390625,10114.650390625,10128.599609375,10065.75,10101.0498046875,184300
2017-08-02,10081.5,10081.5,10137.849609375,10054.2001953125,10136.2998046875,161500
2017-08-03,10013.650390625,10013.650390625,10081.150390625,9998.25,10081.150390625,192700
2017-08-04,10066.400390625,10066.400390625,10075.25,9988.349609375,10008.599609375,178600
2017-08-07,10057.400390625,10057.400390625,10088.099609375,10046.349609375,10074.7998046875,137400
2017-08-08,9978.5498046875,9978.5498046875,10083.7998046875,9947.0,10068.349609375,203300
2017-08-09,9908.0498046875,9908.0498046875,9969.7998046875,9893.0498046875,9961.150390625,169200
2017-08-10,9820.25,9820.25,9892.650390625,9776.2001953125,9872.849609375,235500
2017-08-11,9710.7998046875,9710.7998046875,9771.650390625,9685.5498046875,9712.150390625,285900
2017-08-14,9794.150390625,9794.150390625,9818.2998046875,9752.099609375,9755.75,195600
2017-08-16,9897.2998046875,9897.2998046875,9903.9501953125,9773.849609375,9825.849609375,219500
2017-08-17,9904.150390625,9904.150390625,9947.7998046875,9883.75,9945.5498046875,197600
2017-08-18,9837.400390625,9837.400390625,9865.9501953125,9783.650390625,9865.9501953125,246300
2017-08-21,9754.349609375,9754.349609375,9884.349609375,9740.099609375,9864.25,205300
2017-08-22,9765.5498046875,9765.5498046875,9828.4501953125,9752.599609375,9815.75,183600
2017-08-23,9852.5,9852.5,9857.900390625,9786.75,9803.0498046875,168600
2017-08-24,9857.0498046875,9857.0498046875,9881.5,9848.849609375,9881.2001953125,184700
2017-08-28,9912.7998046875,9912.7998046875,9925.75,9882.0,9907.150390625,159600
2017-08-29,9796.0498046875,9796.0498046875,9887.349609375,9783.75,9886.400390625,173300
2017-08-30,9884.400390625,9884.400390625,9909.4501953125,9850.7998046875,9859.5,157800
2017-08-31,9917.900390625,9917.900390625,9925.099609375,9856.9501953125,9905.7001953125,327700
2017-09-01,9974.400390625,9974.400390625,9983.4501953125,9909.849609375,9937.650390625,157800
2017-09-04,9912.849609375,9912.849609375,9988.400390625,9861.0,9984.150390625,148800
2017-09-05,9952.2001953125,9952.2001953125,9963.099609375,9901.0498046875,9933.25,139200
2017-09-06,9916.2001953125,9916.2001953125,9931.5498046875,9882.5498046875,9899.25,149200
2017-09-07,9929.900390625,9929.900390625,9964.849609375,9917.2001953125,9945.849609375,188800
2017-09-08,9934.7998046875,9934.7998046875,9963.599609375,9913.2998046875,9958.650390625,163600
2017-09-11,10006.0498046875,10006.0498046875,10028.650390625,9968.7998046875,9971.75,173000
2017-09-12,10093.0498046875,10093.0498046875,10097.5498046875,10028.0498046875,10056.849609375,182600
2017-09-13,10079.2998046875,10079.2998046875,10131.9501953125,10063.150390625,10099.25,215000
2017-09-14,10086.599609375,10086.599609375,10126.5,10070.349609375,10107.400390625,225600
2017-09-15,10085.400390625,10085.400390625,10115.150390625,10043.650390625,10062.349609375,266600
2017-09-18,10153.099609375,10153.099609375,10171.7001953125,10131.2998046875,10133.099609375,156100
2017-09-19,10147.5498046875,10147.5498046875,10178.9501953125,10129.9501953125,10175.599609375,187500
2017-09-20,10141.150390625,10141.150390625,10171.0498046875,10134.2001953125,10160.9501953125,199400
2017-09-21,10121.900390625,10121.900390625,10158.900390625,10058.599609375,10139.599609375,191800
2017-09-22,9964.400390625,9964.400390625,10095.0498046875,9952.7998046875,10094.349609375,226600
2017-09-25,9872.599609375,9872.599609375,9960.5,9816.0498046875,9960.099609375,221400
2017-09-26,9871.5,9871.5,9891.349609375,9813.0,9875.25,190900
2017-09-27,9735.75,9735.75,9921.0498046875,9714.400390625,9920.599609375,200100
2017-09-28,9768.9501953125,9768.9501953125,9789.2001953125,9687.5498046875,9736.400390625,385000
2017-09-29,9788.599609375,9788.599609375,9854.0,9775.349609375,9814.2998046875,196300
2017-10-03,9859.5,9859.5,9895.400390625,9831.0498046875,9893.2998046875,162800
2017-10-04,9914.900390625,9914.900390625,9938.2998046875,9850.650390625,9884.349609375,156200
2017-10-05,9888.7001953125,9888.7001953125,9945.9501953125,9881.849609375,9927.0,147800
2017-10-06,9979.7001953125,9979.7001953125,9989.349609375,9906.599609375,9908.150390625,195800
2017-10-09,9988.75,9988.75,10015.75,9959.4501953125,9988.2001953125,143900
2017-10-10,10016.9501953125,10016.9501953125,10034.0,10002.2998046875,10013.7001953125,148600
2017-10-11,9984.7998046875,9984.7998046875,10067.25,9955.7998046875,10042.599609375,189700
2017-10-12,10096.400390625,10096.400390625,10104.4501953125,9977.099609375,10011.2001953125,200900
2017-10-13,10167.4501953125,10167.4501953125,10191.900390625,10120.099609375,10123.7001953125,230100
2017-10-16,10230.849609375,10230.849609375,10242.9501953125,10175.099609375,10207.400390625,203000
2017-10-17,10234.4501953125,10234.4501953125,10251.849609375,10212.599609375,10227.650390625,195700
2017-10-18,10210.849609375,10210.849609375,10236.4501953125,10175.75,10209.400390625,254200
2017-10-19,10146.5498046875,10146.5498046875,10211.9501953125,10123.349609375,10210.349609375,30200
2017-10-23,10184.849609375,10184.849609375,10224.150390625,10124.5,10176.650390625,218100
2017-10-24,10207.7001953125,10207.7001953125,10237.75,10182.400390625,10218.5498046875,217200
2017-10-25,10295.349609375,10295.349609375,10340.5498046875,10240.900390625,10321.150390625,594200
2017-10-26,10343.7998046875,10343.7998046875,10355.650390625,10271.849609375,10291.7998046875,429700
2017-10-27,10323.0498046875,10323.0498046875,10366.150390625,10311.2998046875,10362.2998046875,312700
2017-10-30,10363.650390625,10363.650390625,10384.5,10344.2998046875,10353.849609375,236900
2017-10-31,10335.2998046875,10335.2998046875,10367.7001953125,10323.9501953125,10364.900390625,232600
2017-11-01,10440.5,10440.5,10451.650390625,10383.0498046875,10390.349609375,260300
2017-11-02,10423.7998046875,10423.7998046875,10453.0,10412.5498046875,10440.5,201500
2017-11-03,10452.5,10452.5,10461.7001953125,10403.599609375,10461.5498046875,199900
2017-11-06,10451.7998046875,10451.7998046875,10490.4501953125,10413.75,10431.75,193600
2017-11-07,10350.150390625,10350.150390625,10485.75,10340.7998046875,10477.150390625,286900
2017-11-08,10303.150390625,10303.150390625,10384.25,10285.5,10361.9501953125,274500
2017-11-09,10308.9501953125,10308.9501953125,10368.4501953125,10266.9501953125,10358.650390625,240200
2017-11-10,10321.75,10321.75,10344.9501953125,10254.099609375,10304.349609375,279400
2017-11-13,10224.9501953125,10224.9501953125,10334.150390625,10216.25,10322.0,210300
2017-11-14,10186.599609375,10186.599609375,10248.0,10175.5498046875,10223.400390625,305000
2017-11-15,10118.0498046875,10118.0498046875,10175.4501953125,10094.0,10171.9501953125,207400
2017-11-16,10214.75,10214.75,10232.25,10139.2001953125,10152.900390625,182600
2017-11-17,10283.599609375,10283.599609375,10343.599609375,10268.0498046875,10324.5498046875,203300
2017-11-20,10298.75,10298.75,10309.849609375,10261.5,10287.2001953125,147200
2017-11-21,10326.900390625,10326.900390625,10358.7001953125,10315.0498046875,10329.25,186100
2017-11-22,10342.2998046875,10342.2998046875,10368.7001953125,10309.5498046875,10350.7998046875,157600
2017-11-23,10348.75,10348.75,10374.2998046875,10307.2998046875,10358.4501953125,153000
2017-11-24,10389.7001953125,10389.7001953125,10404.5,10362.25,10366.7998046875,129200
2017-11-27,10399.5498046875,10399.5498046875,10407.150390625,10340.2001953125,10361.0498046875,141900
2017-11-28,10370.25,10370.25,10409.5498046875,10355.2001953125,10387.900390625,196000
2017-11-29,10361.2998046875,10361.2998046875,10392.9501953125,10345.900390625,10376.650390625,152500
2017-11-30,10226.5498046875,10226.5498046875,10332.7001953125,10211.25,10332.7001953125,342500
2017-12-01,10121.7998046875,10121.7998046875,10272.7001953125,10108.5498046875,10263.7001953125,143400
2017-12-04,10127.75,10127.75,10179.2001953125,10095.7001953125,10175.0498046875,148600
2017-12-05,10118.25,10118.25,10147.9501953125,10069.099609375,10118.25,155500
2017-12-06,10044.099609375,10044.099609375,10104.2001953125,10033.349609375,10088.7998046875,166100
2017-12-07,10166.7001953125,10166.7001953125,10182.650390625,10061.900390625,10063.4501953125,166200
2017-12-08,10265.650390625,10265.650390625,10270.849609375,10195.25,10198.4501953125,200000
2017-12-11,10322.25,10322.25,10329.2001953125,10282.0498046875,10310.5,147400
2017-12-12,10240.150390625,10240.150390625,10326.099609375,10230.2001953125,10324.900390625,175100
2017-12-13,10192.9501953125,10192.9501953125,10296.5498046875,10169.849609375,10236.599609375,181600
2017-12-14,10252.099609375,10252.099609375,10276.099609375,10141.5498046875,10229.2998046875,154300
2017-12-15,10333.25,10333.25,10373.099609375,10319.650390625,10345.650390625,255100
2017-12-18,10388.75,10388.75,10443.5498046875,10074.7998046875,10263.099609375,230400
2017-12-19,10463.2001953125,10463.2001953125,10472.2001953125,10406.0,10414.7998046875,169100
2017-12-20,10444.2001953125,10444.2001953125,10494.4501953125,10437.150390625,10494.400390625,175200
2017-12-21,10440.2998046875,10440.2998046875,10473.9501953125,10426.900390625,10473.9501953125,151900
2017-12-22,10493.0,10493.0,10501.099609375,10448.25,10457.2998046875,138800
2017-12-26,10531.5,10531.5,10545.4501953125,10477.9501953125,10512.2998046875,155600
2017-12-27,10490.75,10490.75,10552.400390625,10469.25,10531.0498046875,165200
2017-12-28,10477.900390625,10477.900390625,10534.5498046875,10460.4501953125,10498.2001953125,272900
2017-12-29,10530.7001953125,10530.7001953125,10538.7001953125,10488.650390625,10492.349609375,152000
2018-01-02,10442.2001953125,10442.2001953125,10495.2001953125,10404.650390625,10477.5498046875,153400
2018-01-03,10443.2001953125,10443.2001953125,10503.599609375,10429.5498046875,10482.650390625,167300
2018-01-04,10504.7998046875,10504.7998046875,10513.0,10441.4501953125,10469.400390625,174900
2018-01-05,10558.849609375,10558.849609375,10566.099609375,10520.099609375,10534.25,180900
2018-01-08,10623.599609375,10623.599609375,10631.2001953125,10588.5498046875,10591.7001953125,169000
2018-01-09,10637.0,10637.0,10659.150390625,10603.599609375,10645.099609375,205000
2018-01-10,10632.2001953125,10632.2001953125,10655.5,10592.7001953125,10652.0498046875,176400
2018-01-11,10651.2001953125,10651.2001953125,10664.599609375,10612.349609375,10637.0498046875,153800
2018-01-12,10681.25,10681.25,10690.400390625,10597.099609375,10682.5498046875,175200
2018-01-15,10741.5498046875,10741.5498046875,10782.650390625,10713.7998046875,10718.5,175900
2018-01-16,10700.4501953125,10700.4501953125,10762.349609375,10687.849609375,10761.5,211000
2018-01-17,10788.5498046875,10788.5498046875,10803.0,10666.75,10702.4501953125,252700
2018-01-18,10817.0,10817.0,10887.5,10782.400390625,10873.400390625,312000
2018-01-19,10894.7001953125,10894.7001953125,10906.849609375,10793.900390625,10829.2001953125,207600
2018-01-22,10966.2001953125,10966.2001953125,10975.099609375,10881.400390625,10883.2001953125,231600
2018-01-23,11083.7001953125,11083.7001953125,11092.900390625,10994.5498046875,10997.400390625,284600
2018-01-24,11086.0,11086.0,11110.099609375,11046.150390625,11069.349609375,283400
2018-01-25,11069.650390625,11069.650390625,11095.599609375,11009.2001953125,11095.599609375,330300
2018-01-29,11130.400390625,11130.400390625,11171.5498046875,11075.9501953125,11079.349609375,241700
2018-01-30,11049.650390625,11049.650390625,11121.099609375,11033.900390625,11120.849609375,228000
2018-01-31,11027.7001953125,11027.7001953125,11058.5,10979.2998046875,11018.7998046875,245900
2018-02-01,11016.900390625,11016.900390625,11117.349609375,10878.7998046875,11044.5498046875,306200
2018-02-02,10760.599609375,10760.599609375,10954.9501953125,10736.099609375,10938.2001953125,282700
2018-02-05,10666.5498046875,10666.5498046875,10702.75,10586.7998046875,10604.2998046875,240100
2018-02-06,10498.25,10498.25,10594.150390625,10276.2998046875,10295.150390625,266500
2018-02-07,10476.7001953125,10476.7001953125,10614.0,10446.400390625,10607.2001953125,250400
2018-02-08,10576.849609375,10576.849609375,10637.7998046875,10479.5498046875,10518.5,232200
2018-02-09,10454.9501953125,10454.9501953125,10480.2001953125,10398.2001953125,10416.5,191600
2018-02-12,10539.75,10539.75,10555.5,10485.400390625,10518.2001953125,217400
2018-02-14,10500.900390625,10500.900390625,10590.5498046875,10456.650390625,10585.75,229200
2018-02-15,10545.5,10545.5,10618.099609375,10511.0498046875,10537.900390625,210600
2018-02-16,10452.2998046875,10452.2998046875,10612.900390625,10434.0498046875,10596.2001953125,184300
2018-02-19,10378.400390625,10378.400390625,10489.349609375,10302.75,10488.900390625,187300
2018-02-20,10360.400390625,10360.400390625,10429.349609375,10347.650390625,10391.0,187700
2018-02-21,10397.4501953125,10397.4501953125,10426.099609375,10349.599609375,10426.0,234100
2018-02-22,10382.7001953125,10382.7001953125,10397.5498046875,10340.650390625,10354.349609375,313600
2018-02-23,10491.0498046875,10491.0498046875,10499.099609375,10396.650390625,10408.099609375,210600
2018-02-26,10582.599609375,10582.599609375,10592.9501953125,10520.2001953125,10526.5498046875,171900
2018-02-27,10554.2998046875,10554.2998046875,10631.650390625,10537.25,10615.2001953125,187500
2018-02-28,10492.849609375,10492.849609375,10535.5,10461.5498046875,10488.9501953125,286000
2018-03-01,10458.349609375,10458.349609375,10525.5,10447.150390625,10479.9501953125,176000
2018-03-05,10358.849609375,10358.849609375,10428.7001953125,10323.900390625,10428.2998046875,194000
2018-03-06,10249.25,10249.25,10441.349609375,10215.900390625,10420.5,222900
2018-03-07,10154.2001953125,10154.2001953125,10243.349609375,10141.5498046875,10232.9501953125,249500
2018-03-08,10242.650390625,10242.650390625,10270.349609375,10146.400390625,10216.25,226400
2018-03-09,10226.849609375,10226.849609375,10296.7001953125,10211.900390625,10271.2998046875,186500
2018-03-12,10421.400390625,10421.400390625,10433.650390625,10295.4501953125,10301.599609375,216400
2018-03-13,10426.849609375,10426.849609375,10478.599609375,10377.849609375,10389.5,266700
2018-03-14,10410.900390625,10410.900390625,10420.349609375,10336.2998046875,10393.0498046875,181400
2018-03-15,10360.150390625,10360.150390625,10420.0,10346.2001953125,10405.4501953125,173900
2018-03-16,10195.150390625,10195.150390625,10346.2998046875,10180.25,10345.150390625,328500
2018-03-19,10094.25,10094.25,10224.5498046875,10075.2998046875,10215.349609375,210200
2018-03-20,10124.349609375,10124.349609375,10155.650390625,10049.099609375,10051.5498046875,203000
2018-03-21,10155.25,10155.25,10227.2998046875,10132.9501953125,10181.9501953125,204800
2018-03-22,10114.75,10114.75,10207.849609375,10105.400390625,10167.5,230500
2018-03-23,9998.0498046875,9998.0498046875,10027.7001953125,9951.900390625,9968.7998046875,285700
2018-03-26,10130.650390625,10130.650390625,10143.5,9958.5498046875,9989.150390625,262600
2018-03-27,10184.150390625,10184.150390625,10207.900390625,10139.650390625,10188.0,225700
2018-03-28,10113.7001953125,10113.7001953125,10158.349609375,10096.900390625,10143.599609375,344400
2018-04-02,10211.7998046875,10211.7998046875,10220.099609375,10127.75,10151.650390625,225400
2018-04-03,10245.0,10245.0,10255.349609375,10171.0498046875,10186.849609375,205300
2018-04-04,10128.400390625,10128.400390625,10279.849609375,10111.2998046875,10274.599609375,231100
2018-04-05,10325.150390625,10325.150390625,10331.7998046875,10227.4501953125,10228.4501953125,236800
2018-04-06,10331.599609375,10331.599609375,10350.4501953125,10290.849609375,10322.75,200200
2018-04-09,10379.349609375,10379.349609375,10397.7001953125,10328.5,10333.7001953125,221600
2018-04-10,10402.25,10402.25,10424.849609375,10381.5,10412.900390625,251700
2018-04-11,10417.150390625,10417.150390625,10428.150390625,10355.599609375,10428.150390625,250400
2018-04-12,10458.650390625,10458.650390625,10469.900390625,10395.25,10410.650390625,238600
2018-04-13,10480.599609375,10480.599609375,10519.900390625,10451.4501953125,10495.2998046875,213100
2018-04-16,10528.349609375,10528.349609375,10540.150390625,10396.349609375,10398.2998046875,195000
2018-04-17,10548.7001953125,10548.7001953125,10560.4501953125,10495.650390625,10557.2998046875,206100
2018-04-18,10526.2001953125,10526.2001953125,10594.2001953125,10509.7001953125,10578.900390625,205400
2018-04-19,10565.2998046875,10565.2998046875,10572.2001953125,10546.2001953125,10563.650390625,262600
2018-04-20,10564.0498046875,10564.0498046875,10582.349609375,10527.4501953125,10560.349609375,244600
2018-04-23,10584.7001953125,10584.7001953125,10638.349609375,10514.9501953125,10592.7998046875,194200
2018-04-24,10614.349609375,10614.349609375,10636.7998046875,10569.0,10578.099609375,219200
2018-04-25,10570.5498046875,10570.5498046875,10612.599609375,10536.4501953125,10612.400390625,189200
2018-04-26,10617.7998046875,10617.7998046875,10628.400390625,10559.650390625,10586.5,335100
2018-04-27,10692.2998046875,10692.2998046875,10719.7998046875,10647.5498046875,10651.650390625,0
2018-04-30,10739.349609375,10739.349609375,10759.0,10704.599609375,10705.75,173800
2018-05-02,10718.0498046875,10718.0498046875,10784.650390625,10689.7998046875,10783.849609375,229700
2018-05-03,10679.650390625,10679.650390625,10720.599609375,10647.4501953125,10720.150390625,185200
2018-05-04,10618.25,10618.25,10700.4501953125,10601.599609375,10700.4501953125,186500
2018-05-07,10715.5,10715.5,10725.650390625,10635.650390625,10653.150390625,168400
2018-05-08,10717.7998046875,10717.7998046875,10758.5498046875,10689.400390625,10757.900390625,269800
2018-05-09,10741.7001953125,10741.7001953125,10766.25,10689.849609375,10693.349609375,215400
2018-05-10,10716.5498046875,10716.5498046875,10785.5498046875,10705.0,10779.650390625,192100
2018-05-11,10806.5,10806.5,10812.0498046875,10724.4501953125,10741.9501953125,203100
2018-05-14,10806.599609375,10806.599609375,10834.849609375,10774.75,10815.150390625,171400
2018-05-15,10801.849609375,10801.849609375,10929.2001953125,10781.400390625,10812.599609375,254300
2018-05-16,10741.099609375,10741.099609375,10790.4501953125,10699.7001953125,10751.9501953125,231100
2018-05-17,10682.7001953125,10682.7001953125,10777.25,10664.5,10775.599609375,214100
2018-05-18,10596.400390625,10596.400390625,10674.9501953125,10589.099609375,10671.849609375,223000
2018-05-21,10516.7001953125,10516.7001953125,10621.7001953125,10505.7998046875,10616.7001953125,0
2018-05-22,10536.7001953125,10536.7001953125,10558.599609375,10490.5498046875,10518.4501953125,241700
2018-05-23,10430.349609375,10430.349609375,10533.5498046875,10417.7998046875,10521.099609375,290900
2018-05-24,10513.849609375,10513.849609375,10535.150390625,10419.7998046875,10464.849609375,297600
2018-05-25,10605.150390625,10605.150390625,10628.0498046875,10524.0,10533.0498046875,260800
2018-05-28,10688.650390625,10688.650390625,10709.7998046875,10640.5498046875,10648.349609375,232600
2018-05-29,10633.2998046875,10633.2998046875,10717.25,10616.099609375,10689.400390625,225800
2018-05-30,10614.349609375,10614.349609375,10648.7001953125,10558.4501953125,10579.0,238700
2018-05-31,10736.150390625,10736.150390625,10763.7998046875,10620.400390625,10670.099609375,610300
2018-06-01,10696.2001953125,10696.2001953125,10764.75,10681.5,10738.4501953125,220600
2018-06-04,10628.5,10628.5,10770.2998046875,10618.349609375,10765.9501953125,203800
2018-06-05,10593.150390625,10593.150390625,10633.150390625,10550.900390625,10630.7001953125,167700
2018-06-06,10684.650390625,10684.650390625,10698.349609375,10587.5,10603.4501953125,189900
2018-06-07,10768.349609375,10768.349609375,10818.0,10722.599609375,10722.599609375,220900
2018-06-08,10767.650390625,10767.650390625,10779.4501953125,10709.0498046875,10736.400390625,209400
2018-06-11,10786.9501953125,10786.9501953125,10850.5498046875,10777.0498046875,10781.849609375,211400
2018-06-12,10842.849609375,10842.849609375,10856.5498046875,10789.400390625,10816.150390625,198300
2018-06-13,10856.7001953125,10856.7001953125,10893.25,10842.650390625,10887.5,213400
2018-06-14,10808.0498046875,10808.0498046875,10833.7001953125,10773.5498046875,10832.900390625,184300
2018-06-15,10817.7001953125,10817.7001953125,10834.0,10755.400390625,10808.650390625,305400
2018-06-18,10799.849609375,10799.849609375,10830.2001953125,10787.349609375,10830.2001953125,196600
2018-06-19,10710.4501953125,10710.4501953125,10789.4501953125,10701.2001953125,10789.4501953125,224500
2018-06-20,10772.0498046875,10772.0498046875,10781.7998046875,10724.0498046875,10734.650390625,193500
2018-06-21,10741.099609375,10741.099609375,10809.599609375,10725.900390625,10808.4501953125,223600
2018-06-22,10821.849609375,10821.849609375,10837.0,10710.4501953125,10742.7001953125,229800
2018-06-25,10762.4501953125,10762.4501953125,10831.0498046875,10753.0498046875,10822.900390625,229600
2018-06-26,10769.150390625,10769.150390625,10805.25,10732.5498046875,10742.7001953125,220000
2018-06-27,10671.400390625,10671.400390625,10785.5,10652.400390625,10785.5,246000
2018-06-28,10589.099609375,10589.099609375,10674.2001953125,10557.7001953125,10660.7998046875,352300
2018-06-29,10714.2998046875,10714.2998046875,10723.0498046875,10612.349609375,10612.849609375,242800
2018-07-02,10657.2998046875,10657.2998046875,10736.150390625,10604.650390625,10732.349609375,295400
2018-07-03,10699.900390625,10699.900390625,10713.2998046875,10630.25,10668.599609375,202100
2018-07-04,10769.900390625,10769.900390625,10777.150390625,10677.75,10715.0,173900
2018-07-05,10749.75,10749.75,10786.0498046875,10726.25,10786.0498046875,220500
2018-07-06,10772.650390625,10772.650390625,10816.349609375,10735.0498046875,10744.150390625,0
2018-07-09,10852.900390625,10852.900390625,10860.349609375,10807.150390625,10838.2998046875,183600
2018-07-10,10947.25,10947.25,10956.900390625,10876.650390625,10902.75,197000
2018-07-11,10948.2998046875,10948.2998046875,10976.650390625,10923.0,10956.400390625,222300
2018-07-12,11023.2001953125,11023.2001953125,11078.2998046875,10999.650390625,11006.9501953125,248300
2018-07-13,11018.900390625,11018.900390625,11071.349609375,10999.75,11056.900390625,0
2018-07-16,10936.849609375,10936.849609375,11019.5,10926.25,11018.9501953125,210500
2018-07-17,11008.0498046875,11008.0498046875,11018.5,10925.599609375,10939.650390625,210600
2018-07-18,10980.4501953125,10980.4501953125,11076.2001953125,10956.2998046875,11060.2001953125,225500
2018-07-19,10957.099609375,10957.099609375,11006.5,10935.4501953125,10999.5,215400
2018-07-20,11010.2001953125,11010.2001953125,11030.25,10946.2001953125,10963.5,187300
2018-07-23,11084.75,11084.75,11093.400390625,11010.9501953125,11019.849609375,229100
2018-07-24,11134.2998046875,11134.2998046875,11143.400390625,11092.5,11109.0,205800
2018-07-25,11132.0,11132.0,11157.150390625,11113.25,11148.400390625,205900
2018-07-26,11167.2998046875,11167.2998046875,11185.849609375,11125.7001953125,11132.9501953125,365400
2018-07-27,11278.349609375,11278.349609375,11283.400390625,11210.25,11232.75,314600
2018-07-30,11319.5498046875,11319.5498046875,11328.099609375,11261.4501953125,11296.650390625,278800
2018-07-31,11356.5,11356.5,11366.0,11267.75,11311.0498046875,256500
2018-08-01,11346.2001953125,11346.2001953125,11390.5498046875,11313.5498046875,11359.7998046875,269700
2018-08-02,11244.7001953125,11244.7001953125,11328.900390625,11234.9501953125,11328.900390625,210000
2018-08-03,11360.7998046875,11360.7998046875,11368.0,11294.5498046875,11297.7998046875,218300
2018-08-06,11387.099609375,11387.099609375,11427.650390625,11370.599609375,11401.5,203700
2018-08-07,11389.4501953125,11389.4501953125,11428.9501953125,11359.7001953125,11423.150390625,226400
2018-08-08,11450.0,11450.0,11459.9501953125,11379.2998046875,11412.5,210500
2018-08-09,11470.7001953125,11470.7001953125,11495.2001953125,11454.099609375,11493.25,302200
2018-08-10,11429.5,11429.5,11478.75,11419.650390625,11474.9501953125,0
2018-08-13,11355.75,11355.75,11406.2998046875,11340.2998046875,11369.599609375,246900
2018-08-14,11435.099609375,11435.099609375,11452.4501953125,11370.7998046875,11381.7001953125,232600
2018-08-16,11385.0498046875,11385.0498046875,11449.849609375,11366.25,11397.150390625,290600
2018-08-17,11470.75,11470.75,11486.4501953125,11431.7998046875,11437.150390625,234700
2018-08-20,11551.75,11551.75,11565.2998046875,11499.650390625,11502.099609375,232600
2018-08-21,11570.900390625,11570.900390625,11581.75,11539.599609375,11576.2001953125,224200
2018-08-23,11582.75,11582.75,11620.7001953125,11546.7001953125,11620.7001953125,248500
2018-08-24,11557.099609375,11557.099609375,11604.599609375,11532.0,11566.599609375,218800
2018-08-27,11691.9501953125,11691.9501953125,11700.9501953125,11595.599609375,11605.849609375,199500
2018-08-28,11738.5,11738.5,11760.2001953125,11710.5,11731.9501953125,241900
2018-08-29,11691.900390625,11691.900390625,11753.2001953125,11678.849609375,11744.9501953125,251600
2018-08-30,11676.7998046875,11676.7998046875,11698.7998046875,11639.7001953125,11694.75,313800
2018-08-31,11680.5,11680.5,11727.650390625,11640.099609375,11675.849609375,346500
2018-09-03,11582.349609375,11582.349609375,11751.7998046875,11567.400390625,11751.7998046875,234400
2018-09-04,11520.2998046875,11520.2998046875,11602.5498046875,11496.849609375,11598.75,254800
2018-09-05,11476.9501953125,11476.9501953125,11542.650390625,11393.849609375,11514.849609375,246100
2018-09-06,11536.900390625,11536.900390625,11562.25,11436.0498046875,11514.150390625,247900
2018-09-07,11589.099609375,11589.099609375,11603.0,11484.400390625,11558.25,295900
2018-09-10,11438.099609375,11438.099609375,11573.0,11427.2998046875,11570.25,286700
2018-09-11,11287.5,11287.5,11479.400390625,11274.0,11476.849609375,0
2018-09-12,11369.900390625,11369.900390625,11380.75,11250.2001953125,11340.099609375,268200
2018-09-14,11515.2001953125,11515.2001953125,11523.25,11430.5498046875,11443.5,276600
2018-09-17,11377.75,11377.75,11464.9501953125,11366.900390625,11464.9501953125,201400
2018-09-18,11278.900390625,11278.900390625,11411.4501953125,11268.9501953125,11381.5498046875,240900
2018-09-19,11234.349609375,11234.349609375,11332.0498046875,11210.900390625,11326.650390625,250600
2018-09-21,11143.099609375,11143.099609375,11346.7998046875,10866.4501953125,11271.2998046875,719000
2018-09-24,10967.400390625,10967.400390625,11170.150390625,10943.599609375,11164.400390625,0
2018-09-25,11067.4501953125,11067.4501953125,11080.599609375,10882.849609375,10969.9501953125,405000
2018-09-26,11053.7998046875,11053.7998046875,11145.5498046875,10993.0498046875,11145.5498046875,340500
2018-09-27,10977.5498046875,10977.5498046875,11089.4501953125,10953.349609375,11079.7998046875,405700
2018-09-28,10930.4501953125,10930.4501953125,11034.099609375,10850.2998046875,11008.099609375,478100
2018-10-01,11008.2998046875,11008.2998046875,11035.650390625,10821.5498046875,10930.900390625,387000
2018-10-03,10858.25,10858.25,10989.0498046875,10843.75,10982.7001953125,386800
2018-10-04,10599.25,10599.25,10754.7001953125,10547.25,10754.7001953125,425100
2018-10-05,10316.4501953125,10316.4501953125,10540.650390625,10261.900390625,10514.099609375,606400
2018-10-08,10348.0498046875,10348.0498046875,10398.349609375,10198.400390625,10310.150390625,456200
2018-10-09,10301.0498046875,10301.0498046875,10397.599609375,10279.349609375,10390.2998046875,430500
2018-10-10,10460.099609375,10460.099609375,10482.349609375,10318.25,10331.849609375,0
2018-10-11,10234.650390625,10234.650390625,10335.9501953125,10138.599609375,10169.7998046875,483500
2018-10-12,10472.5,10472.5,10492.4501953125,10322.150390625,10331.5498046875,343500
2018-10-15,10512.5,10512.5,10526.2998046875,10410.150390625,10524.2001953125,259500
2018-10-16,10584.75,10584.75,10604.900390625,10525.2998046875,10550.150390625,265200
2018-10-17,10453.0498046875,10453.0498046875,10710.150390625,10436.4501953125,10688.7001953125,284800
2018-10-19,10303.5498046875,10303.5498046875,10380.099609375,10249.599609375,10339.7001953125,357500
2018-10-22,10245.25,10245.25,10408.5498046875,10224.0,10405.849609375,297300
2018-10-23,10146.7998046875,10146.7998046875,10222.099609375,10102.349609375,10152.599609375,302600
2018-10-24,10224.75,10224.75,10290.650390625,10126.7001953125,10278.150390625,351400
2018-10-25,10124.900390625,10124.900390625,10166.599609375,10079.2998046875,10135.0498046875,0
2018-10-26,10030.0,10030.0,10128.849609375,10004.5498046875,10122.349609375,364300
2018-10-29,10250.849609375,10250.849609375,10275.2998046875,10020.349609375,10078.099609375,364400
2018-10-30,10198.400390625,10198.400390625,10285.099609375,10175.349609375,10239.400390625,289800
2018-10-31,10386.599609375,10386.599609375,10396.0,10105.099609375,10209.5498046875,375000
2018-11-01,10380.4501953125,10380.4501953125,10441.900390625,10341.900390625,10441.7001953125,348500
2018-11-02,10553.0,10553.0,10606.9501953125,10457.7001953125,10462.2998046875,421200
2018-11-05,10524.0,10524.0,10558.7998046875,10477.0,10558.75,301900
2018-11-06,10530.0,10530.0,10600.25,10491.4501953125,10552.0,0
2018-11-07,10598.400390625,10598.400390625,10616.4501953125,10582.2998046875,10614.4501953125,31200
2018-11-09,10585.2001953125,10585.2001953125,10619.5498046875,10544.849609375,10614.7001953125,296600
2018-11-12,10482.2001953125,10482.2001953125,10645.5,10464.0498046875,10607.7998046875,259700
2018-11-13,10582.5,10582.5,10596.25,10440.5498046875,10451.900390625,254600
2018-11-14,10576.2998046875,10576.2998046875,10651.599609375,10532.7001953125,10634.900390625,384500
2018-11-15,10616.7001953125,10616.7001953125,10646.5,10557.5,10580.599609375,0
2018-11-16,10682.2001953125,10682.2001953125,10695.150390625,10631.150390625,10644.0,342800
2018-11-19,10763.400390625,10763.400390625,10774.7001953125,10688.7998046875,10731.25,272100
2018-11-20,10656.2001953125,10656.2001953125,10740.849609375,10640.849609375,10740.099609375,295200
2018-11-21,10600.0498046875,10600.0498046875,10671.2998046875,10562.349609375,10670.9501953125,300900
2018-11-22,10526.75,10526.75,10646.25,10512.0,10612.650390625,239500
2018-11-26,10628.599609375,10628.599609375,10637.7998046875,10489.75,10568.2998046875,0
2018-11-27,10685.599609375,10685.599609375,10695.150390625,10596.349609375,10621.4501953125,0
2018-11-28,10728.849609375,10728.849609375,10757.7998046875,10699.849609375,10708.75,424500
2018-11-29,10858.7001953125,10858.7001953125,10883.0498046875,10782.349609375,10808.7001953125,691300
2018-11-30,10876.75,10876.75,10922.4501953125,10835.099609375,10892.099609375,453900
2018-12-03,10883.75,10883.75,10941.2001953125,10845.349609375,10930.7001953125,409700
2018-12-04,10869.5,10869.5,10890.9501953125,10833.349609375,10877.099609375,322100
2018-12-05,10782.900390625,10782.900390625,10821.0498046875,10747.9501953125,10820.4501953125,312300
2018-12-06,10601.150390625,10601.150390625,10722.650390625,10588.25,10718.150390625,318500
2018-12-07,10693.7001953125,10693.7001953125,10704.5498046875,10599.349609375,10644.7998046875,325800
2018-12-10,10488.4501953125,10488.4501953125,10558.849609375,10474.9501953125,10508.7001953125,381300
2018-12-11,10549.150390625,10549.150390625,10567.150390625,10333.849609375,10350.0498046875,425500
2018-12-12,10737.599609375,10737.599609375,10752.2001953125,10560.7998046875,10591.0,360500
2018-12-13,10791.5498046875,10791.5498046875,10838.599609375,10749.5,10810.75,376200
2018-12-14,10805.4501953125,10805.4501953125,10815.75,10752.099609375,10784.5,340100
2018-12-17,10888.349609375,10888.349609375,10900.349609375,10844.849609375,10853.2001953125,296900
2018-12-18,10908.7001953125,10908.7001953125,10915.400390625,10819.099609375,10850.900390625,286100
2018-12-19,10967.2998046875,10967.2998046875,10985.150390625,10928.0,10930.5498046875,312100
2018-12-20,10951.7001953125,10951.7001953125,10962.5498046875,10880.0498046875,10885.2001953125,318900
2018-12-21,10754.0,10754.0,10963.650390625,10738.650390625,10944.25,377500
2018-12-24,10663.5,10663.5,10782.2998046875,10649.25,10780.900390625,223400
2018-12-26,10729.849609375,10729.849609375,10747.5,10534.5498046875,10635.4501953125,263700
2018-12-27,10779.7998046875,10779.7998046875,10834.2001953125,10764.4501953125,10817.900390625,456100
2018-12-28,10859.900390625,10859.900390625,10893.599609375,10817.150390625,10820.9501953125,245500
2018-12-31,10862.5498046875,10862.5498046875,10923.5498046875,10853.2001953125,10913.2001953125,180900
2019-01-02,10792.5,10792.5,10895.349609375,10735.0498046875,10868.849609375,309700
2019-01-03,10672.25,10672.25,10814.0498046875,10661.25,10796.7998046875,286200
2019-01-04,10727.349609375,10727.349609375,10741.0498046875,10628.650390625,10699.7001953125,296600
2019-01-07,10771.7998046875,10771.7998046875,10835.9501953125,10750.150390625,10804.849609375,269400
2019-01-08,10802.150390625,10802.150390625,10818.4501953125,10733.25,10786.25,277700
2019-01-09,10855.150390625,10855.150390625,10870.400390625,10749.400390625,10862.400390625,333000
2019-01-10,10821.599609375,10821.599609375,10859.349609375,10801.7998046875,10859.349609375,254400
2019-01-11,10794.9501953125,10794.9501953125,10850.150390625,10739.400390625,10834.75,260800
2019-01-14,10737.599609375,10737.599609375,10808.0,10692.349609375,10807.0,298800
2019-01-15,10886.7998046875,10886.7998046875,10896.9501953125,10777.5498046875,10777.5498046875,310700
2019-01-16,10890.2998046875,10890.2998046875,10928.150390625,10876.900390625,10899.650390625,276500
2019-01-17,10905.2001953125,10905.2001953125,10930.650390625,10844.650390625,10920.849609375,271700
2019-01-18,10906.9501953125,10906.9501953125,10928.2001953125,10852.2001953125,10914.849609375,323800
2019-01-21,10961.849609375,10961.849609375,10987.4501953125,10885.75,10919.349609375,288800
2019-01-22,10922.75,10922.75,10949.7998046875,10864.150390625,10949.7998046875,300800
2019-01-23,10831.5,10831.5,10944.7998046875,10811.9501953125,10931.0498046875,298900
2019-01-24,10849.7998046875,10849.7998046875,10866.599609375,10798.650390625,10844.0498046875,361100
2019-01-25,10780.5498046875,10780.5498046875,10931.7001953125,10756.4501953125,10859.75,463400
2019-01-28,10661.5498046875,10661.5498046875,10804.4501953125,10630.9501953125,10792.4501953125,419700
2019-01-29,10652.2001953125,10652.2001953125,10690.349609375,10583.650390625,10653.7001953125,356900
2019-01-30,10651.7998046875,10651.7998046875,10710.2001953125,10612.849609375,10702.25,410100
2019-01-31,10830.9501953125,10830.9501953125,10838.0498046875,10678.5498046875,10690.5498046875,604800
2019-02-01,10893.650390625,10893.650390625,10983.4501953125,10813.4501953125,10851.349609375,482300
2019-02-04,10912.25,10912.25,10927.900390625,10814.150390625,10876.75,318300
2019-02-05,10934.349609375,10934.349609375,10956.7001953125,10886.7001953125,10908.650390625,268100
2019-02-06,11062.4501953125,11062.4501953125,11072.599609375,10962.7001953125,10965.099609375,298500
2019-02-07,11069.400390625,11069.400390625,11118.099609375,11043.599609375,11070.4501953125,263500
2019-02-08,10943.599609375,10943.599609375,11041.2001953125,10925.4501953125,11023.5,352800
2019-02-11,10888.7998046875,10888.7998046875,10930.900390625,10857.099609375,10930.900390625,286000
2019-02-12,10831.400390625,10831.400390625,10910.900390625,10823.7998046875,10879.7001953125,292300
2019-02-14,10746.0498046875,10746.0498046875,10792.7001953125,10718.75,10786.099609375,627000
2019-02-15,10724.400390625,10724.400390625,10785.75,10620.400390625,10780.25,521900
2019-02-18,10640.9501953125,10640.9501953125,10759.900390625,10628.400390625,10738.650390625,345400
2019-02-19,10604.349609375,10604.349609375,10722.849609375,10585.650390625,10636.7001953125,291500
2019-02-20,10735.4501953125,10735.4501953125,10752.7001953125,10646.400390625,10655.4501953125,289200
2019-02-21,10789.849609375,10789.849609375,10808.849609375,10721.5,10744.099609375,279600
2019-02-22,10791.650390625,10791.650390625,10801.5498046875,10758.400390625,10782.7001953125,396800
2019-02-25,10880.099609375,10880.099609375,10887.099609375,10788.0498046875,10813.25,385900
2019-02-26,10835.2998046875,10835.2998046875,10888.75,10729.2998046875,10775.2998046875,415000
2019-02-27,10806.650390625,10806.650390625,10939.7001953125,10751.2001953125,10881.2001953125,381100
2019-02-28,10792.5,10792.5,10865.7001953125,10784.849609375,10865.7001953125,644200
2019-03-01,10863.5,10863.5,10877.900390625,10823.099609375,10842.650390625,308500
2019-03-05,10987.4501953125,10987.4501953125,10994.900390625,10817.0,10864.849609375,373200
2019-03-06,11053.0,11053.0,11062.2998046875,10998.849609375,11024.849609375,372600
2019-03-07,11058.2001953125,11058.2001953125,11089.0498046875,11027.099609375,11077.9501953125,321200
2019-03-08,11035.400390625,11035.400390625,11049.0,11008.9501953125,11038.849609375,326600
2019-03-11,11168.0498046875,11168.0498046875,11180.900390625,11059.849609375,11068.75,352200
2019-03-12,11301.2001953125,11301.2001953125,11320.400390625,11227.0,11231.349609375,391300
2019-03-13,11341.7001953125,11341.7001953125,11352.2998046875,11276.599609375,11326.2001953125,383000
2019-03-14,11343.25,11343.25,11383.4501953125,11313.75,11382.5,294500
2019-03-15,11426.849609375,11426.849609375,11487.0,11370.7998046875,11376.849609375,463700
2019-03-18,11462.2001953125,11462.2001953125,11530.150390625,11412.5,11473.849609375,320300
2019-03-19,11532.400390625,11532.400390625,11543.849609375,11451.25,11500.2998046875,326100
2019-03-20,11521.0498046875,11521.0498046875,11556.099609375,11503.099609375,11553.349609375,366300
2019-03-22,11456.900390625,11456.900390625,11572.7998046875,11434.5498046875,11549.2001953125,386200
2019-03-25,11354.25,11354.25,11395.650390625,11311.599609375,11395.650390625,294500
2019-03-26,11483.25,11483.25,11496.75,11352.4501953125,11375.2001953125,282600
2019-03-27,11445.0498046875,11445.0498046875,11546.2001953125,11413.0,11531.4501953125,350400
2019-03-28,11570.0,11570.0,11588.5,11452.4501953125,11463.650390625,527700
2019-04-01,11669.150390625,11669.150390625,11738.099609375,11644.75,11665.2001953125,379600
2019-04-02,11713.2001953125,11713.2001953125,11729.349609375,11655.849609375,11711.5498046875,386100
2019-04-03,11643.9501953125,11643.9501953125,11761.0,11629.150390625,11735.2998046875,365800
2019-04-04,11598.0,11598.0,11662.5498046875,11559.2001953125,11660.2001953125,349000
2019-04-05,11665.9501953125,11665.9501953125,11689.650390625,11609.5,11638.400390625,266700
2019-04-08,11604.5,11604.5,11710.2998046875,11549.099609375,11704.349609375,260900
2019-04-09,11671.9501953125,11671.9501953125,11683.900390625,11569.7001953125,11612.0498046875,300500
2019-04-10,11584.2998046875,11584.2998046875,11680.0498046875,11571.75,11646.849609375,359900
2019-04-11,11596.7001953125,11596.7001953125,11606.7001953125,11550.5498046875,11592.5498046875,279800
2019-04-12,11643.4501953125,11643.4501953125,11657.349609375,11578.7998046875,11612.849609375,246000
2019-04-15,11690.349609375,11690.349609375,11704.599609375,11648.25,11667.0,290000
2019-04-16,11787.150390625,11787.150390625,11810.9501953125,11731.5498046875,11736.2001953125,354300
2019-04-18,11752.7998046875,11752.7998046875,11856.150390625,11738.5,11856.150390625,339700
2019-04-22,11594.4501953125,11594.4501953125,11727.0498046875,11583.9501953125,11727.0498046875,260400
2019-04-23,11575.9501953125,11575.9501953125,11645.9501953125,11564.7998046875,11612.9501953125,272500
2019-04-24,11726.150390625,11726.150390625,11740.849609375,11578.849609375,11601.5,335200
2019-04-25,11641.7998046875,11641.7998046875,11796.75,11624.2998046875,11735.7001953125,604400
2019-04-26,11754.650390625,11754.650390625,11762.900390625,11661.75,11683.75,333500
2019-04-30,11748.150390625,11748.150390625,11756.25,11655.900390625,11748.75,532600
2019-05-02,11724.75,11724.75,11789.2998046875,11699.5498046875,11725.5498046875,380300
2019-05-03,11712.25,11712.25,11770.900390625,11699.349609375,11722.599609375,305500
2019-05-06,11598.25,11598.25,11632.5498046875,11571.349609375,11605.7998046875,299000
2019-05-07,11497.900390625,11497.900390625,11657.0498046875,11484.4501953125,11651.5,337500
2019-05-08,11359.4501953125,11359.4501953125,11479.099609375,11346.9501953125,11478.7001953125,372800
2019-05-09,11301.7998046875,11301.7998046875,11357.599609375,11255.0498046875,11322.400390625,373000
2019-05-10,11278.900390625,11278.900390625,11345.7998046875,11251.0498046875,11314.150390625,387300
2019-05-13,11148.2001953125,11148.2001953125,11300.2001953125,11125.599609375,11258.7001953125,357600
2019-05-14,11222.0498046875,11222.0498046875,11294.75,11108.2998046875,11151.650390625,398100
2019-05-15,11157.0,11157.0,11286.7998046875,11136.9501953125,11271.7001953125,414200
2019-05-16,11257.099609375,11257.099609375,11281.5498046875,11143.349609375,11180.349609375,350700
2019-05-17,11407.150390625,11407.150390625,11426.150390625,11259.849609375,11261.900390625,412100
2019-05-20,11828.25,11828.25,11845.2001953125,11591.7001953125,11651.900390625,452100
2019-05-21,11709.099609375,11709.099609375,11883.5498046875,11682.7998046875,11863.650390625,381000
2019-05-22,11737.900390625,11737.900390625,11784.7998046875,11682.400390625,11727.9501953125,355900
2019-05-23,11657.0498046875,11657.0498046875,12041.150390625,11614.5,11901.2998046875,569000
2019-05-24,11844.099609375,11844.099609375,11859.0,11658.099609375,11748.0,374600
2019-05-27,11924.75,11924.75,11957.150390625,11812.400390625,11855.5,348400
2019-05-28,11928.75,11928.75,11958.5498046875,11864.900390625,11958.349609375,598300
2019-05-29,11861.099609375,11861.099609375,11931.900390625,11836.7998046875,11905.7998046875,318100
2019-05-30,11945.900390625,11945.900390625,11968.5498046875,11859.400390625,11865.2998046875,421200
2019-05-31,11922.7998046875,11922.7998046875,12039.25,11829.4501953125,11999.7998046875,438900
2019-06-03,12088.5498046875,12088.5498046875,12103.0498046875,11920.099609375,11953.75,315300
2019-06-04,12021.650390625,12021.650390625,12095.2001953125,12005.849609375,12052.650390625,289200
2019-06-06,11843.75,11843.75,12039.7998046875,11830.25,12039.7998046875,415200
2019-06-07,11870.650390625,11870.650390625,11897.5,11769.5,11865.2001953125,302500
2019-06-10,11922.7001953125,11922.7001953125,11975.0498046875,11871.75,11934.900390625,303300
2019-06-11,11965.599609375,11965.599609375,12000.349609375,11904.349609375,11959.849609375,332200
2019-06-12,11906.2001953125,11906.2001953125,11962.4501953125,11866.349609375,11962.4501953125,283700
2019-06-13,11914.0498046875,11914.0498046875,11931.349609375,11817.0498046875,11873.900390625,447900
2019-06-14,11823.2998046875,11823.2998046875,11911.849609375,11797.7001953125,11910.099609375,390300
2019-06-17,11672.150390625,11672.150390625,11844.0498046875,11657.75,11844.0,295500
2019-06-18,11691.5,11691.5,11727.2001953125,11641.150390625,11677.0498046875,365500
2019-06-19,11691.4501953125,11691.4501953125,11802.5,11625.099609375,11744.4501953125,446900
2019-06-20,11831.75,11831.75,11843.5,11635.0498046875,11653.650390625,442000
2019-06-21,11724.099609375,11724.099609375,11827.9501953125,11705.099609375,11827.599609375,468400
2019-06-24,11699.650390625,11699.650390625,11754.0,11670.2001953125,11725.7998046875,277600
2019-06-25,11796.4501953125,11796.4501953125,11814.400390625,11651.0,11681.0,300500
2019-06-26,11847.5498046875,11847.5498046875,11871.849609375,11757.5498046875,11768.150390625,327900
2019-06-27,11841.5498046875,11841.5498046875,11911.150390625,11821.0498046875,11860.849609375,480200
2019-06-28,11788.849609375,11788.849609375,11871.7001953125,11775.5,11861.150390625,303900
2019-07-01,11865.599609375,11865.599609375,11884.650390625,11830.7998046875,11839.900390625,278400
2019-07-02,11910.2998046875,11910.2998046875,11917.4501953125,11814.7001953125,11890.2998046875,363200
2019-07-03,11916.75,11916.75,11945.2001953125,11887.0498046875,11932.150390625,340500
2019-07-04,11946.75,11946.75,11969.25,11923.650390625,11928.7998046875,333600
2019-07-05,11811.150390625,11811.150390625,11981.75,11797.900390625,11964.75,530700
2019-07-08,11558.599609375,11558.599609375,11771.900390625,11523.2998046875,11770.400390625,464000
2019-07-09,11555.900390625,11555.900390625,11582.5498046875,11461.0,11531.599609375,442500
2019-07-10,11498.900390625,11498.900390625,11593.7001953125,11475.650390625,11536.150390625,337600
2019-07-11,11582.900390625,11582.900390625,11599.0,11519.5,11561.4501953125,317300
2019-07-12,11552.5,11552.5,11639.5498046875,11538.599609375,11601.150390625,359400
2019-07-15,11588.349609375,11588.349609375,11618.400390625,11532.2998046875,11614.75,368800
2019-07-16,11662.599609375,11662.599609375,11670.0498046875,11573.9501953125,11596.650390625,480200
2019-07-17,11687.5,11687.5,11706.650390625,11651.150390625,11670.75,464800
2019-07-18,11596.900390625,11596.900390625,11677.150390625,11582.400390625,11675.599609375,498300
2019-07-19,11419.25,11419.25,11640.349609375,11399.2998046875,11627.9501953125,446000
2019-07-22,11346.2001953125,11346.2001953125,11398.150390625,11301.25,11392.849609375,516000
2019-07-23,11331.0498046875,11331.0498046875,11398.150390625,11302.7998046875,11372.25,458900
2019-07-24,11271.2998046875,11271.2998046875,11359.75,11229.7998046875,11322.4501953125,413200
2019-07-25,11252.150390625,11252.150390625,11361.400390625,11239.349609375,11290.400390625,553700
2019-07-26,11284.2998046875,11284.2998046875,11307.599609375,11210.0498046875,11247.4501953125,522700
2019-07-29,11189.2001953125,11189.2001953125,11310.9501953125,11152.400390625,11307.5,482900
2019-07-30,11085.400390625,11085.400390625,11267.4501953125,11072.650390625,11213.7001953125,479100
2019-07-31,11118.0,11118.0,11145.2998046875,10999.400390625,11034.0498046875,536700
2019-08-01,10980.0,10980.0,11076.75,10881.0,11060.2001953125,499900
2019-08-02,10997.349609375,10997.349609375,11080.150390625,10848.9501953125,10930.2998046875,547400
2019-08-05,10862.599609375,10862.599609375,10895.7998046875,10782.599609375,10895.7998046875,506600
2019-08-06,10948.25,10948.25,11018.5498046875,10813.7998046875,10815.400390625,517900
2019-08-07,10855.5,10855.5,10975.650390625,10835.900390625,10958.099609375,548500
2019-08-08,11032.4501953125,11032.4501953125,11058.0498046875,10842.9501953125,10899.2001953125,482500
2019-08-09,11109.650390625,11109.650390625,11181.4501953125,11062.7998046875,11087.900390625,538100
2019-08-13,10925.849609375,10925.849609375,11145.900390625,10901.599609375,11139.400390625,624600
2019-08-14,11029.400390625,11029.400390625,11078.150390625,10935.599609375,11003.25,511500
2019-08-16,11047.7998046875,11047.7998046875,11068.650390625,10924.2998046875,11043.650390625,470900
2019-08-19,11053.900390625,11053.900390625,11146.900390625,11037.849609375,11094.7998046875,369500
2019-08-20,11017.0,11017.0,11076.2998046875,10985.2998046875,11063.900390625,444700
2019-08-21,10918.7001953125,10918.7001953125,11034.2001953125,10906.650390625,11018.150390625,557900
2019-08-22,10741.349609375,10741.349609375,10908.25,10718.2998046875,10905.2998046875,668200
2019-08-23,10829.349609375,10829.349609375,10862.5498046875,10637.150390625,10699.599609375,667100
2019-08-26,11057.849609375,11057.849609375,11070.2998046875,10756.5498046875,11000.2998046875,684100
2019-08-27,11105.349609375,11105.349609375,11141.75,11049.5,11106.5498046875,685600
2019-08-28,11046.099609375,11046.099609375,11129.650390625,10987.650390625,11101.2998046875,550000
2019-08-29,10948.2998046875,10948.2998046875,11021.099609375,10922.400390625,10996.0498046875,649900
2019-08-30,11023.25,11023.25,11042.599609375,10874.7998046875,10987.7998046875,628200
2019-09-03,10797.900390625,10797.900390625,10967.5,10772.7001953125,10960.9501953125,483000
2019-09-04,10844.650390625,10844.650390625,10858.75,10746.349609375,10790.400390625,508800
2019-09-05,10847.900390625,10847.900390625,10920.099609375,10816.0,10860.9501953125,595700
2019-09-06,10946.2001953125,10946.2001953125,10957.0498046875,10867.4501953125,10883.7998046875,497200
2019-09-09,11003.0498046875,11003.0498046875,11028.849609375,10889.7998046875,10936.7001953125,412500
2019-09-11,11035.7001953125,11035.7001953125,11054.7998046875,11011.650390625,11028.5,687100
2019-09-12,10982.7998046875,10982.7998046875,11081.75,10964.9501953125,11058.2998046875,551400
2019-09-13,11075.900390625,11075.900390625,11084.4501953125,10945.75,10986.7998046875,624300
2019-09-16,11003.5,11003.5,11052.7001953125,10968.2001953125,10994.849609375,434500
2019-09-17,10817.599609375,10817.599609375,11000.099609375,10796.5,11000.099609375,482000
2019-09-18,10840.650390625,10840.650390625,10885.150390625,10804.849609375,10872.7998046875,519200
2019-09-19,10704.7998046875,10704.7998046875,10845.2001953125,10670.25,10845.2001953125,642600
2019-09-20,11274.2001953125,11274.2001953125,11381.900390625,10691.0,10746.7998046875,1356800
2019-09-23,11600.2001953125,11600.2001953125,11694.849609375,11471.349609375,11542.7001953125,882800
2019-09-24,11588.2001953125,11588.2001953125,11655.0498046875,11539.2001953125,11590.7001953125,651700
2019-09-25,11440.2001953125,11440.2001953125,11564.9501953125,11416.099609375,11564.849609375,629100
2019-09-26,11571.2001953125,11571.2001953125,11610.849609375,11466.349609375,11469.849609375,844500
2019-09-27,11512.400390625,11512.400390625,11593.599609375,11499.75,11556.349609375,650000
2019-09-30,11474.4501953125,11474.4501953125,11508.25,11390.7998046875,11491.150390625,756800
2019-10-01,11359.900390625,11359.900390625,11554.2001953125,11247.900390625,11515.400390625,1305400
2019-10-03,11314.0,11314.0,11370.400390625,11257.349609375,11322.25,1017500
2019-10-04,11174.75,11174.75,11400.2998046875,11158.349609375,11388.4501953125,928500
2019-10-07,11126.400390625,11126.400390625,11233.849609375,11112.650390625,11196.2001953125,733200
2019-10-09,11313.2998046875,11313.2998046875,11321.599609375,11090.150390625,11152.9501953125,741100
2019-10-10,11234.5498046875,11234.5498046875,11293.349609375,11208.5498046875,11280.5,562000
2019-10-11,11305.0498046875,11305.0498046875,11362.900390625,11189.400390625,11257.7001953125,737800
2019-10-14,11341.150390625,11341.150390625,11420.4501953125,11290.0498046875,11335.900390625,587600
2019-10-15,11428.2998046875,11428.2998046875,11462.349609375,11342.099609375,11360.849609375,527400
2019-10-16,11464.0,11464.0,11481.0498046875,11411.099609375,11464.9501953125,533500
2019-10-17,11586.349609375,11586.349609375,11599.099609375,11439.650390625,11466.2998046875,797600
2019-10-18,11661.849609375,11661.849609375,11684.7001953125,11553.150390625,11580.2998046875,853400
2019-10-22,11588.349609375,11588.349609375,11714.349609375,11573.650390625,11657.150390625,867600
2019-10-23,11604.099609375,11604.099609375,11651.599609375,11554.400390625,11596.2001953125,664200
2019-10-24,11582.599609375,11582.599609375,11679.599609375,11534.650390625,11661.650390625,700500
2019-10-25,11583.900390625,11583.900390625,11646.900390625,11490.75,11646.150390625,812000
2019-10-29,11786.849609375,11786.849609375,11809.400390625,11627.349609375,11643.9501953125,951700
2019-10-30,11844.099609375,11844.099609375,11883.9501953125,11784.4501953125,11883.900390625,725200
2019-10-31,11877.4501953125,11877.4501953125,11945.0,11855.099609375,11890.4501953125,1414800
2019-11-01,11890.599609375,11890.599609375,11918.2998046875,11843.349609375,11886.599609375,855300
2019-11-04,11941.2998046875,11941.2998046875,11989.150390625,11905.349609375,11928.900390625,823100
2019-11-05,11917.2001953125,11917.2001953125,11978.9501953125,11861.900390625,11974.599609375,632000
2019-11-06,11966.0498046875,11966.0498046875,12002.900390625,11850.25,11911.5,603400
2019-11-07,12012.0498046875,12012.0498046875,12021.400390625,11946.849609375,12021.099609375,563000
2019-11-08,11908.150390625,11908.150390625,12034.150390625,11888.75,11987.150390625,789300
2019-11-11,11913.4501953125,11913.4501953125,11932.650390625,11853.9501953125,11879.2001953125,549000
2019-11-13,11840.4501953125,11840.4501953125,11946.7998046875,11823.2001953125,11908.2998046875,659000
2019-11-14,11872.099609375,11872.099609375,11895.650390625,11802.650390625,11858.75,559500
2019-11-15,11895.4501953125,11895.4501953125,11973.650390625,11879.25,11904.2001953125,580200
2019-11-18,11884.5,11884.5,11946.2001953125,11867.599609375,11915.150390625,514400
2019-11-19,11940.099609375,11940.099609375,11958.849609375,11881.75,11919.4501953125,613900
2019-11-20,11999.099609375,11999.099609375,12038.599609375,11966.0498046875,12004.75,646700
2019-11-21,11968.400390625,11968.400390625,12028.2001953125,11956.900390625,12025.650390625,557700
2019-11-22,11914.400390625,11914.400390625,11968.099609375,11883.5,11967.2998046875,486800
2019-11-25,12073.75,12073.75,12084.5,11919.75,11922.4501953125,534300
2019-11-26,12037.7001953125,12037.7001953125,12132.4501953125,12006.349609375,12110.2001953125,1201300
2019-11-27,12100.7001953125,12100.7001953125,12114.900390625,12055.150390625,12068.5,584200
2019-11-28,12151.150390625,12151.150390625,12158.7998046875,12099.9501953125,12132.099609375,620500
2019-11-29,12056.0498046875,12056.0498046875,12147.400390625,12017.400390625,12146.2001953125,804400
2019-12-02,12048.2001953125,12048.2001953125,12137.150390625,12023.7001953125,12137.0498046875,720900
2019-12-03,11994.2001953125,11994.2001953125,12068.599609375,11956.400390625,12067.650390625,605800
2019-12-04,12043.2001953125,12043.2001953125,12054.7001953125,11935.2998046875,11969.9501953125,747200
2019-12-05,12018.400390625,12018.400390625,12081.2001953125,11998.75,12071.25,562200
2019-12-06,11921.5,11921.5,12057.0498046875,11888.849609375,12047.349609375,609200
2019-12-09,11937.5,11937.5,11981.9501953125,11888.0498046875,11939.099609375,599100
2019-12-10,11856.7998046875,11856.7998046875,11953.2001953125,11844.7001953125,11950.5,650200
2019-12-11,11910.150390625,11910.150390625,11923.2001953125,11832.2998046875,11867.349609375,997700
2019-12-12,11971.7998046875,11971.7998046875,12005.5,11934.0,11944.2998046875,752600
2019-12-13,12086.7001953125,12086.7001953125,12098.849609375,12023.599609375,12026.400390625,597700
2019-12-16,12053.9501953125,12053.9501953125,12134.650390625,12046.2998046875,12131.349609375,437700
2019-12-17,12165.0,12165.0,12182.75,12070.349609375,12082.4501953125,499600
2019-12-18,12221.650390625,12221.650390625,12237.7001953125,12163.4501953125,12197.0,518900
2019-12-19,12259.7001953125,12259.7001953125,12268.349609375,12191.150390625,12223.400390625,623100
2019-12-20,12271.7998046875,12271.7998046875,12293.900390625,12252.75,12266.4501953125,810700
2019-12-23,12262.75,12262.75,12287.150390625,12213.25,12235.4501953125,604800
2019-12-24,12214.5498046875,12214.5498046875,12283.7001953125,12202.099609375,12269.25,470300
2019-12-26,12126.5498046875,12126.5498046875,12221.5498046875,12118.849609375,12211.849609375,520300
2019-12-27,12245.7998046875,12245.7998046875,12258.4501953125,12157.900390625,12172.900390625,383800
2019-12-30,12255.849609375,12255.849609375,12286.4501953125,12213.7998046875,12274.900390625,411100
2019-12-31,12168.4501953125,12168.4501953125,12247.099609375,12151.7998046875,12247.099609375,426900
2020-01-01,12182.5,12182.5,12222.2001953125,12165.2998046875,12202.150390625,304100
2020-01-02,12282.2001953125,12282.2001953125,12289.900390625,12195.25,12198.5498046875,407700
2020-01-03,12226.650390625,12226.650390625,12265.599609375,12191.349609375,12261.099609375,428800
2020-01-06,11993.0498046875,11993.0498046875,12179.099609375,11974.2001953125,12170.599609375,396500
2020-01-07,12052.9501953125,12052.9501953125,12152.150390625,12005.349609375,12079.099609375,447800
2020-01-08,12025.349609375,12025.349609375,12044.9501953125,11929.599609375,11939.099609375,446000
2020-01-09,12215.900390625,12215.900390625,12224.0498046875,12132.5498046875,12153.150390625,477500
2020-01-10,12256.7998046875,12256.7998046875,12311.2001953125,12213.2001953125,12271.0,660600
2020-01-13,12329.5498046875,12329.5498046875,12337.75,12285.7998046875,12296.7001953125,501000
2020-01-14,12362.2998046875,12362.2998046875,12374.25,12308.7001953125,12333.099609375,616300
2020-01-15,12343.2998046875,12343.2998046875,12355.150390625,12278.75,12349.400390625,684400
2020-01-16,12355.5,12355.5,12389.0498046875,12315.7998046875,12347.099609375,395700
2020-01-17,12352.349609375,12352.349609375,12385.4501953125,12321.400390625,12328.400390625,502100
2020-01-20,12224.5498046875,12224.5498046875,12430.5,12216.900390625,12430.5,491600
2020-01-21,12169.849609375,12169.849609375,12230.0498046875,12162.2998046875,12195.2998046875,400
2020-01-22,12106.900390625,12106.900390625,12225.0498046875,12087.900390625,12218.349609375,500
2020-01-23,12180.349609375,12180.349609375,12189.0,12094.099609375,12123.75,867700
2020-01-24,12248.25,12248.25,12272.150390625,12149.650390625,12174.5498046875,593200
2020-01-27,12119.0,12119.0,12216.599609375,12107.0,12197.099609375,441200
2020-01-28,12055.7998046875,12055.7998046875,12163.5498046875,12024.5,12148.099609375,478500
2020-01-29,12129.5,12129.5,12169.599609375,12103.7998046875,12114.900390625,514400
2020-01-30,12035.7998046875,12035.7998046875,12150.2998046875,12010.599609375,12147.75,538100
2020-01-31,11962.099609375,11962.099609375,12103.5498046875,11945.849609375,12100.400390625,771300
2020-02-03,11707.900390625,11707.900390625,11749.849609375,11614.5,11627.4501953125,669800
2020-02-04,11979.650390625,11979.650390625,11986.150390625,11783.400390625,11786.25,560400
2020-02-05,12089.150390625,12089.150390625,12098.150390625,11953.349609375,12005.849609375,758000
2020-02-06,12137.9501953125,12137.9501953125,12160.599609375,12084.650390625,12120.0,565100
2020-02-07,12098.349609375,12098.349609375,12154.7001953125,12073.9501953125,12151.150390625,473500
2020-02-10,12031.5,12031.5,12103.5498046875,11990.75,12102.349609375,524700
2020-02-11,12107.900390625,12107.900390625,12172.2998046875,12099.0,12108.400390625,480000
2020-02-12,12201.2001953125,12201.2001953125,12231.75,12144.2998046875,12151.0,411700
2020-02-13,12174.650390625,12174.650390625,12225.650390625,12139.7998046875,12219.5498046875,501200
2020-02-14,12113.4501953125,12113.4501953125,12246.7001953125,12091.2001953125,12190.150390625,622800
2020-02-17,12045.7998046875,12045.7998046875,12159.599609375,12037.0,12131.7998046875,0
2020-02-18,11992.5,11992.5,12030.75,11908.0498046875,12028.25,676900
2020-02-19,12125.900390625,12125.900390625,12134.7001953125,12042.099609375,12090.599609375,513600
2020-02-20,12080.849609375,12080.849609375,12152.0,12071.4501953125,12119.0,502600
2020-02-24,11829.400390625,11829.400390625,12012.5498046875,11813.400390625,12012.5498046875,490800
2020-02-25,11797.900390625,11797.900390625,11883.0498046875,11779.900390625,11877.5,461000
2020-02-26,11678.5,11678.5,11783.25,11639.599609375,11738.5498046875,567600
2020-02-27,11633.2998046875,11633.2998046875,11663.849609375,11536.7001953125,11661.25,608600
2020-02-28,11201.75,11201.75,11384.7998046875,11175.0498046875,11382.0,809900
2020-03-02,11132.75,11132.75,11433.0,11036.25,11387.349609375,680800
2020-03-03,11303.2998046875,11303.2998046875,11342.25,11152.5498046875,11217.5498046875,696500
2020-03-04,11251.0,11251.0,11356.599609375,11082.150390625,11351.349609375,797700
2020-03-05,11269.0,11269.0,11389.5,11244.599609375,11306.0498046875,1352500
2020-03-06,10989.4501953125,10989.4501953125,11035.099609375,10827.400390625,10942.650390625,1811000
2020-03-09,10451.4501953125,10451.4501953125,10751.5498046875,10294.4501953125,10742.0498046875,1565500
2020-03-11,10458.400390625,10458.400390625,10545.099609375,10334.0,10334.2998046875,1218500
2020-03-12,9590.150390625,9590.150390625,10040.75,9508.0,10039.9501953125,1343500
2020-03-13,9955.2001953125,9955.2001953125,10159.400390625,8555.150390625,9107.599609375,1388000
2020-03-16,9197.400390625,9197.400390625,9602.2001953125,9165.099609375,9587.7998046875,897700
2020-03-17,8967.0498046875,8967.0498046875,9403.7998046875,8915.599609375,9285.400390625,935600
2020-03-18,8468.7998046875,8468.7998046875,9127.5498046875,8407.0498046875,9088.4501953125,1516600
2020-03-19,8263.4501953125,8263.4501953125,8575.4501953125,7832.5498046875,8063.2998046875,925700
2020-03-20,8745.4501953125,8745.4501953125,8883.0,8178.2001953125,8284.4501953125,1071500
2020-03-23,7610.25,7610.25,8159.25,7583.60009765625,7945.7001953125,653500
2020-03-24,7801.0498046875,7801.0498046875,8036.9501953125,7511.10009765625,7848.2998046875,738400
2020-03-25,8317.849609375,8317.849609375,8376.75,7714.75,7735.14990234375,736900
2020-03-26,8641.4501953125,8641.4501953125,8749.0498046875,8304.900390625,8451.0,865600
2020-03-27,8660.25,8660.25,9038.900390625,8522.900390625,8949.099609375,801500
2020-03-30,8281.099609375,8281.099609375,8576.0,8244.0,8385.9501953125,593300
2020-03-31,8597.75,8597.75,8678.2998046875,8358.0,8529.349609375,712700
2020-04-01,8253.7998046875,8253.7998046875,8588.099609375,8198.349609375,8584.099609375,506300
2020-04-03,8083.7998046875,8083.7998046875,8356.5498046875,8055.7998046875,8356.5498046875,697000
2020-04-07,8792.2001953125,8792.2001953125,8819.400390625,8360.9501953125,8446.2998046875,814200
2020-04-08,8748.75,8748.75,9131.7001953125,8653.900390625,8688.900390625,896500
2020-04-09,9111.900390625,9111.900390625,9128.349609375,8904.5498046875,8973.0498046875,742100
2020-04-13,8993.849609375,8993.849609375,9112.0498046875,8912.400390625,9103.9501953125,644000
2020-04-15,8925.2998046875,8925.2998046875,9261.2001953125,8874.099609375,9196.400390625,879100
2020-04-16,8992.7998046875,8992.7998046875,9053.75,8821.900390625,8851.25,719400
2020-04-17,9266.75,9266.75,9324.0,9091.349609375,9323.4501953125,684200
2020-04-20,9261.849609375,9261.849609375,9390.849609375,9230.7998046875,9390.2001953125,726400
2020-04-21,8981.4501953125,8981.4501953125,9044.400390625,8909.400390625,9016.9501953125,655100
2020-04-22,9187.2998046875,9187.2998046875,9209.75,8946.25,9026.75,734400
2020-04-23,9313.900390625,9313.900390625,9343.599609375,9170.150390625,9232.349609375,666700
2020-04-24,9154.400390625,9154.400390625,9296.900390625,9141.2998046875,9163.900390625,659400
2020-04-27,9282.2998046875,9282.2998046875,9377.099609375,9250.349609375,9259.7001953125,512800
2020-04-28,9380.900390625,9380.900390625,9404.400390625,9260.0,9389.7998046875,614500
2020-04-29,9553.349609375,9553.349609375,9599.849609375,9392.349609375,9408.599609375,653000
2020-04-30,9859.900390625,9859.900390625,9889.0498046875,9731.5,9753.5,931200
2020-05-04,9293.5,9293.5,9533.5,9266.9501953125,9533.5,687500
2020-05-05,9205.599609375,9205.599609375,9450.900390625,9190.75,9429.400390625,725200
2020-05-06,9270.900390625,9270.900390625,9346.900390625,9116.5,9226.7998046875,722200
2020-05-07,9199.0498046875,9199.0498046875,9277.849609375,9175.900390625,9234.0498046875,708700
2020-05-08,9251.5,9251.5,9382.650390625,9238.2001953125,9376.9501953125,609100
2020-05-11,9239.2001953125,9239.2001953125,9439.900390625,9219.9501953125,9348.150390625,704600
2020-05-12,9196.5498046875,9196.5498046875,9240.849609375,9043.9501953125,9168.849609375,805500
2020-05-13,9383.5498046875,9383.5498046875,9584.5,9351.099609375,9584.2001953125,846400
2020-05-14,9142.75,9142.75,9281.099609375,9119.75,9213.9501953125,602600
2020-05-15,9136.849609375,9136.849609375,9182.400390625,9050.0,9182.400390625,575900
2020-05-18,8823.25,8823.25,9158.2998046875,8806.75,9158.2998046875,773000
2020-05-19,8879.099609375,8879.099609375,9030.349609375,8855.2998046875,8961.7001953125,762200
2020-05-20,9066.5498046875,9066.5498046875,9093.7998046875,8875.349609375,8889.150390625,622300
2020-05-21,9106.25,9106.25,9178.5498046875,9056.099609375,9079.4501953125,631500
2020-05-22,9039.25,9039.25,9149.599609375,8968.5498046875,9067.900390625,675800
2020-05-26,9029.0498046875,9029.0498046875,9161.650390625,8996.650390625,9099.75,655000
2020-05-27,9314.9501953125,9314.9501953125,9334.0,9004.25,9082.2001953125,763500
2020-05-28,9490.099609375,9490.099609375,9511.25,9336.5,9364.9501953125,837900
2020-05-29,9580.2998046875,9580.2998046875,9598.849609375,9376.900390625,9422.2001953125,967000
2020-06-01,9826.150390625,9826.150390625,9931.599609375,9706.9501953125,9726.849609375,794200
2020-06-02,9979.099609375,9979.099609375,9995.599609375,9824.0498046875,9880.849609375,770200
2020-06-03,10061.5498046875,10061.5498046875,10176.2001953125,10035.5498046875,10108.2998046875,794700
2020-06-04,10029.099609375,10029.099609375,10123.849609375,9944.25,10054.25,775100
2020-06-05,10142.150390625,10142.150390625,10177.7998046875,10040.75,10093.7998046875,987100
2020-06-08,10167.4501953125,10167.4501953125,10328.5,10120.25,10326.75,936500
2020-06-09,10046.650390625,10046.650390625,10291.150390625,10021.4501953125,10181.150390625,754200
2020-06-10,10116.150390625,10116.150390625,10148.75,10036.849609375,10072.599609375,632400
2020-06-11,9902.0,9902.0,10112.0498046875,9885.0498046875,10094.099609375,715500
2020-06-12,9972.900390625,9972.900390625,9996.0498046875,9544.349609375,9544.9501953125,796300
2020-06-15,9813.7001953125,9813.7001953125,9943.349609375,9726.349609375,9919.349609375,716100
2020-06-16,9914.0,9914.0,10046.150390625,9728.5,10014.7998046875,899900
2020-06-17,9881.150390625,9881.150390625,10003.599609375,9833.7998046875,9876.7001953125,685400
2020-06-18,10091.650390625,10091.650390625,10111.2001953125,9845.0498046875,9863.25,622900
2020-06-19,10244.400390625,10244.400390625,10272.400390625,10072.650390625,10119.0,892100
2020-06-22,10311.2001953125,10311.2001953125,10393.650390625,10277.599609375,10318.75,685400
2020-06-23,10471.0,10471.0,10484.7001953125,10301.75,10347.9501953125,669200
2020-06-24,10305.2998046875,10305.2998046875,10553.150390625,10281.9501953125,10529.25,854800
2020-06-25,10288.900390625,10288.900390625,10361.7998046875,10194.5,10235.5498046875,994200
2020-06-26,10383.0,10383.0,10409.849609375,10311.25,10378.900390625,671900
2020-06-29,10312.400390625,10312.400390625,10337.9501953125,10223.599609375,10311.9501953125,574500
2020-06-30,10302.099609375,10302.099609375,10401.0498046875,10267.349609375,10382.599609375,556200
2020-07-01,10430.0498046875,10430.0498046875,10447.0498046875,10299.599609375,10323.7998046875,573600
2020-07-02,10551.7001953125,10551.7001953125,10598.2001953125,10485.5498046875,10493.0498046875,597400
2020-07-03,10607.349609375,10607.349609375,10631.2998046875,10562.650390625,10614.9501953125,525200
2020-07-06,10763.650390625,10763.650390625,10811.400390625,10695.099609375,10723.849609375,571200
2020-07-07,10799.650390625,10799.650390625,10813.7998046875,10689.7001953125,10802.849609375,636800
2020-07-08,10705.75,10705.75,10847.849609375,10676.5498046875,10818.650390625,767900
2020-07-09,10813.4501953125,10813.4501953125,10836.849609375,10733.0,10755.5498046875,618700
2020-07-10,10768.0498046875,10768.0498046875,10819.400390625,10713.0,10764.099609375,590700
2020-07-13,10802.7001953125,10802.7001953125,10894.0498046875,10756.0498046875,10851.849609375,554100
2020-07-14,10607.349609375,10607.349609375,10755.650390625,10562.900390625,10750.849609375,532400
2020-07-15,10618.2001953125,10618.2001953125,10827.4501953125,10577.75,10701.0,715900
2020-07-16,10739.9501953125,10739.9501953125,10755.2998046875,10595.2001953125,10706.2001953125,694400
2020-07-17,10901.7001953125,10901.7001953125,10933.4501953125,10749.650390625,10752.0,676900
2020-07-20,11022.2001953125,11022.2001953125,11037.900390625,10953.0,10999.4501953125,554300
2020-07-21,11162.25,11162.25,11179.5498046875,11113.25,11126.099609375,772000
2020-07-22,11132.599609375,11132.599609375,11238.099609375,11056.5498046875,11231.2001953125,765100
2020-07-23,11215.4501953125,11215.4501953125,11239.7998046875,11103.150390625,11135.0,621600
2020-07-24,11194.150390625,11194.150390625,11225.400390625,11090.2998046875,11149.9501953125,678900
2020-07-27,11131.7998046875,11131.7998046875,11225.0,11087.849609375,11225.0,588100
2020-07-28,11300.5498046875,11300.5498046875,11317.75,11151.400390625,11154.099609375,683900
2020-07-29,11202.849609375,11202.849609375,11341.400390625,11149.75,11276.900390625,600700
2020-07-30,11102.150390625,11102.150390625,11299.9501953125,11084.9501953125,11254.2998046875,677800
2020-07-31,11073.4501953125,11073.4501953125,11150.400390625,11026.650390625,11139.5,642600
2020-08-03,10891.599609375,10891.599609375,11058.0498046875,10882.25,11057.5498046875,680900
2020-08-04,11095.25,11095.25,11112.25,10908.099609375,10946.650390625,625700
2020-08-05,11101.650390625,11101.650390625,11225.650390625,11064.0498046875,11155.75,667600
2020-08-06,11200.150390625,11200.150390625,11256.7998046875,11127.2998046875,11185.7001953125,600400
2020-08-07,11214.0498046875,11214.0498046875,11231.900390625,11142.0498046875,11186.650390625,452600
2020-08-10,11270.150390625,11270.150390625,11337.2998046875,11238.0,11270.25,492000
2020-08-11,11322.5,11322.5,11373.599609375,11299.150390625,11322.25,586100
2020-08-12,11308.400390625,11308.400390625,11322.0,11242.650390625,11289.0,609900
2020-08-13,11300.4501953125,11300.4501953125,11359.2998046875,11269.9501953125,11334.849609375,562400
2020-08-14,11178.400390625,11178.400390625,11366.25,11111.4501953125,11353.2998046875,645100
2020-08-17,11247.099609375,11247.099609375,11267.099609375,11144.5,11248.900390625,634000
2020-08-18,11385.349609375,11385.349609375,11401.7001953125,11253.150390625,11259.7998046875,579200
2020-08-19,11408.400390625,11408.400390625,11460.349609375,11394.099609375,11452.150390625,626200
2020-08-20,11312.2001953125,11312.2001953125,11361.4501953125,11289.7998046875,11317.4501953125,791600
2020-08-21,11371.599609375,11371.599609375,11418.5,11362.2001953125,11409.650390625,668700
2020-08-24,11466.4501953125,11466.4501953125,11497.25,11410.650390625,11412.0,532900
2020-08-25,11472.25,11472.25,11525.900390625,11423.349609375,11513.099609375,638200
2020-08-26,11549.599609375,11549.599609375,11561.75,11461.849609375,11512.849609375,743400
2020-08-27,11559.25,11559.25,11617.349609375,11540.599609375,11609.2998046875,719800
2020-08-28,11647.599609375,11647.599609375,11686.0498046875,11589.400390625,11602.9501953125,807000
2020-08-31,11387.5,11387.5,11794.25,11325.849609375,11777.5498046875,1371800
2020-09-01,11470.25,11470.25,11553.5498046875,11366.900390625,11464.2998046875,783800
2020-09-02,11535.0,11535.0,11554.75,11430.400390625,11478.5498046875,593500
2020-09-03,11527.4501953125,11527.4501953125,11584.9501953125,11507.650390625,11566.2001953125,607100
2020-09-04,11333.849609375,11333.849609375,11452.0498046875,11303.650390625,11354.400390625,681300
2020-09-07,11355.0498046875,11355.0498046875,11381.150390625,11251.7001953125,11359.599609375,560300
2020-09-08,11317.349609375,11317.349609375,11437.25,11290.4501953125,11378.5498046875,572200
2020-09-09,11278.0,11278.0,11298.150390625,11185.150390625,11218.599609375,728900
2020-09-10,11449.25,11449.25,11464.0498046875,11327.400390625,11363.2998046875,679400
2020-09-11,11464.4501953125,11464.4501953125,11493.5,11419.900390625,11447.7998046875,554800
2020-09-14,11440.0498046875,11440.0498046875,11568.900390625,11383.5498046875,11540.150390625,642300
2020-09-15,11521.7998046875,11521.7998046875,11535.9501953125,11442.25,11487.2001953125,506700
2020-09-16,11604.5498046875,11604.5498046875,11618.099609375,11516.75,11538.4501953125,527800
2020-09-17,11516.099609375,11516.099609375,11587.2001953125,11498.5,11539.400390625,0
2020-09-18,11504.9501953125,11504.9501953125,11584.099609375,11446.099609375,11584.099609375,764200
2020-09-21,11250.5498046875,11250.5498046875,11535.25,11218.5,11503.7998046875,602900
2020-09-22,11153.650390625,11153.650390625,11302.2001953125,11084.650390625,11301.75,672200
2020-09-23,11131.849609375,11131.849609375,11259.5498046875,11024.400390625,11258.75,714900
2020-09-24,10805.5498046875,10805.5498046875,11015.2998046875,10790.2001953125,11011.0,706100
2020-09-25,11050.25,11050.25,11072.599609375,10854.849609375,10910.400390625,559600
2020-09-28,11227.5498046875,11227.5498046875,11239.349609375,11099.849609375,11140.849609375,472800
2020-09-29,11222.400390625,11222.400390625,11305.400390625,11181.0,11288.599609375,498300
2020-09-30,11247.5498046875,11247.5498046875,11295.400390625,11184.5498046875,11244.4501953125,499300
2020-10-01,11416.9501953125,11416.9501953125,11428.599609375,11347.0498046875,11364.4501953125,447700
2020-10-05,11503.349609375,11503.349609375,11578.0498046875,11452.2998046875,11487.7998046875,530600
2020-10-06,11662.400390625,11662.400390625,11680.2998046875,11564.2998046875,11603.4501953125,561400
2020-10-07,11738.849609375,11738.849609375,11763.0498046875,11629.349609375,11679.25,513400
2020-10-08,11834.599609375,11834.599609375,11905.7001953125,11791.150390625,11835.400390625,608800
2020-10-09,11914.2001953125,11914.2001953125,11938.599609375,11805.2001953125,11852.0498046875,611100
2020-10-12,11930.9501953125,11930.9501953125,12022.0498046875,11867.2001953125,11973.5498046875,522600
2020-10-13,11934.5,11934.5,11988.2001953125,11888.900390625,11934.650390625,458300
2020-10-14,11971.0498046875,11971.0498046875,11997.2001953125,11822.150390625,11917.400390625,569200
2020-10-15,11680.349609375,11680.349609375,12025.4501953125,11661.2998046875,12023.4501953125,608900
2020-10-16,11762.4501953125,11762.4501953125,11789.75,11667.849609375,11727.400390625,555800
2020-10-19,11873.0498046875,11873.0498046875,11898.25,11820.400390625,11879.2001953125,541400
2020-10-20,11896.7998046875,11896.7998046875,11949.25,11837.25,11861.0,453600
2020-10-21,11937.650390625,11937.650390625,12018.650390625,11775.75,11958.5498046875,623700
2020-10-22,11896.4501953125,11896.4501953125,11939.5498046875,11823.4501953125,11890.0,544900
2020-10-23,11930.349609375,11930.349609375,11974.5498046875,11908.75,11957.900390625,502300
2020-10-26,11767.75,11767.75,11942.849609375,11711.7001953125,11937.400390625,519800
2020-10-27,11889.400390625,11889.400390625,11899.0498046875,11723.0,11807.099609375,616300
2020-10-28,11729.599609375,11729.599609375,11929.400390625,11684.849609375,11922.599609375,704000
2020-10-29,11670.7998046875,11670.7998046875,11744.150390625,11606.4501953125,11633.2998046875,555000
2020-10-30,11642.400390625,11642.400390625,11748.9501953125,11535.4501953125,11678.4501953125,553700
2020-11-02,11669.150390625,11669.150390625,11725.650390625,11557.400390625,11697.349609375,568400
2020-11-03,11813.5,11813.5,11836.2001953125,11723.2998046875,11734.4501953125,674300
2020-11-04,11908.5,11908.5,11929.650390625,11756.400390625,11783.349609375,667300
2020-11-05,12120.2998046875,12120.2998046875,12131.099609375,12027.599609375,12062.400390625,632500
2020-11-06,12263.5498046875,12263.5498046875,12280.400390625,12131.849609375,12156.650390625,576800
2020-11-09,12461.0498046875,12461.0498046875,12474.0498046875,12367.349609375,12399.400390625,553400
2020-11-10,12631.099609375,12631.099609375,12643.900390625,12475.25,12556.400390625,847500
2020-11-11,12749.150390625,12749.150390625,12769.75,12571.099609375,12680.599609375,880500
2020-11-12,12690.7998046875,12690.7998046875,12741.150390625,12624.849609375,12702.150390625,622000
2020-11-13,12719.9501953125,12719.9501953125,12735.9501953125,12607.7001953125,12659.7001953125,513900
2020-11-17,12874.2001953125,12874.2001953125,12934.0498046875,12797.099609375,12932.5,707700
2020-11-18,12938.25,12938.25,12948.849609375,12819.349609375,12860.099609375,731300
2020-11-19,12771.7001953125,12771.7001953125,12963.0,12745.75,12839.5,768800
2020-11-20,12859.0498046875,12859.0498046875,12892.4501953125,12730.25,12813.400390625,664000
2020-11-23,12926.4501953125,12926.4501953125,12968.849609375,12825.7001953125,12960.2998046875,633100
2020-11-24,13055.150390625,13055.150390625,13079.099609375,12978.0,13002.599609375,571900
2020-11-25,12858.400390625,12858.400390625,13145.849609375,12833.650390625,13130.0,679000
2020-11-26,12987.0,12987.0,13018.0,12790.400390625,12906.4501953125,549800
2020-11-27,12968.9501953125,12968.9501953125,13035.2998046875,12914.2998046875,13012.0498046875,1162400
2020-12-01,13109.0498046875,13109.0498046875,13128.400390625,12962.7998046875,13062.2001953125,583600
2020-12-02,13113.75,13113.75,13128.5,12983.5498046875,13121.400390625,717700
2020-12-03,13133.900390625,13133.900390625,13216.599609375,13107.900390625,13215.2998046875,713700
2020-12-04,13258.5498046875,13258.5498046875,13280.0498046875,13152.849609375,13177.400390625,640500
2020-12-07,13355.75,13355.75,13366.650390625,13241.9501953125,13264.849609375,591700
2020-12-08,13392.9501953125,13392.9501953125,13435.4501953125,13311.0498046875,13393.849609375,543200
2020-12-09,13529.099609375,13529.099609375,13548.900390625,13449.599609375,13458.099609375,502600
2020-12-10,13478.2998046875,13478.2998046875,13503.5498046875,13399.2998046875,13488.5,553400
2020-12-11,13513.849609375,13513.849609375,13579.349609375,13402.849609375,13512.2998046875,787700
2020-12-14,13558.150390625,13558.150390625,13597.5,13472.4501953125,13571.4501953125,558400
2020-12-15,13567.849609375,13567.849609375,13589.650390625,13447.0498046875,13547.2001953125,497600
2020-12-16,13682.7001953125,13682.7001953125,13692.349609375,13606.4501953125,13663.099609375,462200
2020-12-17,13740.7001953125,13740.7001953125,13773.25,13673.5498046875,13713.5498046875,416000
2020-12-18,13760.5498046875,13760.5498046875,13772.849609375,13658.599609375,13764.400390625,519400
2020-12-21,13328.400390625,13328.400390625,13777.5,13131.4501953125,13741.900390625,687300
2020-12-22,13466.2998046875,13466.2998046875,13492.0498046875,13192.900390625,13373.650390625,696200
2020-12-23,13601.099609375,13601.099609375,13619.4501953125,13432.2001953125,13473.5,458700
2020-12-24,13749.25,13749.25,13771.75,13626.900390625,13672.150390625,471400
2020-12-28,13873.2001953125,13873.2001953125,13885.2998046875,13811.5498046875,13815.150390625,403600
2020-12-29,13932.599609375,13932.599609375,13967.599609375,13859.900390625,13910.349609375,439600
2020-12-30,13981.9501953125,13981.9501953125,13997.0,13864.9501953125,13980.900390625,380700
2020-12-31,13981.75,13981.75,14024.849609375,13936.4501953125,13970.0,452400
2021-01-01,14018.5,14018.5,14049.849609375,13991.349609375,13996.099609375,358100
2021-01-04,14132.900390625,14132.900390625,14147.9501953125,13953.75,14104.349609375,495000
2021-01-05,14199.5,14199.5,14215.599609375,14048.150390625,14075.150390625,492500
2021-01-06,14146.25,14146.25,14244.150390625,14039.900390625,14240.9501953125,632300
2021-01-07,14137.349609375,14137.349609375,14256.25,14123.099609375,14253.75,559200
2021-01-08,14347.25,14347.25,14367.2998046875,14221.650390625,14258.400390625,613500
2021-01-11,14484.75,14484.75,14498.2001953125,14383.099609375,14474.0498046875,672900
2021-01-12,14563.4501953125,14563.4501953125,14590.650390625,14432.849609375,14473.7998046875,929600
2021-01-13,14564.849609375,14564.849609375,14653.349609375,14435.7001953125,14639.7998046875,874000
2021-01-14,14595.599609375,14595.599609375,14617.7998046875,14471.5,14550.0498046875,620200
2021-01-15,14433.7001953125,14433.7001953125,14617.4501953125,14357.849609375,14594.349609375,789600
2021-01-18,14281.2998046875,14281.2998046875,14459.150390625,14222.7998046875,14453.2998046875,762000
2021-01-19,14521.150390625,14521.150390625,14546.0498046875,14350.849609375,14371.650390625,546100
2021-01-20,14644.7001953125,14644.7001953125,14666.4501953125,14517.5498046875,14538.2998046875,623100
2021-01-21,14590.349609375,14590.349609375,14753.5498046875,14517.25,14730.9501953125,704600
2021-01-22,14371.900390625,14371.900390625,14619.900390625,14357.75,14583.400390625,776800
2021-01-25,14238.900390625,14238.900390625,14491.099609375,14218.599609375,14477.7998046875,618600
2021-01-27,13967.5,13967.5,14237.9501953125,13929.2998046875,14237.9501953125,660700
2021-01-28,13817.5498046875,13817.5498046875,13898.25,13713.25,13810.400390625,637900
2021-01-29,13634.599609375,13634.599609375,13966.849609375,13596.75,13946.599609375,753200
2021-02-01,14281.2001953125,14281.2001953125,14336.349609375,13661.75,13758.599609375,870500
2021-02-02,14647.849609375,14647.849609375,14731.7001953125,14469.150390625,14481.099609375,915000
2021-02-03,14789.9501953125,14789.9501953125,14868.849609375,14574.150390625,14754.900390625,869500
2021-02-04,14895.650390625,14895.650390625,14913.7001953125,14714.75,14789.0498046875,884700
2021-02-05,14924.25,14924.25,15014.650390625,14864.75,14952.599609375,935600
2021-02-08,15115.7998046875,15115.7998046875,15159.900390625,15041.0498046875,15064.2998046875,671200
2021-02-09,15109.2998046875,15109.2998046875,15257.099609375,15064.2998046875,15164.150390625,713300
2021-02-10,15106.5,15106.5,15168.25,14977.2001953125,15119.0498046875,624800
2021-02-11,15173.2998046875,15173.2998046875,15188.5,15065.400390625,15073.25,500100
2021-02-12,15163.2998046875,15163.2998046875,15243.5,15081.0,15186.2001953125,571800
2021-02-15,15314.7001953125,15314.7001953125,15340.150390625,15243.400390625,15270.2998046875,456000
2021-02-16,15313.4501953125,15313.4501953125,15431.75,15242.2001953125,15371.4501953125,648500
2021-02-17,15208.900390625,15208.900390625,15314.2998046875,15170.75,15279.900390625,504800
2021-02-18,15118.9501953125,15118.9501953125,15250.75,15078.0498046875,15238.7001953125,770600
2021-02-19,14981.75,14981.75,15144.0498046875,14898.2001953125,15074.7998046875,712200
2021-02-22,14675.7001953125,14675.7001953125,15010.099609375,14635.0498046875,14999.0498046875,609900
2021-02-23,14707.7998046875,14707.7998046875,14854.5,14651.849609375,14782.25,744100
2021-02-24,14982.0,14982.0,15008.7998046875,14504.5,14729.150390625,403800
2021-02-25,15097.349609375,15097.349609375,15176.5,15065.349609375,15079.849609375,803900
2021-02-26,14529.150390625,14529.150390625,14919.4501953125,14467.75,14888.599609375,1103600
2021-03-01,14761.5498046875,14761.5498046875,14806.7998046875,14638.5498046875,14702.5,507300
2021-03-02,14919.099609375,14919.099609375,14959.099609375,14760.7998046875,14865.2998046875,621700
2021-03-03,15245.599609375,15245.599609375,15273.150390625,14995.7998046875,15064.400390625,544200
2021-03-04,15080.75,15080.75,15202.349609375,14980.2001953125,15026.75,534900
2021-03-05,14938.099609375,14938.099609375,15092.349609375,14862.099609375,14977.9501953125,640700
2021-03-08,14956.2001953125,14956.2001953125,15111.150390625,14919.900390625,15002.4501953125,0
2021-03-09,15098.400390625,15098.400390625,15126.849609375,14925.4501953125,15049.900390625,675300
2021-03-10,15174.7998046875,15174.7998046875,15218.4501953125,15100.849609375,15202.150390625,404600
2021-03-12,15030.9501953125,15030.9501953125,15336.2998046875,14953.599609375,15321.150390625,493200
2021-03-15,14929.5,14929.5,15048.400390625,14745.849609375,15048.400390625,467500
2021-03-16,14910.4501953125,14910.4501953125,15051.599609375,14890.650390625,14996.099609375,100
2021-03-17,14721.2998046875,14721.2998046875,14956.5498046875,14696.0498046875,14946.5498046875,100
2021-03-18,14557.849609375,14557.849609375,14875.2001953125,14478.599609375,14855.5,542200
2021-03-19,14744.0,14744.0,14788.25,14350.099609375,14471.150390625,919200
2021-03-22,14736.400390625,14736.400390625,14763.900390625,14597.849609375,14736.2998046875,459000
2021-03-23,14814.75,14814.75,14878.599609375,14707.0,14768.5498046875,474200
2021-03-24,14549.400390625,14549.400390625,14752.349609375,14535.0,14712.4501953125,456400
2021-03-25,14324.900390625,14324.900390625,14575.599609375,14264.400390625,14570.900390625,606800
2021-03-26,14507.2998046875,14507.2998046875,14572.900390625,14414.25,14506.2998046875,481000
2021-03-30,14845.099609375,14845.099609375,14876.2998046875,14617.599609375,14628.5,594500
2021-03-31,14690.7001953125,14690.7001953125,14813.75,14670.25,14811.849609375,463900
2021-04-01,14867.349609375,14867.349609375,14883.2001953125,14692.4501953125,14798.400390625,445000
2021-04-05,14637.7998046875,14637.7998046875,14849.849609375,14459.5,14837.7001953125,509700
2021-04-06,14683.5,14683.5,14779.099609375,14573.900390625,14737.0,475300
2021-04-07,14819.0498046875,14819.0498046875,14879.7998046875,14649.849609375,14716.4501953125,0
2021-04-08,14873.7998046875,14873.7998046875,14984.150390625,14821.099609375,14875.650390625,514800
2021-04-09,14834.849609375,14834.849609375,14918.4501953125,14785.650390625,14882.650390625,504100
2021-04-12,14310.7998046875,14310.7998046875,14652.5,14248.7001953125,14644.650390625,650200
2021-04-13,14504.7998046875,14504.7998046875,14528.900390625,14274.900390625,14364.900390625,605100
2021-04-15,14581.4501953125,14581.4501953125,14597.5498046875,14353.2001953125,14522.400390625,568000
2021-04-16,14617.849609375,14617.849609375,14697.7001953125,14559.0,14599.599609375,577200
2021-04-19,14359.4501953125,14359.4501953125,14382.2998046875,14191.400390625,14306.599609375,512300
2021-04-20,14296.400390625,14296.400390625,14526.9501953125,14207.2998046875,14526.7001953125,467400
2021-04-22,14406.150390625,14406.150390625,14424.75,14151.400390625,14219.150390625,524600
2021-04-23,14341.349609375,14341.349609375,14461.150390625,14273.2998046875,14326.349609375,498100
2021-04-26,14485.0,14485.0,14557.5,14421.2998046875,14449.4501953125,452700
2021-04-27,14653.0498046875,14653.0498046875,14667.5498046875,14484.849609375,14493.7998046875,451800
2021-04-28,14864.5498046875,14864.5498046875,14890.25,14694.9501953125,14710.5,457000
2021-04-29,14894.900390625,14894.900390625,15044.349609375,14814.4501953125,14979.0,517500
2021-04-30,14631.099609375,14631.099609375,14855.4501953125,14601.7001953125,14747.349609375,613900
2021-05-03,14634.150390625,14634.150390625,14673.849609375,14416.25,14481.0498046875,448900
2021-05-04,14496.5,14496.5,14723.400390625,14461.5,14687.25,503400
2021-05-05,14617.849609375,14617.849609375,14637.900390625,14506.599609375,14604.150390625,455900
2021-05-06,14724.7998046875,14724.7998046875,14743.900390625,14611.5,14668.349609375,467800
2021-05-07,14823.150390625,14823.150390625,14863.0498046875,14765.5,14816.849609375,488000
2021-05-10,14942.349609375,14942.349609375,14966.900390625,14892.5,14928.25,522000
2021-05-11,14850.75,14850.75,14900.0,14771.400390625,14789.7001953125,647400
2021-05-12,14696.5,14696.5,14824.0498046875,14649.7001953125,14823.5498046875,643800
2021-05-14,14677.7998046875,14677.7998046875,14749.650390625,14591.900390625,14749.400390625,620700
2021-05-17,14923.150390625,14923.150390625,14938.0,14725.349609375,14756.25,546400
2021-05-18,15108.099609375,15108.099609375,15137.25,15043.7001953125,15067.2001953125,583900
2021-05-19,15030.150390625,15030.150390625,15133.400390625,15008.849609375,15058.599609375,569100
2021-05-20,14906.0498046875,14906.0498046875,15069.7998046875,14884.900390625,15042.599609375,480300
2021-05-21,15175.2998046875,15175.2998046875,15190.0,14985.849609375,14987.7998046875,572900
2021-05-24,15197.7001953125,15197.7001953125,15256.25,15145.4501953125,15211.349609375,579800
2021-05-25,15208.4501953125,15208.4501953125,15293.849609375,15163.400390625,15291.75,441500
2021-05-26,15301.4501953125,15301.4501953125,15319.900390625,15194.9501953125,15257.0498046875,384000
2021-05-27,15337.849609375,15337.849609375,15384.5498046875,15272.5,15323.9501953125,0
2021-05-28,15435.650390625,15435.650390625,15469.650390625,15394.75,15421.2001953125,468100
2021-05-31,15582.7998046875,15582.7998046875,15606.349609375,15374.0,15437.75,436000
2021-06-01,15574.849609375,15574.849609375,15660.75,15528.2998046875,15629.650390625,409600
2021-06-02,15576.2001953125,15576.2001953125,15597.4501953125,15459.849609375,15520.349609375,428600
2021-06-03,15690.349609375,15690.349609375,15705.099609375,15611.0,15655.5498046875,410200
2021-06-04,15670.25,15670.25,15733.599609375,15622.349609375,15712.5,414200
2021-06-07,15751.650390625,15751.650390625,15773.4501953125,15678.099609375,15725.099609375,394000
2021-06-08,15740.099609375,15740.099609375,15778.7998046875,15680.0,15773.900390625,378200
2021-06-09,15635.349609375,15635.349609375,15800.4501953125,15566.900390625,15766.2998046875,457900
2021-06-10,15737.75,15737.75,15751.25,15648.5,15692.099609375,298300
2021-06-11,15799.349609375,15799.349609375,15835.5498046875,15749.7998046875,15796.4501953125,363000
2021-06-14,15811.849609375,15811.849609375,15823.0498046875,15606.5,15791.400390625,392900
2021-06-15,15869.25,15869.25,15901.599609375,15842.400390625,15866.9501953125,323300
2021-06-16,15767.5498046875,15767.5498046875,15880.849609375,15742.599609375,15847.5,340200
2021-06-17,15691.400390625,15691.400390625,15769.349609375,15616.75,15648.2998046875,357600
2021-06-18,15683.349609375,15683.349609375,15761.5,15450.900390625,15756.5,640800
2021-06-21,15746.5,15746.5,15765.150390625,15505.650390625,15525.849609375,351500
2021-06-22,15772.75,15772.75,15895.75,15752.099609375,15840.5,322200
2021-06-23,15686.9501953125,15686.9501953125,15862.9501953125,15673.9501953125,15862.7998046875,287500
2021-06-24,15790.4501953125,15790.4501953125,15821.400390625,15702.7001953125,15737.2998046875,316700
2021-06-25,15860.349609375,15860.349609375,15870.7998046875,15772.2998046875,15839.349609375,314600
2021-06-28,15814.7001953125,15814.7001953125,15915.650390625,15792.150390625,15915.349609375,255100
2021-06-29,15748.4501953125,15748.4501953125,15835.900390625,15724.0498046875,15807.5,360300
2021-06-30,15721.5,15721.5,15839.099609375,15708.75,15776.900390625,262400
2021-07-01,15680.0,15680.0,15755.5498046875,15667.0498046875,15755.0498046875,224900
2021-07-02,15722.2001953125,15722.2001953125,15738.349609375,15635.9501953125,15705.849609375,254800
2021-07-05,15834.349609375,15834.349609375,15845.9501953125,15762.0498046875,15793.400390625,207000
2021-07-06,15818.25,15818.25,15914.2001953125,15801.0,15813.75,391400
2021-07-07,15879.650390625,15879.650390625,15893.5498046875,15779.7001953125,15819.599609375,329300
2021-07-08,15727.900390625,15727.900390625,15885.75,15682.900390625,15855.400390625,307900
2021-07-09,15689.7998046875,15689.7998046875,15730.849609375,15632.75,15688.25,243200
2021-07-12,15692.599609375,15692.599609375,15789.2001953125,15644.75,15766.7998046875,216300
2021-07-13,15812.349609375,15812.349609375,15820.7998046875,15744.599609375,15794.0,246700
2021-07-14,15853.9501953125,15853.9501953125,15877.349609375,15764.2001953125,15808.7001953125,0
2021-07-15,15924.2001953125,15924.2001953125,15952.349609375,15855.0,15872.150390625,284900
2021-07-16,15923.400390625,15923.400390625,15962.25,15882.599609375,15958.349609375,276300
2021-07-19,15752.400390625,15752.400390625,15836.900390625,15707.5,15754.5,242100
2021-07-20,15632.099609375,15632.099609375,15728.4501953125,15578.5498046875,15703.9501953125,274300
2021-07-22,15824.0498046875,15824.0498046875,15834.7998046875,15726.400390625,15736.599609375,265300
2021-07-23,15856.0498046875,15856.0498046875,15899.7998046875,15768.400390625,15856.7998046875,294100
2021-07-26,15824.4501953125,15824.4501953125,15893.349609375,15797.0,15849.2998046875,267100
2021-07-27,15746.4501953125,15746.4501953125,15881.5498046875,15701.0,15860.5,311000
2021-07-28,15709.400390625,15709.400390625,15767.5,15513.4501953125,15761.5498046875,318600
2021-07-29,15778.4501953125,15778.4501953125,15817.349609375,15737.7998046875,15762.7001953125,401600
2021-07-30,15763.0498046875,15763.0498046875,15862.7998046875,15744.849609375,15800.599609375,400000
2021-08-02,15885.150390625,15885.150390625,15892.900390625,15834.650390625,15874.900390625,244800
2021-08-03,16130.75,16130.75,16146.900390625,15914.349609375,15951.5498046875,341300
2021-08-04,16258.7998046875,16258.7998046875,16290.2001953125,16176.150390625,16195.25,427300
2021-08-05,16294.599609375,16294.599609375,16349.4501953125,16210.2998046875,16288.9501953125,418200
2021-08-06,16238.2001953125,16238.2001953125,16336.75,16223.2998046875,16304.400390625,320100
2021-08-09,16258.25,16258.25,16320.75,16179.0498046875,16281.349609375,240500
2021-08-10,16280.099609375,16280.099609375,16359.25,16202.25,16274.7998046875,288000
2021-08-11,16282.25,16282.25,16338.75,16162.5498046875,16327.2998046875,277900
2021-08-12,16364.400390625,16364.400390625,16375.5,16286.900390625,16303.650390625,280200
2021-08-13,16529.099609375,16529.099609375,16543.599609375,16376.2998046875,16385.69921875,321900
2021-08-16,16563.05078125,16563.05078125,16589.400390625,16480.75,16518.400390625,254000
2021-08-17,16614.599609375,16614.599609375,16628.55078125,16495.400390625,16545.25,297400
2021-08-18,16568.849609375,16568.849609375,16701.849609375,16535.849609375,16691.94921875,251800
2021-08-20,16450.5,16450.5,16509.55078125,16376.0498046875,16382.5,350800
2021-08-23,16496.44921875,16496.44921875,16592.5,16395.69921875,16592.25,275600
2021-08-24,16624.599609375,16624.599609375,16647.099609375,16495.30078125,16561.400390625,275400
2021-08-25,16634.650390625,16634.650390625,16712.44921875,16617.5,16654.0,265900
2021-08-26,16636.900390625,16636.900390625,16683.69921875,16603.400390625,16627.94921875,253500
2021-08-27,16705.19921875,16705.19921875,16722.05078125,16565.599609375,16642.55078125,217400
2021-08-30,16931.05078125,16931.05078125,16951.5,16764.849609375,16775.849609375,283500
2021-08-31,17132.19921875,17132.19921875,17153.5,16915.849609375,16947.5,464400
2021-09-01,17076.25,17076.25,17225.75,17055.05078125,17185.599609375,301900
2021-09-02,17234.150390625,17234.150390625,17245.5,17059.69921875,17095.400390625,242400
2021-09-03,17323.599609375,17323.599609375,17340.099609375,17212.19921875,17262.44921875,261400
2021-09-06,17377.80078125,17377.80078125,17429.55078125,17345.55078125,17399.349609375,228000
2021-09-07,17362.099609375,17362.099609375,17436.5,17287.0,17401.55078125,243400
2021-09-08,17353.5,17353.5,17383.400390625,17254.19921875,17375.75,252700
2021-09-09,17369.25,17369.25,17379.650390625,17302.69921875,17312.849609375,241500
2021-09-13,17355.30078125,17355.30078125,17378.349609375,17269.150390625,17363.55078125,241100
2021-09-14,17380.0,17380.0,17438.55078125,17367.05078125,17420.349609375,230400
2021-09-15,17519.44921875,17519.44921875,17532.69921875,17386.900390625,17387.650390625,388200
2021-09-16,17629.5,17629.5,17644.599609375,17510.44921875,17539.19921875,503300
2021-09-17,17585.150390625,17585.150390625,17792.94921875,17537.650390625,17709.650390625,508300
2021-09-20,17396.900390625,17396.900390625,17622.75,17361.80078125,17443.849609375,339100
2021-09-21,17562.0,17562.0,17578.349609375,17326.099609375,17450.5,363600
2021-09-22,17546.650390625,17546.650390625,17610.44921875,17524.0,17580.900390625,295200
2021-09-23,17822.94921875,17822.94921875,17843.900390625,17646.55078125,17670.849609375,320500
2021-09-24,17853.19921875,17853.19921875,17947.650390625,17819.400390625,17897.44921875,360100
2021-09-27,17855.099609375,17855.099609375,17943.5,17802.900390625,17932.19921875,295700
2021-09-28,17748.599609375,17748.599609375,17912.849609375,17576.099609375,17906.44921875,398000
2021-09-29,17711.30078125,17711.30078125,17781.75,17608.150390625,17657.94921875,562200
2021-09-30,17618.150390625,17618.150390625,17742.150390625,17585.349609375,17718.900390625,378600
2021-10-01,17532.05078125,17532.05078125,17557.150390625,17452.900390625,17531.900390625,305800
2021-10-04,17691.25,17691.25,17750.900390625,17581.349609375,17615.55078125,295800
2021-10-05,17822.30078125,17822.30078125,17833.44921875,17640.900390625,17661.349609375,427000
2021-10-06,17646.0,17646.0,17884.599609375,17613.150390625,17861.5,395800
2021-10-07,17790.349609375,17790.349609375,17857.55078125,17763.80078125,17810.55078125,419900
2021-10-08,17895.19921875,17895.19921875,17941.849609375,17840.349609375,17886.849609375,324100
2021-10-11,17945.94921875,17945.94921875,18041.94921875,17839.099609375,17867.55078125,375800
2021-10-12,17991.94921875,17991.94921875,18008.650390625,17864.94921875,17915.80078125,355600
2021-10-13,18161.75,18161.75,18197.80078125,18050.75,18097.849609375,506700
2021-10-14,18338.55078125,18338.55078125,18350.75,18248.69921875,18272.849609375,538700
2021-10-18,18477.05078125,18477.05078125,18543.150390625,18445.30078125,18500.099609375,469900
2021-10-19,18418.75,18418.75,18604.44921875,18377.69921875,18602.349609375,368200
2021-10-20,18266.599609375,18266.599609375,18458.30078125,18209.349609375,18439.900390625,371300
2021-10-21,18178.099609375,18178.099609375,18384.19921875,18048.0,18382.69921875,365900
2021-10-22,18114.900390625,18114.900390625,18314.25,18034.349609375,18230.69921875,324700
2021-10-25,18125.400390625,18125.400390625,18241.400390625,17968.5,18229.5,418700
2021-10-26,18268.400390625,18268.400390625,18310.44921875,18099.30078125,18154.5,341400
2021-10-27,18210.94921875,18210.94921875,18342.05078125,18167.900390625,18295.849609375,335200
2021-10-28,17857.25,17857.25,18190.69921875,17799.44921875,18187.650390625,374200
2021-10-29,17671.650390625,17671.650390625,17915.849609375,17613.099609375,17833.05078125,336500
2021-11-01,17929.650390625,17929.650390625,17954.099609375,17697.099609375,17783.150390625,281200
2021-11-02,17888.94921875,17888.94921875,18012.25,17847.599609375,17970.900390625,296400
2021-11-03,17829.19921875,17829.19921875,17988.75,17757.94921875,17947.94921875,331000
2021-11-04,17916.80078125,17916.80078125,17947.55078125,17900.599609375,17935.05078125,48500
2021-11-08,18068.55078125,18068.55078125,18087.80078125,17836.099609375,18040.19921875,338900
2021-11-09,18044.25,18044.25,18112.599609375,17983.05078125,18084.349609375,270200
2021-11-10,18017.19921875,18017.19921875,18061.25,17915.0,17973.44921875,261400
2021-11-11,17873.599609375,17873.599609375,17971.349609375,17798.19921875,17967.44921875,232100
2021-11-12,18102.75,18102.75,18123.0,17905.900390625,17977.599609375,249100
2021-11-15,18109.44921875,18109.44921875,18210.150390625,18071.30078125,18140.94921875,280400
2021-11-16,17999.19921875,17999.19921875,18132.650390625,17958.80078125,18127.05078125,267400
2021-11-17,17898.650390625,17898.650390625,18022.650390625,17879.25,17939.349609375,295700
2021-11-18,17764.80078125,17764.80078125,17945.599609375,17688.5,17890.55078125,278400
2021-11-22,17416.55078125,17416.55078125,17805.25,17280.44921875,17796.25,356400
2021-11-23,17503.349609375,17503.349609375,17553.69921875,17216.099609375,17281.75,308800
2021-11-24,17415.05078125,17415.05078125,17600.599609375,17354.0,17550.05078125,298100
2021-11-25,17536.25,17536.25,17564.349609375,17351.69921875,17417.30078125,255900
2021-11-26,17026.44921875,17026.44921875,17355.400390625,16985.69921875,17338.75,356300
2021-11-29,17053.94921875,17053.94921875,17160.69921875,16782.400390625,17055.80078125,348900
2021-11-30,16983.19921875,16983.19921875,17324.650390625,16931.400390625,17051.150390625,498000
2021-12-01,17166.900390625,17166.900390625,17213.05078125,17064.25,17104.400390625,295500
2021-12-02,17401.650390625,17401.650390625,17420.349609375,17149.30078125,17183.19921875,279900
2021-12-03,17196.69921875,17196.69921875,17489.80078125,17180.80078125,17424.900390625,292500
2021-12-06,16912.25,16912.25,17216.75,16891.69921875,17209.05078125,231700
2021-12-07,17176.69921875,17176.69921875,17251.650390625,16987.75,17044.099609375,254100
2021-12-08,17469.75,17469.75,17484.599609375,17308.94921875,17315.25,257800
2021-12-09,17516.849609375,17516.849609375,17543.25,17379.599609375,17524.400390625,237200
2021-12-10,17511.30078125,17511.30078125,17534.349609375,17405.25,17476.05078125,204500
2021-12-13,17368.25,17368.25,17639.5,17355.94921875,17619.099609375,256600
2021-12-14,17324.900390625,17324.900390625,17376.19921875,17225.80078125,17283.19921875,271000
2021-12-15,17221.400390625,17221.400390625,17351.19921875,17192.19921875,17323.650390625,215000
2021-12-16,17248.400390625,17248.400390625,17379.349609375,17184.94921875,17373.0,219500
2021-12-17,16985.19921875,16985.19921875,17298.150390625,16966.44921875,17276.0,354600
2021-12-20,16614.19921875,16614.19921875,16840.099609375,16410.19921875,16824.25,330600
2021-12-21,16770.849609375,16770.849609375,16936.400390625,16688.25,16773.150390625,241000
2021-12-22,16955.44921875,16955.44921875,16971.0,16819.5,16865.55078125,207900
2021-12-23,17072.599609375,17072.599609375,17118.650390625,17015.55078125,17066.80078125,197000
2021-12-24,17003.75,17003.75,17155.599609375,16909.599609375,17149.5,182600
2021-12-27,17086.25,17086.25,17112.05078125,16833.19921875,16937.75,144800
2021-12-28,17233.25,17233.25,17250.25,17161.150390625,17177.599609375,176000
2021-12-29,17213.599609375,17213.599609375,17285.94921875,17176.650390625,17220.099609375,161700
2021-12-30,17203.94921875,17203.94921875,17264.05078125,17146.349609375,17201.44921875,320800
2021-12-31,17354.05078125,17354.05078125,17400.80078125,17238.5,17244.5,167000
2022-01-03,17625.69921875,17625.69921875,17646.650390625,17383.30078125,17387.150390625,200500
2022-01-04,17805.25,17805.25,17827.599609375,17593.55078125,17681.400390625,247400
2022-01-05,17925.25,17925.25,17944.69921875,17748.849609375,17820.099609375,251500
2022-01-06,17745.900390625,17745.900390625,17797.94921875,17655.55078125,17768.5,236500
2022-01-07,17812.69921875,17812.69921875,17905.0,17704.55078125,17797.599609375,239300
2022-01-10,18003.30078125,18003.30078125,18017.44921875,17879.150390625,17913.30078125,232400
2022-01-11,18055.75,18055.75,18081.25,17964.400390625,17997.75,220200
2022-01-12,18212.349609375,18212.349609375,18227.94921875,18128.80078125,18170.400390625,245000
2022-01-13,18257.80078125,18257.80078125,18272.25,18163.80078125,18257.0,303700
2022-01-14,18255.75,18255.75,18286.94921875,18119.650390625,18185.0,229500
2022-01-17,18308.099609375,18308.099609375,18321.55078125,18228.75,18235.650390625,266700
2022-01-18,18113.05078125,18113.05078125,18350.94921875,18085.900390625,18337.19921875,227500
2022-01-19,17938.400390625,17938.400390625,18129.19921875,17884.900390625,18129.19921875,276700
2022-01-20,17757.0,17757.0,17943.69921875,17648.44921875,17921.0,258100
2022-01-21,17617.150390625,17617.150390625,17707.599609375,17485.849609375,17613.69921875,277600
2022-01-24,17149.099609375,17149.099609375,17599.400390625,16997.849609375,17575.150390625,323800
2022-01-25,17277.94921875,17277.94921875,17309.150390625,16836.80078125,17001.55078125,326500
2022-01-27,17110.150390625,17110.150390625,17182.5,16866.75,17062.0,395600
2022-01-28,17101.94921875,17101.94921875,17373.5,17077.099609375,17208.30078125,355300
2022-01-31,17339.849609375,17339.849609375,17410.0,17264.150390625,17301.05078125,321700
2022-02-01,17576.849609375,17576.849609375,17622.400390625,17244.55078125,17529.44921875,386400
2022-02-02,17780.0,17780.0,17794.599609375,17674.80078125,17706.19921875,271200
2022-02-03,17560.19921875,17560.19921875,17781.150390625,17511.150390625,17767.75,226600
2022-02-04,17516.30078125,17516.30078125,17617.80078125,17462.55078125,17590.19921875,261400
2022-02-07,17213.599609375,17213.599609375,17536.75,17119.400390625,17456.30078125,265000
2022-02-08,17266.75,17266.75,17306.44921875,17043.650390625,17279.849609375,268500
2022-02-09,17463.80078125,17463.80078125,17477.150390625,17339.0,17370.099609375,236400
2022-02-10,17605.849609375,17605.849609375,17639.44921875,17427.150390625,17554.099609375,273600
2022-02-11,17374.75,17374.75,17454.75,17303.0,17451.0,253100
2022-02-14,16842.80078125,16842.80078125,17099.5,16809.650390625,17076.150390625,305500
2022-02-15,17352.44921875,17352.44921875,17375.0,16839.25,16933.25,298700
2022-02-16,17322.19921875,17322.19921875,17490.599609375,17257.69921875,17408.44921875,244500
2022-02-17,17304.599609375,17304.599609375,17442.900390625,17235.849609375,17396.55078125,232100
2022-02-18,17276.30078125,17276.30078125,17380.80078125,17219.19921875,17236.05078125,189600
2022-02-21,17206.650390625,17206.650390625,17351.05078125,17070.69921875,17192.25,215200
2022-02-22,17092.19921875,17092.19921875,17148.55078125,16843.80078125,16847.94921875,300100
2022-02-23,17063.25,17063.25,17220.69921875,17027.849609375,17194.5,200200
2022-02-24,16247.9501953125,16247.9501953125,16705.25,16203.25,16548.900390625,458000
2022-02-25,16658.400390625,16658.400390625,16748.80078125,16478.30078125,16515.650390625,329800
2022-02-28,16793.900390625,16793.900390625,16815.900390625,16356.2998046875,16481.599609375,404200
2022-03-02,16605.94921875,16605.94921875,16678.5,16478.650390625,16593.099609375,517700
2022-03-03,16498.05078125,16498.05078125,16768.94921875,16442.94921875,16723.19921875,442100
2022-03-04,16245.349609375,16245.349609375,16456.0,16133.7998046875,16339.4501953125,456100
2022-03-07,15863.150390625,15863.150390625,15944.599609375,15711.4501953125,15867.9501953125,585400
2022-03-08,16013.4501953125,16013.4501953125,16028.75,15671.4501953125,15747.75,543600
2022-03-09,16345.349609375,16345.349609375,16418.05078125,15990.0,16078.0,462200
2022-03-10,16594.900390625,16594.900390625,16757.30078125,16447.900390625,16757.099609375,486400
2022-03-11,16630.44921875,16630.44921875,16694.400390625,16470.900390625,16528.80078125,343700
2022-03-14,16871.30078125,16871.30078125,16887.94921875,16606.5,16633.69921875,314700
2022-03-15,16663.0,16663.0,16927.75,16555.0,16900.650390625,381600
2022-03-16,16975.349609375,16975.349609375,16987.900390625,16837.849609375,16876.650390625,260000
2022-03-17,17287.05078125,17287.05078125,17344.599609375,17175.75,17202.900390625,448300
2022-03-21,17117.599609375,17117.599609375,17353.349609375,17096.400390625,17329.5,285500
2022-03-22,17315.5,17315.5,17334.400390625,17006.30078125,17120.400390625,338300
2022-03-23,17245.650390625,17245.650390625,17442.400390625,17199.599609375,17405.05078125,292100
2022-03-24,17222.75,17222.75,17291.75,17091.150390625,17094.94921875,290300
2022-03-25,17153.0,17153.0,17294.900390625,17076.55078125,17289.0,237100
2022-03-28,17222.0,17222.0,17235.099609375,17003.900390625,17181.849609375,253200
2022-03-29,17325.30078125,17325.30078125,17343.650390625,17235.69921875,17297.19921875,235100
2022-03-30,17498.25,17498.25,17522.5,17387.19921875,17468.150390625,505000
2022-03-31,17464.75,17464.75,17559.80078125,17435.19921875,17519.19921875,281100
2022-04-01,17670.44921875,17670.44921875,17703.69921875,17422.69921875,17436.900390625,291800
2022-04-04,18053.400390625,18053.400390625,18114.650390625,17791.400390625,17809.099609375,345500
2022-04-05,17957.400390625,17957.400390625,18095.44921875,17921.55078125,18080.599609375,283500
2022-04-06,17807.650390625,17807.650390625,17901.0,17779.849609375,17842.75,328800
2022-04-07,17639.55078125,17639.55078125,17787.5,17623.69921875,17723.30078125,308800
2022-04-08,17784.349609375,17784.349609375,17842.75,17600.55078125,17698.150390625,274400
2022-04-11,17674.94921875,17674.94921875,17779.05078125,17650.94921875,17740.900390625,251700
2022-04-12,17530.30078125,17530.30078125,17595.30078125,17442.349609375,17584.849609375,266000
2022-04-13,17475.650390625,17475.650390625,17663.650390625,17457.400390625,17599.900390625,245100
2022-04-18,17173.650390625,17173.650390625,17237.75,17067.849609375,17183.44921875,376100
2022-04-19,16958.650390625,16958.650390625,17275.650390625,16824.69921875,17258.94921875,401400
2022-04-20,17136.55078125,17136.55078125,17186.900390625,16978.94921875,17045.25,286100
2022-04-21,17392.599609375,17392.599609375,17414.69921875,17215.5,17234.599609375,285200
2022-04-22,17171.94921875,17171.94921875,17315.30078125,17149.19921875,17242.75,262700
2022-04-25,16953.94921875,16953.94921875,17054.30078125,16888.69921875,17009.05078125,275700
2022-04-26,17200.80078125,17200.80078125,17223.849609375,17064.44921875,17121.30078125,261100
2022-04-27,17038.400390625,17038.400390625,17110.69921875,16958.44921875,17073.349609375,265100
2022-04-28,17245.05078125,17245.05078125,17322.5,17071.05078125,17189.5,312900
2022-04-29,17102.55078125,17102.55078125,17377.650390625,17053.25,17329.25,336200
2022-05-02,17069.099609375,17069.099609375,17092.25,16917.25,16924.44921875,278200
2022-05-04,16677.599609375,16677.599609375,17132.849609375,16623.94921875,17096.599609375,310600
2022-05-05,16682.650390625,16682.650390625,16945.69921875,16651.849609375,16854.75,265800
2022-05-06,16411.25,16411.25,16484.19921875,16340.900390625,16415.55078125,300500
2022-05-09,16301.849609375,16301.849609375,16403.69921875,16142.099609375,16227.7001953125,288400
2022-05-10,16240.0498046875,16240.0498046875,16404.55078125,16197.2998046875,16248.900390625,283100
2022-05-11,16167.099609375,16167.099609375,16318.75,15992.599609375,16270.0498046875,284300
2022-05-12,15808.0,15808.0,16041.9501953125,15735.75,16021.099609375,314900
2022-05-13,15782.150390625,15782.150390625,16083.599609375,15740.849609375,15977.0,369100
2022-05-16,15842.2998046875,15842.2998046875,15977.9501953125,15739.650390625,15845.099609375,217600
2022-05-17,16259.2998046875,16259.2998046875,16284.25,15900.7998046875,15912.599609375,295700
2022-05-18,16240.2998046875,16240.2998046875,16399.80078125,16211.2001953125,16318.150390625,290400
2022-05-19,15809.400390625,15809.400390625,15984.75,15775.2001953125,15917.400390625,313900
2022-05-20,16266.150390625,16266.150390625,16283.0498046875,16003.849609375,16043.7998046875,252400
2022-05-23,16214.7001953125,16214.7001953125,16414.69921875,16185.75,16290.9501953125,293800
2022-05-24,16125.150390625,16125.150390625,16262.7998046875,16078.599609375,16225.5498046875,249800
2022-05-25,16025.7998046875,16025.7998046875,16223.349609375,16006.9501953125,16196.349609375,243300
2022-05-26,16170.150390625,16170.150390625,16204.4501953125,15903.7001953125,16105.0,314300
2022-05-27,16352.4501953125,16352.4501953125,16370.599609375,16221.9501953125,16296.599609375,274100
2022-05-30,16661.400390625,16661.400390625,16695.5,16506.150390625,16527.900390625,251400
2022-05-31,16584.55078125,16584.55078125,16690.75,16521.900390625,16578.44921875,651600
2022-06-01,16522.75,16522.75,16649.19921875,16438.849609375,16594.400390625,249600
2022-06-02,16628.0,16628.0,16646.400390625,16443.05078125,16481.650390625,236000
2022-06-03,16584.30078125,16584.30078125,16793.849609375,16567.900390625,16761.650390625,245500
2022-06-06,16569.55078125,16569.55078125,16610.94921875,16444.55078125,16530.69921875,233600
2022-06-07,16416.349609375,16416.349609375,16487.25,16347.099609375,16469.599609375,233800
2022-06-08,16356.25,16356.25,16514.30078125,16293.349609375,16474.94921875,243500
2022-06-09,16478.099609375,16478.099609375,16492.80078125,16243.849609375,16263.849609375,205000
2022-06-10,16201.7998046875,16201.7998046875,16324.7001953125,16172.599609375,16283.9501953125,189700
2022-06-13,15774.400390625,15774.400390625,15886.150390625,15684.0,15877.5498046875,225500
2022-06-14,15732.099609375,15732.099609375,15858.0,15659.4501953125,15674.25,225400
2022-06-15,15692.150390625,15692.150390625,15783.650390625,15678.900390625,15729.25,183000
2022-06-16,15360.599609375,15360.599609375,15863.150390625,15335.099609375,15832.25,264700
2022-06-17,15293.5,15293.5,15400.400390625,15183.400390625,15272.650390625,342600
2022-06-20,15350.150390625,15350.150390625,15382.5,15191.099609375,15334.5,260000
2022-06-21,15638.7998046875,15638.7998046875,15707.25,15419.849609375,15455.9501953125,262800
2022-06-22,15413.2998046875,15413.2998046875,15565.400390625,15385.9501953125,15545.650390625,220900
2022-06-23,15556.650390625,15556.650390625,15628.4501953125,15367.5,15451.5498046875,259200
2022-06-24,15699.25,15699.25,15749.25,15619.4501953125,15657.400390625,219600
2022-06-27,15832.0498046875,15832.0498046875,15927.4501953125,15815.5,15926.2001953125,210900
2022-06-28,15850.2001953125,15850.2001953125,15892.099609375,15710.150390625,15757.4501953125,251900
2022-06-29,15799.099609375,15799.099609375,15861.599609375,15687.7998046875,15701.7001953125,444900
2022-06-30,15780.25,15780.25,15890.0,15728.849609375,15774.5,306000
2022-07-01,15752.0498046875,15752.0498046875,15793.9501953125,15511.0498046875,15703.7001953125,364100
2022-07-04,15835.349609375,15835.349609375,15852.349609375,15661.7998046875,15710.5,304300
2022-07-05,15810.849609375,15810.849609375,16025.75,15785.4501953125,15909.150390625,254200
2022-07-06,15989.7998046875,15989.7998046875,16011.349609375,15800.900390625,15818.2001953125,288400
2022-07-07,16132.900390625,16132.900390625,16150.5,16045.9501953125,16113.75,264600
2022-07-08,16220.599609375,16220.599609375,16275.5,16157.900390625,16273.650390625,281100
2022-07-11,16216.0,16216.0,16248.5498046875,16115.5,16136.150390625,255900
2022-07-12,16058.2998046875,16058.2998046875,16158.75,16031.150390625,16126.2001953125,208600
2022-07-13,15966.650390625,15966.650390625,16140.0,15950.150390625,16128.2001953125,233300
2022-07-14,15938.650390625,15938.650390625,16070.849609375,15858.2001953125,16018.849609375,228600
2022-07-15,16049.2001953125,16049.2001953125,16066.9501953125,15927.2998046875,16010.7998046875,205800
2022-07-18,16278.5,16278.5,16287.9501953125,16142.2001953125,16151.400390625,227700
2022-07-19,16340.5498046875,16340.5498046875,16359.5,16187.0498046875,16187.0498046875,222600
2022-07-20,16520.849609375,16520.849609375,16588.0,16490.94921875,16562.80078125,284400
2022-07-21,16605.25,16605.25,16626.94921875,16483.900390625,16523.55078125,243600
2022-07-22,16719.44921875,16719.44921875,16752.25,16610.900390625,16661.25,190900
2022-07-25,16631.0,16631.0,16706.05078125,16564.25,16662.55078125,211400
2022-07-26,16483.849609375,16483.849609375,16636.099609375,16463.30078125,16632.900390625,208200
2022-07-27,16641.80078125,16641.80078125,16653.44921875,16438.75,16475.349609375,185200
2022-07-28,16929.599609375,16929.599609375,16947.650390625,16746.25,16774.849609375,376300
2022-07-29,17158.25,17158.25,17172.80078125,17018.150390625,17079.5,436100
2022-08-01,17340.05078125,17340.05078125,17356.25,17154.80078125,17243.19921875,381500
2022-08-02,17345.44921875,17345.44921875,17390.150390625,17215.849609375,17310.150390625,333600
2022-08-03,17388.150390625,17388.150390625,17407.5,17225.849609375,17349.25,285400
2022-08-04,17382.0,17382.0,17490.69921875,17161.25,17463.099609375,325000
2022-08-05,17397.5,17397.5,17474.400390625,17348.75,17423.650390625,355300
2022-08-08,17525.099609375,17525.099609375,17548.80078125,17359.75,17401.5,257000
2022-08-10,17534.75,17534.75,17566.099609375,17442.80078125,17566.099609375,312700
2022-08-11,17659.0,17659.0,17719.30078125,17631.94921875,17711.650390625,311200
2022-08-12,17698.150390625,17698.150390625,17724.650390625,17597.849609375,17659.650390625,303900
2022-08-16,17825.25,17825.25,17839.099609375,17764.05078125,17797.19921875,0
2022-08-17,17944.25,17944.25,17965.94921875,17833.349609375,17868.150390625,262800
2022-08-18,17956.5,17956.5,17968.44921875,17852.05078125,17898.650390625,263900
2022-08-19,17758.44921875,17758.44921875,17992.19921875,17710.75,17966.55078125,295600
2022-08-22,17490.69921875,17490.69921875,17690.05078125,17467.349609375,17682.900390625,287600
2022-08-23,17577.5,17577.5,17625.55078125,17345.19921875,17357.349609375,285600
2022-08-24,17604.94921875,17604.94921875,17623.650390625,17499.25,17525.44921875,262000
2022-08-25,17522.44921875,17522.44921875,17726.5,17487.44921875,17679.0,230200
2022-08-26,17558.900390625,17558.900390625,17685.849609375,17519.349609375,17619.30078125,266600
2022-08-29,17312.900390625,17312.900390625,17380.150390625,17166.19921875,17188.650390625,244900
2022-08-30,17759.30078125,17759.30078125,17777.650390625,17401.5,17414.94921875,324700
2022-09-01,17542.80078125,17542.80078125,17695.599609375,17468.44921875,17485.69921875,308500
2022-09-02,17539.44921875,17539.44921875,17643.849609375,17476.44921875,17598.400390625,256300
2022-09-05,17665.80078125,17665.80078125,17683.150390625,17540.349609375,17546.44921875,230300
2022-09-06,17655.599609375,17655.599609375,17764.650390625,17587.650390625,17695.69921875,251200
2022-09-07,17624.400390625,17624.400390625,17650.75,17484.30078125,17519.400390625,354100
2022-09-08,17798.75,17798.75,17807.650390625,17691.94921875,17748.150390625,279800
2022-09-09,17833.349609375,17833.349609375,17925.94921875,17786.0,17923.349609375,270300
2022-09-12,17936.349609375,17936.349609375,17980.55078125,17889.150390625,17890.849609375,228200
2022-09-13,18070.05078125,18070.05078125,18088.30078125,18015.44921875,18044.44921875,259900
2022-09-14,18003.75,18003.75,18091.55078125,17771.150390625,17771.150390625,365900
2022-09-15,17877.400390625,17877.400390625,18096.150390625,17861.5,18046.349609375,289600
2022-09-16,17530.849609375,17530.849609375,17820.05078125,17497.25,17796.80078125,468500
2022-09-19,17622.25,17622.25,17667.19921875,17429.69921875,17540.650390625,258300
2022-09-20,17816.25,17816.25,17919.30078125,17744.400390625,17770.400390625,263100
2022-09-21,17718.349609375,17718.349609375,17838.69921875,17663.599609375,17766.349609375,245500
2022-09-22,17629.80078125,17629.80078125,17722.75,17532.44921875,17609.650390625,284100
2022-09-23,17327.349609375,17327.349609375,17642.150390625,17291.650390625,17593.849609375,390800
2022-09-26,17016.30078125,17016.30078125,17196.400390625,16978.30078125,17156.30078125,492000
2022-09-27,17007.400390625,17007.400390625,17176.44921875,16942.349609375,17110.900390625,359900
2022-09-28,16858.599609375,16858.599609375,17037.599609375,16820.400390625,16870.55078125,323900
2022-09-29,16818.099609375,16818.099609375,17026.05078125,16788.599609375,16993.599609375,340000
2022-09-30,17094.349609375,17094.349609375,17187.099609375,16747.69921875,16798.05078125,376100
2022-10-03,16887.349609375,16887.349609375,17114.650390625,16855.55078125,17102.099609375,278400
2022-10-04,17274.30078125,17274.30078125,17287.30078125,17117.30078125,17147.44921875,226000
2022-10-06,17331.80078125,17331.80078125,17428.80078125,17315.650390625,17379.25,265500
2022-10-07,17314.650390625,17314.650390625,17337.349609375,17216.94921875,17287.19921875,216300
2022-10-10,17241.0,17241.0,17280.150390625,17064.69921875,17094.349609375,234000
2022-10-11,16983.55078125,16983.55078125,17261.80078125,16950.30078125,17256.05078125,282600
2022-10-12,17123.599609375,17123.599609375,17142.349609375,16960.05078125,17025.55078125,256000
2022-10-13,17014.349609375,17014.349609375,17112.349609375,16956.94921875,17087.349609375,266400
2022-10-14,17185.69921875,17185.69921875,17348.55078125,17169.75,17322.30078125,227000
2022-10-17,17311.80078125,17311.80078125,17328.55078125,17098.55078125,17144.80078125,212200
2022-10-18,17486.94921875,17486.94921875,17527.80078125,17434.05078125,17438.75,239500
2022-10-19,17512.25,17512.25,17607.599609375,17472.849609375,17568.150390625,210500
2022-10-20,17563.94921875,17563.94921875,17584.150390625,17421.0,17423.099609375,249600
2022-10-21,17576.30078125,17576.30078125,17670.150390625,17520.75,17622.849609375,277700
2022-10-24,17730.75,17730.75,17777.55078125,17707.400390625,17736.349609375,45000
2022-10-25,17656.349609375,17656.349609375,17811.5,17637.0,17808.30078125,251400
2022-10-27,17736.94921875,17736.94921875,17783.900390625,17654.5,17771.400390625,324600
2022-10-28,17786.80078125,17786.80078125,17838.900390625,17723.69921875,17756.400390625,250000
2022-10-31,18012.19921875,18012.19921875,18022.80078125,17899.900390625,17910.19921875,227200
2022-11-01,18145.400390625,18145.400390625,18175.80078125,18060.150390625,18130.69921875,349900
2022-11-02,18082.849609375,18082.849609375,18178.75,18048.650390625,18177.900390625,270900
2022-11-03,18052.69921875,18052.69921875,18106.30078125,17959.19921875,17968.349609375,213000
2022-11-04,18117.150390625,18117.150390625,18135.099609375,18017.150390625,18053.400390625,267900
2022-11-07,18202.80078125,18202.80078125,18255.5,18064.75,18211.75,314800
2022-11-09,18157.0,18157.0,18296.400390625,18117.5,18288.25,307200
2022-11-10,18028.19921875,18028.19921875,18103.099609375,17969.400390625,18044.349609375,256500
2022-11-11,18349.69921875,18349.69921875,18362.30078125,18259.349609375,18272.349609375,378500
2022-11-14,18329.150390625,18329.150390625,18399.44921875,18311.400390625,18376.400390625,301400
2022-11-15,18403.400390625,18403.400390625,18427.94921875,18282.0,18362.75,250900
2022-11-16,18409.650390625,18409.650390625,18442.150390625,18344.150390625,18398.25,219300
2022-11-17,18343.900390625,18343.900390625,18417.599609375,18312.94921875,18358.69921875,200500
2022-11-18,18307.650390625,18307.650390625,18394.599609375,18209.80078125,18382.94921875,198800
2022-11-21,18159.94921875,18159.94921875,18262.30078125,18133.349609375,18246.400390625,213800
2022-11-22,18244.19921875,18244.19921875,18261.849609375,18137.69921875,18179.150390625,177700
2022-11-23,18267.25,18267.25,18325.400390625,18246.0,18325.19921875,178800
2022-11-24,18484.099609375,18484.099609375,18529.69921875,18294.25,18326.099609375,204000
2022-11-25,18512.75,18512.75,18534.900390625,18445.099609375,18528.44921875,205900
2022-11-28,18562.75,18562.75,18614.25,18365.599609375,18430.55078125,206500
2022-11-29,18618.05078125,18618.05078125,18678.099609375,18552.150390625,18552.44921875,195300
2022-11-30,18758.349609375,18758.349609375,18816.05078125,18616.55078125,18625.69921875,345600
2022-12-01,18812.5,18812.5,18887.599609375,18778.19921875,18871.94921875,325000
2022-12-02,18696.099609375,18696.099609375,18781.94921875,18639.19921875,18752.400390625,254400
2022-12-05,18701.05078125,18701.05078125,18728.599609375,18591.349609375,18719.55078125,288400
2022-12-06,18642.75,18642.75,18654.900390625,18577.900390625,18600.650390625,217800
2022-12-07,18560.5,18560.5,18668.30078125,18528.400390625,18638.849609375,200500
2022-12-08,18609.349609375,18609.349609375,18625.0,18536.94921875,18570.849609375,202800
2022-12-09,18496.599609375,18496.599609375,18664.69921875,18410.099609375,18662.400390625,215800
2022-12-12,18497.150390625,18497.150390625,18521.55078125,18345.69921875,18402.150390625,193900
2022-12-13,18608.0,18608.0,18617.25,18490.19921875,18524.400390625,187600
2022-12-14,18660.30078125,18660.30078125,18696.099609375,18632.900390625,18671.25,208000
2022-12-15,18414.900390625,18414.900390625,18652.900390625,18387.69921875,18614.400390625,183100
2022-12-16,18269.0,18269.0,18440.94921875,18255.150390625,18319.099609375,277700
2022-12-19,18420.44921875,18420.44921875,18431.650390625,18244.55078125,18288.099609375,154800
2022-12-20,18385.30078125,18385.30078125,18404.900390625,18202.650390625,18340.30078125,169000
2022-12-21,18199.099609375,18199.099609375,18473.349609375,18162.75,18435.150390625,187600
2022-12-22,18127.349609375,18127.349609375,18318.75,18068.599609375,18288.80078125,195700
2022-12-23,17806.80078125,17806.80078125,18050.44921875,17779.5,17977.650390625,221500
2022-12-26,18014.599609375,18014.599609375,18084.099609375,17774.25,17830.400390625,176700
2022-12-27,18132.30078125,18132.30078125,18149.25,17967.44921875,18089.80078125,214300
2022-12-28,18122.5,18122.5,18173.099609375,18068.349609375,18084.75,193900
2022-12-29,18191.0,18191.0,18229.69921875,17992.80078125,18045.69921875,281100
2022-12-30,18105.30078125,18105.30078125,18265.25,18080.30078125,18259.099609375,192000
2023-01-02,18197.44921875,18197.44921875,18215.150390625,18086.5,18131.69921875,256100
2023-01-03,18232.55078125,18232.55078125,18251.94921875,18149.80078125,18163.19921875,208700
2023-01-04,18042.94921875,18042.94921875,18243.0,18020.599609375,18230.650390625,235200
2023-01-05,17992.150390625,17992.150390625,18120.30078125,17892.599609375,18101.94921875,269900
2023-01-06,17859.44921875,17859.44921875,18047.400390625,17795.55078125,18008.05078125,238200
2023-01-09,18101.19921875,18101.19921875,18141.400390625,17936.150390625,17952.55078125,257200
2023-01-10,17914.150390625,17914.150390625,18127.599609375,17856.0,18121.30078125,283300
2023-01-11,17895.69921875,17895.69921875,17976.349609375,17824.349609375,17924.25,259900
2023-01-12,17858.19921875,17858.19921875,17945.80078125,17761.650390625,17920.849609375,227800
2023-01-13,17956.599609375,17956.599609375,17999.349609375,17774.25,17867.5,256700
2023-01-16,17894.849609375,17894.849609375,18049.650390625,17853.650390625,18033.150390625,206200
2023-01-17,18053.30078125,18053.30078125,18072.05078125,17886.94921875,17922.80078125,219100
2023-01-18,18165.349609375,18165.349609375,18183.75,18032.44921875,18074.30078125,255800
2023-01-19,18107.849609375,18107.849609375,18155.19921875,18063.75,18119.80078125,237800
2023-01-20,18027.650390625,18027.650390625,18145.44921875,18016.19921875,18115.599609375,237200
2023-01-23,18118.55078125,18118.55078125,18162.599609375,18063.44921875,18118.44921875,202500
2023-01-24,18118.30078125,18118.30078125,18201.25,18078.650390625,18183.94921875,216900
2023-01-25,17891.94921875,17891.94921875,18100.599609375,17846.150390625,18093.349609375,257200
2023-01-27,17604.349609375,17604.349609375,17884.75,17493.55078125,17877.19921875,476300
2023-01-30,17648.94921875,17648.94921875,17709.150390625,17405.55078125,17541.94921875,432400
2023-01-31,17662.150390625,17662.150390625,17735.69921875,17537.55078125,17731.44921875,398300
2023-02-01,17616.30078125,17616.30078125,17972.19921875,17353.400390625,17811.599609375,512900
2023-02-02,17610.400390625,17610.400390625,17653.900390625,17445.94921875,17517.099609375,490100
2023-02-03,17854.05078125,17854.05078125,17870.30078125,17584.19921875,17721.75,424100
2023-02-06,17764.599609375,17764.599609375,17823.69921875,17698.349609375,17818.55078125,282500
2023-02-07,17721.5,17721.5,17811.150390625,17652.55078125,17790.099609375,354400
2023-02-08,17871.69921875,17871.69921875,17898.69921875,17744.150390625,17750.30078125,291000
2023-02-09,17893.44921875,17893.44921875,17916.900390625,17779.80078125,17885.5,260900
2023-02-10,17856.5,17856.5,17876.94921875,17801.0,17847.55078125,232000
2023-02-13,17770.900390625,17770.900390625,17880.69921875,17719.75,17859.099609375,231300
2023-02-14,17929.849609375,17929.849609375,17954.55078125,17800.05078125,17840.349609375,244500
2023-02-15,18015.849609375,18015.849609375,18034.099609375,17853.80078125,17896.599609375,229300
2023-02-16,18035.849609375,18035.849609375,18134.75,18000.650390625,18094.75,230200
2023-02-17,17944.19921875,17944.19921875,18034.25,17884.599609375,17974.849609375,208100
2023-02-20,17844.599609375,17844.599609375,18004.349609375,17818.400390625,17965.55078125,174600
2023-02-21,17826.69921875,17826.69921875,17924.900390625,17800.30078125,17905.80078125,198200
2023-02-22,17554.30078125,17554.30078125,17772.5,17529.44921875,17755.349609375,204000
2023-02-23,17511.25,17511.25,17620.05078125,17455.400390625,17574.650390625,240800
2023-02-24,17465.80078125,17465.80078125,17599.75,17421.80078125,17591.349609375,209400
2023-02-27,17392.69921875,17392.69921875,17451.599609375,17299.0,17428.599609375,246400
2023-02-28,17303.94921875,17303.94921875,17440.44921875,17255.19921875,17383.25,420900
2023-03-01,17450.900390625,17450.900390625,17467.75,17345.25,17360.099609375,272900
2023-03-02,17321.900390625,17321.900390625,17445.80078125,17306.0,17421.5,310700
2023-03-03,17594.349609375,17594.349609375,17644.75,17427.69921875,17451.25,356200
2023-03-06,17711.44921875,17711.44921875,17799.94921875,17671.94921875,17680.349609375,362800
2023-03-08,17754.400390625,17754.400390625,17766.5,17602.25,17665.75,267000
2023-03-09,17589.599609375,17589.599609375,17772.349609375,17573.599609375,17772.05078125,262400
2023-03-10,17412.900390625,17412.900390625,17451.5,17324.349609375,17443.80078125,235900
2023-03-13,17154.30078125,17154.30078125,17529.900390625,17113.44921875,17421.900390625,254900
2023-03-14,17043.30078125,17043.30078125,17224.650390625,16987.099609375,17160.55078125,290600
2023-03-15,16972.150390625,16972.150390625,17211.349609375,16938.900390625,17166.44921875,248200
2023-03-16,16985.599609375,16985.599609375,17062.44921875,16850.150390625,16994.650390625,349800
2023-03-17,17100.05078125,17100.05078125,17145.80078125,16958.150390625,17111.80078125,408100
2023-03-20,16988.400390625,16988.400390625,17066.599609375,16828.349609375,17066.599609375,241800
2023-03-21,17107.5,17107.5,17127.69921875,17016.0,17060.400390625,246700
2023-03-22,17151.900390625,17151.900390625,17207.25,17107.849609375,17177.44921875,0
2023-03-23,17076.900390625,17076.900390625,17205.400390625,17045.30078125,17097.400390625,219200
2023-03-24,16945.05078125,16945.05078125,17109.44921875,16917.349609375,17076.19921875,228000
2023-03-27,16985.69921875,16985.69921875,17091.0,16918.55078125,16984.30078125,218400
2023-03-28,16951.69921875,16951.69921875,17061.75,16913.75,17031.75,238800
2023-03-29,17080.69921875,17080.69921875,17126.150390625,16940.599609375,16977.30078125,345900
2023-03-31,17359.75,17359.75,17381.599609375,17204.650390625,17210.349609375,263900
2023-04-03,17398.05078125,17398.05078125,17428.05078125,17312.75,17427.94921875,230200
2023-04-05,17557.05078125,17557.05078125,17570.55078125,17402.69921875,17422.30078125,248300
2023-04-06,17599.150390625,17599.150390625,17638.69921875,17502.849609375,17533.849609375,242700
2023-04-10,17624.05078125,17624.05078125,17694.099609375,17597.94921875,17634.900390625,254800
2023-04-11,17722.30078125,17722.30078125,17748.75,17655.150390625,17704.80078125,304300
2023-04-12,17812.400390625,17812.400390625,17825.75,17717.25,17759.55078125,232800
2023-04-13,17828.0,17828.0,17842.150390625,17729.650390625,17807.30078125,285800
2023-04-17,17706.849609375,17706.849609375,17863.0,17574.05078125,17863.0,357400
2023-04-18,17660.150390625,17660.150390625,17766.599609375,17610.19921875,17766.599609375,258900
2023-04-19,17618.75,17618.75,17666.150390625,17579.849609375,17653.349609375,281500
2023-04-20,17624.44921875,17624.44921875,17684.44921875,17584.349609375,17638.599609375,215100
2023-04-21,17624.05078125,17624.05078125,17663.19921875,17553.94921875,17639.75,230200
2023-04-24,17743.400390625,17743.400390625,17754.5,17612.5,17707.55078125,255700
2023-04-25,17769.25,17769.25,17807.44921875,17716.849609375,17761.55078125,297400
2023-04-26,17813.599609375,17813.599609375,17827.75,17711.19921875,17767.30078125,233000
2023-04-27,17915.05078125,17915.05078125,17931.599609375,17797.900390625,17813.099609375,241400
2023-04-28,18065.0,18065.0,18089.150390625,17885.30078125,17950.400390625,290300
2023-05-02,18147.650390625,18147.650390625,18180.25,18101.75,18124.80078125,265200
2023-05-03,18089.849609375,18089.849609375,18116.349609375,18042.400390625,18113.80078125,226200
2023-05-04,18255.80078125,18255.80078125,18267.44921875,18066.69921875,18081.0,226600
2023-05-05,18069.0,18069.0,18216.94921875,18055.44921875,18117.30078125,239700
2023-05-08,18264.400390625,18264.400390625,18286.94921875,18100.30078125,18120.599609375,228400
2023-05-09,18265.94921875,18265.94921875,18344.19921875,18229.650390625,18303.400390625,245400
2023-05-10,18315.099609375,18315.099609375,18326.75,18211.94921875,18313.599609375,220500
2023-05-11,18297.0,18297.0,18389.69921875,18270.400390625,18357.80078125,248900
2023-05-12,18314.80078125,18314.80078125,18342.75,18194.55078125,18273.75,241700
2023-05-15,18398.849609375,18398.849609375,18458.900390625,18287.900390625,18339.30078125,216100
2023-05-16,18286.5,18286.5,18432.349609375,18264.349609375,18432.349609375,219500
2023-05-17,18181.75,18181.75,18309.0,18115.349609375,18300.44921875,229900
2023-05-18,18129.94921875,18129.94921875,18297.19921875,18104.849609375,18287.5,272100
2023-05-19,18203.400390625,18203.400390625,18218.099609375,18060.400390625,18186.150390625,260900
2023-05-22,18314.400390625,18314.400390625,18335.25,18178.849609375,18201.099609375,262600
2023-05-23,18348.0,18348.0,18419.75,18324.19921875,18362.900390625,270400
2023-05-24,18285.400390625,18285.400390625,18392.599609375,18262.94921875,18294.80078125,232600
2023-05-25,18321.150390625,18321.150390625,18338.099609375,18202.400390625,18268.900390625,235900
2023-05-26,18499.349609375,18499.349609375,18508.55078125,18333.150390625,18368.349609375,198700
2023-05-29,18598.650390625,18598.650390625,18641.19921875,18581.25,18619.150390625,265300
2023-05-30,18633.849609375,18633.849609375,18662.44921875,18575.5,18606.650390625,234400
2023-05-31,18534.400390625,18534.400390625,18603.900390625,18483.849609375,18594.19921875,696500
2023-06-01,18487.75,18487.75,18580.30078125,18464.55078125,18579.400390625,265600
2023-06-02,18534.099609375,18534.099609375,18573.69921875,18478.400390625,18550.849609375,270900
2023-06-05,18593.849609375,18593.849609375,18640.150390625,18582.80078125,18612.0,256100
2023-06-06,18599.0,18599.0,18622.75,18531.599609375,18600.80078125,220800
2023-06-07,18726.400390625,18726.400390625,18738.94921875,18636.0,18665.599609375,260100
2023-06-08,18634.55078125,18634.55078125,18777.900390625,18615.599609375,18725.349609375,286500
2023-06-09,18563.400390625,18563.400390625,18676.650390625,18555.400390625,18655.900390625,221800
2023-06-12,18601.5,18601.5,18633.599609375,18559.75,18595.05078125,179500
2023-06-13,18716.150390625,18716.150390625,18728.900390625,18631.80078125,18631.80078125,233200
2023-06-14,18755.900390625,18755.900390625,18769.69921875,18690.0,18744.599609375,261400
2023-06-15,18688.099609375,18688.099609375,18794.099609375,18669.05078125,18774.44921875,263000
2023-06-16,18826.0,18826.0,18864.69921875,18710.5,18723.30078125,272800
2023-06-19,18755.44921875,18755.44921875,18881.44921875,18719.150390625,18873.30078125,219800
2023-06-20,18816.69921875,18816.69921875,18839.69921875,18660.650390625,18752.349609375,211600
2023-06-21,18856.849609375,18856.849609375,18875.900390625,18794.849609375,18849.400390625,217500
2023-06-22,18771.25,18771.25,18886.599609375,18759.5,18853.599609375,252700
2023-06-23,18665.5,18665.5,18756.400390625,18647.099609375,18741.849609375,210600
2023-06-26,18691.19921875,18691.19921875,18722.05078125,18646.69921875,18682.349609375,171300
2023-06-27,18817.400390625,18817.400390625,18829.25,18714.25,18748.55078125,222500
2023-06-28,18972.099609375,18972.099609375,19011.25,18861.349609375,18908.150390625,398800
2023-06-30,19189.05078125,19189.05078125,19201.69921875,19024.599609375,19076.849609375,247900
2023-07-03,19322.55078125,19322.55078125,19345.099609375,19234.400390625,19246.5,226100
2023-07-04,19389.0,19389.0,19434.150390625,19300.0,19406.599609375,226900
2023-07-05,19398.5,19398.5,19421.599609375,19339.599609375,19405.94921875,224400
2023-07-06,19497.30078125,19497.30078125,19512.19921875,19373.0,19385.69921875,268300
2023-07-07,19331.80078125,19331.80078125,19523.599609375,19303.599609375,19422.80078125,237100
2023-07-10,19355.900390625,19355.900390625,19435.849609375,19327.099609375,19400.349609375,268200
2023-07-11,19439.400390625,19439.400390625,19515.099609375,19406.44921875,19427.099609375,251300
2023-07-12,19384.30078125,19384.30078125,19507.69921875,19361.75,19497.44921875,327900
2023-07-13,19413.75,19413.75,19567.0,19385.80078125,19495.19921875,310400
2023-07-14,19564.5,19564.5,19595.349609375,19433.5,19493.44921875,291200
2023-07-17,19711.44921875,19711.44921875,19731.849609375,19562.94921875,19612.150390625,268700
2023-07-18,19749.25,19749.25,19819.44921875,19690.19921875,19787.5,286400
2023-07-19,19833.150390625,19833.150390625,19851.69921875,19727.44921875,19802.94921875,259700
2023-07-20,19979.150390625,19979.150390625,19991.849609375,19758.400390625,19831.69921875,274700
2023-07-21,19745.0,19745.0,19887.400390625,19700.0,19800.44921875,312500
2023-07-24,19672.349609375,19672.349609375,19782.75,19658.30078125,19748.44921875,265600
2023-07-25,19680.599609375,19680.599609375,19729.349609375,19615.94921875,19729.349609375,369700
2023-07-26,19778.30078125,19778.30078125,19825.599609375,19716.69921875,19733.349609375,244700
2023-07-27,19659.900390625,19659.900390625,19867.55078125,19603.55078125,19850.900390625,334900
2023-07-28,19646.05078125,19646.05078125,19695.900390625,19563.099609375,19659.75,258700
2023-07-31,19753.80078125,19753.80078125,19772.75,19597.599609375,19666.349609375,295100
2023-08-01,19733.55078125,19733.55078125,19795.599609375,19704.599609375,19784.0,298000
2023-08-02,19526.55078125,19526.55078125,19678.25,19423.55078125,19655.400390625,290700
2023-08-03,19381.650390625,19381.650390625,19537.650390625,19296.44921875,19463.75,315700
2023-08-04,19517.0,19517.0,19538.849609375,19436.44921875,19462.80078125,280800
2023-08-07,19597.30078125,19597.30078125,19620.44921875,19524.80078125,19576.849609375,216600
2023-08-08,19570.849609375,19570.849609375,19634.400390625,19533.099609375,19627.19921875,260300
2023-08-09,19632.55078125,19632.55078125,19645.5,19467.5,19578.80078125,266500
2023-08-10,19543.099609375,19543.099609375,19623.599609375,19495.400390625,19605.55078125,312200
2023-08-11,19428.30078125,19428.30078125,19557.75,19412.75,19554.25,235500
2023-08-14,19434.55078125,19434.55078125,19465.849609375,19257.900390625,19383.94921875,243900
2023-08-16,19465.0,19465.0,19482.75,19317.19921875,19369.0,0
2023-08-17,19365.25,19365.25,19461.55078125,19326.25,19450.55078125,268700
2023-08-18,19310.150390625,19310.150390625,19373.80078125,19253.599609375,19301.75,256100
2023-08-21,19393.599609375,19393.599609375,19425.94921875,19296.30078125,19320.650390625,262600
2023-08-22,19396.44921875,19396.44921875,19443.5,19381.30078125,19417.099609375,208700
2023-08-23,19444.0,19444.0,19472.05078125,19366.599609375,19439.19921875,225200
2023-08-24,19386.69921875,19386.69921875,19584.44921875,19369.0,19535.150390625,268300
2023-08-25,19265.80078125,19265.80078125,19339.55078125,19229.69921875,19297.400390625,466500
2023-08-28,19306.05078125,19306.05078125,19366.849609375,19249.69921875,19298.349609375,248200
2023-08-29,19342.650390625,19342.650390625,19377.900390625,19309.099609375,19374.849609375,307400
2023-08-30,19347.44921875,19347.44921875,19452.80078125,19334.75,19433.44921875,233000
2023-08-31,19253.80078125,19253.80078125,19388.19921875,19223.650390625,19375.55078125,562600
2023-09-01,19435.30078125,19435.30078125,19458.55078125,19255.69921875,19258.150390625,333000
2023-09-04,19528.80078125,19528.80078125,19545.150390625,19432.849609375,19525.05078125,296800
2023-09-05,19574.900390625,19574.900390625,19587.05078125,19525.75,19564.650390625,256800
2023-09-06,19611.05078125,19611.05078125,19636.44921875,19491.5,19581.19921875,287600
2023-09-07,19727.05078125,19727.05078125,19737.0,19550.05078125,19598.650390625,304900
2023-09-08,19819.94921875,19819.94921875,19867.150390625,19727.05078125,19774.80078125,288100
2023-09-11,19996.349609375,19996.349609375,20008.150390625,19865.349609375,19890.0,248800
2023-09-12,19993.19921875,19993.19921875,20110.349609375,19914.650390625,20110.150390625,328100
2023-09-13,20070.0,20070.0,20096.900390625,19944.099609375,19989.5,251400
2023-09-14,20103.099609375,20103.099609375,20167.650390625,20043.44921875,20127.94921875,275100
2023-09-15,20192.349609375,20192.349609375,20222.44921875,20129.69921875,20156.44921875,438200
2023-09-18,20133.30078125,20133.30078125,20195.349609375,20115.69921875,20155.94921875,264900
2023-09-20,19901.400390625,19901.400390625,20050.650390625,19878.849609375,19980.75,378100
2023-09-21,19742.349609375,19742.349609375,19848.75,19709.94921875,19840.55078125,275100
2023-09-22,19674.25,19674.25,19798.650390625,19657.5,19744.849609375,246400
2023-09-25,19674.55078125,19674.55078125,19734.150390625,19601.55078125,19678.19921875,188400
2023-09-26,19664.69921875,19664.69921875,19699.349609375,19637.44921875,19682.80078125,204900
2023-09-27,19716.44921875,19716.44921875,19730.69921875,19554.0,19637.05078125,203600
2023-09-28,19523.55078125,19523.55078125,19766.650390625,19492.099609375,19761.80078125,352800
2023-09-29,19638.30078125,19638.30078125,19726.25,19551.05078125,19581.19921875,243500
2023-10-03,19528.75,19528.75,19623.19921875,19479.650390625,19622.400390625,221700
2023-10-04,19436.099609375,19436.099609375,19457.80078125,19333.599609375,19446.30078125,277100
2023-10-05,19545.75,19545.75,19576.94921875,19487.30078125,19521.849609375,234900
2023-10-06,19653.5,19653.5,19675.75,19589.400390625,19621.19921875,159100
2023-10-09,19512.349609375,19512.349609375,19588.94921875,19480.5,19539.44921875,165100
2023-10-10,19689.849609375,19689.849609375,19717.80078125,19565.44921875,19565.599609375,216600
2023-10-11,19811.349609375,19811.349609375,19839.19921875,19756.94921875,19767.0,213700
2023-10-12,19794.0,19794.0,19843.30078125,19772.650390625,19822.69921875,217900
2023-10-13,19751.05078125,19751.05078125,19805.400390625,19635.30078125,19654.55078125,255000
2023-10-16,19731.75,19731.75,19781.30078125,19691.849609375,19737.25,181000
2023-10-17,19811.5,19811.5,19849.75,19775.650390625,19843.19921875,185800
2023-10-18,19671.099609375,19671.099609375,19840.94921875,19659.94921875,19820.44921875,198900
2023-10-19,19624.69921875,19624.69921875,19681.80078125,19512.349609375,19545.19921875,230300
2023-10-20,19542.650390625,19542.650390625,19593.80078125,19518.69921875,19542.150390625,198300
2023-10-23,19281.75,19281.75,19556.849609375,19257.849609375,19521.599609375,176000
2023-10-25,19122.150390625,19122.150390625,19347.30078125,19074.150390625,19286.44921875,225300
2023-10-26,18857.25,18857.25,19041.69921875,18837.849609375,19027.25,300400
2023-10-27,19047.25,19047.25,19076.150390625,18926.650390625,18928.75,205200
2023-10-30,19140.900390625,19140.900390625,19158.5,18940.0,19053.400390625,180100
2023-10-31,19079.599609375,19079.599609375,19233.69921875,19056.44921875,19232.94921875,206000
2023-11-01,18989.150390625,18989.150390625,19096.05078125,18973.69921875,19064.05078125,194100
2023-11-02,19133.25,19133.25,19175.25,19064.150390625,19120.0,245600
2023-11-03,19230.599609375,19230.599609375,19276.25,19210.900390625,19241.0,189500
2023-11-06,19411.75,19411.75,19423.0,19309.69921875,19345.849609375,180700
2023-11-07,19406.69921875,19406.69921875,19423.5,19329.099609375,19404.05078125,198700
2023-11-08,19443.5,19443.5,19464.400390625,19401.5,19449.599609375,195000
2023-11-09,19395.30078125,19395.30078125,19463.900390625,19378.349609375,19457.400390625,208400
2023-11-10,19425.349609375,19425.349609375,19451.30078125,19329.44921875,19351.849609375,152200
2023-11-13,19443.55078125,19443.55078125,19494.400390625,19414.75,19486.75,189300
2023-11-15,19675.44921875,19675.44921875,19693.19921875,19579.650390625,19651.400390625,291500
2023-11-16,19765.19921875,19765.19921875,19875.25,19627.0,19674.69921875,282700
2023-11-17,19731.80078125,19731.80078125,19806.0,19667.44921875,19674.75,236800
2023-11-20,19694.0,19694.0,19756.44921875,19670.5,19731.150390625,173800
2023-11-21,19783.400390625,19783.400390625,19829.099609375,19754.05078125,19770.900390625,195000
2023-11-22,19811.849609375,19811.849609375,19825.55078125,19703.849609375,19784.0,184500
2023-11-23,19802.0,19802.0,19875.150390625,19786.75,19828.44921875,170000
2023-11-24,19794.69921875,19794.69921875,19832.849609375,19768.849609375,19809.599609375,145900
2023-11-28,19889.69921875,19889.69921875,19916.849609375,19800.0,19844.650390625,229600
2023-11-29,20096.599609375,20096.599609375,20104.650390625,19956.30078125,19976.55078125,236200
2023-11-30,20133.150390625,20133.150390625,20158.69921875,20015.849609375,20108.5,486600
2023-12-01,20267.900390625,20267.900390625,20291.55078125,20183.69921875,20194.099609375,265800
2023-12-04,20686.80078125,20686.80078125,20702.650390625,20507.75,20601.94921875,381100
2023-12-05,20855.099609375,20855.099609375,20864.05078125,20711.150390625,20808.900390625,421000
2023-12-06,20937.69921875,20937.69921875,20961.94921875,20852.150390625,20950.75,359200
2023-12-07,20901.150390625,20901.150390625,20941.25,20850.80078125,20932.400390625,275000
2023-12-08,20969.400390625,20969.400390625,21006.099609375,20862.69921875,20934.099609375,292400
2023-12-11,20997.099609375,20997.099609375,21026.099609375,20923.69921875,20965.30078125,212900
2023-12-12,20906.400390625,20906.400390625,21037.900390625,20867.150390625,21018.55078125,244900
2023-12-13,20926.349609375,20926.349609375,20950.0,20769.5,20929.75,260300
2023-12-14,21182.69921875,21182.69921875,21210.900390625,21074.44921875,21110.400390625,334400
2023-12-15,21456.650390625,21456.650390625,21492.30078125,21235.30078125,21287.44921875,508800
2023-12-18,21418.650390625,21418.650390625,21482.80078125,21365.349609375,21434.80078125,249700
2023-12-19,21453.099609375,21453.099609375,21505.05078125,21337.75,21477.650390625,249800
2023-12-20,21150.150390625,21150.150390625,21593.0,21087.349609375,21543.5,363900
2023-12-21,21255.05078125,21255.05078125,21288.349609375,20976.80078125,21033.94921875,277500
2023-12-22,21349.400390625,21349.400390625,21390.5,21232.44921875,21295.849609375,284700
2023-12-26,21441.349609375,21441.349609375,21477.150390625,21329.44921875,21365.19921875,219500
2023-12-27,21654.75,21654.75,21675.75,21495.80078125,21497.650390625,256500
2023-12-28,21778.69921875,21778.69921875,21801.44921875,21678.0,21715.0,393100
2023-12-29,21731.400390625,21731.400390625,21770.30078125,21676.900390625,21737.650390625,270900
2024-01-01,21741.900390625,21741.900390625,21834.349609375,21680.849609375,21727.75,154000
2024-01-02,21665.80078125,21665.80078125,21755.599609375,21555.650390625,21751.349609375,263700
2024-01-03,21517.349609375,21517.349609375,21677.0,21500.349609375,21661.099609375,311900
2024-01-04,21658.599609375,21658.599609375,21685.650390625,21564.55078125,21605.80078125,339200
2024-01-05,21710.80078125,21710.80078125,21749.599609375,21629.19921875,21705.75,309300
2024-01-08,21513.0,21513.0,21763.94921875,21492.900390625,21747.599609375,231500
2024-01-09,21544.849609375,21544.849609375,21724.44921875,21517.849609375,21653.599609375,228600
2024-01-10,21618.69921875,21618.69921875,21641.849609375,21448.650390625,21529.30078125,217000
2024-01-11,21647.19921875,21647.19921875,21726.5,21593.75,21688.0,212500
2024-01-12,21894.55078125,21894.55078125,21928.25,21715.150390625,21773.55078125,294700
2024-01-15,22097.44921875,22097.44921875,22115.55078125,21963.55078125,22053.150390625,345500
2024-01-16,22032.30078125,22032.30078125,22124.150390625,21969.80078125,22080.5,292400
2024-01-17,21571.94921875,21571.94921875,21851.5,21550.44921875,21647.25,456000
2024-01-18,21462.25,21462.25,21539.400390625,21285.55078125,21414.19921875,387300
2024-01-19,21622.400390625,21622.400390625,21670.599609375,21575.0,21615.19921875,343100
2024-01-23,21238.80078125,21238.80078125,21750.25,21192.599609375,21716.69921875,449700
2024-01-24,21453.94921875,21453.94921875,21482.349609375,21137.19921875,21185.25,407500
2024-01-25,21352.599609375,21352.599609375,21459.0,21247.05078125,21454.599609375,418100
2024-01-29,21737.599609375,21737.599609375,21763.25,21429.599609375,21433.099609375,376700
2024-01-30,21522.099609375,21522.099609375,21813.05078125,21501.80078125,21775.75,375100
2024-01-31,21725.69921875,21725.69921875,21741.349609375,21448.849609375,21487.25,410600
2024-02-01,21697.44921875,21697.44921875,21832.94921875,21658.75,21780.650390625,332500
2024-02-02,21853.80078125,21853.80078125,22126.80078125,21805.55078125,21812.75,442800
2024-02-05,21771.69921875,21771.69921875,21964.30078125,21726.94921875,21921.05078125,440800
2024-02-06,21929.400390625,21929.400390625,21951.400390625,21737.55078125,21825.19921875,371000
2024-02-07,21930.5,21930.5,22053.30078125,21860.150390625,22045.05078125,346300
2024-02-08,21717.94921875,21717.94921875,22011.05078125,21665.30078125,22009.650390625,491100
2024-02-09,21782.5,21782.5,21804.44921875,21629.900390625,21727.0,349200
2024-02-12,21616.05078125,21616.05078125,21831.69921875,21574.75,21800.80078125,287400
2024-02-13,21743.25,21743.25,21766.80078125,21543.349609375,21664.30078125,365800
2024-02-14,21840.05078125,21840.05078125,21870.849609375,21530.19921875,21578.150390625,359100
2024-02-15,21910.75,21910.75,21953.849609375,21794.80078125,21906.55078125,345400
2024-02-16,22040.69921875,22040.69921875,22068.650390625,21968.94921875,22020.30078125,343900
2024-02-19,22122.25,22122.25,22186.650390625,22021.05078125,22103.44921875,0
2024-02-20,22196.94921875,22196.94921875,22215.599609375,22045.849609375,22099.19921875,295700
2024-02-21,22055.05078125,22055.05078125,22249.400390625,21997.94921875,22248.849609375,364500
2024-02-22,22217.44921875,22217.44921875,22252.5,21875.25,22081.55078125,343500
2024-02-23,22212.69921875,22212.69921875,22297.5,22186.099609375,22290.0,226000
2024-02-26,22122.05078125,22122.05078125,22202.150390625,22075.150390625,22169.19921875,207800
2024-02-27,22198.349609375,22198.349609375,22218.25,22085.650390625,22090.19921875,252200
2024-02-28,21951.150390625,21951.150390625,22229.150390625,21915.849609375,22214.099609375,203000
2024-02-29,21982.80078125,21982.80078125,22060.55078125,21860.650390625,21935.19921875,360200
2024-03-01,22338.75,22338.75,22353.30078125,22047.75,22048.30078125,351500
2024-03-04,22405.599609375,22405.599609375,22440.900390625,22358.30078125,22403.5,298800
2024-03-05,22356.30078125,22356.30078125,22416.900390625,22269.150390625,22371.25,296200
2024-03-06,22474.05078125,22474.05078125,22497.19921875,22224.349609375,22327.5,312300
2024-03-07,22493.55078125,22493.55078125,22525.650390625,22430.0,22505.30078125,379900
2024-03-11,22332.650390625,22332.650390625,22526.599609375,22307.25,22517.5,277900
2024-03-12,22335.69921875,22335.69921875,22452.55078125,22256.0,22334.44921875,299200
2024-03-13,21997.69921875,21997.69921875,22446.75,21905.650390625,22432.19921875,493300
2024-03-14,22146.650390625,22146.650390625,22204.599609375,21917.5,21982.55078125,426700
2024-03-15,22023.349609375,22023.349609375,22120.900390625,21931.69921875,22064.849609375,661500
2024-03-18,22055.69921875,22055.69921875,22123.69921875,21916.55078125,21990.099609375,356300
2024-03-19,21817.44921875,21817.44921875,21978.30078125,21793.099609375,21946.44921875,344200
2024-03-20,21839.099609375,21839.099609375,21930.900390625,21710.19921875,21843.900390625,312400
2024-03-21,22011.94921875,22011.94921875,22080.94921875,21941.30078125,21989.900390625,353200
2024-03-22,22096.75,22096.75,22180.69921875,21883.30078125,21932.19921875,388700
2024-03-26,22004.69921875,22004.69921875,22073.19921875,21947.55078125,21947.900390625,328400
2024-03-27,22123.650390625,22123.650390625,22193.599609375,22052.849609375,22053.94921875,409100
2024-03-28,22326.900390625,22326.900390625,22516.0,22163.599609375,22163.599609375,410500
2024-04-01,22462.0,22462.0,22529.94921875,22427.75,22455.0,0
2024-04-02,22453.30078125,22453.30078125,22497.599609375,22388.150390625,22458.80078125,289500
2024-04-03,22434.650390625,22434.650390625,22521.099609375,22346.5,22385.69921875,309600
2024-04-04,22514.650390625,22514.650390625,22619.0,22303.80078125,22592.099609375,401000
2024-04-05,22513.69921875,22513.69921875,22537.599609375,22427.599609375,22486.400390625,242200
2024-04-08,22666.30078125,22666.30078125,22697.30078125,22550.349609375,22578.349609375,227600
2024-04-09,22642.75,22642.75,22768.400390625,22612.25,22765.099609375,232400
2024-04-10,22753.80078125,22753.80078125,22775.69921875,22673.69921875,22720.25,276800
2024-04-12,22519.400390625,22519.400390625,22726.44921875,22503.75,22677.400390625,357200
2024-04-15,22272.5,22272.5,22427.44921875,22259.55078125,22339.05078125,355500
2024-04-16,22147.900390625,22147.900390625,22213.75,22079.44921875,22125.30078125,317300
2024-04-18,21995.849609375,21995.849609375,22326.5,21961.69921875,22212.349609375,456900
2024-04-19,22147.0,22147.0,22179.55078125,21777.650390625,21861.5,362500
2024-04-22,22336.400390625,22336.400390625,22375.650390625,22198.150390625,22336.900390625,279300
2024-04-23,22368.0,22368.0,22447.55078125,22349.44921875,22447.05078125,231500
2024-04-24,22402.400390625,22402.400390625,22476.44921875,22384.0,22421.55078125,235900
2024-04-25,22570.349609375,22570.349609375,22625.94921875,22305.25,22316.900390625,475000
2024-04-26,22419.94921875,22419.94921875,22620.400390625,22385.55078125,22620.400390625,329900
2024-04-29,22643.400390625,22643.400390625,22655.80078125,22441.900390625,22475.55078125,292000
2024-04-30,22604.849609375,22604.849609375,22783.349609375,22568.400390625,22679.650390625,361900
2024-05-02,22648.19921875,22648.19921875,22710.5,22567.849609375,22567.849609375,445900
2024-05-03,22475.849609375,22475.849609375,22794.69921875,22348.05078125,22766.349609375,438100
2024-05-06,22442.69921875,22442.69921875,22588.80078125,22409.44921875,22561.599609375,320300
2024-05-07,22302.5,22302.5,22499.05078125,22232.05078125,22489.75,297800
2024-05-08,22302.5,22302.5,22368.650390625,22185.19921875,22231.19921875,277400
2024-05-09,21957.5,21957.5,22307.75,21932.400390625,22224.80078125,331300
2024-05-10,22055.19921875,22055.19921875,22131.30078125,21950.30078125,21990.94921875,265800
2024-05-13,22104.05078125,22104.05078125,22131.650390625,21821.05078125,22027.94921875,278200
2024-05-14,22217.849609375,22217.849609375,22270.05078125,22081.25,22112.900390625,230200
2024-05-15,22200.55078125,22200.55078125,22297.55078125,22151.75,22255.599609375,231900
2024-05-16,22403.849609375,22403.849609375,22432.25,22054.55078125,22319.19921875,368900
2024-05-17,22466.099609375,22466.099609375,22502.150390625,22345.650390625,22415.25,242700
2024-05-21,22529.05078125,22529.05078125,22591.099609375,22404.55078125,22404.55078125,347600
2024-05-22,22597.80078125,22597.80078125,22629.5,22483.150390625,22576.599609375,290300
2024-05-23,22967.650390625,22967.650390625,22993.599609375,22577.44921875,22614.099609375,369800
2024-05-24,22957.099609375,22957.099609375,23026.400390625,22908.0,22930.75,261900
2024-05-27,22932.44921875,22932.44921875,23110.80078125,22871.19921875,23038.94921875,260000
2024-05-28,22888.150390625,22888.150390625,22998.55078125,22858.5,22977.150390625,217900
2024-05-29,22704.69921875,22704.69921875,22825.5,22685.44921875,22762.75,269900
2024-05-30,22488.650390625,22488.650390625,22705.75,22417.0,22617.44921875,373400
2024-05-31,22530.69921875,22530.69921875,22653.75,22465.099609375,22568.099609375,572100
2024-06-03,23263.900390625,23263.900390625,23338.69921875,23062.30078125,23337.900390625,569400
2024-06-04,21884.5,21884.5,23179.5,21281.44921875,23179.5,1006100
2024-06-05,22620.349609375,22620.349609375,22670.400390625,21791.94921875,22128.349609375,638500
2024-06-06,22821.400390625,22821.400390625,22910.150390625,22642.599609375,22798.599609375,480400
2024-06-07,23290.150390625,23290.150390625,23320.19921875,22789.05078125,22821.849609375,473600
2024-06-10,23259.19921875,23259.19921875,23411.900390625,23227.150390625,23319.150390625,304400
2024-06-11,23264.849609375,23264.849609375,23389.44921875,23206.650390625,23283.75,305200
2024-06-12,23322.94921875,23322.94921875,23441.94921875,23295.94921875,23344.44921875,295600
2024-06-13,23398.900390625,23398.900390625,23481.05078125,23353.900390625,23480.94921875,268300
2024-06-14,23465.599609375,23465.599609375,23490.400390625,23334.25,23464.94921875,223100
2024-06-18,23557.900390625,23557.900390625,23579.05078125,23499.69921875,23570.80078125,272200
2024-06-19,23516.0,23516.0,23664.0,23412.900390625,23629.849609375,328800
2024-06-20,23567.0,23567.0,23624.0,23442.599609375,23586.150390625,280300
2024-06-21,23501.099609375,23501.099609375,23667.099609375,23398.19921875,23661.150390625,609900
2024-06-24,23537.849609375,23537.849609375,23558.099609375,23350.0,23382.30078125,239400
2024-06-25,23721.30078125,23721.30078125,23754.150390625,23562.05078125,23577.099609375,298100
2024-06-26,23868.80078125,23868.80078125,23889.900390625,23670.44921875,23723.099609375,287800
2024-06-27,24044.5,24044.5,24087.44921875,23805.400390625,23881.55078125,515200
2024-06-28,24010.599609375,24010.599609375,24174.0,23985.80078125,24085.900390625,354800
2024-07-01,24141.94921875,24141.94921875,24164.0,23992.69921875,23992.94921875,0
2024-07-02,24123.849609375,24123.849609375,24236.349609375,24056.400390625,24228.75,0
2024-07-03,24286.5,24286.5,24309.150390625,24207.099609375,24291.75,0
2024-07-04,24302.150390625,24302.150390625,24401.0,24281.0,24369.94921875,251200
2024-07-05,24323.849609375,24323.849609375,24363.0,24168.849609375,24213.349609375,298400
2024-07-08,24320.55078125,24320.55078125,24344.599609375,24240.55078125,24329.44921875,266300
2024-07-09,24433.19921875,24433.19921875,24443.599609375,24331.900390625,24351.0,250500
2024-07-10,24324.44921875,24324.44921875,24461.05078125,24141.80078125,24459.849609375,292300
2024-07-11,24315.94921875,24315.94921875,24402.650390625,24193.75,24396.55078125,306400
2024-07-12,24502.150390625,24502.150390625,24592.19921875,24331.150390625,24387.94921875,325800
2024-07-15,24586.69921875,24586.69921875,24635.05078125,24522.75,24587.599609375,305400
2024-07-16,24613.0,24613.0,24661.25,24587.650390625,24615.900390625,283200
2024-07-18,24800.849609375,24800.849609375,24837.75,24504.44921875,24543.80078125,350900
2024-07-19,24530.900390625,24530.900390625,24854.80078125,24508.150390625,24853.80078125,343800
2024-07-22,24509.25,24509.25,24595.19921875,24362.30078125,24445.75,324200
2024-07-23,24479.05078125,24479.05078125,24582.55078125,24074.19921875,24568.900390625,436400
2024-07-24,24413.5,24413.5,24504.25,24307.25,24444.94921875,366600
2024-07-25,24406.099609375,24406.099609375,24426.150390625,24210.80078125,24230.94921875,391800
2024-07-26,24834.849609375,24834.849609375,24861.150390625,24410.900390625,24423.349609375,383800
2024-07-29,24836.099609375,24836.099609375,24999.75,24774.599609375,24943.30078125,355000
2024-07-30,24857.30078125,24857.30078125,24971.75,24798.650390625,24839.400390625,385000
2024-07-31,24951.150390625,24951.150390625,24984.599609375,24856.5,24886.69921875,333600
2024-08-01,25010.900390625,25010.900390625,25078.30078125,24956.400390625,25030.94921875,431300
2024-08-02,24717.69921875,24717.69921875,24851.900390625,24686.849609375,24789.0,345000
2024-08-05,24055.599609375,24055.599609375,24350.05078125,23893.69921875,24302.849609375,487000
2024-08-06,23992.55078125,23992.55078125,24382.599609375,23960.400390625,24189.849609375,312300
2024-08-07,24297.5,24297.5,24337.69921875,24184.900390625,24289.400390625,317600
2024-08-08,24117.0,24117.0,24340.5,24079.69921875,24248.55078125,311900
2024-08-09,24367.5,24367.5,24419.75,24311.19921875,24386.849609375,215100
2024-08-12,24347.0,24347.0,24472.80078125,24212.099609375,24320.05078125,279900
2024-08-13,24139.0,24139.0,24359.94921875,24116.5,24342.349609375,239700
2024-08-14,24143.75,24143.75,24196.5,24099.69921875,24184.400390625,303300
2024-08-16,24541.150390625,24541.150390625,24563.900390625,24204.5,24334.849609375,271600
2024-08-19,24572.650390625,24572.650390625,24638.80078125,24522.94921875,24636.349609375,243600
2024-08-20,24698.849609375,24698.849609375,24734.30078125,24607.19921875,24648.900390625,238300
2024-08-21,24770.19921875,24770.19921875,24787.94921875,24654.5,24680.55078125,257100
2024-08-22,24811.5,24811.5,24867.349609375,24784.44921875,24863.400390625,220300
2024-08-23,24823.150390625,24823.150390625,24858.400390625,24771.650390625,24845.400390625,206800
2024-08-26,25010.599609375,25010.599609375,25043.80078125,24874.69921875,24906.099609375,210300
2024-08-27,25017.75,25017.75,25073.099609375,24973.650390625,25024.80078125,223300
2024-08-28,25052.349609375,25052.349609375,25129.599609375,24964.650390625,25030.80078125,220400
2024-08-29,25151.94921875,25151.94921875,25192.900390625,24998.5,25035.30078125,354000
2024-08-30,25235.900390625,25235.900390625,25268.349609375,25199.400390625,25249.69921875,638200
2024-09-02,25278.69921875,25278.69921875,25333.650390625,25235.5,25333.599609375,222800
2024-09-03,25279.849609375,25279.849609375,25321.69921875,25235.80078125,25313.400390625,212100
2024-09-04,25198.69921875,25198.69921875,25216.0,25083.80078125,25089.94921875,253800
2024-09-05,25145.099609375,25145.099609375,25275.44921875,25127.75,25250.5,222200
2024-09-06,24852.150390625,24852.150390625,25168.75,24801.30078125,25093.69921875,311700
2024-09-09,24936.400390625,24936.400390625,24957.5,24753.150390625,24823.400390625,254400
2024-09-10,25041.099609375,25041.099609375,25130.5,24896.80078125,24999.400390625,251300
2024-09-11,24918.44921875,24918.44921875,25113.69921875,24885.150390625,25034.0,279200
2024-09-12,25388.900390625,25388.900390625,25433.349609375,24941.44921875,25059.650390625,380100
2024-09-13,25356.5,25356.5,25430.5,25292.44921875,25430.44921875,250800
2024-09-16,25383.75,25383.75,25445.69921875,25336.19921875,25406.650390625,168700
2024-09-17,25418.55078125,25418.55078125,25441.650390625,25352.25,25416.900390625,216000
2024-09-18,25377.55078125,25377.55078125,25482.19921875,25285.55078125,25402.400390625,215700
2024-09-19,25415.80078125,25415.80078125,25611.94921875,25376.05078125,25487.05078125,314500
2024-09-20,25790.94921875,25790.94921875,25849.25,25426.599609375,25525.94921875,533100
2024-09-23,25939.05078125,25939.05078125,25956.0,25847.349609375,25872.55078125,209200
2024-09-24,25940.400390625,25940.400390625,26011.55078125,25886.849609375,25921.44921875,384100
2024-09-25,26004.150390625,26004.150390625,26032.80078125,25871.349609375,25899.44921875,278500
2024-09-26,26216.05078125,26216.05078125,26250.900390625,25998.400390625,26005.400390625,370900
2024-09-27,26178.94921875,26178.94921875,26277.349609375,26151.400390625,26248.25,490300
2024-09-30,25810.849609375,25810.849609375,26134.69921875,25794.099609375,26061.30078125,343100
2024-10-01,25796.900390625,25796.900390625,25907.599609375,25739.19921875,25788.44921875,247400
2024-10-03,25250.099609375,25250.099609375,25639.44921875,25230.30078125,25452.849609375,423400
2024-10-04,25014.599609375,25014.599609375,25485.05078125,24966.80078125,25181.900390625,374900
2024-10-07,24795.75,24795.75,25143.0,24694.349609375,25084.099609375,374300
2024-10-08,25013.150390625,25013.150390625,25044.0,24756.80078125,24832.19921875,333200
2024-10-09,24981.94921875,24981.94921875,25234.05078125,24947.69921875,25065.80078125,290600
2024-10-10,24998.44921875,24998.44921875,25134.05078125,24979.400390625,25067.05078125,261400
2024-10-11,24964.25,24964.25,25028.650390625,24920.05078125,24985.30078125,210500
2024-10-14,25127.94921875,25127.94921875,25159.75,25017.5,25023.44921875,206400
2024-10-15,25057.349609375,25057.349609375,25212.05078125,25008.150390625,25186.30078125,257200
2024-10-16,24971.30078125,24971.30078125,25093.400390625,24908.44921875,25008.55078125,226800
2024-10-17,24749.849609375,24749.849609375,25029.5,24728.900390625,25027.400390625,252800
2024-10-18,24854.05078125,24854.05078125,24886.19921875,24567.650390625,24664.94921875,290900
2024-10-21,24781.099609375,24781.099609375,24978.30078125,24679.599609375,24956.150390625,242000
2024-10-22,24472.099609375,24472.099609375,24882.0,24445.80078125,24798.650390625,279500
2024-10-23,24435.5,24435.5,24604.25,24378.099609375,24378.150390625,284600
2024-10-24,24399.400390625,24399.400390625,24480.650390625,24341.19921875,24412.69921875,216700
2024-10-25,24180.80078125,24180.80078125,24440.25,24073.900390625,24418.05078125,372600
2024-10-28,24339.150390625,24339.150390625,24492.599609375,24134.900390625,24251.099609375,278600
2024-10-29,24466.849609375,24466.849609375,24484.5,24140.849609375,24328.849609375,332000
2024-10-30,24340.849609375,24340.849609375,24498.19921875,24307.30078125,24371.44921875,285200
2024-10-31,24205.349609375,24205.349609375,24372.44921875,24172.599609375,24349.849609375,287000
2024-11-01,24304.349609375,24304.349609375,24368.25,24280.19921875,24302.75,38800
2024-11-04,23995.349609375,23995.349609375,24316.75,23816.150390625,24315.75,285500
2024-11-05,24213.30078125,24213.30078125,24229.05078125,23842.75,23916.5,289500
2024-11-06,24484.05078125,24484.05078125,24537.599609375,24204.05078125,24308.75,351100
2024-11-07,24199.349609375,24199.349609375,24503.349609375,24179.05078125,24489.599609375,322200
2024-11-08,24148.19921875,24148.19921875,24276.150390625,24066.650390625,24207.69921875,298700
2024-11-11,24141.30078125,24141.30078125,24336.80078125,24004.599609375,24087.25,273400
2024-11-12,23883.44921875,23883.44921875,24242.0,23839.150390625,24225.80078125,255800
2024-11-13,23559.05078125,23559.05078125,23873.599609375,23509.599609375,23822.44921875,304600
2024-11-14,23532.69921875,23532.69921875,23675.900390625,23484.150390625,23542.150390625,257700
2024-11-18,23453.80078125,23453.80078125,23606.80078125,23350.400390625,23605.30078125,263300
2024-11-19,23518.5,23518.5,23780.650390625,23464.80078125,23529.55078125,297500
2024-11-21,23349.900390625,23349.900390625,23507.30078125,23263.150390625,23488.44921875,420300
2024-11-22,23907.25,23907.25,23956.099609375,23359.0,23411.80078125,367600
2024-11-25,24221.900390625,24221.900390625,24351.55078125,24135.44921875,24253.55078125,687200
2024-11-26,24194.5,24194.5,24343.30078125,24125.400390625,24343.30078125,230700
2024-11-27,24274.900390625,24274.900390625,24354.55078125,24145.650390625,24204.80078125,295000
2024-11-28,23914.150390625,23914.150390625,24345.75,23873.349609375,24274.150390625,366700
2024-11-29,24131.099609375,24131.099609375,24188.44921875,23927.150390625,23927.150390625,282100
2024-12-02,24276.05078125,24276.05078125,24301.69921875,24008.650390625,24140.849609375,220400
2024-12-03,24457.150390625,24457.150390625,24481.349609375,24280.0,24367.5,339500
2024-12-04,24467.44921875,24467.44921875,24573.19921875,24366.30078125,24488.75,348000
2024-12-05,24708.400390625,24708.400390625,24857.75,24295.55078125,24539.150390625,361500
2024-12-06,24677.80078125,24677.80078125,24751.05078125,24620.5,24729.44921875,226700
2024-12-09,24619.0,24619.0,24705.0,24580.05078125,24633.900390625,248100
2024-12-10,24610.05078125,24610.05078125,24677.80078125,24510.650390625,24652.650390625,261000
2024-12-11,24641.80078125,24641.80078125,24691.75,24583.849609375,24620.5,187300
2024-12-12,24548.69921875,24548.69921875,24675.25,24527.94921875,24604.44921875,266100
2024-12-13,24768.30078125,24768.30078125,24792.30078125,24180.80078125,24498.349609375,310100
2024-12-16,24668.25,24668.25,24781.25,24601.75,24753.400390625,187600
2024-12-17,24336.0,24336.0,24624.099609375,24303.44921875,24584.80078125,264900
2024-12-18,24198.849609375,24198.849609375,24394.44921875,24149.849609375,24297.94921875,235300
2024-12-19,23951.69921875,23951.69921875,24004.900390625,23870.30078125,23877.150390625,271100
2024-12-20,23587.5,23587.5,24065.80078125,23537.349609375,23960.69921875,442700
2024-12-23,23753.44921875,23753.44921875,23869.55078125,23647.19921875,23738.19921875,189800
2024-12-24,23727.650390625,23727.650390625,23867.650390625,23685.150390625,23769.099609375,177700
2024-12-26,23750.19921875,23750.19921875,23854.5,23653.599609375,23775.80078125,177700
2024-12-27,23813.400390625,23813.400390625,23938.849609375,23800.599609375,23801.400390625,176800
2024-12-30,23644.900390625,23644.900390625,23915.349609375,23599.30078125,23796.900390625,364900
2024-12-31,23644.80078125,23644.80078125,23689.849609375,23460.44921875,23560.599609375,193600
2025-01-01,23742.900390625,23742.900390625,23822.80078125,23562.80078125,23637.650390625,154900
2025-01-02,24188.650390625,24188.650390625,24226.69921875,23751.55078125,23783.0,283200
2025-01-03,24004.75,24004.75,24196.44921875,23976.0,24196.400390625,312300
2025-01-06,23616.05078125,23616.05078125,24089.94921875,23551.900390625,24045.80078125,278100
2025-01-07,23707.900390625,23707.900390625,23795.19921875,23637.80078125,23679.900390625,262300
2025-01-08,23688.94921875,23688.94921875,23751.849609375,23496.150390625,23746.650390625,266400
2025-01-09,23526.5,23526.5,23689.5,23503.05078125,23674.75,269200
2025-01-10,23431.5,23431.5,23596.599609375,23344.349609375,23551.900390625,261000
2025-01-13,23085.94921875,23085.94921875,23340.94921875,23047.25,23195.400390625,316500
2025-01-14,23176.05078125,23176.05078125,23264.94921875,23134.150390625,23165.900390625,311200
2025-01-15,23213.19921875,23213.19921875,23293.650390625,23146.44921875,23250.44921875,228000
2025-01-16,23311.80078125,23311.80078125,23391.650390625,23272.05078125,23377.25,299400
2025-01-17,23203.19921875,23203.19921875,23292.099609375,23100.349609375,23277.099609375,272900
2025-01-20,23344.75,23344.75,23391.099609375,23170.650390625,23290.400390625,301500
2025-01-21,23024.650390625,23024.650390625,23426.30078125,22976.849609375,23421.650390625,312900
2025-01-22,23155.349609375,23155.349609375,23169.55078125,22981.30078125,23099.150390625,276000
2025-01-23,23205.349609375,23205.349609375,23270.80078125,23090.650390625,23128.30078125,275600
2025-01-24,23092.19921875,23092.19921875,23347.30078125,23050.0,23183.900390625,264300
2025-01-27,22829.150390625,22829.150390625,23007.44921875,22786.900390625,22940.150390625,257400
2025-01-28,22957.25,22957.25,23137.94921875,22857.650390625,22960.44921875,361900
2025-01-29,23163.099609375,23163.099609375,23183.349609375,22976.5,23026.75,226300
2025-01-30,23249.5,23249.5,23322.05078125,23139.19921875,23169.5,361900
2025-01-31,23508.400390625,23508.400390625,23546.80078125,23277.400390625,23296.75,304900
2025-02-01,23482.150390625,23482.150390625,23632.44921875,23318.30078125,23528.599609375,281000
2025-02-03,23361.05078125,23361.05078125,23381.599609375,23222.0,23319.349609375,329700
2025-02-04,23739.25,23739.25,23762.75,23423.150390625,23509.900390625,376700
2025-02-05,23696.30078125,23696.30078125,23807.30078125,23680.44921875,23801.75,267000
2025-02-06,23603.349609375,23603.349609375,23773.55078125,23556.25,23761.94921875,307000
2025-02-07,23559.94921875,23559.94921875,23694.5,23443.19921875,23649.5,368100
2025-02-10,23381.599609375,23381.599609375,23568.599609375,23316.30078125,23543.80078125,234200
2025-02-11,23071.80078125,23071.80078125,23390.05078125,22986.650390625,23383.55078125,268000
2025-02-12,23045.25,23045.25,23144.69921875,22798.349609375,23050.80078125,279700
2025-02-13,23031.400390625,23031.400390625,23235.5,22992.19921875,23055.75,265700
2025-02-14,22929.25,22929.25,23133.69921875,22774.849609375,23096.44921875,254500
2025-02-17,22959.5,22959.5,22974.19921875,22725.44921875,22809.900390625,207400
2025-02-18,22945.30078125,22945.30078125,22992.5,22801.5,22963.650390625,210600
2025-02-19,22932.900390625,22932.900390625,23049.94921875,22814.849609375,22847.25,207000
2025-02-20,22913.150390625,22913.150390625,22923.849609375,22812.75,22821.099609375,240800
2025-02-21,22795.900390625,22795.900390625,22921.0,22720.30078125,22857.19921875,242800
2025-02-24,22553.349609375,22553.349609375,22668.05078125,22518.80078125,22609.349609375,214300
2025-02-25,22547.55078125,22547.55078125,22625.30078125,22513.900390625,22516.44921875,250300
2025-02-27,22545.05078125,22545.05078125,22613.30078125,22508.400390625,22568.94921875,289200
2025-02-28,22124.69921875,22124.69921875,22450.349609375,22104.849609375,22433.400390625,551300
2025-03-03,22119.30078125,22119.30078125,22261.55078125,22004.69921875,22194.55078125,282400
2025-03-04,22082.650390625,22082.650390625,22105.05078125,21964.599609375,21974.44921875,253300
2025-03-05,22337.30078125,22337.30078125,22394.900390625,22067.80078125,22073.05078125,305900
2025-03-06,22544.69921875,22544.69921875,22556.44921875,22245.849609375,22476.349609375,372100
2025-03-07,22552.5,22552.5,22633.80078125,22464.75,22508.650390625,289800
2025-03-10,22460.30078125,22460.30078125,22676.75,22429.05078125,22521.849609375,293900
2025-03-11,22497.900390625,22497.900390625,22522.099609375,22314.69921875,22345.94921875,347900
2025-03-12,22470.5,22470.5,22577.400390625,22329.55078125,22536.349609375,369700
2025-03-13,22397.19921875,22397.19921875,22558.05078125,22377.349609375,22541.5,287500
2025-03-17,22508.75,22508.75,22577.0,22353.150390625,22353.150390625,251100
2025-03-18,22834.30078125,22834.30078125,22857.80078125,22599.19921875,22662.25,272600
2025-03-19,22907.599609375,22907.599609375,22940.69921875,22807.94921875,22874.94921875,324000
2025-03-20,23190.650390625,23190.650390625,23216.69921875,22973.94921875,23036.599609375,313700
2025-03-21,23350.400390625,23350.400390625,23402.69921875,23132.80078125,23168.25,541000
2025-03-24,23658.349609375,23658.349609375,23708.75,23433.5,23515.400390625,311900
2025-03-25,23668.650390625,23668.650390625,23869.599609375,23601.400390625,23751.5,338200
2025-03-26,23486.849609375,23486.849609375,23736.5,23451.69921875,23700.94921875,278600
2025-03-27,23591.94921875,23591.94921875,23646.44921875,23412.19921875,23433.94921875,510300
2025-03-28,23519.349609375,23519.349609375,23649.19921875,23450.19921875,23600.400390625,295400
2025-04-01,23165.69921875,23165.69921875,23565.150390625,23136.400390625,23341.099609375,314300
2025-04-02,23332.349609375,23332.349609375,23350.0,23158.44921875,23192.599609375,341000
2025-04-03,23250.099609375,23250.099609375,23306.5,23145.80078125,23150.30078125,283200
2025-04-04,22904.44921875,22904.44921875,23214.69921875,22857.44921875,23190.400390625,466800
2025-04-07,22161.599609375,22161.599609375,22254.0,21743.650390625,21758.400390625,647100
2025-04-08,22535.849609375,22535.849609375,22697.19921875,22270.849609375,22446.75,468300
2025-04-09,22399.150390625,22399.150390625,22468.69921875,22353.25,22460.30078125,383800
2025-04-11,22828.55078125,22828.55078125,22923.900390625,22695.400390625,22695.400390625,402200
2025-04-15,23328.55078125,23328.55078125,23368.349609375,23207.0,23368.349609375,388300
2025-04-16,23437.19921875,23437.19921875,23452.19921875,23273.05078125,23344.099609375,348400
2025-04-17,23851.650390625,23851.650390625,23872.349609375,23298.55078125,23401.849609375,505300
2025-04-21,24125.55078125,24125.55078125,24189.55078125,23903.650390625,23949.150390625,406100
2025-04-22,24167.25,24167.25,24242.599609375,24072.0,24185.400390625,440900
2025-04-23,24328.94921875,24328.94921875,24359.30078125,24119.94921875,24357.599609375,415000
2025-04-24,24246.69921875,24246.69921875,24347.849609375,24216.150390625,24277.900390625,358800
2025-04-25,24039.349609375,24039.349609375,24365.44921875,23847.849609375,24289.0,387700
2025-04-28,24328.5,24328.5,24355.099609375,24054.05078125,24070.25,320500
2025-04-29,24335.94921875,24335.94921875,24457.650390625,24290.75,24370.69921875,357600
2025-04-30,24334.19921875,24334.19921875,24396.150390625,24198.75,24342.05078125,424500
2025-05-02,24346.69921875,24346.69921875,24589.150390625,24238.5,24311.900390625,421100
2025-05-05,24461.150390625,24461.150390625,24526.400390625,24400.650390625,24419.5,291500
2025-05-06,24379.599609375,24379.599609375,24509.650390625,24331.80078125,24500.75,302400
2025-05-07,24414.400390625,24414.400390625,24449.599609375,24220.0,24233.30078125,330100
2025-05-08,24273.80078125,24273.80078125,24447.25,24150.19921875,24431.5,411400
2025-05-09,24008.0,24008.0,24164.25,23935.75,23935.75,335600
2025-05-12,24924.69921875,24924.69921875,24944.80078125,24378.849609375,24420.099609375,368700
2025-05-13,24578.349609375,24578.349609375,24973.80078125,24547.5,24864.05078125,423000
2025-05-14,24666.900390625,24666.900390625,24767.55078125,24535.55078125,24613.80078125,345500
2025-05-15,25062.099609375,25062.099609375,25116.25,24494.44921875,24694.44921875,500800
2025-05-16,25019.80078125,25019.80078125,25070.0,24953.05078125,25064.650390625,432700
2025-05-19,24945.44921875,24945.44921875,25062.94921875,24916.650390625,25005.349609375,255300
2025-05-20,24683.900390625,24683.900390625,25010.349609375,24669.69921875,24996.19921875,414800
2025-05-21,24813.44921875,24813.44921875,24946.19921875,24685.349609375,24744.25,332700
2025-05-22,24609.69921875,24609.69921875,24737.5,24462.400390625,24733.94921875,403300
2025-05-23,24853.150390625,24853.150390625,24909.05078125,24614.05078125,24639.5,270500
2025-05-26,25001.150390625,25001.150390625,25079.19921875,24900.5,24919.349609375,302800
2025-05-27,24826.19921875,24826.19921875,25062.900390625,24704.099609375,24956.650390625,525700
2025-05-28,24752.44921875,24752.44921875,24864.25,24737.05078125,24832.5,684400
2025-05-29,24833.599609375,24833.599609375,24892.599609375,24677.30078125,24825.099609375,345400
2025-05-30,24750.69921875,24750.69921875,24863.94921875,24717.400390625,24812.599609375,853900
2025-06-02,24716.599609375,24716.599609375,24754.400390625,24526.150390625,24669.69921875,311100
2025-06-03,24542.5,24542.5,24845.099609375,24502.150390625,24786.30078125,349300
2025-06-04,24620.19921875,24620.19921875,24644.25,24530.44921875,24560.44921875,280900
2025-06-05,24750.900390625,24750.900390625,24899.849609375,24613.099609375,24691.19921875,388400
2025-06-06,25003.05078125,25003.05078125,25029.5,24671.44921875,24748.69921875,335600
2025-06-09,25103.19921875,25103.19921875,25160.099609375,25077.150390625,25160.099609375,279200
2025-06-10,25104.25,25104.25,25199.30078125,25055.44921875,25196.05078125,307300
2025-06-11,25141.400390625,25141.400390625,25222.400390625,25081.30078125,25134.150390625,301200
2025-06-12,24888.19921875,24888.19921875,25196.19921875,24825.900390625,25164.44921875,328300
2025-06-13,24718.599609375,24718.599609375,24754.349609375,24473.0,24473.0,318700
2025-06-16,24946.5,24946.5,24967.099609375,24703.599609375,24732.349609375,305800
2025-06-17,24853.400390625,24853.400390625,24982.05078125,24813.69921875,24977.849609375,242400
2025-06-18,24812.05078125,24812.05078125,24947.55078125,24750.44921875,24788.349609375,237600
2025-06-19,24793.25,24793.25,24863.099609375,24733.400390625,24803.25,274600
2025-06-20,25112.400390625,25112.400390625,25136.19921875,24783.650390625,24787.650390625,574700
2025-06-23,24971.900390625,24971.900390625,25057.0,24824.849609375,24939.75,248500
2025-06-24,25044.349609375,25044.349609375,25317.69921875,24999.69921875,25179.900390625,450200
2025-06-25,25244.75,25244.75,25266.80078125,25125.05078125,25150.349609375,260600
2025-06-26,25549.0,25549.0,25565.30078125,25259.900390625,25268.94921875,428900
2025-06-27,25637.80078125,25637.80078125,25654.19921875,25523.55078125,25576.650390625,564000
2025-06-30,25517.05078125,25517.05078125,25669.349609375,25473.30078125,25661.650390625,271000
2025-07-01,25541.80078125,25541.80078125,25593.400390625,25501.80078125,25551.349609375,260700
2025-07-02,25453.400390625,25453.400390625,25608.099609375,25378.75,25588.30078125,309800
2025-07-03,25405.30078125,25405.30078125,25587.5,25384.349609375,25505.099609375,293400
2025-07-04,25461.0,25461.0,25470.25,25331.650390625,25428.849609375,193500
2025-07-07,25461.30078125,25461.30078125,25489.80078125,25407.25,25450.44921875,196100
2025-07-08,25522.5,25522.5,25548.05078125,25424.150390625,25427.849609375,210400
2025-07-09,25476.099609375,25476.099609375,25548.69921875,25424.349609375,25514.599609375,239100
2025-07-10,25355.25,25355.25,25524.05078125,25340.44921875,25511.650390625,219600
2025-07-11,25149.849609375,25149.849609375,25322.44921875,25129.0,25255.5,250000
2025-07-14,25082.30078125,25082.30078125,25151.099609375,25001.94921875,25149.5,259500
2025-07-15,25195.80078125,25195.80078125,25245.19921875,25088.44921875,25089.5,241300
2025-07-16,25212.05078125,25212.05078125,25255.30078125,25121.05078125,25196.599609375,228800
2025-07-17,25111.44921875,25111.44921875,25238.349609375,25101.0,25230.75,243400
2025-07-18,24968.400390625,24968.400390625,25144.599609375,24918.650390625,25108.55078125,317000
2025-07-21,25090.69921875,25090.69921875,25111.400390625,24882.30078125,24999.0,305200
2025-07-22,25060.900390625,25060.900390625,25182.0,25035.55078125,25166.650390625,483700
2025-07-23,25219.900390625,25219.900390625,25233.5,25085.5,25139.349609375,271500
2025-07-24,25062.099609375,25062.099609375,25246.25,25018.69921875,25243.30078125,338700
2025-07-25,24837.0,24837.0,25010.349609375,24806.349609375,25010.349609375,278100
2025-07-28,24680.900390625,24680.900390625,24889.19921875,24646.599609375,24782.44921875,262100
2025-07-29,24821.099609375,24821.099609375,24847.150390625,24598.599609375,24609.650390625,284700
2025-07-30,24855.05078125,24855.05078125,24902.30078125,24771.94921875,24890.400390625,243900
2025-07-31,24768.349609375,24768.349609375,24956.5,24635.0,24642.25,346300
2025-08-01,24565.349609375,24565.349609375,24784.150390625,24535.05078125,24734.900390625,263400
2025-08-04,24722.75,24722.75,24736.25,24554.0,24596.05078125,259300
2025-08-05,24649.55078125,24649.55078125,24733.099609375,24590.30078125,24720.25,251800
2025-08-06,24574.19921875,24574.19921875,24671.400390625,24539.19921875,24641.349609375,225100
2025-08-07,24596.150390625,24596.150390625,24634.19921875,24344.150390625,24464.19921875,616700
2025-08-08,24363.30078125,24363.30078125,24585.5,24337.5,24544.25,312600
2025-08-11,24585.05078125,24585.05078125,24600.849609375,24347.44921875,24371.5,241100
2025-08-12,24487.400390625,24487.400390625,24702.599609375,24465.650390625,24563.349609375,237000
2025-08-13,24619.349609375,24619.349609375,24664.55078125,24535.25,24586.19921875,236000
2025-08-14,24631.30078125,24631.30078125,24673.650390625,24596.900390625,24607.25,270200
2025-08-18,24876.94921875,24876.94921875,25022.0,24852.849609375,24938.19921875,363100
2025-08-19,24980.650390625,24980.650390625,25012.650390625,24873.94921875,24891.349609375,252300
2025-08-20,25050.55078125,25050.55078125,25088.69921875,24929.69921875,24965.80078125,287100
2025-08-21,25083.75,25083.75,25153.650390625,25054.900390625,25142.0,226500
2025-08-22,24870.099609375,24870.099609375,25084.849609375,24859.150390625,25064.150390625,210200
2025-08-25,24967.75,24967.75,25021.55078125,24894.349609375,24949.150390625,213000
2025-08-26,24712.05078125,24712.05078125,24919.650390625,24689.599609375,24899.5,750500
2025-08-28,24500.900390625,24500.900390625,24702.650390625,24481.599609375,24695.80078125,326600
2025-08-29,24426.849609375,24426.849609375,24572.44921875,24404.69921875,24466.69921875,325500
2025-09-01,24625.05078125,24625.05078125,24635.599609375,24432.69921875,24432.69921875,229300
2025-09-02,24579.599609375,24579.599609375,24756.099609375,24522.349609375,24653.0,271600
2025-09-03,24715.05078125,24715.05078125,24737.05078125,24533.19921875,24616.5,340300
2025-09-04,24734.30078125,24734.30078125,24980.75,24708.19921875,24980.75,314100
2025-09-05,24741.0,24741.0,24832.349609375,24621.599609375,24818.849609375,210100
2025-09-08,24773.150390625,24773.150390625,24885.5,24751.55078125,24802.599609375,213200
2025-09-09,24868.599609375,24868.599609375,24891.80078125,24814.0,24864.099609375,226900
2025-09-10,24973.099609375,24973.099609375,25035.69921875,24915.05078125,24991.0,244100
2025-09-11,25005.5,25005.5,25037.30078125,24940.150390625,24945.5,224600
2025-09-12,25114.0,25114.0,25139.44921875,25038.05078125,25074.44921875,225700
2025-09-15,25069.19921875,25069.19921875,25138.44921875,25048.75,25118.900390625,185400
2025-09-16,25239.099609375,25239.099609375,25261.400390625,25070.44921875,25073.599609375,240100
2025-09-17,25330.25,25330.25,25346.5,25275.349609375,25276.599609375,268900
2025-09-18,25423.599609375,25423.599609375,25448.94921875,25329.75,25441.05078125,272200
2025-09-19,25327.05078125,25327.05078125,25428.75,25286.30078125,25410.19921875,380400
2025-09-22,25202.349609375,25202.349609375,25331.69921875,25151.05078125,25238.099609375,254500
2025-09-23,25169.5,25169.5,25261.900390625,25084.650390625,25209.0,299200
2025-09-24,25056.900390625,25056.900390625,25149.849609375,25027.44921875,25108.75,244400
2025-09-25,24890.849609375,24890.849609375,25092.69921875,24878.30078125,25034.5,342500
2025-09-26,24654.69921875,24654.69921875,24868.599609375,24629.44921875,24818.55078125,291500
2025-09-29,24634.900390625,24634.900390625,24791.30078125,24606.19921875,24728.55078125,394400
2025-09-30,24611.099609375,24611.099609375,24731.80078125,24587.69921875,24691.94921875,303000
2025-10-01,24836.30078125,24836.30078125,24867.94921875,24605.94921875,24620.55078125,308900
2025-10-03,24894.25,24894.25,24904.80078125,24747.55078125,24759.55078125,365900
2025-10-06,25077.650390625,25077.650390625,25095.94921875,24881.650390625,24916.55078125,268800
2025-10-07,25108.30078125,25108.30078125,25220.900390625,25076.30078125,25085.30078125,288000
2025-10-08,25046.150390625,25046.150390625,25192.5,25008.5,25079.75,227400
2025-10-09,25181.80078125,25181.80078125,25199.25,25024.30078125,25074.30078125,286300
2025-10-10,25285.349609375,25285.349609375,25330.75,25156.849609375,25167.650390625,232900
2025-10-13,25227.349609375,25227.349609375,25267.30078125,25152.30078125,25177.30078125,234300
2025-10-14,25145.5,25145.5,25310.349609375,25060.55078125,25277.55078125,292100
2025-10-15,25323.55078125,25323.55078125,25365.150390625,25159.349609375,25181.94921875,289900
2025-10-16,25585.30078125,25585.30078125,25625.400390625,25376.849609375,25394.900390625,372800
2025-10-17,25709.849609375,25709.849609375,25781.5,25508.599609375,25546.849609375,422100
2025-10-20,25843.150390625,25843.150390625,25926.19921875,25788.5,25824.599609375,301100
2025-10-21,25868.599609375,25868.599609375,25934.349609375,25825.80078125,25901.19921875,42500
2025-10-23,25891.400390625,25891.400390625,26104.19921875,25862.44921875,26057.19921875,448400
2025-10-24,25795.150390625,25795.150390625,25944.150390625,25718.19921875,25935.099609375,284900
2025-10-27,25966.05078125,25966.05078125,26005.94921875,25827.0,25843.19921875,266300
2025-10-28,25936.19921875,25936.19921875,26041.69921875,25810.05078125,25939.94921875,395200
2025-10-29,26053.900390625,26053.900390625,26097.849609375,25960.30078125,25982.0,321900
2025-10-30,25877.849609375,25877.849609375,26032.05078125,25845.25,25984.400390625,257400
2025-10-31,25722.099609375,25722.099609375,25953.75,25711.19921875,25863.80078125,334400
2025-11-03,25763.349609375,25763.349609375,25803.099609375,25645.5,25696.849609375,23300
2025-11-04,25597.650390625,25597.650390625,25787.400390625,25578.400390625,25744.75,305100
2025-11-06,25509.69921875,25509.69921875,25679.150390625,25491.55078125,25593.349609375,371900
2025-11-07,25492.30078125,25492.30078125,25551.25,25318.44921875,25433.80078125,305600
2025-11-10,25574.349609375,25574.349609375,25653.44921875,25503.5,25503.5,243600
2025-11-11,25694.94921875,25694.94921875,25715.80078125,25449.25,25617.0,297700
2025-11-12,25875.80078125,25875.80078125,25934.55078125,25781.150390625,25834.30078125,312600
2025-11-13,25879.150390625,25879.150390625,26010.69921875,25808.400390625,25906.099609375,385200
2025-11-14,25910.05078125,25910.05078125,25940.19921875,25740.80078125,25767.900390625,518900
2025-11-17,26013.44921875,26013.44921875,26024.19921875,25906.349609375,25948.19921875,281800
2025-11-18,25910.05078125,25910.05078125,26029.849609375,25876.5,26021.80078125,280000
2025-11-19,26052.650390625,26052.650390625,26074.650390625,25856.19921875,25918.099609375,250100
2025-11-20,26192.150390625,26192.150390625,26246.650390625,26063.19921875,26132.099609375,240400
2025-11-21,26068.150390625,26068.150390625,26179.19921875,26052.19921875,26109.55078125,235600
2025-11-24,25959.5,25959.5,26142.80078125,25912.150390625,26122.80078125,464700
2025-11-25,25884.80078125,25884.80078125,26032.599609375,25857.5,25998.5,260500
2025-11-26,26205.30078125,26205.30078125,26215.150390625,25842.94921875,25842.94921875,275300
2025-11-27,26215.55078125,26215.55078125,26310.44921875,26141.900390625,26261.25,240300
2025-11-28,26202.94921875,26202.94921875,26280.75,26172.400390625,26237.44921875,202500
2025-12-01,26175.75,26175.75,26325.80078125,26124.19921875,26325.80078125,213800
2025-12-02,26032.19921875,26032.19921875,26154.599609375,25997.849609375,26087.94921875,254800
2025-12-03,25986.0,25986.0,26066.44921875,25891.0,26004.900390625,265700
2025-12-04,26033.75,26033.75,26098.25,25938.94921875,25981.849609375,248100
2025-12-05,26186.44921875,26186.44921875,26202.599609375,25985.349609375,25999.80078125,249300
2025-12-08,25960.55078125,25960.55078125,26178.69921875,25892.25,26159.80078125,320700
2025-12-09,25839.650390625,25839.650390625,25923.650390625,25728.0,25867.099609375,276000
2025-12-10,25758.0,25758.0,25947.650390625,25734.55078125,25864.05078125,207900
2025-12-11,25898.55078125,25898.55078125,25922.80078125,25693.25,25771.400390625,206100
2025-12-12,26046.94921875,26046.94921875,26057.599609375,25938.44921875,25971.19921875,216300
2025-12-15,26027.30078125,26027.30078125,26047.150390625,25904.75,25930.05078125,181600
2025-12-16,25860.099609375,25860.099609375,25980.75,25834.349609375,25951.5,264400
2025-12-17,25818.55078125,25818.55078125,25929.150390625,25770.349609375,25902.400390625,206500
2025-12-18,25815.55078125,25815.55078125,25902.349609375,25726.30078125,25764.69921875,197600
2025-12-19,25966.400390625,25966.400390625,25993.349609375,25880.44921875,25911.5,382900
2025-12-22,26172.400390625,26172.400390625,26180.69921875,26047.80078125,26055.849609375,253000
2025-12-23,26177.150390625,26177.150390625,26233.55078125,26119.05078125,26205.19921875,216600
2025-12-24,26142.099609375,26142.099609375,26236.400390625,26123.0,26170.650390625,188800
2025-12-26,26042.30078125,26042.30078125,26144.19921875,26008.599609375,26121.25,142200
2025-12-29,25942.099609375,25942.099609375,26106.80078125,25920.30078125,26063.349609375,234300
2025-12-30,25938.849609375,25938.849609375,25976.75,25878.0,25940.900390625,396900
2025-12-31,26129.599609375,26129.599609375,26187.94921875,25969.0,25971.05078125,246300
2026-01-01,26146.55078125,26146.55078125,26197.55078125,26113.400390625,26173.30078125,425600
2026-01-02,26328.55078125,26328.55078125,26340.0,26118.400390625,26155.099609375,357500
2026-01-05,26250.30078125,26250.30078125,26373.19921875,26210.05078125,26333.69921875,338800
2026-01-06,26178.69921875,26178.69921875,26273.94921875,26124.75,26189.69921875,383000
2026-01-07,26140.75,26140.75,26187.150390625,26067.900390625,26143.099609375,338200
2026-01-08,25876.849609375,25876.849609375,26133.19921875,25858.44921875,26106.5,328500
2026-01-09,25683.30078125,25683.30078125,25940.599609375,25623.0,25840.400390625,348800
2026-01-12,25790.25,25790.25,25813.150390625,25473.400390625,25669.05078125,275800
2026-01-13,25732.30078125,25732.30078125,25899.80078125,25603.30078125,25897.349609375,339500
2026-01-14,25665.599609375,25665.599609375,25791.75,25603.94921875,25648.55078125,393100
2026-01-16,25694.349609375,25694.349609375,25873.5,25662.400390625,25696.05078125,434000
2026-01-19,25585.5,25585.5,25653.30078125,25494.349609375,25653.099609375,443100
2026-01-20,25232.5,25232.5,25585.0,25171.349609375,25580.30078125,409800
2026-01-21,25157.5,25157.5,25300.94921875,24919.80078125,25141.0,395600
2026-01-22,25289.900390625,25289.900390625,25435.75,25168.5,25344.150390625,486400
2026-01-23,25048.650390625,25048.650390625,25347.94921875,25025.30078125,25344.599609375,393900
2026-01-27,25175.400390625,25175.400390625,25246.650390625,24932.55078125,25063.349609375,618700
2026-01-28,25342.75,25342.75,25372.099609375,25187.650390625,25258.849609375,574900
2026-01-29,25418.900390625,25418.900390625,25458.150390625,25159.80078125,25345.0,582400
2026-01-30,25320.650390625,25320.650390625,25370.69921875,25213.650390625,25247.55078125,508400
2026-02-02,25088.400390625,25088.400390625,25108.099609375,24679.400390625,24796.5,449200
2026-02-03,25727.55078125,25727.55078125,26341.19921875,25641.30078125,26308.05078125,637300
2026-02-04,25776.0,25776.0,25818.55078125,25563.94921875,25675.05078125,429800
2026-02-05,25642.80078125,25642.80078125,25757.650390625,25579.5,25755.900390625,343800
2026-02-06,25693.69921875,25693.69921875,25703.94921875,25491.900390625,25605.80078125,375500
2026-02-09,25867.30078125,25867.30078125,25922.25,25780.900390625,25888.69921875,359400
2026-02-10,25935.150390625,25935.150390625,25989.44921875,25870.44921875,25922.650390625,460900
2026-02-11,25953.849609375,25953.849609375,26009.400390625,25899.80078125,25997.44921875,331400
2026-02-12,25807.19921875,25807.19921875,25906.69921875,25752.400390625,25906.69921875,419400
2026-02-13,25471.099609375,25471.099609375,25630.349609375,25444.30078125,25571.150390625,453500
2026-02-16,25682.75,25682.75,25697.0,25372.69921875,25423.599609375,275800
2026-02-17,25725.400390625,25725.400390625,25764.400390625,25570.30078125,25637.94921875,344100
2026-02-18,25819.349609375,25819.349609375,25828.05078125,25645.150390625,25752.650390625,310200
2026-02-19,25454.349609375,25454.349609375,25885.30078125,25388.75,25873.349609375,298200
2026-02-20,25571.25,25571.25,25663.55078125,25379.75,25406.55078125,296600
2026-02-23,25713.0,25713.0,25771.44921875,25609.349609375,25678.400390625,313700
2026-02-24,25424.650390625,25424.650390625,25641.80078125,25327.599609375,25641.80078125,439100
2026-02-25,25482.5,25482.5,25652.599609375,25428.19921875,25512.599609375,414200
2026-02-26,25496.55078125,25496.55078125,25572.94921875,25400.94921875,25556.30078125,405200
2026-02-27,25178.650390625,25178.650390625,25476.400390625,25141.30078125,25459.849609375,438900
2026-03-02,24865.69921875,24865.69921875,24989.349609375,24603.5,24659.25,519200
2026-03-04,24480.5,24480.5,24602.44921875,24305.400390625,24388.80078125,599000
2026-03-05,24765.900390625,24765.900390625,24854.19921875,24529.400390625,24615.94921875,504300
2026-03-06,24450.44921875,24450.44921875,24700.900390625,24415.75,24656.400390625,433400
2026-03-09,24028.05078125,24028.05078125,24078.150390625,23697.80078125,23868.05078125,526900
2026-03-10,24261.599609375,24261.599609375,24303.80078125,24079.94921875,24280.80078125,444300
2026-03-11,23866.849609375,23866.849609375,24299.0,23834.30078125,24231.849609375,407400
2026-03-12,23639.150390625,23639.150390625,23833.150390625,23556.30078125,23674.849609375,501000
2026-03-13,23151.099609375,23151.099609375,23492.400390625,23112.0,23462.5,519800
2026-03-16,23408.80078125,23408.80078125,23502.0,22955.25,23116.099609375,540300
2026-03-17,23581.150390625,23581.150390625,23656.80078125,23346.599609375,23493.19921875,458800
2026-03-18,23777.80078125,23777.80078125,23862.25,23618.44921875,23632.900390625,382900
2026-03-19,23002.150390625,23002.150390625,23378.69921875,22930.349609375,23197.75,550100
2026-03-20,23114.5,23114.5,23345.150390625,23067.599609375,23110.150390625,663300
2026-03-23,22512.650390625,22512.650390625,22851.69921875,22471.25,22824.349609375,550300
2026-03-24,22912.400390625,22912.400390625,23057.30078125,22624.19921875,22878.44921875,538100
2026-03-25,23306.44921875,23306.44921875,23465.349609375,23063.19921875,23064.400390625,505400
2026-03-27,22819.599609375,22819.599609375,23186.099609375,22804.55078125,23173.55078125,612600
2026-03-30,22331.400390625,22331.400390625,22714.099609375,22283.849609375,22549.650390625,698600
2026-04-01,22679.400390625,22679.400390625,22941.30078125,22618.599609375,22899.0,518000
2026-04-02,22713.099609375,22713.099609375,22782.30078125,22182.55078125,22383.400390625,495100
2026-04-06,22968.25,22968.25,22998.349609375,22542.94921875,22780.30078125,426400
2026-04-07,23123.650390625,23123.650390625,23153.849609375,22719.30078125,22838.69921875,477000
2026-04-08,23997.349609375,23997.349609375,24025.150390625,23828.5,23855.150390625,639300
2026-04-09,23775.099609375,23775.099609375,23990.75,23682.80078125,23909.05078125,466600
2026-04-10,24050.599609375,24050.599609375,24074.05078125,23856.349609375,23880.55078125,481300
2026-04-13,23842.650390625,23842.650390625,23907.400390625,23555.599609375,23589.599609375,488800
2026-04-15,24231.30078125,24231.30078125,24280.900390625,24145.80078125,24163.80078125,460300
2026-04-16,24196.75,24196.75,24400.94921875,24102.80078125,24385.19921875,508000
2026-04-17,24353.55078125,24353.55078125,24371.900390625,24096.05078125,24165.900390625,498600
2026-04-20,24364.849609375,24364.849609375,24480.650390625,24241.25,24391.5,415900
2026-04-21,24576.599609375,24576.599609375,24601.69921875,24354.900390625,24374.55078125,425800
2026-04-22,24378.099609375,24378.099609375,24515.94921875,24352.900390625,24470.849609375,440500
2026-04-23,24173.05078125,24173.05078125,24310.19921875,24134.80078125,24202.349609375,467500
2026-04-24,23897.94921875,23897.94921875,24206.0,23813.650390625,24100.55078125,438400
2026-04-27,24092.69921875,24092.69921875,24130.69921875,23936.19921875,23945.44921875,430300
2026-04-28,23995.69921875,23995.69921875,24181.80078125,23957.05078125,24049.900390625,554100
2026-04-29,24177.650390625,24177.650390625,24334.69921875,24059.94921875,24096.900390625,531100
2026-04-30,23997.55078125,23997.55078125,24087.44921875,23796.849609375,23996.94921875,505500
2026-05-04,24119.30078125,24119.30078125,24290.19921875,24004.75,24063.55078125,419100
2026-05-05,24032.80078125,24032.80078125,24081.69921875,23882.05078125,24052.599609375,363300
2026-05-06,24330.94921875,24330.94921875,24356.5,23997.900390625,24171.0,429200
2026-05-07,24326.650390625,24326.650390625,24482.099609375,24284.0,24398.5,440600
2026-05-08,24176.150390625,24176.150390625,24253.80078125,24126.650390625,24233.650390625,335900
2026-05-11,23815.849609375,23815.849609375,23997.44921875,23799.099609375,23970.099609375,390100
2026-05-12,23379.55078125,23379.55078125,23757.55078125,23348.400390625,23722.599609375,447500
2026-05-13,23412.599609375,23412.599609375,23582.94921875,23262.55078125,23362.44921875,415400
2026-05-14,23689.599609375,23689.599609375,23777.19921875,23426.55078125,23530.25,428700
2026-05-15,23643.5,23643.5,23839.30078125,23610.30078125,23731.400390625,408900
2026-05-18,23649.94921875,23649.94921875,23695.650390625,23317.099609375,23482.19921875,392000
2026-05-19,23618.0,23618.0,23782.30078125,23587.19921875,23675.30078125,442000
2026-05-20,23659.0,23659.0,23690.900390625,23397.30078125,23457.25,344100
2026-05-21,23654.69921875,23654.69921875,23859.900390625,23596.599609375,23830.05078125,348200
2026-05-22,23719.30078125,23719.30078125,23835.650390625,23671.0,23671.19921875,336100
2026-05-25,24031.69921875,24031.69921875,24054.44921875,23922.849609375,23940.25,351200
2026-05-26,23913.69921875,23913.69921875,24089.80078125,23885.44921875,24004.099609375,387900
2026-05-27,23907.150390625,23907.150390625,23983.19921875,23858.25,23880.349609375,531600
2026-05-29,23547.75,23547.75,24002.80078125,23484.75,23902.150390625,1198000
2026-06-01,23382.599609375,23382.599609375,23733.69921875,23357.94921875,23654.5,421700
2026-06-02,23483.55078125,23483.55078125,23556.94921875,23229.150390625,23229.150390625,511900
2026-06-03,23405.599609375,23405.599609375,23459.650390625,23151.5,23415.94921875,450100
2026-06-04,23416.55078125,23416.55078125,23465.30078125,23247.30078125,23282.44921875,412500
2026-06-05,23366.69921875,23366.69921875,23516.349609375,23282.650390625,23478.94921875,366200
2026-06-08,23123.0,23123.0,23267.30078125,23070.150390625,23080.69921875,375700
2026-06-09,23242.099609375,23242.099609375,23279.400390625,23104.44921875,23259.05078125,402600
2026-06-10,23214.94921875,23214.94921875,23425.349609375,23184.599609375,23233.94921875,380000
2026-06-11,23161.599609375,23161.599609375,23327.44921875,23072.05078125,23104.400390625,363000
2026-06-12,23622.900390625,23622.900390625,23645.349609375,23313.900390625,23412.55078125,351900
2026-06-15,23853.900390625,23853.900390625,24011.400390625,23817.80078125,23984.849609375,398900
2026-06-16,23989.150390625,23989.150390625,24002.599609375,23888.19921875,23923.900390625,327300
2026-06-17,24085.69921875,24085.69921875,24108.19921875,23969.69921875,24044.5,352700
2026-06-18,24168.0,24168.0,24189.25,24036.94921875,24073.80078125,340000
2026-06-19,24013.099609375,24013.099609375,24047.19921875,23901.900390625,23991.19921875,447900
2026-06-22,24102.900390625,24102.900390625,24168.05078125,24073.150390625,24106.599609375,252800
2026-06-23,23824.099609375,23824.099609375,24135.5,23784.94921875,24071.30078125,340100
2026-06-24,24021.650390625,24021.650390625,24090.05078125,23789.25,23795.80078125,395600
2026-06-25,24056.0,24056.0,24261.599609375,24039.0,24125.849609375,448800
2026-06-29,23946.25,23946.25,24120.0,23924.55078125,24061.75,588500
2026-06-30,23865.75,23865.75,24035.55078125,23829.19921875,24032.05078125,449000
2026-07-01,24005.849609375,24005.849609375,24049.900390625,23895.099609375,23897.650390625,352100
2026-07-02,24175.69921875,24175.69921875,24194.55078125,24058.80078125,24062.19921875,372900
2026-07-03,24270.849609375,24270.849609375,24378.150390625,24252.349609375,24375.650390625,326600
2026-07-06,24430.349609375,24430.349609375,24458.650390625,24287.099609375,24306.849609375,329400
2026-07-07,24398.69921875,24398.69921875,24530.900390625,24348.94921875,24464.44921875,412600
2026-07-08,23882.05078125,23882.05078125,24300.0,23805.19921875,24259.55078125,420500
2026-07-09,23962.80078125,23962.80078125,24134.69921875,23925.69921875,23928.94921875,384800
2026-07-10,24206.900390625,24206.900390625,24228.44921875,24120.349609375,24124.69921875,313100
2026-07-13,24211.0,24211.0,24259.80078125,24000.19921875,24039.400390625,322700
2026-07-14,24052.05078125,24052.05078125,24157.099609375,24023.69921875,24068.0,355800
2026-07-15,24078.5,24078.5,24220.349609375,24010.55078125,24085.849609375,306900
2026-07-16,24072.75,24072.75,24186.5,24050.0,24142.099609375,264300
2026-07-17,24334.30078125,24334.30078125,24367.30078125,24099.05078125,24127.599609375,387800
2026-07-20,24238.5,24238.5,24266.099609375,24135.849609375,24190.05078125,353100
2026-07-21,24187.69921875,24187.69921875,24262.19921875,24135.650390625,24216.05078125,315600
2026-07-22,23996.25,23996.25,24166.30078125,23961.400390625,24150.44921875,304700
2026-07-23,23869.599609375,23869.599609375,23990.75,23807.19921875,23904.80078125,344000
2026-07-24,23767.44921875,23767.44921875,23823.599609375,23606.30078125,23666.349609375,333900
2026-07-27,23995.94921875,23995.94921875,24011.599609375,23891.55078125,23928.400390625,319400
2026-07-28,23985.349609375,23985.349609375,24041.150390625,23954.599609375,23971.25,437800
2026-07-29,24250.19921875,24250.19921875,24283.55078125,24136.75,24176.650390625,424200
2026-07-30,24317.150390625,24317.150390625,24342.94921875,24187.099609375,24249.55078125,400600
2026-07-31,24383.599609375,24383.599609375,24429.400390625,24299.69921875,24361.44921875,411700
2026-08-03,24774.30078125,24774.30078125,24774.30078125,24515.150390625,24572.69921875,342300
2026-08-04,24614.900390625,24614.900390625,24703.900390625,24427.94921875,24703.900390625,296500
2026-08-05,24624.650390625,24624.650390625,24677.599609375,24497.94921875,24669.19921875,355500
2026-08-06,24636.0,24636.0,24677.05078125,24604.150390625,24641.0,344000
2026-08-07,24570.650390625,24570.650390625,24630.400390625,24522.75,24538.900390625,254800
2026-08-10,24583.80078125,24583.80078125,24620.94921875,24511.099609375,24581.25,269500
2026-08-11,24471.69921875,24471.69921875,24576.849609375,24429.25,24575.099609375,271800
2026-08-12,24435.94921875,24435.94921875,24473.30078125,24265.94921875,24472.44921875,317600
2026-08-13,24395.849609375,24395.849609375,24431.599609375,24311.400390625,24431.599609375,295800
2026-08-14,24366.0,24366.0,24405.19921875,24296.80078125,24361.900390625,267700
2026-08-17,24287.650390625,24287.650390625,24360.099609375,24226.94921875,24343.44921875,225400
2026-08-18,24154.900390625,24154.900390625,24269.650390625,24154.900390625,24223.849609375,227000
2026-08-19,24078.30078125,24078.30078125,24172.849609375,24025.650390625,24152.05078125,238700
2026-08-20,24231.849609375,24231.849609375,24265.150390625,24184.55078125,24225.44921875,253900
2026-08-21,24252.0,24252.0,24284.05078125,24206.80078125,24284.05078125,259300
2026-08-24,24219.05078125,24219.05078125,24313.0,24144.30078125,24285.05078125,236300
2026-08-25,24134.400390625,24134.400390625,24198.25,24115.44921875,24175.75,0
