Date,Adj Close,Close,High,Low,Open,Volume
2008-01-01,4004.139892578125,4004.139892578125,4004.139892578125,4004.139892578125,4004.139892578125,0
2008-01-02,4039.139892578125,4039.139892578125,4039.139892578125,4039.139892578125,4039.139892578125,0
2008-01-03,4030.159912109375,4030.159912109375,4030.159912109375,4030.159912109375,4030.159912109375,0
2008-01-04,4038.10009765625,4038.10009765625,4038.10009765625,4038.10009765625,4038.10009765625,0
2008-01-07,4034.6298828125,4034.6298828125,4034.6298828125,4034.6298828125,4034.6298828125,0
2008-01-08,3918.780029296875,3918.780029296875,3918.780029296875,3918.780029296875,3918.780029296875,0
2008-01-09,3892.7900390625,3892.7900390625,3892.7900390625,3892.7900390625,3892.7900390625,0
2008-01-10,3761.739990234375,3761.739990234375,3761.739990234375,3761.739990234375,3761.739990234375,0
2008-01-11,3741.75,3741.75,3741.75,3741.75,3741.75,0
2008-01-14,3778.0,3778.0,3778.0,3778.0,3778.0,0
2008-01-15,3741.760009765625,3741.760009765625,3741.760009765625,3741.760009765625,3741.760009765625,0
2008-01-16,3658.1298828125,3658.1298828125,3658.1298828125,3658.1298828125,3658.1298828125,0
2008-01-17,3712.0,3712.0,3712.0,3712.0,3712.0,0
2008-01-18,3539.010009765625,3539.010009765625,3539.010009765625,3539.010009765625,3539.010009765625,0
2008-01-21,3123.919921875,3123.919921875,3123.919921875,3123.919921875,3123.919921875,0
2008-01-22,2847.739990234375,2847.739990234375,2847.739990234375,2847.739990234375,2847.739990234375,0
2008-01-23,3055.85009765625,3055.85009765625,3055.85009765625,3055.85009765625,3055.85009765625,0
2008-01-24,2954.719970703125,2954.719970703125,2954.719970703125,2954.719970703125,2954.719970703125,0
2008-01-25,3124.7099609375,3124.7099609375,3124.7099609375,3124.7099609375,3124.7099609375,0
2008-01-28,3110.090087890625,3110.090087890625,3110.090087890625,3110.090087890625,3110.090087890625,0
2008-01-29,3136.280029296875,3136.280029296875,3136.280029296875,3136.280029296875,3136.280029296875,0
2008-01-30,3062.360107421875,3062.360107421875,3062.360107421875,3062.360107421875,3062.360107421875,0
2008-01-31,3030.27001953125,3030.27001953125,3030.27001953125,3030.27001953125,3030.27001953125,0
2008-02-01,3033.18994140625,3033.18994140625,3033.18994140625,3033.18994140625,3033.18994140625,0
2008-02-04,3109.60009765625,3109.60009765625,3109.60009765625,3109.60009765625,3109.60009765625,0
2008-02-05,3143.719970703125,3143.719970703125,3143.719970703125,3143.719970703125,3143.719970703125,0
2008-02-06,3115.72998046875,3115.72998046875,3115.72998046875,3115.72998046875,3115.72998046875,0
2008-02-07,3050.080078125,3050.080078125,3050.080078125,3050.080078125,3050.080078125,0
2008-02-08,2986.75,2986.75,2986.75,2986.75,2986.75,0
2008-02-11,2820.81005859375,2820.81005859375,2820.81005859375,2820.81005859375,2820.81005859375,0
2008-02-12,2754.9599609375,2754.9599609375,2754.9599609375,2754.9599609375,2754.9599609375,0
2008-02-13,2747.219970703125,2747.219970703125,2747.219970703125,2747.219970703125,2747.219970703125,0
2008-02-14,2884.3798828125,2884.3798828125,2884.3798828125,2884.3798828125,2884.3798828125,0
2008-02-15,2939.550048828125,2939.550048828125,2939.550048828125,2939.550048828125,2939.550048828125,0
2008-02-18,2977.860107421875,2977.860107421875,2977.860107421875,2977.860107421875,2977.860107421875,0
2008-02-19,2994.610107421875,2994.610107421875,2994.610107421875,2994.610107421875,2994.610107421875,0
2008-02-20,2956.449951171875,2956.449951171875,2956.449951171875,2956.449951171875,2956.449951171875,0
2008-02-21,2985.070068359375,2985.070068359375,2985.070068359375,2985.070068359375,2985.070068359375,0
2008-02-22,2959.6298828125,2959.6298828125,2959.6298828125,2959.6298828125,2959.6298828125,0
2008-02-25,2945.25,2945.25,2945.25,2945.25,2945.25,0
2008-02-26,2993.93994140625,2993.93994140625,2993.93994140625,2993.93994140625,2993.93994140625,0
2008-02-27,3003.06005859375,3003.06005859375,3003.06005859375,3003.06005859375,3003.06005859375,0
2008-02-28,2996.8701171875,2996.8701171875,2996.8701171875,2996.8701171875,2996.8701171875,0
2008-02-29,2987.760009765625,2987.760009765625,2987.760009765625,2987.760009765625,2987.760009765625,0
2008-03-03,2854.260009765625,2854.260009765625,2854.260009765625,2854.260009765625,2854.260009765625,0
2008-03-04,2779.22998046875,2779.22998046875,2779.22998046875,2779.22998046875,2779.22998046875,0
2008-03-05,2752.1298828125,2752.1298828125,2752.1298828125,2752.1298828125,2752.1298828125,0
2008-03-07,2630.77001953125,2630.77001953125,2630.77001953125,2630.77001953125,2630.77001953125,0
2008-03-10,2602.8798828125,2602.8798828125,2602.8798828125,2602.8798828125,2602.8798828125,0
2008-03-11,2687.929931640625,2687.929931640625,2687.929931640625,2687.929931640625,2687.929931640625,0
2008-03-12,2669.679931640625,2669.679931640625,2669.679931640625,2669.679931640625,2669.679931640625,0
2008-03-13,2522.219970703125,2522.219970703125,2522.219970703125,2522.219970703125,2522.219970703125,0
2008-03-14,2545.239990234375,2545.239990234375,2545.239990234375,2545.239990234375,2545.239990234375,0
2008-03-17,2388.360107421875,2388.360107421875,2388.360107421875,2388.360107421875,2388.360107421875,0
2008-03-18,2360.6201171875,2360.6201171875,2360.6201171875,2360.6201171875,2360.6201171875,0
2008-03-19,2326.2099609375,2326.2099609375,2326.2099609375,2326.2099609375,2326.2099609375,0
2008-03-24,2240.0400390625,2240.0400390625,2240.0400390625,2240.0400390625,2240.0400390625,0
2008-03-25,2369.14990234375,2369.14990234375,2369.14990234375,2369.14990234375,2369.14990234375,0
2008-03-26,2420.409912109375,2420.409912109375,2420.409912109375,2420.409912109375,2420.409912109375,0
2008-03-27,2436.090087890625,2436.090087890625,2436.090087890625,2436.090087890625,2436.090087890625,0
2008-03-28,2546.0400390625,2546.0400390625,2546.0400390625,2546.0400390625,2546.0400390625,0
2008-03-31,2520.8701171875,2520.8701171875,2520.8701171875,2520.8701171875,2520.8701171875,0
2008-04-01,2504.840087890625,2504.840087890625,2504.840087890625,2504.840087890625,2504.840087890625,0
2008-04-02,2502.239990234375,2502.239990234375,2502.239990234375,2502.239990234375,2502.239990234375,0
2008-04-03,2485.719970703125,2485.719970703125,2485.719970703125,2485.719970703125,2485.719970703125,0
2008-04-04,2444.56005859375,2444.56005859375,2444.56005859375,2444.56005859375,2444.56005859375,0
2008-04-07,2468.8701171875,2468.8701171875,2468.8701171875,2468.8701171875,2468.8701171875,0
2008-04-08,2478.780029296875,2478.780029296875,2478.780029296875,2478.780029296875,2478.780029296875,0
2008-04-09,2520.0,2520.0,2520.0,2520.0,2520.0,0
2008-04-10,2531.080078125,2531.080078125,2531.080078125,2531.080078125,2531.080078125,0
2008-04-11,2545.070068359375,2545.070068359375,2545.070068359375,2545.070068359375,2545.070068359375,0
2008-04-15,2571.530029296875,2571.530029296875,2571.530029296875,2571.530029296875,2571.530029296875,0
2008-04-16,2613.81005859375,2613.81005859375,2613.81005859375,2613.81005859375,2613.81005859375,0
2008-04-17,2664.949951171875,2664.949951171875,2664.949951171875,2664.949951171875,2664.949951171875,0
2008-04-21,2729.780029296875,2729.780029296875,2729.780029296875,2729.780029296875,2729.780029296875,0
2008-04-22,2741.889892578125,2741.889892578125,2741.889892578125,2741.889892578125,2741.889892578125,0
2008-04-23,2751.659912109375,2751.659912109375,2751.659912109375,2751.659912109375,2751.659912109375,0
2008-04-24,2727.77001953125,2727.77001953125,2727.77001953125,2727.77001953125,2727.77001953125,0
2008-04-25,2735.199951171875,2735.199951171875,2735.199951171875,2735.199951171875,2735.199951171875,0
2008-04-28,2740.75,2740.75,2740.75,2740.75,2740.75,0
2008-04-29,2772.429931640625,2772.429931640625,2772.429931640625,2772.429931640625,2772.429931640625,0
2008-04-30,2780.280029296875,2780.280029296875,2780.280029296875,2780.280029296875,2780.280029296875,0
2008-05-02,2803.260009765625,2803.260009765625,2803.260009765625,2803.260009765625,2803.260009765625,0
2008-05-05,2813.8798828125,2813.8798828125,2813.8798828125,2813.8798828125,2813.8798828125,0
2008-05-06,2779.02001953125,2779.02001953125,2779.02001953125,2779.02001953125,2779.02001953125,0
2008-05-07,2775.02001953125,2775.02001953125,2775.02001953125,2775.02001953125,2775.02001953125,0
2008-05-08,2755.4599609375,2755.4599609375,2755.4599609375,2755.4599609375,2755.4599609375,0
2008-05-09,2696.2099609375,2696.2099609375,2696.2099609375,2696.2099609375,2696.2099609375,0
2008-05-12,2672.199951171875,2672.199951171875,2672.199951171875,2672.199951171875,2672.199951171875,0
2008-05-13,2676.219970703125,2676.219970703125,2676.219970703125,2676.219970703125,2676.219970703125,0
2008-05-14,2691.02001953125,2691.02001953125,2691.02001953125,2691.02001953125,2691.02001953125,0
2008-05-15,2735.14990234375,2735.14990234375,2735.14990234375,2735.14990234375,2735.14990234375,0
2008-05-16,2759.010009765625,2759.010009765625,2759.010009765625,2759.010009765625,2759.010009765625,0
2008-05-20,2758.9599609375,2758.9599609375,2758.9599609375,2758.9599609375,2758.9599609375,0
2008-05-21,2781.889892578125,2781.889892578125,2781.889892578125,2781.889892578125,2781.889892578125,0
2008-05-22,2743.780029296875,2743.780029296875,2743.780029296875,2743.780029296875,2743.780029296875,0
2008-05-23,2702.280029296875,2702.280029296875,2702.280029296875,2702.280029296875,2702.280029296875,0
2008-05-26,2645.75,2645.75,2645.75,2645.75,2645.75,0
2008-05-27,2618.06005859375,2618.06005859375,2618.06005859375,2618.06005859375,2618.06005859375,0
2008-05-28,2639.3701171875,2639.3701171875,2639.3701171875,2639.3701171875,2639.3701171875,0
2008-05-29,2627.10009765625,2627.10009765625,2627.10009765625,2627.10009765625,2627.10009765625,0
2008-05-30,2628.580078125,2628.580078125,2628.580078125,2628.580078125,2628.580078125,0
2008-06-02,2561.080078125,2561.080078125,2561.080078125,2561.080078125,2561.080078125,0
2008-06-03,2532.830078125,2532.830078125,2532.830078125,2532.830078125,2532.830078125,0
2008-06-04,2475.06005859375,2475.06005859375,2475.06005859375,2475.06005859375,2475.06005859375,0
2008-06-05,2478.820068359375,2478.820068359375,2478.820068359375,2478.820068359375,2478.820068359375,0
2008-06-06,2465.510009765625,2465.510009765625,2465.510009765625,2465.510009765625,2465.510009765625,0
2008-06-09,2391.010009765625,2391.010009765625,2391.010009765625,2391.010009765625,2391.010009765625,0
2008-06-10,2375.050048828125,2375.050048828125,2375.050048828125,2375.050048828125,2375.050048828125,0
2008-06-11,2414.679931640625,2414.679931640625,2414.679931640625,2414.679931640625,2414.679931640625,0
2008-06-12,2433.31005859375,2433.31005859375,2433.31005859375,2433.31005859375,2433.31005859375,0
2008-06-13,2444.360107421875,2444.360107421875,2444.360107421875,2444.360107421875,2444.360107421875,0
2008-06-16,2473.75,2473.75,2473.75,2473.75,2473.75,0
2008-06-17,2514.919921875,2514.919921875,2514.919921875,2514.919921875,2514.919921875,0
2008-06-18,2506.3701171875,2506.3701171875,2506.3701171875,2506.3701171875,2506.3701171875,0
2008-06-19,2467.530029296875,2467.530029296875,2467.530029296875,2467.530029296875,2467.530029296875,0
2008-06-20,2397.909912109375,2397.909912109375,2397.909912109375,2397.909912109375,2397.909912109375,0
2008-06-23,2319.27001953125,2319.27001953125,2319.27001953125,2319.27001953125,2319.27001953125,0
2008-06-24,2290.239990234375,2290.239990234375,2290.239990234375,2290.239990234375,2290.239990234375,0
2008-06-25,2309.35009765625,2309.35009765625,2309.35009765625,2309.35009765625,2309.35009765625,0
2008-06-26,2317.949951171875,2317.949951171875,2317.949951171875,2317.949951171875,2317.949951171875,0
2008-06-27,2258.8798828125,2258.8798828125,2258.8798828125,2258.8798828125,2258.8798828125,0
2008-06-30,2193.35009765625,2193.35009765625,2193.35009765625,2193.35009765625,2193.35009765625,0
2008-07-01,2095.18994140625,2095.18994140625,2095.18994140625,2095.18994140625,2095.18994140625,0
2008-07-02,2140.860107421875,2140.860107421875,2140.860107421875,2140.860107421875,2140.860107421875,0
2008-07-03,2089.97998046875,2089.97998046875,2089.97998046875,2089.97998046875,2089.97998046875,0
2008-07-04,2130.169921875,2130.169921875,2130.169921875,2130.169921875,2130.169921875,0
2008-07-07,2162.60009765625,2162.60009765625,2162.60009765625,2162.60009765625,2162.60009765625,0
2008-07-08,2147.830078125,2147.830078125,2147.830078125,2147.830078125,2147.830078125,0
2008-07-09,2203.949951171875,2203.949951171875,2203.949951171875,2203.949951171875,2203.949951171875,0
2008-07-10,2210.340087890625,2210.340087890625,2210.340087890625,2210.340087890625,2210.340087890625,0
2008-07-11,2177.3701171875,2177.3701171875,2177.3701171875,2177.3701171875,2177.3701171875,0
2008-07-14,2158.969970703125,2158.969970703125,2158.969970703125,2158.969970703125,2158.969970703125,0
2008-07-15,2101.300048828125,2101.300048828125,2101.300048828125,2101.300048828125,2101.300048828125,0
2008-07-16,2079.679931640625,2079.679931640625,2079.679931640625,2079.679931640625,2079.679931640625,0
2008-07-17,2100.989990234375,2100.989990234375,2100.989990234375,2100.989990234375,2100.989990234375,0
2008-07-18,2120.110107421875,2120.110107421875,2120.110107421875,2120.110107421875,2120.110107421875,0
2008-07-21,2115.56005859375,2115.56005859375,2115.56005859375,2115.56005859375,2115.56005859375,0
2008-07-22,2149.7099609375,2149.7099609375,2149.7099609375,2149.7099609375,2149.7099609375,0
2008-07-23,2237.550048828125,2237.550048828125,2237.550048828125,2237.550048828125,2237.550048828125,0
2008-07-24,2231.3701171875,2231.3701171875,2231.3701171875,2231.3701171875,2231.3701171875,0
2008-07-25,2223.06005859375,2223.06005859375,2223.06005859375,2223.06005859375,2223.06005859375,0
2008-07-28,2253.14990234375,2253.14990234375,2253.14990234375,2253.14990234375,2253.14990234375,0
2008-07-29,2217.389892578125,2217.389892578125,2217.389892578125,2217.389892578125,2217.389892578125,0
2008-07-30,2242.760009765625,2242.760009765625,2242.760009765625,2242.760009765625,2242.760009765625,0
2008-07-31,2245.110107421875,2245.110107421875,2245.110107421875,2245.110107421875,2245.110107421875,0
2008-08-01,2263.0400390625,2263.0400390625,2263.0400390625,2263.0400390625,2263.0400390625,0
2008-08-04,2295.489990234375,2295.489990234375,2295.489990234375,2295.489990234375,2295.489990234375,0
2008-08-05,2318.43994140625,2318.43994140625,2318.43994140625,2318.43994140625,2318.43994140625,0
2008-08-06,2318.56005859375,2318.56005859375,2318.56005859375,2318.56005859375,2318.56005859375,0
2008-08-07,2332.949951171875,2332.949951171875,2332.949951171875,2332.949951171875,2332.949951171875,0
2008-08-08,2344.070068359375,2344.070068359375,2344.070068359375,2344.070068359375,2344.070068359375,0
2008-08-11,2373.419921875,2373.419921875,2373.419921875,2373.419921875,2373.419921875,0
2008-08-12,2361.639892578125,2361.639892578125,2361.639892578125,2361.639892578125,2361.639892578125,0
2008-08-13,2366.929931640625,2366.929931640625,2366.929931640625,2366.929931640625,2366.929931640625,0
2008-08-14,2332.860107421875,2332.860107421875,2332.860107421875,2332.860107421875,2332.860107421875,0
2008-08-18,2312.889892578125,2312.889892578125,2312.889892578125,2312.889892578125,2312.889892578125,0
2008-08-19,2314.360107421875,2314.360107421875,2314.360107421875,2314.360107421875,2314.360107421875,0
2008-08-20,2343.43994140625,2343.43994140625,2343.43994140625,2343.43994140625,2343.43994140625,0
2008-08-21,2296.06005859375,2296.06005859375,2296.06005859375,2296.06005859375,2296.06005859375,0
2008-08-22,2297.5,2297.5,2297.5,2297.5,2297.5,0
2008-08-25,2299.1201171875,2299.1201171875,2299.1201171875,2299.1201171875,2299.1201171875,0
2008-08-26,2298.360107421875,2298.360107421875,2298.360107421875,2298.360107421875,2298.360107421875,0
2008-08-27,2288.0,2288.0,2288.0,2288.0,2288.0,0
2008-08-28,2257.739990234375,2257.739990234375,2257.739990234375,2257.739990234375,2257.739990234375,0
2008-08-29,2301.7900390625,2301.7900390625,2301.7900390625,2301.7900390625,2301.7900390625,0
2008-09-01,2294.2099609375,2294.2099609375,2294.2099609375,2294.2099609375,2294.2099609375,0
2008-09-02,2316.590087890625,2316.590087890625,2316.590087890625,2316.590087890625,2316.590087890625,0
2008-09-04,2312.8701171875,2312.8701171875,2312.8701171875,2312.8701171875,2312.8701171875,0
2008-09-05,2285.860107421875,2285.860107421875,2285.860107421875,2285.860107421875,2285.860107421875,0
2008-09-08,2303.219970703125,2303.219970703125,2303.219970703125,2303.219970703125,2303.219970703125,0
2008-09-09,2294.179931640625,2294.179931640625,2294.179931640625,2294.179931640625,2294.179931640625,0
2008-09-10,2270.5,2270.5,2270.5,2270.5,2270.5,0
2008-09-11,2243.27001953125,2243.27001953125,2243.27001953125,2243.27001953125,2243.27001953125,0
2008-09-12,2203.6298828125,2203.6298828125,2203.6298828125,2203.6298828125,2203.6298828125,0
2008-09-15,2100.10009765625,2100.10009765625,2100.10009765625,2100.10009765625,2100.10009765625,0
2008-09-16,2070.35009765625,2070.35009765625,2070.35009765625,2070.35009765625,2070.35009765625,0
2008-09-17,2042.1400146484375,2042.1400146484375,2042.1400146484375,2042.1400146484375,2042.1400146484375,0
2008-09-18,2003.4000244140625,2003.4000244140625,2003.4000244140625,2003.4000244140625,2003.4000244140625,0
2008-09-19,2055.14990234375,2055.14990234375,2055.14990234375,2055.14990234375,2055.14990234375,0
2008-09-22,2051.4599609375,2051.4599609375,2051.4599609375,2051.4599609375,2051.4599609375,0
2008-09-23,2012.1199951171875,2012.1199951171875,2012.1199951171875,2012.1199951171875,2012.1199951171875,0
2008-09-24,2019.1199951171875,2019.1199951171875,2019.1199951171875,2019.1199951171875,2019.1199951171875,0
2008-09-25,1997.93994140625,1997.93994140625,1997.93994140625,1997.93994140625,1997.93994140625,0
2008-09-26,1937.6800537109375,1937.6800537109375,1937.6800537109375,1937.6800537109375,1937.6800537109375,0
2008-09-29,1842.4100341796875,1842.4100341796875,1842.4100341796875,1842.4100341796875,1842.4100341796875,0
2008-09-30,1864.6400146484375,1864.6400146484375,1864.6400146484375,1864.6400146484375,1864.6400146484375,0
2008-10-01,1874.6500244140625,1874.6500244140625,1874.6500244140625,1874.6500244140625,1874.6500244140625,0
2008-10-03,1818.6400146484375,1818.6400146484375,1818.6400146484375,1818.6400146484375,1818.6400146484375,0
2008-10-06,1690.43994140625,1690.43994140625,1690.43994140625,1690.43994140625,1690.43994140625,0
2008-10-07,1651.739990234375,1651.739990234375,1651.739990234375,1651.739990234375,1651.739990234375,0
2008-10-08,1569.56005859375,1569.56005859375,1569.56005859375,1569.56005859375,1569.56005859375,0
2008-10-10,1439.81005859375,1439.81005859375,1439.81005859375,1439.81005859375,1439.81005859375,0
2008-10-13,1489.1500244140625,1489.1500244140625,1489.1500244140625,1489.1500244140625,1489.1500244140625,0
2008-10-14,1525.4300537109375,1525.4300537109375,1525.4300537109375,1525.4300537109375,1525.4300537109375,0
2008-10-15,1453.3499755859375,1453.3499755859375,1453.3499755859375,1453.3499755859375,1453.3499755859375,0
2008-10-16,1436.43994140625,1436.43994140625,1436.43994140625,1436.43994140625,1436.43994140625,0
2008-10-17,1398.1600341796875,1398.1600341796875,1398.1600341796875,1398.1600341796875,1398.1600341796875,0
2008-10-20,1376.199951171875,1376.199951171875,1376.199951171875,1376.199951171875,1376.199951171875,0
2008-10-21,1405.47998046875,1405.47998046875,1405.47998046875,1405.47998046875,1405.47998046875,0
2008-10-22,1376.0699462890625,1376.0699462890625,1376.0699462890625,1376.0699462890625,1376.0699462890625,0
2008-10-23,1328.02001953125,1328.02001953125,1328.02001953125,1328.02001953125,1328.02001953125,0
2008-10-24,1217.3599853515625,1217.3599853515625,1217.3599853515625,1217.3599853515625,1217.3599853515625,0
2008-10-27,1155.8800048828125,1155.8800048828125,1155.8800048828125,1155.8800048828125,1155.8800048828125,0
2008-10-29,1227.199951171875,1227.199951171875,1227.199951171875,1227.199951171875,1227.199951171875,0
2008-10-31,1264.0999755859375,1264.0999755859375,1264.0999755859375,1264.0999755859375,1264.0999755859375,0
2008-11-03,1320.56005859375,1320.56005859375,1320.56005859375,1320.56005859375,1320.56005859375,0
2008-11-04,1351.18994140625,1351.18994140625,1351.18994140625,1351.18994140625,1351.18994140625,0
2008-11-05,1323.800048828125,1323.800048828125,1323.800048828125,1323.800048828125,1323.800048828125,0
2008-11-06,1292.3199462890625,1292.3199462890625,1292.3199462890625,1292.3199462890625,1292.3199462890625,0
2008-11-07,1301.6800537109375,1301.6800537109375,1301.6800537109375,1301.6800537109375,1301.6800537109375,0
2008-11-10,1335.9300537109375,1335.9300537109375,1335.9300537109375,1335.9300537109375,1335.9300537109375,0
2008-11-11,1294.68994140625,1294.68994140625,1294.68994140625,1294.68994140625,1294.68994140625,0
2008-11-12,1274.31005859375,1274.31005859375,1274.31005859375,1274.31005859375,1274.31005859375,0
2008-11-14,1255.02001953125,1255.02001953125,1255.02001953125,1255.02001953125,1255.02001953125,0
2008-11-17,1223.1199951171875,1223.1199951171875,1223.1199951171875,1223.1199951171875,1223.1199951171875,0
2008-11-18,1191.199951171875,1191.199951171875,1191.199951171875,1191.199951171875,1191.199951171875,0
2008-11-19,1168.97998046875,1168.97998046875,1168.97998046875,1168.97998046875,1168.97998046875,0
2008-11-20,1133.280029296875,1133.280029296875,1133.280029296875,1133.280029296875,1133.280029296875,0
2008-11-21,1133.0400390625,1133.0400390625,1133.0400390625,1133.0400390625,1133.0400390625,0
2008-11-24,1127.449951171875,1127.449951171875,1127.449951171875,1127.449951171875,1127.449951171875,0
2008-11-25,1116.7900390625,1116.7900390625,1116.7900390625,1116.7900390625,1116.7900390625,0
2008-11-26,1111.9599609375,1111.9599609375,1111.9599609375,1111.9599609375,1111.9599609375,0
2008-11-28,1111.02001953125,1111.02001953125,1111.02001953125,1111.02001953125,1111.02001953125,0
2008-12-01,1099.300048828125,1099.300048828125,1099.300048828125,1099.300048828125,1099.300048828125,0
2008-12-02,1081.6199951171875,1081.6199951171875,1081.6199951171875,1081.6199951171875,1081.6199951171875,0
2008-12-03,1087.8199462890625,1087.8199462890625,1087.8199462890625,1087.8199462890625,1087.8199462890625,0
2008-12-04,1111.699951171875,1111.699951171875,1111.699951171875,1111.699951171875,1111.699951171875,0
2008-12-05,1108.6400146484375,1108.6400146484375,1108.6400146484375,1108.6400146484375,1108.6400146484375,0
2008-12-08,1112.0799560546875,1112.0799560546875,1112.0799560546875,1112.0799560546875,1112.0799560546875,0
2008-12-10,1126.3800048828125,1126.3800048828125,1126.3800048828125,1126.3800048828125,1126.3800048828125,0
2008-12-11,1145.4000244140625,1145.4000244140625,1145.4000244140625,1145.4000244140625,1145.4000244140625,0
2008-12-12,1170.3499755859375,1170.3499755859375,1170.3499755859375,1170.3499755859375,1170.3499755859375,0
2008-12-15,1209.1199951171875,1209.1199951171875,1209.1199951171875,1209.1199951171875,1209.1199951171875,0
2008-12-16,1249.6500244140625,1249.6500244140625,1249.6500244140625,1249.6500244140625,1249.6500244140625,0
2008-12-17,1208.030029296875,1208.030029296875,1208.030029296875,1208.030029296875,1208.030029296875,0
2008-12-18,1224.3599853515625,1224.3599853515625,1224.3599853515625,1224.3599853515625,1224.3599853515625,0
2008-12-19,1230.739990234375,1230.739990234375,1230.739990234375,1230.739990234375,1230.739990234375,0
2008-12-22,1221.9200439453125,1221.9200439453125,1221.9200439453125,1221.9200439453125,1221.9200439453125,0
2008-12-23,1188.02001953125,1188.02001953125,1188.02001953125,1188.02001953125,1188.02001953125,0
2008-12-24,1175.239990234375,1175.239990234375,1175.239990234375,1175.239990234375,1175.239990234375,0
2008-12-26,1164.5899658203125,1164.5899658203125,1164.5899658203125,1164.5899658203125,1164.5899658203125,0
2008-12-29,1176.75,1176.75,1176.75,1176.75,1176.75,0
2008-12-30,1201.510009765625,1201.510009765625,1201.510009765625,1201.510009765625,1201.510009765625,0
2008-12-31,1214.5400390625,1214.5400390625,1214.5400390625,1214.5400390625,1214.5400390625,0
2009-01-02,1270.8800048828125,1270.8800048828125,1270.8800048828125,1270.8800048828125,1270.8800048828125,0
2009-01-05,1291.010009765625,1291.010009765625,1291.010009765625,1291.010009765625,1291.010009765625,0
2009-01-06,1293.1500244140625,1293.1500244140625,1293.1500244140625,1293.1500244140625,1293.1500244140625,0
2009-01-07,1203.8399658203125,1203.8399658203125,1203.8399658203125,1203.8399658203125,1203.8399658203125,0
2009-01-09,1170.3299560546875,1170.3299560546875,1170.3299560546875,1170.3299560546875,1170.3299560546875,0
2009-01-12,1152.300048828125,1152.300048828125,1152.300048828125,1152.300048828125,1152.300048828125,0
2009-01-13,1135.8299560546875,1135.8299560546875,1135.8299560546875,1135.8299560546875,1135.8299560546875,0
2009-01-14,1152.75,1152.75,1152.75,1152.75,1152.75,0
2009-01-15,1131.3800048828125,1131.3800048828125,1131.3800048828125,1131.3800048828125,1131.3800048828125,0
2009-01-16,1135.5,1135.5,1135.5,1135.5,1135.5,0
2009-01-19,1146.93994140625,1146.93994140625,1146.93994140625,1146.93994140625,1146.93994140625,0
2009-01-20,1139.47998046875,1139.47998046875,1139.47998046875,1139.47998046875,1139.47998046875,0
2009-01-21,1114.43994140625,1114.43994140625,1114.43994140625,1114.43994140625,1114.43994140625,0
2009-01-22,1095.47998046875,1095.47998046875,1095.47998046875,1095.47998046875,1095.47998046875,0
2009-01-23,1081.6800537109375,1081.6800537109375,1081.6800537109375,1081.6800537109375,1081.6800537109375,0
2009-01-27,1087.949951171875,1087.949951171875,1087.949951171875,1087.949951171875,1087.949951171875,0
2009-01-28,1096.0,1096.0,1096.0,1096.0,1096.0,0
2009-01-29,1096.2099609375,1096.2099609375,1096.2099609375,1096.2099609375,1096.2099609375,0
2009-01-30,1108.0400390625,1108.0400390625,1108.0400390625,1108.0400390625,1108.0400390625,0
2009-02-02,1090.949951171875,1090.949951171875,1090.949951171875,1090.949951171875,1090.949951171875,0
2009-02-03,1086.56005859375,1086.56005859375,1086.56005859375,1086.56005859375,1086.56005859375,0
2009-02-04,1084.9000244140625,1084.9000244140625,1084.9000244140625,1084.9000244140625,1084.9000244140625,0
2009-02-05,1074.969970703125,1074.969970703125,1074.969970703125,1074.969970703125,1074.969970703125,0
2009-02-06,1090.510009765625,1090.510009765625,1090.510009765625,1090.510009765625,1090.510009765625,0
2009-02-09,1105.9200439453125,1105.9200439453125,1105.9200439453125,1105.9200439453125,1105.9200439453125,0
2009-02-10,1110.260009765625,1110.260009765625,1110.260009765625,1110.260009765625,1110.260009765625,0
2009-02-11,1117.1500244140625,1117.1500244140625,1117.1500244140625,1117.1500244140625,1117.1500244140625,0
2009-02-12,1119.530029296875,1119.530029296875,1119.530029296875,1119.530029296875,1119.530029296875,0
2009-02-13,1131.3299560546875,1131.3299560546875,1131.3299560546875,1131.3299560546875,1131.3299560546875,0
2009-02-16,1101.949951171875,1101.949951171875,1101.949951171875,1101.949951171875,1101.949951171875,0
2009-02-17,1079.1700439453125,1079.1700439453125,1079.1700439453125,1079.1700439453125,1079.1700439453125,0
2009-02-18,1075.1300048828125,1075.1300048828125,1075.1300048828125,1075.1300048828125,1075.1300048828125,0
2009-02-19,1071.8199462890625,1071.8199462890625,1071.8199462890625,1071.8199462890625,1071.8199462890625,0
2009-02-20,1054.18994140625,1054.18994140625,1054.18994140625,1054.18994140625,1054.18994140625,0
2009-02-24,1037.8299560546875,1037.8299560546875,1037.8299560546875,1037.8299560546875,1037.8299560546875,0
2009-02-25,1040.6500244140625,1040.6500244140625,1040.6500244140625,1040.6500244140625,1040.6500244140625,0
2009-02-26,1041.18994140625,1041.18994140625,1041.18994140625,1041.18994140625,1041.18994140625,0
2009-02-27,1036.280029296875,1036.280029296875,1036.280029296875,1036.280029296875,1036.280029296875,0
2009-03-02,1019.4400024414062,1019.4400024414062,1019.4400024414062,1019.4400024414062,1019.4400024414062,0
2009-03-03,1008.5,1008.5,1008.5,1008.5,1008.5,0
2009-03-04,1004.22998046875,1004.22998046875,1004.22998046875,1004.22998046875,1004.22998046875,0
2009-03-05,987.530029296875,987.530029296875,987.530029296875,987.530029296875,987.530029296875,0
2009-03-06,985.6699829101562,985.6699829101562,985.6699829101562,985.6699829101562,985.6699829101562,0
2009-03-09,970.030029296875,970.030029296875,970.030029296875,970.030029296875,970.030029296875,0
2009-03-12,974.0,974.0,974.0,974.0,974.0,0
2009-03-13,993.0399780273438,993.0399780273438,993.0399780273438,993.0399780273438,993.0399780273438,0
2009-03-16,1016.02001953125,1016.02001953125,1016.02001953125,1016.02001953125,1016.02001953125,0
2009-03-17,1019.3499755859375,1019.3499755859375,1019.3499755859375,1019.3499755859375,1019.3499755859375,0
2009-03-18,1038.6300048828125,1038.6300048828125,1038.6300048828125,1038.6300048828125,1038.6300048828125,0
2009-03-19,1051.219970703125,1051.219970703125,1051.219970703125,1051.219970703125,1051.219970703125,0
2009-03-20,1049.010009765625,1049.010009765625,1049.010009765625,1049.010009765625,1049.010009765625,0
2009-03-23,1074.8399658203125,1074.8399658203125,1074.8399658203125,1074.8399658203125,1074.8399658203125,0
2009-03-24,1067.699951171875,1067.699951171875,1067.699951171875,1067.699951171875,1067.699951171875,0
2009-03-25,1074.4000244140625,1074.4000244140625,1074.4000244140625,1074.4000244140625,1074.4000244140625,0
2009-03-26,1084.3699951171875,1084.3699951171875,1084.3699951171875,1084.3699951171875,1084.3699951171875,0
2009-03-27,1106.3499755859375,1106.3499755859375,1106.3499755859375,1106.3499755859375,1106.3499755859375,0
2009-03-30,1097.6099853515625,1097.6099853515625,1097.6099853515625,1097.6099853515625,1097.6099853515625,0
2009-03-31,1116.81005859375,1116.81005859375,1116.81005859375,1116.81005859375,1116.81005859375,0
2009-04-01,1145.6199951171875,1145.6199951171875,1145.6199951171875,1145.6199951171875,1145.6199951171875,0
2009-04-02,1176.8299560546875,1176.8299560546875,1176.8299560546875,1176.8299560546875,1176.8299560546875,0
2009-04-06,1211.68994140625,1211.68994140625,1211.68994140625,1211.68994140625,1211.68994140625,0
2009-04-08,1258.0,1258.0,1258.0,1258.0,1258.0,0
2009-04-09,1277.5699462890625,1277.5699462890625,1277.5699462890625,1277.5699462890625,1277.5699462890625,0
2009-04-13,1318.969970703125,1318.969970703125,1318.969970703125,1318.969970703125,1318.969970703125,0
2009-04-15,1384.030029296875,1384.030029296875,1384.030029296875,1384.030029296875,1384.030029296875,0
2009-04-16,1319.0,1319.0,1319.0,1319.0,1319.0,0
2009-04-17,1328.010009765625,1328.010009765625,1328.010009765625,1328.010009765625,1328.010009765625,0
2009-04-20,1350.9000244140625,1350.9000244140625,1350.9000244140625,1350.9000244140625,1350.9000244140625,0
2009-04-21,1358.5699462890625,1358.5699462890625,1358.5699462890625,1358.5699462890625,1358.5699462890625,0
2009-04-22,1334.239990234375,1334.239990234375,1334.239990234375,1334.239990234375,1334.239990234375,0
2009-04-23,1343.0999755859375,1343.0999755859375,1343.0999755859375,1343.0999755859375,1343.0999755859375,0
2009-04-24,1365.0699462890625,1365.0699462890625,1365.0699462890625,1365.0699462890625,1365.0699462890625,0
2009-04-27,1353.77001953125,1353.77001953125,1353.77001953125,1353.77001953125,1353.77001953125,0
2009-04-28,1309.0799560546875,1309.0799560546875,1309.0799560546875,1309.0799560546875,1309.0799560546875,0
2009-04-29,1326.0899658203125,1326.0899658203125,1326.0899658203125,1326.0899658203125,1326.0899658203125,0
2009-05-04,1367.8199462890625,1367.8199462890625,1367.8199462890625,1367.8199462890625,1367.8199462890625,0
2009-05-05,1395.550048828125,1395.550048828125,1395.550048828125,1395.550048828125,1395.550048828125,0
2009-05-06,1393.9200439453125,1393.9200439453125,1393.9200439453125,1393.9200439453125,1393.9200439453125,0
2009-05-07,1431.1800537109375,1431.1800537109375,1431.1800537109375,1431.1800537109375,1431.1800537109375,0
2009-05-08,1427.6300048828125,1427.6300048828125,1427.6300048828125,1427.6300048828125,1427.6300048828125,0
2009-05-11,1404.02001953125,1404.02001953125,1404.02001953125,1404.02001953125,1404.02001953125,0
2009-05-12,1419.8800048828125,1419.8800048828125,1419.8800048828125,1419.8800048828125,1419.8800048828125,0
2009-05-13,1414.68994140625,1414.68994140625,1414.68994140625,1414.68994140625,1414.68994140625,0
2009-05-14,1418.780029296875,1418.780029296875,1418.780029296875,1418.780029296875,1418.780029296875,0
2009-05-15,1428.239990234375,1428.239990234375,1428.239990234375,1428.239990234375,1428.239990234375,0
2009-05-18,1549.68994140625,1549.68994140625,1549.68994140625,1549.68994140625,1549.68994140625,0
2009-05-19,1595.489990234375,1595.489990234375,1595.489990234375,1595.489990234375,1595.489990234375,0
2009-05-20,1738.3900146484375,1738.3900146484375,1738.3900146484375,1738.3900146484375,1738.3900146484375,0
2009-05-21,1779.72998046875,1779.72998046875,1779.72998046875,1779.72998046875,1779.72998046875,0
2009-05-22,1836.5999755859375,1836.5999755859375,1836.5999755859375,1836.5999755859375,1836.5999755859375,0
2009-05-25,1917.1400146484375,1917.1400146484375,1917.1400146484375,1917.1400146484375,1917.1400146484375,0
2009-05-26,1851.0799560546875,1851.0799560546875,1851.0799560546875,1851.0799560546875,1851.0799560546875,0
2009-05-27,1918.9200439453125,1918.9200439453125,1918.9200439453125,1918.9200439453125,1918.9200439453125,0
2009-05-28,1913.6400146484375,1913.6400146484375,1913.6400146484375,1913.6400146484375,1913.6400146484375,0
2009-05-29,1968.77001953125,1968.77001953125,1968.77001953125,1968.77001953125,1968.77001953125,0
2009-06-01,2031.8900146484375,2031.8900146484375,2031.8900146484375,2031.8900146484375,2031.8900146484375,0
2009-06-02,2060.639892578125,2060.639892578125,2060.639892578125,2060.639892578125,2060.639892578125,0
2009-06-03,2099.97998046875,2099.97998046875,2099.97998046875,2099.97998046875,2099.97998046875,0
2009-06-04,2138.469970703125,2138.469970703125,2138.469970703125,2138.469970703125,2138.469970703125,0
2009-06-05,2119.300048828125,2119.300048828125,2119.300048828125,2119.300048828125,2119.300048828125,0
2009-06-08,2003.1199951171875,2003.1199951171875,2003.1199951171875,2003.1199951171875,2003.1199951171875,0
2009-06-09,2040.3399658203125,2040.3399658203125,2040.3399658203125,2040.3399658203125,2040.3399658203125,0
2009-06-10,2049.360107421875,2049.360107421875,2049.360107421875,2049.360107421875,2049.360107421875,0
2009-06-11,2037.6700439453125,2037.6700439453125,2037.6700439453125,2037.6700439453125,2037.6700439453125,0
2009-06-12,1990.8299560546875,1990.8299560546875,1990.8299560546875,1990.8299560546875,1990.8299560546875,0
2009-06-15,1948.8199462890625,1948.8199462890625,1948.8199462890625,1948.8199462890625,1948.8199462890625,0
2009-06-16,1984.260009765625,1984.260009765625,1984.260009765625,1984.260009765625,1984.260009765625,0
2009-06-17,1906.239990234375,1906.239990234375,1906.239990234375,1906.239990234375,1906.239990234375,0
2009-06-18,1836.239990234375,1836.239990234375,1836.239990234375,1836.239990234375,1836.239990234375,0
2009-06-19,1857.239990234375,1857.239990234375,1857.239990234375,1857.239990234375,1857.239990234375,0
2009-06-22,1847.6500244140625,1847.6500244140625,1847.6500244140625,1847.6500244140625,1847.6500244140625,0
2009-06-23,1848.0899658203125,1848.0899658203125,1848.0899658203125,1848.0899658203125,1848.0899658203125,0
2009-06-24,1888.9200439453125,1888.9200439453125,1888.9200439453125,1888.9200439453125,1888.9200439453125,0
2009-06-25,1888.02001953125,1888.02001953125,1888.02001953125,1888.02001953125,1888.02001953125,0
2009-06-26,1923.02001953125,1923.02001953125,1923.02001953125,1923.02001953125,1923.02001953125,0
2009-06-29,1951.8599853515625,1951.8599853515625,1951.8599853515625,1951.8599853515625,1951.8599853515625,0
2009-06-30,1902.3900146484375,1902.3900146484375,1902.3900146484375,1902.3900146484375,1902.3900146484375,0
2009-07-01,1907.2900390625,1907.2900390625,1907.2900390625,1907.2900390625,1907.2900390625,0
2009-07-02,1919.27001953125,1919.27001953125,1919.27001953125,1919.27001953125,1919.27001953125,0
2009-07-03,1928.489990234375,1928.489990234375,1928.489990234375,1928.489990234375,1928.489990234375,0
2009-07-06,1848.4200439453125,1848.4200439453125,1848.4200439453125,1848.4200439453125,1848.4200439453125,0
2009-07-07,1839.2900390625,1839.2900390625,1839.2900390625,1839.2900390625,1839.2900390625,0
2009-07-08,1775.22998046875,1775.22998046875,1775.22998046875,1775.22998046875,1775.22998046875,0
2009-07-09,1774.1099853515625,1774.1099853515625,1774.1099853515625,1774.1099853515625,1774.1099853515625,0
2009-07-10,1744.010009765625,1744.010009765625,1744.010009765625,1744.010009765625,1744.010009765625,0
2009-07-13,1693.06005859375,1693.06005859375,1693.06005859375,1693.06005859375,1693.06005859375,0
2009-07-14,1760.7900390625,1760.7900390625,1760.7900390625,1760.7900390625,1760.7900390625,0
2009-07-15,1839.1600341796875,1839.1600341796875,1839.1600341796875,1839.1600341796875,1839.1600341796875,0
2009-07-16,1850.8399658203125,1850.8399658203125,1850.8399658203125,1850.8399658203125,1850.8399658203125,0
2009-07-17,1892.5999755859375,1892.5999755859375,1892.5999755859375,1892.5999755859375,1892.5999755859375,0
2009-07-20,1941.719970703125,1941.719970703125,1941.719970703125,1941.719970703125,1941.719970703125,0
2009-07-21,1939.77001953125,1939.77001953125,1939.77001953125,1939.77001953125,1939.77001953125,0
2009-07-22,1924.449951171875,1924.449951171875,1924.449951171875,1924.449951171875,1924.449951171875,0
2009-07-23,1974.280029296875,1974.280029296875,1974.280029296875,1974.280029296875,1974.280029296875,0
2009-07-24,2007.9200439453125,2007.9200439453125,2007.9200439453125,2007.9200439453125,2007.9200439453125,0
2009-07-27,2033.18994140625,2033.18994140625,2033.18994140625,2033.18994140625,2033.18994140625,0
2009-07-28,2063.10009765625,2063.10009765625,2063.10009765625,2063.10009765625,2063.10009765625,0
2009-07-29,2036.0,2036.0,2036.0,2036.0,2036.0,0
2009-07-30,2052.969970703125,2052.969970703125,2052.969970703125,2052.969970703125,2052.969970703125,0
2009-07-31,2060.840087890625,2060.840087890625,2060.840087890625,2060.840087890625,2060.840087890625,0
2009-08-03,2085.260009765625,2085.260009765625,2085.260009765625,2085.260009765625,2085.260009765625,0
2009-08-04,2088.320068359375,2088.320068359375,2088.320068359375,2088.320068359375,2088.320068359375,0
2009-08-05,2104.39990234375,2104.39990234375,2104.39990234375,2104.39990234375,2104.39990234375,0
2009-08-06,2072.10009765625,2072.10009765625,2072.10009765625,2072.10009765625,2072.10009765625,0
2009-08-07,2029.4300537109375,2029.4300537109375,2029.4300537109375,2029.4300537109375,2029.4300537109375,0
2009-08-10,1998.3299560546875,1998.3299560546875,1998.3299560546875,1998.3299560546875,1998.3299560546875,0
2009-08-11,2012.4300537109375,2012.4300537109375,2012.4300537109375,2012.4300537109375,2012.4300537109375,0
2009-08-12,2019.9100341796875,2019.9100341796875,2019.9100341796875,2019.9100341796875,2019.9100341796875,0
2009-08-13,2098.22998046875,2098.22998046875,2098.22998046875,2098.22998046875,2098.22998046875,0
2009-08-14,2098.85009765625,2098.85009765625,2098.85009765625,2098.85009765625,2098.85009765625,0
2009-08-17,2034.5999755859375,2034.5999755859375,2034.5999755859375,2034.5999755859375,2034.5999755859375,0
2009-08-18,2071.489990234375,2071.489990234375,2071.489990234375,2071.489990234375,2071.489990234375,0
2009-08-19,2062.699951171875,2062.699951171875,2062.699951171875,2062.699951171875,2062.699951171875,0
2009-08-20,2080.10009765625,2080.10009765625,2080.10009765625,2080.10009765625,2080.10009765625,0
2009-08-21,2110.010009765625,2110.010009765625,2110.010009765625,2110.010009765625,2110.010009765625,0
2009-08-24,2167.06005859375,2167.06005859375,2167.06005859375,2167.06005859375,2167.06005859375,0
2009-08-25,2187.89990234375,2187.89990234375,2187.89990234375,2187.89990234375,2187.89990234375,0
2009-08-26,2230.860107421875,2230.860107421875,2230.860107421875,2230.860107421875,2230.860107421875,0
2009-08-27,2241.31005859375,2241.31005859375,2241.31005859375,2241.31005859375,2241.31005859375,0
2009-08-28,2263.47998046875,2263.47998046875,2263.47998046875,2263.47998046875,2263.47998046875,0
2009-08-31,2276.27001953125,2276.27001953125,2276.27001953125,2276.27001953125,2276.27001953125,0
2009-09-01,2242.5400390625,2242.5400390625,2242.5400390625,2242.5400390625,2242.5400390625,0
2009-09-02,2235.52001953125,2235.52001953125,2235.52001953125,2235.52001953125,2235.52001953125,0
2009-09-03,2241.169921875,2241.169921875,2241.169921875,2241.169921875,2241.169921875,0
2009-09-04,2264.179931640625,2264.179931640625,2264.179931640625,2264.179931640625,2264.179931640625,0
2009-09-07,2321.56005859375,2321.56005859375,2321.56005859375,2321.56005859375,2321.56005859375,0
2009-09-08,2319.909912109375,2319.909912109375,2319.909912109375,2319.909912109375,2319.909912109375,0
2009-09-09,2321.820068359375,2321.820068359375,2321.820068359375,2321.820068359375,2321.820068359375,0
2009-09-10,2309.2900390625,2309.2900390625,2309.2900390625,2309.2900390625,2309.2900390625,0
2009-09-11,2297.7900390625,2297.7900390625,2297.7900390625,2297.7900390625,2297.7900390625,0
2009-09-14,2298.219970703125,2298.219970703125,2298.219970703125,2298.219970703125,2298.219970703125,0
2009-09-15,2332.159912109375,2332.159912109375,2332.159912109375,2332.159912109375,2332.159912109375,0
2009-09-16,2350.8701171875,2350.8701171875,2350.8701171875,2350.8701171875,2350.8701171875,0
2009-09-17,2348.219970703125,2348.219970703125,2348.219970703125,2348.219970703125,2348.219970703125,0
2009-09-18,2361.010009765625,2361.010009765625,2361.010009765625,2361.010009765625,2361.010009765625,0
2009-09-22,2379.1298828125,2379.1298828125,2379.1298828125,2379.1298828125,2379.1298828125,0
2009-09-23,2343.39990234375,2343.39990234375,2343.39990234375,2343.39990234375,2343.39990234375,0
2009-09-24,2351.330078125,2351.330078125,2351.330078125,2351.330078125,2351.330078125,0
2009-09-25,2375.5400390625,2375.5400390625,2375.5400390625,2375.5400390625,2375.5400390625,0
2009-09-29,2386.43994140625,2386.43994140625,2386.43994140625,2386.43994140625,2386.43994140625,0
2009-09-30,2411.070068359375,2411.070068359375,2411.070068359375,2411.070068359375,2411.070068359375,0
2009-10-01,2401.070068359375,2401.070068359375,2401.070068359375,2401.070068359375,2401.070068359375,0
2009-10-05,2354.429931640625,2354.429931640625,2354.429931640625,2354.429931640625,2354.429931640625,0
2009-10-06,2341.090087890625,2341.090087890625,2341.090087890625,2341.090087890625,2341.090087890625,0
2009-10-07,2353.889892578125,2353.889892578125,2353.889892578125,2353.889892578125,2353.889892578125,0
2009-10-08,2361.77001953125,2361.77001953125,2361.77001953125,2361.77001953125,2361.77001953125,0
2009-10-09,2345.300048828125,2345.300048828125,2345.300048828125,2345.300048828125,2345.300048828125,0
2009-10-12,2369.72998046875,2369.72998046875,2369.72998046875,2369.72998046875,2369.72998046875,0
2009-10-14,2413.969970703125,2413.969970703125,2413.969970703125,2413.969970703125,2413.969970703125,0
2009-10-15,2430.9599609375,2430.9599609375,2430.9599609375,2430.9599609375,2430.9599609375,0
2009-10-16,2446.080078125,2446.080078125,2446.080078125,2446.080078125,2446.080078125,0
2009-10-20,2468.0400390625,2468.0400390625,2468.0400390625,2468.0400390625,2468.0400390625,0
2009-10-21,2462.820068359375,2462.820068359375,2462.820068359375,2462.820068359375,2462.820068359375,0
2009-10-22,2414.3798828125,2414.3798828125,2414.3798828125,2414.3798828125,2414.3798828125,0
2009-10-23,2424.64990234375,2424.64990234375,2424.64990234375,2424.64990234375,2424.64990234375,0
2009-10-26,2387.669921875,2387.669921875,2387.669921875,2387.669921875,2387.669921875,0
2009-10-27,2292.72998046875,2292.72998046875,2292.72998046875,2292.72998046875,2292.72998046875,0
2009-10-28,2283.39990234375,2283.39990234375,2283.39990234375,2283.39990234375,2283.39990234375,0
2009-10-29,2255.1298828125,2255.1298828125,2255.1298828125,2255.1298828125,2255.1298828125,0
2009-10-30,2245.0400390625,2245.0400390625,2245.0400390625,2245.0400390625,2245.0400390625,0
2009-11-03,2147.22998046875,2147.22998046875,2147.22998046875,2147.22998046875,2147.22998046875,0
2009-11-04,2194.300048828125,2194.300048828125,2194.300048828125,2194.300048828125,2194.300048828125,0
2009-11-05,2230.719970703125,2230.719970703125,2230.719970703125,2230.719970703125,2230.719970703125,0
2009-11-06,2282.56005859375,2282.56005859375,2282.56005859375,2282.56005859375,2282.56005859375,0
2009-11-09,2323.239990234375,2323.239990234375,2323.239990234375,2323.239990234375,2323.239990234375,0
2009-11-10,2318.3701171875,2318.3701171875,2318.3701171875,2318.3701171875,2318.3701171875,0
2009-11-11,2361.550048828125,2361.550048828125,2361.550048828125,2361.550048828125,2361.550048828125,0
2009-11-12,2351.070068359375,2351.070068359375,2351.070068359375,2351.070068359375,2351.070068359375,0
2009-11-13,2361.110107421875,2361.110107421875,2361.110107421875,2361.110107421875,2361.110107421875,0
2009-11-16,2385.510009765625,2385.510009765625,2385.510009765625,2385.510009765625,2385.510009765625,0
2009-11-17,2387.199951171875,2387.199951171875,2387.199951171875,2387.199951171875,2387.199951171875,0
2009-11-18,2400.27001953125,2400.27001953125,2400.27001953125,2400.27001953125,2400.27001953125,0
2009-11-19,2365.47998046875,2365.47998046875,2365.47998046875,2365.47998046875,2365.47998046875,0
2009-11-20,2385.14990234375,2385.14990234375,2385.14990234375,2385.14990234375,2385.14990234375,0
2009-11-23,2399.31005859375,2399.31005859375,2399.31005859375,2399.31005859375,2399.31005859375,0
2009-11-24,2405.6201171875,2405.6201171875,2405.6201171875,2405.6201171875,2405.6201171875,0
2009-11-25,2406.719970703125,2406.719970703125,2406.719970703125,2406.719970703125,2406.719970703125,0
2009-11-26,2383.56005859375,2383.56005859375,2383.56005859375,2383.56005859375,2383.56005859375,0
2009-11-27,2331.06005859375,2331.06005859375,2331.06005859375,2331.06005859375,2331.06005859375,0
2009-11-30,2379.159912109375,2379.159912109375,2379.159912109375,2379.159912109375,2379.159912109375,0
2009-12-01,2428.260009765625,2428.260009765625,2428.260009765625,2428.260009765625,2428.260009765625,0
2009-12-02,2449.489990234375,2449.489990234375,2449.489990234375,2449.489990234375,2449.489990234375,0
2009-12-03,2467.300048828125,2467.300048828125,2467.300048828125,2467.300048828125,2467.300048828125,0
2009-12-04,2475.64990234375,2475.64990234375,2475.64990234375,2475.64990234375,2475.64990234375,0
2009-12-07,2462.14990234375,2462.14990234375,2462.14990234375,2462.14990234375,2462.14990234375,0
2009-12-08,2489.830078125,2489.830078125,2489.830078125,2489.830078125,2489.830078125,0
2009-12-09,2492.080078125,2492.080078125,2492.080078125,2492.080078125,2492.080078125,0
2009-12-10,2511.1298828125,2511.1298828125,2511.1298828125,2511.1298828125,2511.1298828125,0
2009-12-11,2493.449951171875,2493.449951171875,2493.449951171875,2493.449951171875,2493.449951171875,0
2009-12-14,2485.639892578125,2485.639892578125,2485.639892578125,2485.639892578125,2485.639892578125,0
2009-12-15,2449.7099609375,2449.7099609375,2449.7099609375,2449.7099609375,2449.7099609375,0
2009-12-16,2459.260009765625,2459.260009765625,2459.260009765625,2459.260009765625,2459.260009765625,0
2009-12-17,2482.070068359375,2482.070068359375,2482.070068359375,2482.070068359375,2482.070068359375,0
2009-12-18,2477.6298828125,2477.6298828125,2477.6298828125,2477.6298828125,2477.6298828125,0
2009-12-21,2472.5400390625,2472.5400390625,2472.5400390625,2472.5400390625,2472.5400390625,0
2009-12-22,2490.159912109375,2490.159912109375,2490.159912109375,2490.159912109375,2490.159912109375,0
2009-12-23,2523.580078125,2523.580078125,2523.580078125,2523.580078125,2523.580078125,0
2009-12-24,2535.43994140625,2535.43994140625,2535.43994140625,2535.43994140625,2535.43994140625,0
2009-12-29,2558.550048828125,2558.550048828125,2558.550048828125,2558.550048828125,2558.550048828125,0
2009-12-30,2587.89990234375,2587.89990234375,2587.89990234375,2587.89990234375,2587.89990234375,0
2009-12-31,2598.1298828125,2598.1298828125,2598.1298828125,2598.1298828125,2598.1298828125,0
2010-01-04,2637.080078125,2637.080078125,2637.080078125,2637.080078125,2637.080078125,0
2010-01-05,2660.06005859375,2660.06005859375,2660.06005859375,2660.06005859375,2660.06005859375,0
2010-01-06,2677.489990234375,2677.489990234375,2677.489990234375,2677.489990234375,2677.489990234375,0
2010-01-07,2691.840087890625,2691.840087890625,2691.840087890625,2691.840087890625,2691.840087890625,0
2010-01-08,2700.489990234375,2700.489990234375,2700.489990234375,2700.489990234375,2700.489990234375,0
2010-01-11,2740.949951171875,2740.949951171875,2740.949951171875,2740.949951171875,2740.949951171875,0
2010-01-12,2713.969970703125,2713.969970703125,2713.969970703125,2713.969970703125,2713.969970703125,0
2010-01-13,2732.389892578125,2732.389892578125,2732.389892578125,2732.389892578125,2732.389892578125,0
2010-01-14,2764.659912109375,2764.659912109375,2764.659912109375,2764.659912109375,2764.659912109375,0
2010-01-15,2781.070068359375,2781.070068359375,2781.070068359375,2781.070068359375,2781.070068359375,0
2010-01-18,2799.429931640625,2799.429931640625,2799.429931640625,2799.429931640625,2799.429931640625,0
2010-01-19,2787.639892578125,2787.639892578125,2787.639892578125,2787.639892578125,2787.639892578125,0
2010-01-20,2793.340087890625,2793.340087890625,2793.340087890625,2793.340087890625,2793.340087890625,0
2010-01-21,2724.60009765625,2724.60009765625,2724.60009765625,2724.60009765625,2724.60009765625,0
2010-01-22,2697.110107421875,2697.110107421875,2697.110107421875,2697.110107421875,2697.110107421875,0
2010-01-25,2669.830078125,2669.830078125,2669.830078125,2669.830078125,2669.830078125,0
2010-01-27,2553.389892578125,2553.389892578125,2553.389892578125,2553.389892578125,2553.389892578125,0
2010-01-28,2553.7900390625,2553.7900390625,2553.7900390625,2553.7900390625,2553.7900390625,0
2010-01-29,2581.02001953125,2581.02001953125,2581.02001953125,2581.02001953125,2581.02001953125,0
2010-02-01,2620.860107421875,2620.860107421875,2620.860107421875,2620.860107421875,2620.860107421875,0
2010-02-02,2596.0400390625,2596.0400390625,2596.0400390625,2596.0400390625,2596.0400390625,0
2010-02-03,2630.800048828125,2630.800048828125,2630.800048828125,2630.800048828125,2630.800048828125,0
2010-02-04,2589.610107421875,2589.610107421875,2589.610107421875,2589.610107421875,2589.610107421875,0
2010-02-05,2514.429931640625,2514.429931640625,2514.429931640625,2514.429931640625,2514.429931640625,0
2010-02-08,2545.02001953125,2545.02001953125,2545.02001953125,2545.02001953125,2545.02001953125,0
2010-02-09,2560.639892578125,2560.639892578125,2560.639892578125,2560.639892578125,2560.639892578125,0
2010-02-10,2557.050048828125,2557.050048828125,2557.050048828125,2557.050048828125,2557.050048828125,0
2010-02-11,2580.47998046875,2580.47998046875,2580.47998046875,2580.47998046875,2580.47998046875,0
2010-02-15,2566.239990234375,2566.239990234375,2566.239990234375,2566.239990234375,2566.239990234375,0
2010-02-16,2576.010009765625,2576.010009765625,2576.010009765625,2576.010009765625,2576.010009765625,0
2010-02-17,2595.449951171875,2595.449951171875,2595.449951171875,2595.449951171875,2595.449951171875,0
2010-02-18,2584.610107421875,2584.610107421875,2584.610107421875,2584.610107421875,2584.610107421875,0
2010-02-19,2547.7099609375,2547.7099609375,2547.7099609375,2547.7099609375,2547.7099609375,0
2010-02-22,2528.06005859375,2528.06005859375,2528.06005859375,2528.06005859375,2528.06005859375,0
2010-02-23,2505.60009765625,2505.60009765625,2505.60009765625,2505.60009765625,2505.60009765625,0
2010-02-24,2494.60009765625,2494.60009765625,2494.60009765625,2494.60009765625,2494.60009765625,0
2010-02-25,2487.47998046875,2487.47998046875,2487.47998046875,2487.47998046875,2487.47998046875,0
2010-02-26,2514.070068359375,2514.070068359375,2514.070068359375,2514.070068359375,2514.070068359375,0
2010-03-02,2567.06005859375,2567.06005859375,2567.06005859375,2567.06005859375,2567.06005859375,0
2010-03-03,2597.090087890625,2597.090087890625,2597.090087890625,2597.090087890625,2597.090087890625,0
2010-03-04,2614.610107421875,2614.610107421875,2614.610107421875,2614.610107421875,2614.610107421875,0
2010-03-05,2630.530029296875,2630.530029296875,2630.530029296875,2630.530029296875,2630.530029296875,0
2010-03-08,2653.60009765625,2653.60009765625,2653.60009765625,2653.60009765625,2653.60009765625,0
2010-03-09,2630.7900390625,2630.7900390625,2630.7900390625,2630.7900390625,2630.7900390625,0
2010-03-10,2626.820068359375,2626.820068359375,2626.820068359375,2626.820068359375,2626.820068359375,0
2010-03-11,2616.280029296875,2616.280029296875,2616.280029296875,2616.280029296875,2616.280029296875,0
2010-03-12,2612.820068359375,2612.820068359375,2612.820068359375,2612.820068359375,2612.820068359375,0
2010-03-15,2587.300048828125,2587.300048828125,2587.300048828125,2587.300048828125,2587.300048828125,0
2010-03-16,2616.0400390625,2616.0400390625,2616.0400390625,2616.0400390625,2616.0400390625,0
2010-03-17,2619.64990234375,2619.64990234375,2619.64990234375,2619.64990234375,2619.64990234375,0
2010-03-18,2622.7099609375,2622.7099609375,2622.7099609375,2622.7099609375,2622.7099609375,0
2010-03-19,2632.25,2632.25,2632.25,2632.25,2632.25,0
2010-03-22,2610.5400390625,2610.5400390625,2610.5400390625,2610.5400390625,2610.5400390625,0
2010-03-23,2618.409912109375,2618.409912109375,2618.409912109375,2618.409912109375,2618.409912109375,0
2010-03-25,2619.8798828125,2619.8798828125,2619.8798828125,2619.8798828125,2619.8798828125,0
2010-03-26,2626.989990234375,2626.989990234375,2626.989990234375,2626.989990234375,2626.989990234375,0
2010-03-29,2620.409912109375,2620.409912109375,2620.409912109375,2620.409912109375,2620.409912109375,0
2010-03-30,2641.10009765625,2641.10009765625,2641.10009765625,2641.10009765625,2641.10009765625,0
2010-03-31,2657.3798828125,2657.3798828125,2657.3798828125,2657.3798828125,2657.3798828125,0
2010-04-01,2701.669921875,2701.669921875,2701.669921875,2701.669921875,2701.669921875,0
2010-04-05,2736.5400390625,2736.5400390625,2736.5400390625,2736.5400390625,2736.5400390625,0
2010-04-06,2743.97998046875,2743.97998046875,2743.97998046875,2743.97998046875,2743.97998046875,0
2010-04-07,2760.0400390625,2760.0400390625,2760.0400390625,2760.0400390625,2760.0400390625,0
2010-04-08,2751.39990234375,2751.39990234375,2751.39990234375,2751.39990234375,2751.39990234375,0
2010-04-09,2780.239990234375,2780.239990234375,2780.239990234375,2780.239990234375,2780.239990234375,0
2010-04-12,2786.820068359375,2786.820068359375,2786.820068359375,2786.820068359375,2786.820068359375,0
2010-04-13,2779.860107421875,2779.860107421875,2779.860107421875,2779.860107421875,2779.860107421875,0
2010-04-15,2778.820068359375,2778.820068359375,2778.820068359375,2778.820068359375,2778.820068359375,0
2010-04-16,2770.260009765625,2770.260009765625,2770.260009765625,2770.260009765625,2770.260009765625,0
2010-04-19,2724.25,2724.25,2724.25,2724.25,2724.25,0
2010-04-20,2762.510009765625,2762.510009765625,2762.510009765625,2762.510009765625,2762.510009765625,0
2010-04-21,2794.080078125,2794.080078125,2794.080078125,2794.080078125,2794.080078125,0
2010-04-22,2792.7900390625,2792.7900390625,2792.7900390625,2792.7900390625,2792.7900390625,0
2010-04-23,2805.659912109375,2805.659912109375,2805.659912109375,2805.659912109375,2805.659912109375,0
2010-04-26,2815.43994140625,2815.43994140625,2815.43994140625,2815.43994140625,2815.43994140625,0
2010-04-27,2814.77001953125,2814.77001953125,2814.77001953125,2814.77001953125,2814.77001953125,0
2010-04-28,2762.6298828125,2762.6298828125,2762.6298828125,2762.6298828125,2762.6298828125,0
2010-04-29,2791.77001953125,2791.77001953125,2791.77001953125,2791.77001953125,2791.77001953125,0
2010-04-30,2807.52001953125,2807.52001953125,2807.52001953125,2807.52001953125,2807.52001953125,0
2010-05-03,2794.2900390625,2794.2900390625,2794.2900390625,2794.2900390625,2794.2900390625,0
2010-05-04,2752.699951171875,2752.699951171875,2752.699951171875,2752.699951171875,2752.699951171875,0
2010-05-05,2745.6201171875,2745.6201171875,2745.6201171875,2745.6201171875,2745.6201171875,0
2010-05-06,2744.68994140625,2744.68994140625,2744.68994140625,2744.68994140625,2744.68994140625,0
2010-05-07,2667.9599609375,2667.9599609375,2667.9599609375,2667.9599609375,2667.9599609375,0
2010-05-10,2730.300048828125,2730.300048828125,2730.300048828125,2730.300048828125,2730.300048828125,0
2010-05-11,2707.659912109375,2707.659912109375,2707.659912109375,2707.659912109375,2707.659912109375,0
2010-05-12,2708.35009765625,2708.35009765625,2708.35009765625,2708.35009765625,2708.35009765625,0
2010-05-13,2728.969970703125,2728.969970703125,2728.969970703125,2728.969970703125,2728.969970703125,0
2010-05-14,2694.989990234375,2694.989990234375,2694.989990234375,2694.989990234375,2694.989990234375,0
2010-05-17,2678.919921875,2678.919921875,2678.919921875,2678.919921875,2678.919921875,0
2010-05-18,2690.419921875,2690.419921875,2690.419921875,2690.419921875,2690.419921875,0
2010-05-19,2628.080078125,2628.080078125,2628.080078125,2628.080078125,2628.080078125,0
2010-05-20,2623.449951171875,2623.449951171875,2623.449951171875,2623.449951171875,2623.449951171875,0
2010-05-21,2587.050048828125,2587.050048828125,2587.050048828125,2587.050048828125,2587.050048828125,0
2010-05-24,2592.389892578125,2592.389892578125,2592.389892578125,2592.389892578125,2592.389892578125,0
2010-05-25,2512.070068359375,2512.070068359375,2512.070068359375,2512.070068359375,2512.070068359375,0
2010-05-26,2550.449951171875,2550.449951171875,2550.449951171875,2550.449951171875,2550.449951171875,0
2010-05-27,2573.110107421875,2573.110107421875,2573.110107421875,2573.110107421875,2573.110107421875,0
2010-05-28,2608.22998046875,2608.22998046875,2608.22998046875,2608.22998046875,2608.22998046875,0
2010-05-31,2634.360107421875,2634.360107421875,2634.360107421875,2634.360107421875,2634.360107421875,0
2010-06-01,2609.2099609375,2609.2099609375,2609.2099609375,2609.2099609375,2609.2099609375,0
2010-06-02,2624.580078125,2624.580078125,2624.580078125,2624.580078125,2624.580078125,0
2010-06-03,2650.510009765625,2650.510009765625,2650.510009765625,2650.510009765625,2650.510009765625,0
2010-06-04,2650.969970703125,2650.969970703125,2650.969970703125,2650.969970703125,2650.969970703125,0
2010-06-07,2616.72998046875,2616.72998046875,2616.72998046875,2616.72998046875,2616.72998046875,0
2010-06-08,2595.72998046875,2595.72998046875,2595.72998046875,2595.72998046875,2595.72998046875,0
2010-06-09,2600.2900390625,2600.2900390625,2600.2900390625,2600.2900390625,2600.2900390625,0
2010-06-10,2633.22998046875,2633.22998046875,2633.22998046875,2633.22998046875,2633.22998046875,0
2010-06-11,2647.81005859375,2647.81005859375,2647.81005859375,2647.81005859375,2647.81005859375,0
2010-06-14,2677.39990234375,2677.39990234375,2677.39990234375,2677.39990234375,2677.39990234375,0
2010-06-15,2703.77001953125,2703.77001953125,2703.77001953125,2703.77001953125,2703.77001953125,0
2010-06-16,2711.85009765625,2711.85009765625,2711.85009765625,2711.85009765625,2711.85009765625,0
2010-06-17,2722.10009765625,2722.10009765625,2722.10009765625,2722.10009765625,2722.10009765625,0
2010-06-18,2706.570068359375,2706.570068359375,2706.570068359375,2706.570068359375,2706.570068359375,0
2010-06-21,2738.60009765625,2738.60009765625,2738.60009765625,2738.60009765625,2738.60009765625,0
2010-06-22,2740.81005859375,2740.81005859375,2740.81005859375,2740.81005859375,2740.81005859375,0
2010-06-23,2769.7900390625,2769.7900390625,2769.7900390625,2769.7900390625,2769.7900390625,0
2010-06-24,2776.219970703125,2776.219970703125,2776.219970703125,2776.219970703125,2776.219970703125,0
2010-06-25,2762.6201171875,2762.6201171875,2762.6201171875,2762.6201171875,2762.6201171875,0
2010-06-28,2790.0,2790.0,2790.0,2790.0,2790.0,0
2010-06-29,2772.6298828125,2772.6298828125,2772.6298828125,2772.6298828125,2772.6298828125,0
2010-06-30,2787.1298828125,2787.1298828125,2787.1298828125,2787.1298828125,2787.1298828125,0
2010-07-01,2782.909912109375,2782.909912109375,2782.909912109375,2782.909912109375,2782.909912109375,0
2010-07-02,2790.0400390625,2790.0400390625,2790.0400390625,2790.0400390625,2790.0400390625,0
2010-07-05,2798.010009765625,2798.010009765625,2798.010009765625,2798.010009765625,2798.010009765625,0
2010-07-06,2815.85009765625,2815.85009765625,2815.85009765625,2815.85009765625,2815.85009765625,0
2010-07-07,2810.75,2810.75,2810.75,2810.75,2810.75,0
2010-07-08,2823.3798828125,2823.3798828125,2823.3798828125,2823.3798828125,2823.3798828125,0
2010-07-09,2839.330078125,2839.330078125,2839.330078125,2839.330078125,2839.330078125,0
2010-07-12,2858.110107421875,2858.110107421875,2858.110107421875,2858.110107421875,2858.110107421875,0
2010-07-13,2875.18994140625,2875.18994140625,2875.18994140625,2875.18994140625,2875.18994140625,0
2010-07-14,2864.659912109375,2864.659912109375,2864.659912109375,2864.659912109375,2864.659912109375,0
2010-07-15,2869.260009765625,2869.260009765625,2869.260009765625,2869.260009765625,2869.260009765625,0
2010-07-16,2883.239990234375,2883.239990234375,2883.239990234375,2883.239990234375,2883.239990234375,0
2010-07-19,2882.570068359375,2882.570068359375,2882.570068359375,2882.570068359375,2882.570068359375,0
2010-07-20,2871.320068359375,2871.320068359375,2871.320068359375,2871.320068359375,2871.320068359375,0
2010-07-21,2882.239990234375,2882.239990234375,2882.239990234375,2882.239990234375,2882.239990234375,0
2010-07-22,2891.590087890625,2891.590087890625,2891.590087890625,2891.590087890625,2891.590087890625,0
2010-07-23,2879.7900390625,2879.7900390625,2879.7900390625,2879.7900390625,2879.7900390625,0
2010-07-26,2854.580078125,2854.580078125,2854.580078125,2854.580078125,2854.580078125,0
2010-07-27,2853.639892578125,2853.639892578125,2853.639892578125,2853.639892578125,2853.639892578125,0
2010-07-28,2846.77001953125,2846.77001953125,2846.77001953125,2846.77001953125,2846.77001953125,0
2010-07-29,2850.780029296875,2850.780029296875,2850.780029296875,2850.780029296875,2850.780029296875,0
2010-07-30,2854.860107421875,2854.860107421875,2854.860107421875,2854.860107421875,2854.860107421875,0
2010-08-02,2879.260009765625,2879.260009765625,2879.260009765625,2879.260009765625,2879.260009765625,0
2010-08-03,2891.89990234375,2891.89990234375,2891.89990234375,2891.89990234375,2891.89990234375,0
2010-08-04,2901.43994140625,2901.43994140625,2901.43994140625,2901.43994140625,2901.43994140625,0
2010-08-05,2905.889892578125,2905.889892578125,2905.889892578125,2905.889892578125,2905.889892578125,0
2010-08-06,2913.679931640625,2913.679931640625,2913.679931640625,2913.679931640625,2913.679931640625,0
2010-08-09,2952.800048828125,2952.800048828125,2952.800048828125,2952.800048828125,2952.800048828125,0
2010-08-10,2945.10009765625,2945.10009765625,2945.10009765625,2945.10009765625,2945.10009765625,0
2010-08-11,2935.47998046875,2935.47998046875,2935.47998046875,2935.47998046875,2935.47998046875,0
2010-08-12,2934.18994140625,2934.18994140625,2934.18994140625,2934.18994140625,2934.18994140625,0
2010-08-13,2957.239990234375,2957.239990234375,2957.239990234375,2957.239990234375,2957.239990234375,0
2010-08-16,2957.330078125,2957.330078125,2957.330078125,2957.330078125,2957.330078125,0
2010-08-17,2975.6298828125,2975.6298828125,2975.6298828125,2975.6298828125,2975.6298828125,0
2010-08-18,2999.43994140625,2999.43994140625,2999.43994140625,2999.43994140625,2999.43994140625,0
2010-08-19,3032.389892578125,3032.389892578125,3032.389892578125,3032.389892578125,3032.389892578125,0
2010-08-20,3035.10009765625,3035.10009765625,3035.10009765625,3035.10009765625,3035.10009765625,0
2010-08-23,3055.0,3055.0,3055.0,3055.0,3055.0,0
2010-08-24,3040.260009765625,3040.260009765625,3040.260009765625,3040.260009765625,3040.260009765625,0
2010-08-25,2993.0400390625,2993.0400390625,2993.0400390625,2993.0400390625,2993.0400390625,0
2010-08-26,2997.25,2997.25,2997.25,2997.25,2997.25,0
2010-08-27,2966.610107421875,2966.610107421875,2966.610107421875,2966.610107421875,2966.610107421875,0
2010-08-30,2961.75,2961.75,2961.75,2961.75,2961.75,0
2010-08-31,2937.10009765625,2937.10009765625,2937.10009765625,2937.10009765625,2937.10009765625,0
2010-09-01,2993.110107421875,2993.110107421875,2993.110107421875,2993.110107421875,2993.110107421875,0
2010-09-02,3011.860107421875,3011.860107421875,3011.860107421875,3011.860107421875,3011.860107421875,0
2010-09-03,3045.409912109375,3045.409912109375,3045.409912109375,3045.409912109375,3045.409912109375,0
2010-09-06,3092.72998046875,3092.72998046875,3092.72998046875,3092.72998046875,3092.72998046875,0
2010-09-07,3108.85009765625,3108.85009765625,3108.85009765625,3108.85009765625,3108.85009765625,0
2010-09-08,3122.110107421875,3122.110107421875,3122.110107421875,3122.110107421875,3122.110107421875,0
2010-09-09,3136.030029296875,3136.030029296875,3136.030029296875,3136.030029296875,3136.030029296875,0
2010-09-13,3151.030029296875,3151.030029296875,3151.030029296875,3151.030029296875,3151.030029296875,0
2010-09-14,3131.580078125,3131.580078125,3131.580078125,3131.580078125,3131.580078125,0
2010-09-15,3132.56005859375,3132.56005859375,3132.56005859375,3132.56005859375,3132.56005859375,0
2010-09-16,3110.56005859375,3110.56005859375,3110.56005859375,3110.56005859375,3110.56005859375,0
2010-09-17,3146.909912109375,3146.909912109375,3146.909912109375,3146.909912109375,3146.909912109375,0
2010-09-20,3159.590087890625,3159.590087890625,3159.590087890625,3159.590087890625,3159.590087890625,0
2010-09-21,3120.969970703125,3120.969970703125,3120.969970703125,3120.969970703125,3120.969970703125,0
2010-09-22,3112.840087890625,3112.840087890625,3112.840087890625,3112.840087890625,3112.840087890625,0
2010-09-23,3107.659912109375,3107.659912109375,3107.659912109375,3107.659912109375,3107.659912109375,0
2010-09-24,3146.239990234375,3146.239990234375,3146.239990234375,3146.239990234375,3146.239990234375,0
2010-09-27,3149.360107421875,3149.360107421875,3149.360107421875,3149.360107421875,3149.360107421875,0
2010-09-28,3147.3798828125,3147.3798828125,3147.3798828125,3147.3798828125,3147.3798828125,0
2010-09-29,3136.280029296875,3136.280029296875,3136.280029296875,3136.280029296875,3136.280029296875,0
2010-09-30,3137.300048828125,3137.300048828125,3137.300048828125,3137.300048828125,3137.300048828125,0
2010-10-01,3187.0,3187.0,3187.0,3187.0,3187.0,0
2010-10-04,3201.27001953125,3201.27001953125,3201.27001953125,3201.27001953125,3201.27001953125,0
2010-10-05,3231.409912109375,3231.409912109375,3231.409912109375,3231.409912109375,3231.409912109375,0
2010-10-06,3270.659912109375,3270.659912109375,3270.659912109375,3270.659912109375,3270.659912109375,0
2010-10-07,3240.219970703125,3240.219970703125,3240.219970703125,3240.219970703125,3240.219970703125,0
2010-10-08,3229.659912109375,3229.659912109375,3229.659912109375,3229.659912109375,3229.659912109375,0
2010-10-11,3272.050048828125,3272.050048828125,3272.050048828125,3272.050048828125,3272.050048828125,0
2010-10-12,3260.739990234375,3260.739990234375,3260.739990234375,3260.739990234375,3260.739990234375,0
2010-10-13,3295.219970703125,3295.219970703125,3295.219970703125,3295.219970703125,3295.219970703125,0
2010-10-14,3279.7900390625,3279.7900390625,3279.7900390625,3279.7900390625,3279.7900390625,0
2010-10-15,3246.89990234375,3246.89990234375,3246.89990234375,3246.89990234375,3246.89990234375,0
2010-10-18,3229.64990234375,3229.64990234375,3229.64990234375,3229.64990234375,3229.64990234375,0
2010-10-19,3235.669921875,3235.669921875,3235.669921875,3235.669921875,3235.669921875,0
2010-10-20,3224.39990234375,3224.39990234375,3224.39990234375,3224.39990234375,3224.39990234375,0
2010-10-21,3261.570068359375,3261.570068359375,3261.570068359375,3261.570068359375,3261.570068359375,0
2010-10-22,3273.8798828125,3273.8798828125,3273.8798828125,3273.8798828125,3273.8798828125,0
2010-10-25,3314.419921875,3314.419921875,3314.419921875,3314.419921875,3314.419921875,0
2010-10-26,3312.429931640625,3312.429931640625,3312.429931640625,3312.429931640625,3312.429931640625,0
2010-10-27,3295.72998046875,3295.72998046875,3295.72998046875,3295.72998046875,3295.72998046875,0
2010-10-28,3278.419921875,3278.419921875,3278.419921875,3278.419921875,3278.419921875,0
2010-10-29,3249.47998046875,3249.47998046875,3249.47998046875,3249.47998046875,3249.47998046875,0
2010-11-01,3290.72998046875,3290.72998046875,3290.72998046875,3290.72998046875,3290.72998046875,0
2010-11-02,3301.360107421875,3301.360107421875,3301.360107421875,3301.360107421875,3301.360107421875,0
2010-11-03,3323.010009765625,3323.010009765625,3323.010009765625,3323.010009765625,3323.010009765625,0
2010-11-04,3338.2900390625,3338.2900390625,3338.2900390625,3338.2900390625,3338.2900390625,0
2010-11-08,3374.68994140625,3374.68994140625,3374.68994140625,3374.68994140625,3374.68994140625,0
2010-11-09,3388.89990234375,3388.89990234375,3388.89990234375,3388.89990234375,3388.89990234375,0
2010-11-10,3405.22998046875,3405.22998046875,3405.22998046875,3405.22998046875,3405.22998046875,0
2010-11-11,3381.340087890625,3381.340087890625,3381.340087890625,3381.340087890625,3381.340087890625,0
2010-11-12,3301.72998046875,3301.72998046875,3301.72998046875,3301.72998046875,3301.72998046875,0
2010-11-15,3291.639892578125,3291.639892578125,3291.639892578125,3291.639892578125,3291.639892578125,0
2010-11-16,3204.860107421875,3204.860107421875,3204.860107421875,3204.860107421875,3204.860107421875,0
2010-11-18,3187.89990234375,3187.89990234375,3187.89990234375,3187.89990234375,3187.89990234375,0
2010-11-19,3124.5400390625,3124.5400390625,3124.5400390625,3124.5400390625,3124.5400390625,0
2010-11-22,3168.320068359375,3168.320068359375,3168.320068359375,3168.320068359375,3168.320068359375,0
2010-11-23,3117.280029296875,3117.280029296875,3117.280029296875,3117.280029296875,3117.280029296875,0
2010-11-24,3086.169921875,3086.169921875,3086.169921875,3086.169921875,3086.169921875,0
2010-11-25,3035.43994140625,3035.43994140625,3035.43994140625,3035.43994140625,3035.43994140625,0
2010-11-26,2911.22998046875,2911.22998046875,2911.22998046875,2911.22998046875,2911.22998046875,0
2010-11-29,2912.10009765625,2912.10009765625,2912.10009765625,2912.10009765625,2912.10009765625,0
2010-11-30,2957.639892578125,2957.639892578125,2957.639892578125,2957.639892578125,2957.639892578125,0
2010-12-01,3040.669921875,3040.669921875,3040.669921875,3040.669921875,3040.669921875,0
2010-12-02,3085.0400390625,3085.0400390625,3085.0400390625,3085.0400390625,3085.0400390625,0
2010-12-03,3004.550048828125,3004.550048828125,3004.550048828125,3004.550048828125,3004.550048828125,0
2010-12-06,2988.989990234375,2988.989990234375,2988.989990234375,2988.989990234375,2988.989990234375,0
2010-12-07,2948.239990234375,2948.239990234375,2948.239990234375,2948.239990234375,2948.239990234375,0
2010-12-08,2865.22998046875,2865.22998046875,2865.22998046875,2865.22998046875,2865.22998046875,0
2010-12-09,2719.199951171875,2719.199951171875,2719.199951171875,2719.199951171875,2719.199951171875,0
2010-12-10,2786.570068359375,2786.570068359375,2786.570068359375,2786.570068359375,2786.570068359375,0
2010-12-13,2846.840087890625,2846.840087890625,2846.840087890625,2846.840087890625,2846.840087890625,0
2010-12-14,2897.449951171875,2897.449951171875,2897.449951171875,2897.449951171875,2897.449951171875,0
2010-12-15,2862.080078125,2862.080078125,2862.080078125,2862.080078125,2862.080078125,0
2010-12-16,2880.72998046875,2880.72998046875,2880.72998046875,2880.72998046875,2880.72998046875,0
2010-12-20,2893.85009765625,2893.85009765625,2893.85009765625,2893.85009765625,2893.85009765625,0
2010-12-21,2914.10009765625,2914.10009765625,2914.10009765625,2914.10009765625,2914.10009765625,0
2010-12-22,2923.81005859375,2923.81005859375,2923.81005859375,2923.81005859375,2923.81005859375,0
2010-12-23,2926.1298828125,2926.1298828125,2926.1298828125,2926.1298828125,2926.1298828125,0
2010-12-24,2934.929931640625,2934.929931640625,2934.929931640625,2934.929931640625,2934.929931640625,0
2010-12-27,2941.7099609375,2941.7099609375,2941.7099609375,2941.7099609375,2941.7099609375,0
2010-12-28,2951.330078125,2951.330078125,2951.330078125,2951.330078125,2951.330078125,0
2010-12-29,2969.68994140625,2969.68994140625,2969.68994140625,2969.68994140625,2969.68994140625,0
2010-12-30,2985.090087890625,2985.090087890625,2985.090087890625,2985.090087890625,2985.090087890625,0
2010-12-31,3020.409912109375,3020.409912109375,3020.409912109375,3020.409912109375,3020.409912109375,0
2011-01-03,3053.669921875,3053.669921875,3053.669921875,3053.669921875,3053.669921875,0
2011-01-04,3052.60009765625,3052.60009765625,3052.60009765625,3052.60009765625,3052.60009765625,0
2011-01-05,3014.7900390625,3014.7900390625,3014.7900390625,3014.7900390625,3014.7900390625,0
2011-01-06,2977.260009765625,2977.260009765625,2977.260009765625,2977.260009765625,2977.260009765625,0
2011-01-07,2895.090087890625,2895.090087890625,2895.090087890625,2895.090087890625,2895.090087890625,0
2011-01-10,2821.030029296875,2821.030029296875,2821.030029296875,2821.030029296875,2821.030029296875,0
2011-01-11,2796.800048828125,2796.800048828125,2796.800048828125,2796.800048828125,2796.800048828125,0
2011-01-12,2850.389892578125,2850.389892578125,2850.389892578125,2850.389892578125,2850.389892578125,0
2011-01-13,2835.10009765625,2835.10009765625,2835.10009765625,2835.10009765625,2835.10009765625,0
2011-01-14,2797.7900390625,2797.7900390625,2797.7900390625,2797.7900390625,2797.7900390625,0
2011-01-17,2764.0,2764.0,2764.0,2764.0,2764.0,0
2011-01-18,2773.77001953125,2773.77001953125,2773.77001953125,2773.77001953125,2773.77001953125,0
2011-01-19,2782.60009765625,2782.60009765625,2782.60009765625,2782.60009765625,2782.60009765625,0
2011-01-20,2783.18994140625,2783.18994140625,2783.18994140625,2783.18994140625,2783.18994140625,0
2011-01-21,2794.889892578125,2794.889892578125,2794.889892578125,2794.889892578125,2794.889892578125,0
2011-01-24,2818.14990234375,2818.14990234375,2818.14990234375,2818.14990234375,2818.14990234375,0
2011-01-25,2797.31005859375,2797.31005859375,2797.31005859375,2797.31005859375,2797.31005859375,0
2011-01-27,2748.139892578125,2748.139892578125,2748.139892578125,2748.139892578125,2748.139892578125,0
2011-01-28,2667.25,2667.25,2667.25,2667.25,2667.25,0
2011-01-31,2650.7099609375,2650.7099609375,2650.7099609375,2650.7099609375,2650.7099609375,0
2011-02-01,2614.469970703125,2614.469970703125,2614.469970703125,2614.469970703125,2614.469970703125,0
2011-02-02,2615.530029296875,2615.530029296875,2615.530029296875,2615.530029296875,2615.530029296875,0
2011-02-03,2652.0400390625,2652.0400390625,2652.0400390625,2652.0400390625,2652.0400390625,0
2011-02-04,2616.3701171875,2616.3701171875,2616.3701171875,2616.3701171875,2616.3701171875,0
2011-02-07,2597.2099609375,2597.2099609375,2597.2099609375,2597.2099609375,2597.2099609375,0
2011-02-08,2532.860107421875,2532.860107421875,2532.860107421875,2532.860107421875,2532.860107421875,0
2011-02-09,2423.909912109375,2423.909912109375,2423.909912109375,2423.909912109375,2423.909912109375,0
2011-02-10,2409.7900390625,2409.7900390625,2409.7900390625,2409.7900390625,2409.7900390625,0
2011-02-11,2479.760009765625,2479.760009765625,2479.760009765625,2479.760009765625,2479.760009765625,0
2011-02-14,2579.47998046875,2579.47998046875,2579.47998046875,2579.47998046875,2579.47998046875,0
2011-02-15,2589.22998046875,2589.22998046875,2589.22998046875,2589.22998046875,2589.22998046875,0
2011-02-16,2607.6298828125,2607.6298828125,2607.6298828125,2607.6298828125,2607.6298828125,0
2011-02-17,2636.0,2636.0,2636.0,2636.0,2636.0,0
2011-02-18,2591.510009765625,2591.510009765625,2591.510009765625,2591.510009765625,2591.510009765625,0
2011-02-21,2585.969970703125,2585.969970703125,2585.969970703125,2585.969970703125,2585.969970703125,0
2011-02-22,2570.760009765625,2570.760009765625,2570.760009765625,2570.760009765625,2570.760009765625,0
2011-02-23,2564.830078125,2564.830078125,2564.830078125,2564.830078125,2564.830078125,0
2011-02-24,2487.830078125,2487.830078125,2487.830078125,2487.830078125,2487.830078125,0
2011-02-25,2478.31005859375,2478.31005859375,2478.31005859375,2478.31005859375,2478.31005859375,0
2011-02-28,2489.0,2489.0,2489.0,2489.0,2489.0,0
2011-03-01,2558.419921875,2558.419921875,2558.419921875,2558.419921875,2558.419921875,0
2011-03-03,2554.06005859375,2554.06005859375,2554.06005859375,2554.06005859375,2554.06005859375,0
2011-03-04,2551.330078125,2551.330078125,2551.330078125,2551.330078125,2551.330078125,0
2011-03-07,2517.469970703125,2517.469970703125,2517.469970703125,2517.469970703125,2517.469970703125,0
2011-03-08,2541.43994140625,2541.43994140625,2541.43994140625,2541.43994140625,2541.43994140625,0
2011-03-09,2559.1298828125,2559.1298828125,2559.1298828125,2559.1298828125,2559.1298828125,0
2011-03-10,2552.6298828125,2552.6298828125,2552.6298828125,2552.6298828125,2552.6298828125,0
2011-03-11,2528.56005859375,2528.56005859375,2528.56005859375,2528.56005859375,2528.56005859375,0
2011-03-14,2537.5400390625,2537.5400390625,2537.5400390625,2537.5400390625,2537.5400390625,0
2011-03-15,2497.889892578125,2497.889892578125,2497.889892578125,2497.889892578125,2497.889892578125,0
2011-03-16,2533.889892578125,2533.889892578125,2533.889892578125,2533.889892578125,2533.889892578125,0
2011-03-17,2524.330078125,2524.330078125,2524.330078125,2524.330078125,2524.330078125,0
2011-03-18,2506.77001953125,2506.77001953125,2506.77001953125,2506.77001953125,2506.77001953125,0
2011-03-21,2500.159912109375,2500.159912109375,2500.159912109375,2500.159912109375,2500.159912109375,0
2011-03-22,2516.010009765625,2516.010009765625,2516.010009765625,2516.010009765625,2516.010009765625,0
2011-03-23,2535.780029296875,2535.780029296875,2535.780029296875,2535.780029296875,2535.780029296875,0
2011-03-24,2556.68994140625,2556.68994140625,2556.68994140625,2556.68994140625,2556.68994140625,0
2011-03-25,2593.550048828125,2593.550048828125,2593.550048828125,2593.550048828125,2593.550048828125,0
2011-03-28,2598.300048828125,2598.300048828125,2598.300048828125,2598.300048828125,2598.300048828125,0
2011-03-29,2600.919921875,2600.919921875,2600.919921875,2600.919921875,2600.919921875,0
2011-03-30,2644.090087890625,2644.090087890625,2644.090087890625,2644.090087890625,2644.090087890625,0
2011-03-31,2649.1201171875,2649.1201171875,2649.1201171875,2649.1201171875,2649.1201171875,0
2011-04-01,2699.64990234375,2699.64990234375,2699.64990234375,2699.64990234375,2699.64990234375,0
2011-04-04,2764.8701171875,2764.8701171875,2764.8701171875,2764.8701171875,2764.8701171875,0
2011-04-05,2797.22998046875,2797.22998046875,2797.22998046875,2797.22998046875,2797.22998046875,0
2011-04-06,2818.8701171875,2818.8701171875,2818.8701171875,2818.8701171875,2818.8701171875,0
2011-04-07,2843.389892578125,2843.389892578125,2843.389892578125,2843.389892578125,2843.389892578125,0
2011-04-08,2805.8798828125,2805.8798828125,2805.8798828125,2805.8798828125,2805.8798828125,0
2011-04-11,2786.3701171875,2786.3701171875,2786.3701171875,2786.3701171875,2786.3701171875,0
2011-04-13,2825.219970703125,2825.219970703125,2825.219970703125,2825.219970703125,2825.219970703125,0
2011-04-15,2817.0,2817.0,2817.0,2817.0,2817.0,0
2011-04-18,2779.409912109375,2779.409912109375,2779.409912109375,2779.409912109375,2779.409912109375,0
2011-04-19,2785.4599609375,2785.4599609375,2785.4599609375,2785.4599609375,2785.4599609375,0
2011-04-20,2822.10009765625,2822.10009765625,2822.10009765625,2822.10009765625,2822.10009765625,0
2011-04-21,2822.659912109375,2822.659912109375,2822.659912109375,2822.659912109375,2822.659912109375,0
2011-04-25,2816.72998046875,2816.72998046875,2816.72998046875,2816.72998046875,2816.72998046875,0
2011-04-26,2824.389892578125,2824.389892578125,2824.389892578125,2824.389892578125,2824.389892578125,0
2011-04-27,2817.31005859375,2817.31005859375,2817.31005859375,2817.31005859375,2817.31005859375,0
2011-04-28,2802.14990234375,2802.14990234375,2802.14990234375,2802.14990234375,2802.14990234375,0
2011-04-29,2769.75,2769.75,2769.75,2769.75,2769.75,0
2011-05-02,2731.969970703125,2731.969970703125,2731.969970703125,2731.969970703125,2731.969970703125,0
2011-05-03,2682.919921875,2682.919921875,2682.919921875,2682.919921875,2682.919921875,0
2011-05-04,2669.409912109375,2669.409912109375,2669.409912109375,2669.409912109375,2669.409912109375,0
2011-05-05,2641.81005859375,2641.81005859375,2641.81005859375,2641.81005859375,2641.81005859375,0
2011-05-06,2663.7900390625,2663.7900390625,2663.7900390625,2663.7900390625,2663.7900390625,0
2011-05-09,2666.9599609375,2666.9599609375,2666.9599609375,2666.9599609375,2666.9599609375,0
2011-05-10,2671.2099609375,2671.2099609375,2671.2099609375,2671.2099609375,2671.2099609375,0
2011-05-11,2693.81005859375,2693.81005859375,2693.81005859375,2693.81005859375,2693.81005859375,0
2011-05-12,2666.60009765625,2666.60009765625,2666.60009765625,2666.60009765625,2666.60009765625,0
2011-05-13,2691.7099609375,2691.7099609375,2691.7099609375,2691.7099609375,2691.7099609375,0
2011-05-16,2666.919921875,2666.919921875,2666.919921875,2666.919921875,2666.919921875,0
2011-05-17,2650.280029296875,2650.280029296875,2650.280029296875,2650.280029296875,2650.280029296875,0
2011-05-18,2632.10009765625,2632.10009765625,2632.10009765625,2632.10009765625,2632.10009765625,0
2011-05-19,2618.0,2618.0,2618.0,2618.0,2618.0,0
2011-05-20,2635.719970703125,2635.719970703125,2635.719970703125,2635.719970703125,2635.719970703125,0
2011-05-23,2598.1298828125,2598.1298828125,2598.1298828125,2598.1298828125,2598.1298828125,0
2011-05-24,2598.419921875,2598.419921875,2598.419921875,2598.419921875,2598.419921875,0
2011-05-25,2586.31005859375,2586.31005859375,2586.31005859375,2586.31005859375,2586.31005859375,0
2011-05-26,2590.77001953125,2590.77001953125,2590.77001953125,2590.77001953125,2590.77001953125,0
2011-05-27,2622.64990234375,2622.64990234375,2622.64990234375,2622.64990234375,2622.64990234375,0
2011-05-30,2642.0,2642.0,2642.0,2642.0,2642.0,0
2011-05-31,2678.72998046875,2678.72998046875,2678.72998046875,2678.72998046875,2678.72998046875,0
2011-06-01,2693.760009765625,2693.760009765625,2693.760009765625,2693.760009765625,2693.760009765625,0
2011-06-02,2681.93994140625,2681.93994140625,2681.93994140625,2681.93994140625,2681.93994140625,0
2011-06-03,2674.590087890625,2674.590087890625,2674.590087890625,2674.590087890625,2674.590087890625,0
2011-06-06,2678.35009765625,2678.35009765625,2678.35009765625,2678.35009765625,2678.35009765625,0
2011-06-07,2695.14990234375,2695.14990234375,2695.14990234375,2695.14990234375,2695.14990234375,0
2011-06-08,2697.830078125,2697.830078125,2697.830078125,2697.830078125,2697.830078125,0
2011-06-09,2695.10009765625,2695.10009765625,2695.10009765625,2695.10009765625,2695.10009765625,0
2011-06-10,2685.8798828125,2685.8798828125,2685.8798828125,2685.8798828125,2685.8798828125,0
2011-06-13,2690.110107421875,2690.110107421875,2690.110107421875,2690.110107421875,2690.110107421875,0
2011-06-14,2703.179931640625,2703.179931640625,2703.179931640625,2703.179931640625,2703.179931640625,0
2011-06-15,2687.659912109375,2687.659912109375,2687.659912109375,2687.659912109375,2687.659912109375,0
2011-06-16,2665.989990234375,2665.989990234375,2665.989990234375,2665.989990234375,2665.989990234375,0
2011-06-17,2642.0,2642.0,2642.0,2642.0,2642.0,0
2011-06-20,2558.89990234375,2558.89990234375,2558.89990234375,2558.89990234375,2558.89990234375,0
2011-06-21,2549.830078125,2549.830078125,2549.830078125,2549.830078125,2549.830078125,0
2011-06-22,2527.570068359375,2527.570068359375,2527.570068359375,2527.570068359375,2527.570068359375,0
2011-06-23,2527.760009765625,2527.760009765625,2527.760009765625,2527.760009765625,2527.760009765625,0
2011-06-24,2577.3798828125,2577.3798828125,2577.3798828125,2577.3798828125,2577.3798828125,0
2011-06-27,2598.489990234375,2598.489990234375,2598.489990234375,2598.489990234375,2598.489990234375,0
2011-06-28,2613.169921875,2613.169921875,2613.169921875,2613.169921875,2613.169921875,0
2011-06-29,2640.8701171875,2640.8701171875,2640.8701171875,2640.8701171875,2640.8701171875,0
2011-06-30,2653.52001953125,2653.52001953125,2653.52001953125,2653.52001953125,2653.52001953125,0
2011-07-01,2665.409912109375,2665.409912109375,2665.409912109375,2665.409912109375,2665.409912109375,0
2011-07-04,2693.72998046875,2693.72998046875,2693.72998046875,2693.72998046875,2693.72998046875,0
2011-07-05,2700.760009765625,2700.760009765625,2700.760009765625,2700.760009765625,2700.760009765625,0
2011-07-06,2707.530029296875,2707.530029296875,2707.530029296875,2707.530029296875,2707.530029296875,0
2011-07-07,2734.030029296875,2734.030029296875,2734.030029296875,2734.030029296875,2734.030029296875,0
2011-07-08,2711.3798828125,2711.3798828125,2711.3798828125,2711.3798828125,2711.3798828125,0
2011-07-11,2701.6298828125,2701.6298828125,2701.6298828125,2701.6298828125,2701.6298828125,0
2011-07-12,2671.669921875,2671.669921875,2671.669921875,2671.669921875,2671.669921875,0
2011-07-13,2704.570068359375,2704.570068359375,2704.570068359375,2704.570068359375,2704.570068359375,0
2011-07-14,2710.469970703125,2710.469970703125,2710.469970703125,2710.469970703125,2710.469970703125,0
2011-07-15,2713.969970703125,2713.969970703125,2713.969970703125,2713.969970703125,2713.969970703125,0
2011-07-18,2713.9599609375,2713.9599609375,2713.9599609375,2713.9599609375,2713.9599609375,0
2011-07-19,2731.199951171875,2731.199951171875,2731.199951171875,2731.199951171875,2731.199951171875,0
2011-07-20,2716.860107421875,2716.860107421875,2716.860107421875,2716.860107421875,2716.860107421875,0
2011-07-21,2706.280029296875,2706.280029296875,2706.280029296875,2706.280029296875,2706.280029296875,0
2011-07-22,2733.669921875,2733.669921875,2733.669921875,2733.669921875,2733.669921875,0
2011-07-25,2743.52001953125,2743.52001953125,2743.52001953125,2743.52001953125,2743.52001953125,0
2011-07-26,2722.360107421875,2722.360107421875,2722.360107421875,2722.360107421875,2722.360107421875,0
2011-07-27,2728.27001953125,2728.27001953125,2728.27001953125,2728.27001953125,2728.27001953125,0
2011-07-28,2705.89990234375,2705.89990234375,2705.89990234375,2705.89990234375,2705.89990234375,0
2011-07-29,2691.989990234375,2691.989990234375,2691.989990234375,2691.989990234375,2691.989990234375,0
2011-08-01,2685.75,2685.75,2685.75,2685.75,2685.75,0
2011-08-02,2645.6201171875,2645.6201171875,2645.6201171875,2645.6201171875,2645.6201171875,0
2011-08-03,2637.9599609375,2637.9599609375,2637.9599609375,2637.9599609375,2637.9599609375,0
2011-08-04,2620.169921875,2620.169921875,2620.169921875,2620.169921875,2620.169921875,0
2011-08-05,2549.1201171875,2549.1201171875,2549.1201171875,2549.1201171875,2549.1201171875,0
2011-08-08,2492.330078125,2492.330078125,2492.330078125,2492.330078125,2492.330078125,0
2011-08-09,2449.0400390625,2449.0400390625,2449.0400390625,2449.0400390625,2449.0400390625,0
2011-08-10,2509.219970703125,2509.219970703125,2509.219970703125,2509.219970703125,2509.219970703125,0
2011-08-11,2501.6298828125,2501.6298828125,2501.6298828125,2501.6298828125,2501.6298828125,0
2011-08-12,2493.969970703125,2493.969970703125,2493.969970703125,2493.969970703125,2493.969970703125,0
2011-08-16,2457.52001953125,2457.52001953125,2457.52001953125,2457.52001953125,2457.52001953125,0
2011-08-17,2431.8798828125,2431.8798828125,2431.8798828125,2431.8798828125,2431.8798828125,0
2011-08-18,2376.1201171875,2376.1201171875,2376.1201171875,2376.1201171875,2376.1201171875,0
2011-08-19,2338.580078125,2338.580078125,2338.580078125,2338.580078125,2338.580078125,0
2011-08-22,2374.409912109375,2374.409912109375,2374.409912109375,2374.409912109375,2374.409912109375,0
2011-08-23,2402.06005859375,2402.06005859375,2402.06005859375,2402.06005859375,2402.06005859375,0
2011-08-24,2391.669921875,2391.669921875,2391.669921875,2391.669921875,2391.669921875,0
2011-08-25,2374.510009765625,2374.510009765625,2374.510009765625,2374.510009765625,2374.510009765625,0
2011-08-26,2321.43994140625,2321.43994140625,2321.43994140625,2321.43994140625,2321.43994140625,0
2011-08-29,2376.360107421875,2376.360107421875,2376.360107421875,2376.360107421875,2376.360107421875,0
2011-08-30,2410.929931640625,2410.929931640625,2410.929931640625,2410.929931640625,2410.929931640625,0
2011-09-02,2427.14990234375,2427.14990234375,2427.14990234375,2427.14990234375,2427.14990234375,0
2011-09-05,2432.719970703125,2432.719970703125,2432.719970703125,2432.719970703125,2432.719970703125,0
2011-09-06,2455.06005859375,2455.06005859375,2455.06005859375,2455.06005859375,2455.06005859375,0
2011-09-07,2483.72998046875,2483.72998046875,2483.72998046875,2483.72998046875,2483.72998046875,0
2011-09-08,2495.77001953125,2495.77001953125,2495.77001953125,2495.77001953125,2495.77001953125,0
2011-09-09,2476.81005859375,2476.81005859375,2476.81005859375,2476.81005859375,2476.81005859375,0
2011-09-12,2433.7900390625,2433.7900390625,2433.7900390625,2433.7900390625,2433.7900390625,0
2011-09-13,2436.659912109375,2436.659912109375,2436.659912109375,2436.659912109375,2436.659912109375,0
2011-09-14,2449.969970703125,2449.969970703125,2449.969970703125,2449.969970703125,2449.969970703125,0
2011-09-15,2461.610107421875,2461.610107421875,2461.610107421875,2461.610107421875,2461.610107421875,0
2011-09-16,2464.5400390625,2464.5400390625,2464.5400390625,2464.5400390625,2464.5400390625,0
2011-09-19,2460.659912109375,2460.659912109375,2460.659912109375,2460.659912109375,2460.659912109375,0
2011-09-20,2490.93994140625,2490.93994140625,2490.93994140625,2490.93994140625,2490.93994140625,0
2011-09-21,2519.47998046875,2519.47998046875,2519.47998046875,2519.47998046875,2519.47998046875,0
2011-09-22,2442.6201171875,2442.6201171875,2442.6201171875,2442.6201171875,2442.6201171875,0
2011-09-23,2422.510009765625,2422.510009765625,2422.510009765625,2422.510009765625,2422.510009765625,0
2011-09-26,2388.9599609375,2388.9599609375,2388.9599609375,2388.9599609375,2388.9599609375,0
2011-09-27,2432.389892578125,2432.389892578125,2432.389892578125,2432.389892578125,2432.389892578125,0
2011-09-28,2409.139892578125,2409.139892578125,2409.139892578125,2409.139892578125,2409.139892578125,0
2011-09-29,2404.39990234375,2404.39990234375,2404.39990234375,2404.39990234375,2404.39990234375,0
2011-09-30,2394.719970703125,2394.719970703125,2394.719970703125,2394.719970703125,2394.719970703125,0
2011-10-03,2356.699951171875,2356.699951171875,2356.699951171875,2356.699951171875,2356.699951171875,0
2011-10-04,2330.739990234375,2330.739990234375,2330.739990234375,2330.739990234375,2330.739990234375,0
2011-10-05,2304.409912109375,2304.409912109375,2304.409912109375,2304.409912109375,2304.409912109375,0
2011-10-07,2340.179931640625,2340.179931640625,2340.179931640625,2340.179931640625,2340.179931640625,0
2011-10-10,2362.81005859375,2362.81005859375,2362.81005859375,2362.81005859375,2362.81005859375,0
2011-10-11,2370.72998046875,2370.72998046875,2370.72998046875,2370.72998046875,2370.72998046875,0
2011-10-12,2402.25,2402.25,2402.25,2402.25,2402.25,0
2011-10-13,2402.590087890625,2402.590087890625,2402.590087890625,2402.590087890625,2402.590087890625,0
2011-10-14,2415.449951171875,2415.449951171875,2415.449951171875,2415.449951171875,2415.449951171875,0
2011-10-17,2421.639892578125,2421.639892578125,2421.639892578125,2421.639892578125,2421.639892578125,0
2011-10-18,2395.580078125,2395.580078125,2395.580078125,2395.580078125,2395.580078125,0
2011-10-19,2422.010009765625,2422.010009765625,2422.010009765625,2422.010009765625,2422.010009765625,0
2011-10-20,2408.81005859375,2408.81005859375,2408.81005859375,2408.81005859375,2408.81005859375,0
2011-10-21,2398.60009765625,2398.60009765625,2398.60009765625,2398.60009765625,2398.60009765625,0
2011-10-24,2388.360107421875,2388.360107421875,2388.360107421875,2388.360107421875,2388.360107421875,0
2011-10-25,2390.090087890625,2390.090087890625,2390.090087890625,2390.090087890625,2390.090087890625,0
2011-10-28,2453.590087890625,2453.590087890625,2453.590087890625,2453.590087890625,2453.590087890625,0
2011-10-31,2462.830078125,2462.830078125,2462.830078125,2462.830078125,2462.830078125,0
2011-11-01,2450.7099609375,2450.7099609375,2450.7099609375,2450.7099609375,2450.7099609375,0
2011-11-02,2447.0,2447.0,2447.0,2447.0,2447.0,0
2011-11-03,2441.929931640625,2441.929931640625,2441.929931640625,2441.929931640625,2441.929931640625,0
2011-11-04,2457.9599609375,2457.9599609375,2457.9599609375,2457.9599609375,2457.9599609375,0
2011-11-08,2461.139892578125,2461.139892578125,2461.139892578125,2461.139892578125,2461.139892578125,0
2011-11-09,2432.419921875,2432.419921875,2432.419921875,2432.419921875,2432.419921875,0
2011-11-11,2394.0,2394.0,2394.0,2394.0,2394.0,0
2011-11-14,2351.97998046875,2351.97998046875,2351.97998046875,2351.97998046875,2351.97998046875,0
2011-11-15,2285.6201171875,2285.6201171875,2285.6201171875,2285.6201171875,2285.6201171875,0
2011-11-16,2261.1201171875,2261.1201171875,2261.1201171875,2261.1201171875,2261.1201171875,0
2011-11-17,2233.22998046875,2233.22998046875,2233.22998046875,2233.22998046875,2233.22998046875,0
2011-11-18,2208.3701171875,2208.3701171875,2208.3701171875,2208.3701171875,2208.3701171875,0
2011-11-21,2168.239990234375,2168.239990234375,2168.239990234375,2168.239990234375,2168.239990234375,0
2011-11-22,2166.8701171875,2166.8701171875,2166.8701171875,2166.8701171875,2166.8701171875,0
2011-11-23,2123.239990234375,2123.239990234375,2123.239990234375,2123.239990234375,2123.239990234375,0
2011-11-24,2144.530029296875,2144.530029296875,2144.530029296875,2144.530029296875,2144.530029296875,0
2011-11-25,2157.5,2157.5,2157.5,2157.5,2157.5,0
2011-11-28,2190.7900390625,2190.7900390625,2190.7900390625,2190.7900390625,2190.7900390625,0
2011-11-29,2178.72998046875,2178.72998046875,2178.72998046875,2178.72998046875,2178.72998046875,0
2011-11-30,2153.050048828125,2153.050048828125,2153.050048828125,2153.050048828125,2153.050048828125,0
2011-12-01,2170.02001953125,2170.02001953125,2170.02001953125,2170.02001953125,2170.02001953125,0
2011-12-02,2192.85009765625,2192.85009765625,2192.85009765625,2192.85009765625,2192.85009765625,0
2011-12-05,2195.8798828125,2195.8798828125,2195.8798828125,2195.8798828125,2195.8798828125,0
2011-12-07,2201.4599609375,2201.4599609375,2201.4599609375,2201.4599609375,2201.4599609375,0
2011-12-08,2159.169921875,2159.169921875,2159.169921875,2159.169921875,2159.169921875,0
2011-12-09,2142.93994140625,2142.93994140625,2142.93994140625,2142.93994140625,2142.93994140625,0
2011-12-12,2102.97998046875,2102.97998046875,2102.97998046875,2102.97998046875,2102.97998046875,0
2011-12-13,2089.300048828125,2089.300048828125,2089.300048828125,2089.300048828125,2089.300048828125,0
2011-12-14,2068.469970703125,2068.469970703125,2068.469970703125,2068.469970703125,2068.469970703125,0
2011-12-15,2038.969970703125,2038.969970703125,2038.969970703125,2038.969970703125,2038.969970703125,0
2011-12-16,1997.25,1997.25,1997.25,1997.25,1997.25,0
2011-12-19,1952.6400146484375,1952.6400146484375,1952.6400146484375,1952.6400146484375,1952.6400146484375,0
2011-12-20,1917.43994140625,1917.43994140625,1917.43994140625,1917.43994140625,1917.43994140625,0
2011-12-21,1939.050048828125,1939.050048828125,1939.050048828125,1939.050048828125,1939.050048828125,0
2011-12-22,1948.0899658203125,1948.0899658203125,1948.0899658203125,1948.0899658203125,1948.0899658203125,0
2011-12-23,1953.280029296875,1953.280029296875,1953.280029296875,1953.280029296875,1953.280029296875,0
2011-12-26,1972.02001953125,1972.02001953125,1972.02001953125,1972.02001953125,1972.02001953125,0
2011-12-27,1960.31005859375,1960.31005859375,1960.31005859375,1960.31005859375,1960.31005859375,0
2011-12-28,1935.8499755859375,1935.8499755859375,1935.8499755859375,1935.8499755859375,1935.8499755859375,0
2011-12-29,1928.1500244140625,1928.1500244140625,1928.1500244140625,1928.1500244140625,1928.1500244140625,0
2011-12-30,1932.06005859375,1932.06005859375,1932.06005859375,1932.06005859375,1932.06005859375,0
2012-01-02,1936.1199951171875,1936.1199951171875,1936.1199951171875,1936.1199951171875,1936.1199951171875,0
2012-01-03,1982.22998046875,1982.22998046875,1982.22998046875,1982.22998046875,1982.22998046875,0
2012-01-04,1980.1600341796875,1980.1600341796875,1980.1600341796875,1980.1600341796875,1980.1600341796875,0
2012-01-05,1979.5899658203125,1979.5899658203125,1979.5899658203125,1979.5899658203125,1979.5899658203125,0
2012-01-06,1979.25,1979.25,1979.25,1979.25,1979.25,0
2012-01-09,2016.760009765625,2016.760009765625,2016.760009765625,2016.760009765625,2016.760009765625,0
2012-01-10,2065.050048828125,2065.050048828125,2065.050048828125,2065.050048828125,2065.050048828125,0
2012-01-11,2092.10009765625,2092.10009765625,2092.10009765625,2092.10009765625,2092.10009765625,0
2012-01-12,2093.47998046875,2093.47998046875,2093.47998046875,2093.47998046875,2093.47998046875,0
2012-01-13,2128.300048828125,2128.300048828125,2128.300048828125,2128.300048828125,2128.300048828125,0
2012-01-16,2130.02001953125,2130.02001953125,2130.02001953125,2130.02001953125,2130.02001953125,0
2012-01-17,2157.669921875,2157.669921875,2157.669921875,2157.669921875,2157.669921875,0
2012-01-18,2138.68994140625,2138.68994140625,2138.68994140625,2138.68994140625,2138.68994140625,0
2012-01-19,2166.18994140625,2166.18994140625,2166.18994140625,2166.18994140625,2166.18994140625,0
2012-01-20,2166.1298828125,2166.1298828125,2166.1298828125,2166.1298828125,2166.1298828125,0
2012-01-23,2162.8701171875,2162.8701171875,2162.8701171875,2162.8701171875,2162.8701171875,0
2012-01-24,2186.27001953125,2186.27001953125,2186.27001953125,2186.27001953125,2186.27001953125,0
2012-01-25,2216.159912109375,2216.159912109375,2216.159912109375,2216.159912109375,2216.159912109375,0
2012-01-27,2235.669921875,2235.669921875,2235.669921875,2235.669921875,2235.669921875,0
2012-01-30,2191.72998046875,2191.72998046875,2191.72998046875,2191.72998046875,2191.72998046875,0
2012-01-31,2231.760009765625,2231.760009765625,2231.760009765625,2231.760009765625,2231.760009765625,0
2012-02-01,2264.64990234375,2264.64990234375,2264.64990234375,2264.64990234375,2264.64990234375,0
2012-02-02,2287.070068359375,2287.070068359375,2287.070068359375,2287.070068359375,2287.070068359375,0
2012-02-03,2313.3798828125,2313.3798828125,2313.3798828125,2313.3798828125,2313.3798828125,0
2012-02-06,2340.659912109375,2340.659912109375,2340.659912109375,2340.659912109375,2340.659912109375,0
2012-02-07,2335.52001953125,2335.52001953125,2335.52001953125,2335.52001953125,2335.52001953125,0
2012-02-08,2370.8798828125,2370.8798828125,2370.8798828125,2370.8798828125,2370.8798828125,0
2012-02-09,2404.60009765625,2404.60009765625,2404.60009765625,2404.60009765625,2404.60009765625,0
2012-02-10,2411.610107421875,2411.610107421875,2411.610107421875,2411.610107421875,2411.610107421875,0
2012-02-13,2417.070068359375,2417.070068359375,2417.070068359375,2417.070068359375,2417.070068359375,0
2012-02-14,2447.0,2447.0,2447.0,2447.0,2447.0,0
2012-02-15,2479.840087890625,2479.840087890625,2479.840087890625,2479.840087890625,2479.840087890625,0
2012-02-16,2502.659912109375,2502.659912109375,2502.659912109375,2502.659912109375,2502.659912109375,0
2012-02-17,2499.2099609375,2499.2099609375,2499.2099609375,2499.2099609375,2499.2099609375,0
2012-02-21,2523.7099609375,2523.7099609375,2523.7099609375,2523.7099609375,2523.7099609375,0
2012-02-22,2435.3798828125,2435.3798828125,2435.3798828125,2435.3798828125,2435.3798828125,0
2012-02-23,2417.25,2417.25,2417.25,2417.25,2417.25,0
2012-02-24,2401.360107421875,2401.360107421875,2401.360107421875,2401.360107421875,2401.360107421875,0
2012-02-27,2326.659912109375,2326.659912109375,2326.659912109375,2326.659912109375,2326.659912109375,0
2012-02-28,2390.639892578125,2390.639892578125,2390.639892578125,2390.639892578125,2390.639892578125,0
2012-02-29,2409.860107421875,2409.860107421875,2409.860107421875,2409.860107421875,2409.860107421875,0
2012-03-01,2399.280029296875,2399.280029296875,2399.280029296875,2399.280029296875,2399.280029296875,0
2012-03-02,2398.820068359375,2398.820068359375,2398.820068359375,2398.820068359375,2398.820068359375,0
2012-03-05,2380.9599609375,2380.9599609375,2380.9599609375,2380.9599609375,2380.9599609375,0
2012-03-06,2350.699951171875,2350.699951171875,2350.699951171875,2350.699951171875,2350.699951171875,0
2012-03-07,2346.909912109375,2346.909912109375,2346.909912109375,2346.909912109375,2346.909912109375,0
2012-03-09,2391.60009765625,2391.60009765625,2391.60009765625,2391.60009765625,2391.60009765625,0
2012-03-12,2407.22998046875,2407.22998046875,2407.22998046875,2407.22998046875,2407.22998046875,0
2012-03-13,2435.52001953125,2435.52001953125,2435.52001953125,2435.52001953125,2435.52001953125,0
2012-03-14,2432.830078125,2432.830078125,2432.830078125,2432.830078125,2432.830078125,0
2012-03-15,2404.159912109375,2404.159912109375,2404.159912109375,2404.159912109375,2404.159912109375,0
2012-03-16,2382.919921875,2382.919921875,2382.919921875,2382.919921875,2382.919921875,0
2012-03-19,2364.0,2364.0,2364.0,2364.0,2364.0,0
2012-03-20,2375.77001953125,2375.77001953125,2375.77001953125,2375.77001953125,2375.77001953125,0
2012-03-21,2410.389892578125,2410.389892578125,2410.389892578125,2410.389892578125,2410.389892578125,0
2012-03-22,2367.300048828125,2367.300048828125,2367.300048828125,2367.300048828125,2367.300048828125,0
2012-03-23,2376.2099609375,2376.2099609375,2376.2099609375,2376.2099609375,2376.2099609375,0
2012-03-26,2343.889892578125,2343.889892578125,2343.889892578125,2343.889892578125,2343.889892578125,0
2012-03-27,2342.56005859375,2342.56005859375,2342.56005859375,2342.56005859375,2342.56005859375,0
2012-03-28,2324.469970703125,2324.469970703125,2324.469970703125,2324.469970703125,2324.469970703125,0
2012-03-29,2330.219970703125,2330.219970703125,2330.219970703125,2330.219970703125,2330.219970703125,0
2012-03-30,2384.550048828125,2384.550048828125,2384.550048828125,2384.550048828125,2384.550048828125,0
2012-04-02,2414.89990234375,2414.89990234375,2414.89990234375,2414.89990234375,2414.89990234375,0
2012-04-03,2442.570068359375,2442.570068359375,2442.570068359375,2442.570068359375,2442.570068359375,0
2012-04-04,2439.580078125,2439.580078125,2439.580078125,2439.580078125,2439.580078125,0
2012-04-09,2409.969970703125,2409.969970703125,2409.969970703125,2409.969970703125,2409.969970703125,0
2012-04-10,2410.889892578125,2410.889892578125,2410.889892578125,2410.889892578125,2410.889892578125,0
2012-04-11,2402.6298828125,2402.6298828125,2402.6298828125,2402.6298828125,2402.6298828125,0
2012-04-12,2424.909912109375,2424.909912109375,2424.909912109375,2424.909912109375,2424.909912109375,0
2012-04-13,2406.239990234375,2406.239990234375,2406.239990234375,2406.239990234375,2406.239990234375,0
2012-04-16,2423.64990234375,2423.64990234375,2423.64990234375,2423.64990234375,2423.64990234375,0
2012-04-17,2441.52001953125,2441.52001953125,2441.52001953125,2441.52001953125,2441.52001953125,0
2012-04-18,2445.510009765625,2445.510009765625,2445.510009765625,2445.510009765625,2445.510009765625,0
2012-04-19,2448.25,2448.25,2448.25,2448.25,2448.25,0
2012-04-20,2428.239990234375,2428.239990234375,2428.239990234375,2428.239990234375,2428.239990234375,0
2012-04-23,2387.85009765625,2387.85009765625,2387.85009765625,2387.85009765625,2387.85009765625,0
2012-04-24,2380.969970703125,2380.969970703125,2380.969970703125,2380.969970703125,2380.969970703125,0
2012-04-25,2366.929931640625,2366.929931640625,2366.929931640625,2366.929931640625,2366.929931640625,0
2012-04-26,2357.64990234375,2357.64990234375,2357.64990234375,2357.64990234375,2357.64990234375,0
2012-04-27,2353.60009765625,2353.60009765625,2353.60009765625,2353.60009765625,2353.60009765625,0
2012-04-30,2380.949951171875,2380.949951171875,2380.949951171875,2380.949951171875,2380.949951171875,0
2012-05-02,2381.969970703125,2381.969970703125,2381.969970703125,2381.969970703125,2381.969970703125,0
2012-05-03,2357.330078125,2357.330078125,2357.330078125,2357.330078125,2357.330078125,0
2012-05-04,2313.43994140625,2313.43994140625,2313.43994140625,2313.43994140625,2313.43994140625,0
2012-05-07,2323.1298828125,2323.1298828125,2323.1298828125,2323.1298828125,2323.1298828125,0
2012-05-08,2290.580078125,2290.580078125,2290.580078125,2290.580078125,2290.580078125,0
2012-05-09,2259.409912109375,2259.409912109375,2259.409912109375,2259.409912109375,2259.409912109375,0
2012-05-10,2259.7099609375,2259.7099609375,2259.7099609375,2259.7099609375,2259.7099609375,0
2012-05-11,2239.52001953125,2239.52001953125,2239.52001953125,2239.52001953125,2239.52001953125,0
2012-05-14,2205.75,2205.75,2205.75,2205.75,2205.75,0
2012-05-15,2219.300048828125,2219.300048828125,2219.300048828125,2219.300048828125,2219.300048828125,0
2012-05-16,2194.840087890625,2194.840087890625,2194.840087890625,2194.840087890625,2194.840087890625,0
2012-05-17,2199.010009765625,2199.010009765625,2199.010009765625,2199.010009765625,2199.010009765625,0
2012-05-18,2198.1298828125,2198.1298828125,2198.1298828125,2198.1298828125,2198.1298828125,0
2012-05-21,2216.570068359375,2216.570068359375,2216.570068359375,2216.570068359375,2216.570068359375,0
2012-05-22,2202.989990234375,2202.989990234375,2202.989990234375,2202.989990234375,2202.989990234375,0
2012-05-23,2190.139892578125,2190.139892578125,2190.139892578125,2190.139892578125,2190.139892578125,0
2012-05-24,2203.6298828125,2203.6298828125,2203.6298828125,2203.6298828125,2203.6298828125,0
2012-05-25,2211.68994140625,2211.68994140625,2211.68994140625,2211.68994140625,2211.68994140625,0
2012-05-28,2229.570068359375,2229.570068359375,2229.570068359375,2229.570068359375,2229.570068359375,0
2012-05-29,2228.89990234375,2228.89990234375,2228.89990234375,2228.89990234375,2228.89990234375,0
2012-05-30,2206.8798828125,2206.8798828125,2206.8798828125,2206.8798828125,2206.8798828125,0
2012-05-31,2202.2099609375,2202.2099609375,2202.2099609375,2202.2099609375,2202.2099609375,0
2012-06-01,2172.169921875,2172.169921875,2172.169921875,2172.169921875,2172.169921875,0
2012-06-04,2168.35009765625,2168.35009765625,2168.35009765625,2168.35009765625,2168.35009765625,0
2012-06-05,2175.56005859375,2175.56005859375,2175.56005859375,2175.56005859375,2175.56005859375,0
2012-06-06,2215.929931640625,2215.929931640625,2215.929931640625,2215.929931640625,2215.929931640625,0
2012-06-07,2231.909912109375,2231.909912109375,2231.909912109375,2231.909912109375,2231.909912109375,0
2012-06-08,2238.639892578125,2238.639892578125,2238.639892578125,2238.639892578125,2238.639892578125,0
2012-06-11,2235.81005859375,2235.81005859375,2235.81005859375,2235.81005859375,2235.81005859375,0
2012-06-12,2245.550048828125,2245.550048828125,2245.550048828125,2245.550048828125,2245.550048828125,0
2012-06-13,2248.3798828125,2248.3798828125,2248.3798828125,2248.3798828125,2248.3798828125,0
2012-06-14,2227.669921875,2227.669921875,2227.669921875,2227.669921875,2227.669921875,0
2012-06-15,2240.219970703125,2240.219970703125,2240.219970703125,2240.219970703125,2240.219970703125,0
2012-06-18,2215.77001953125,2215.77001953125,2215.77001953125,2215.77001953125,2215.77001953125,0
2012-06-19,2221.929931640625,2221.929931640625,2221.929931640625,2221.929931640625,2221.929931640625,0
2012-06-20,2240.580078125,2240.580078125,2240.580078125,2240.580078125,2240.580078125,0
2012-06-21,2262.72998046875,2262.72998046875,2262.72998046875,2262.72998046875,2262.72998046875,0
2012-06-22,2265.409912109375,2265.409912109375,2265.409912109375,2265.409912109375,2265.409912109375,0
2012-06-25,2267.6298828125,2267.6298828125,2267.6298828125,2267.6298828125,2267.6298828125,0
2012-06-26,2265.239990234375,2265.239990234375,2265.239990234375,2265.239990234375,2265.239990234375,0
2012-06-27,2272.590087890625,2272.590087890625,2272.590087890625,2272.590087890625,2272.590087890625,0
2012-06-28,2277.35009765625,2277.35009765625,2277.35009765625,2277.35009765625,2277.35009765625,0
2012-06-29,2317.429931640625,2317.429931640625,2317.429931640625,2317.429931640625,2317.429931640625,0
2012-07-02,2335.669921875,2335.669921875,2335.669921875,2335.669921875,2335.669921875,0
2012-07-03,2348.43994140625,2348.43994140625,2348.43994140625,2348.43994140625,2348.43994140625,0
2012-07-04,2370.489990234375,2370.489990234375,2370.489990234375,2370.489990234375,2370.489990234375,0
2012-07-05,2408.219970703125,2408.219970703125,2408.219970703125,2408.219970703125,2408.219970703125,0
2012-07-06,2397.050048828125,2397.050048828125,2397.050048828125,2397.050048828125,2397.050048828125,0
2012-07-09,2367.489990234375,2367.489990234375,2367.489990234375,2367.489990234375,2367.489990234375,0
2012-07-10,2391.3798828125,2391.3798828125,2391.3798828125,2391.3798828125,2391.3798828125,0
2012-07-11,2386.0,2386.0,2386.0,2386.0,2386.0,0
2012-07-12,2369.2900390625,2369.2900390625,2369.2900390625,2369.2900390625,2369.2900390625,0
2012-07-13,2373.429931640625,2373.429931640625,2373.429931640625,2373.429931640625,2373.429931640625,0
2012-07-16,2356.77001953125,2356.77001953125,2356.77001953125,2356.77001953125,2356.77001953125,0
2012-07-17,2336.739990234375,2336.739990234375,2336.739990234375,2336.739990234375,2336.739990234375,0
2012-07-18,2345.97998046875,2345.97998046875,2345.97998046875,2345.97998046875,2345.97998046875,0
2012-07-19,2355.199951171875,2355.199951171875,2355.199951171875,2355.199951171875,2355.199951171875,0
2012-07-20,2348.860107421875,2348.860107421875,2348.860107421875,2348.860107421875,2348.860107421875,0
2012-07-23,2318.1298828125,2318.1298828125,2318.1298828125,2318.1298828125,2318.1298828125,0
2012-07-24,2319.6298828125,2319.6298828125,2319.6298828125,2319.6298828125,2319.6298828125,0
2012-07-25,2306.1201171875,2306.1201171875,2306.1201171875,2306.1201171875,2306.1201171875,0
2012-07-26,2257.090087890625,2257.090087890625,2257.090087890625,2257.090087890625,2257.090087890625,0
2012-07-27,2231.1298828125,2231.1298828125,2231.1298828125,2231.1298828125,2231.1298828125,0
2012-07-30,2261.39990234375,2261.39990234375,2261.39990234375,2261.39990234375,2261.39990234375,0
2012-07-31,2275.6201171875,2275.6201171875,2275.6201171875,2275.6201171875,2275.6201171875,0
2012-08-01,2300.530029296875,2300.530029296875,2300.530029296875,2300.530029296875,2300.530029296875,0
2012-08-02,2309.800048828125,2309.800048828125,2309.800048828125,2309.800048828125,2309.800048828125,0
2012-08-03,2303.8701171875,2303.8701171875,2303.8701171875,2303.8701171875,2303.8701171875,0
2012-08-06,2319.5400390625,2319.5400390625,2319.5400390625,2319.5400390625,2319.5400390625,0
2012-08-07,2327.25,2327.25,2327.25,2327.25,2327.25,0
2012-08-08,2320.06005859375,2320.06005859375,2320.06005859375,2320.06005859375,2320.06005859375,0
2012-08-09,2314.590087890625,2314.590087890625,2314.590087890625,2314.590087890625,2314.590087890625,0
2012-08-10,2310.179931640625,2310.179931640625,2310.179931640625,2310.179931640625,2310.179931640625,0
2012-08-13,2320.159912109375,2320.159912109375,2320.159912109375,2320.159912109375,2320.159912109375,0
2012-08-14,2333.02001953125,2333.02001953125,2333.02001953125,2333.02001953125,2333.02001953125,0
2012-08-16,2338.719970703125,2338.719970703125,2338.719970703125,2338.719970703125,2338.719970703125,0
2012-08-17,2337.68994140625,2337.68994140625,2337.68994140625,2337.68994140625,2337.68994140625,0
2012-08-21,2343.77001953125,2343.77001953125,2343.77001953125,2343.77001953125,2343.77001953125,0
2012-08-22,2336.7900390625,2336.7900390625,2336.7900390625,2336.7900390625,2336.7900390625,0
2012-08-23,2339.330078125,2339.330078125,2339.330078125,2339.330078125,2339.330078125,0
2012-08-24,2327.030029296875,2327.030029296875,2327.030029296875,2327.030029296875,2327.030029296875,0
2012-08-27,2301.659912109375,2301.659912109375,2301.659912109375,2301.659912109375,2301.659912109375,0
2012-08-28,2274.969970703125,2274.969970703125,2274.969970703125,2274.969970703125,2274.969970703125,0
2012-08-29,2255.02001953125,2255.02001953125,2255.02001953125,2255.02001953125,2255.02001953125,0
2012-08-30,2259.18994140625,2259.18994140625,2259.18994140625,2259.18994140625,2259.18994140625,0
2012-08-31,2258.550048828125,2258.550048828125,2258.550048828125,2258.550048828125,2258.550048828125,0
2012-09-03,2265.27001953125,2265.27001953125,2265.27001953125,2265.27001953125,2265.27001953125,0
2012-09-04,2276.090087890625,2276.090087890625,2276.090087890625,2276.090087890625,2276.090087890625,0
2012-09-05,2270.530029296875,2270.530029296875,2270.530029296875,2270.530029296875,2270.530029296875,0
2012-09-06,2280.81005859375,2280.81005859375,2280.81005859375,2280.81005859375,2280.81005859375,0
2012-09-07,2304.7099609375,2304.7099609375,2304.7099609375,2304.7099609375,2304.7099609375,0
2012-09-10,2327.22998046875,2327.22998046875,2327.22998046875,2327.22998046875,2327.22998046875,0
2012-09-11,2338.820068359375,2338.820068359375,2338.820068359375,2338.820068359375,2338.820068359375,0
2012-09-12,2350.2099609375,2350.2099609375,2350.2099609375,2350.2099609375,2350.2099609375,0
2012-09-13,2342.889892578125,2342.889892578125,2342.889892578125,2342.889892578125,2342.889892578125,0
2012-09-14,2358.669921875,2358.669921875,2358.669921875,2358.669921875,2358.669921875,0
2012-09-17,2381.699951171875,2381.699951171875,2381.699951171875,2381.699951171875,2381.699951171875,0
2012-09-18,2401.0400390625,2401.0400390625,2401.0400390625,2401.0400390625,2401.0400390625,0
2012-09-20,2383.219970703125,2383.219970703125,2383.219970703125,2383.219970703125,2383.219970703125,0
2012-09-21,2417.56005859375,2417.56005859375,2417.56005859375,2417.56005859375,2417.56005859375,0
2012-09-24,2433.18994140625,2433.18994140625,2433.18994140625,2433.18994140625,2433.18994140625,0
2012-09-25,2447.800048828125,2447.800048828125,2447.800048828125,2447.800048828125,2447.800048828125,0
2012-09-26,2455.139892578125,2455.139892578125,2455.139892578125,2455.139892578125,2455.139892578125,0
2012-09-27,2461.840087890625,2461.840087890625,2461.840087890625,2461.840087890625,2461.840087890625,0
2012-09-28,2489.22998046875,2489.22998046875,2489.22998046875,2489.22998046875,2489.22998046875,0
2012-10-01,2523.780029296875,2523.780029296875,2523.780029296875,2523.780029296875,2523.780029296875,0
2012-10-03,2547.60009765625,2547.60009765625,2547.60009765625,2547.60009765625,2547.60009765625,0
2012-10-04,2562.18994140625,2562.18994140625,2562.18994140625,2562.18994140625,2562.18994140625,0
2012-10-05,2540.10009765625,2540.10009765625,2540.10009765625,2540.10009765625,2540.10009765625,0
2012-10-08,2525.330078125,2525.330078125,2525.330078125,2525.330078125,2525.330078125,0
2012-10-09,2538.93994140625,2538.93994140625,2538.93994140625,2538.93994140625,2538.93994140625,0
2012-10-10,2496.1298828125,2496.1298828125,2496.1298828125,2496.1298828125,2496.1298828125,0
2012-10-11,2523.6201171875,2523.6201171875,2523.6201171875,2523.6201171875,2523.6201171875,0
2012-10-12,2523.179931640625,2523.179931640625,2523.179931640625,2523.179931640625,2523.179931640625,0
2012-10-15,2530.719970703125,2530.719970703125,2530.719970703125,2530.719970703125,2530.719970703125,0
2012-10-16,2514.989990234375,2514.989990234375,2514.989990234375,2514.989990234375,2514.989990234375,0
2012-10-17,2517.300048828125,2517.300048828125,2517.300048828125,2517.300048828125,2517.300048828125,0
2012-10-18,2547.60009765625,2547.60009765625,2547.60009765625,2547.60009765625,2547.60009765625,0
2012-10-19,2531.360107421875,2531.360107421875,2531.360107421875,2531.360107421875,2531.360107421875,0
2012-10-22,2527.0,2527.0,2527.0,2527.0,2527.0,0
2012-10-23,2522.6201171875,2522.6201171875,2522.6201171875,2522.6201171875,2522.6201171875,0
2012-10-25,2523.6201171875,2523.6201171875,2523.6201171875,2523.6201171875,2523.6201171875,0
2012-10-29,2487.02001953125,2487.02001953125,2487.02001953125,2487.02001953125,2487.02001953125,0
2012-10-30,2458.97998046875,2458.97998046875,2458.97998046875,2458.97998046875,2458.97998046875,0
2012-10-31,2477.300048828125,2477.300048828125,2477.300048828125,2477.300048828125,2477.300048828125,0
2012-11-01,2493.929931640625,2493.929931640625,2493.929931640625,2493.929931640625,2493.929931640625,0
2012-11-02,2501.840087890625,2501.840087890625,2501.840087890625,2501.840087890625,2501.840087890625,0
2012-11-05,2495.820068359375,2495.820068359375,2495.820068359375,2495.820068359375,2495.820068359375,0
2012-11-06,2516.8701171875,2516.8701171875,2516.8701171875,2516.8701171875,2516.8701171875,0
2012-11-07,2533.179931640625,2533.179931640625,2533.179931640625,2533.179931640625,2533.179931640625,0
2012-11-08,2532.340087890625,2532.340087890625,2532.340087890625,2532.340087890625,2532.340087890625,0
2012-11-09,2509.699951171875,2509.699951171875,2509.699951171875,2509.699951171875,2509.699951171875,0
2012-11-12,2521.389892578125,2521.389892578125,2521.389892578125,2521.389892578125,2521.389892578125,0
2012-11-15,2552.739990234375,2552.739990234375,2552.739990234375,2552.739990234375,2552.739990234375,0
2012-11-16,2525.3798828125,2525.3798828125,2525.3798828125,2525.3798828125,2525.3798828125,0
2012-11-19,2504.320068359375,2504.320068359375,2504.320068359375,2504.320068359375,2504.320068359375,0
2012-11-20,2480.840087890625,2480.840087890625,2480.840087890625,2480.840087890625,2480.840087890625,0
2012-11-21,2486.4599609375,2486.4599609375,2486.4599609375,2486.4599609375,2486.4599609375,0
2012-11-22,2494.02001953125,2494.02001953125,2494.02001953125,2494.02001953125,2494.02001953125,0
2012-11-23,2502.3798828125,2502.3798828125,2502.3798828125,2502.3798828125,2502.3798828125,0
2012-11-26,2523.010009765625,2523.010009765625,2523.010009765625,2523.010009765625,2523.010009765625,0
2012-11-27,2549.8798828125,2549.8798828125,2549.8798828125,2549.8798828125,2549.8798828125,0
2012-11-29,2573.14990234375,2573.14990234375,2573.14990234375,2573.14990234375,2573.14990234375,0
2012-11-30,2606.580078125,2606.580078125,2606.580078125,2606.580078125,2606.580078125,0
2012-12-03,2639.860107421875,2639.860107421875,2639.860107421875,2639.860107421875,2639.860107421875,0
2012-12-04,2640.840087890625,2640.840087890625,2640.840087890625,2640.840087890625,2640.840087890625,0
2012-12-05,2651.77001953125,2651.77001953125,2651.77001953125,2651.77001953125,2651.77001953125,0
2012-12-06,2671.8798828125,2671.8798828125,2671.8798828125,2671.8798828125,2671.8798828125,0
2012-12-07,2672.489990234375,2672.489990234375,2672.489990234375,2672.489990234375,2672.489990234375,0
2012-12-10,2689.330078125,2689.330078125,2689.330078125,2689.330078125,2689.330078125,0
2012-12-11,2658.97998046875,2658.97998046875,2658.97998046875,2658.97998046875,2658.97998046875,0
2012-12-12,2663.9599609375,2663.9599609375,2663.9599609375,2663.9599609375,2663.9599609375,0
2012-12-13,2626.0400390625,2626.0400390625,2626.0400390625,2626.0400390625,2626.0400390625,0
2012-12-14,2635.610107421875,2635.610107421875,2635.610107421875,2635.610107421875,2635.610107421875,0
2012-12-17,2654.830078125,2654.830078125,2654.830078125,2654.830078125,2654.830078125,0
2012-12-18,2676.340087890625,2676.340087890625,2676.340087890625,2676.340087890625,2676.340087890625,0
2012-12-19,2689.469970703125,2689.469970703125,2689.469970703125,2689.469970703125,2689.469970703125,0
2012-12-20,2680.0,2680.0,2680.0,2680.0,2680.0,0
2012-12-21,2635.72998046875,2635.72998046875,2635.72998046875,2635.72998046875,2635.72998046875,0
2012-12-24,2647.81005859375,2647.81005859375,2647.81005859375,2647.81005859375,2647.81005859375,0
2012-12-26,2663.919921875,2663.919921875,2663.919921875,2663.919921875,2663.919921875,0
2012-12-27,2648.3701171875,2648.3701171875,2648.3701171875,2648.3701171875,2648.3701171875,0
2012-12-28,2657.10009765625,2657.10009765625,2657.10009765625,2657.10009765625,2657.10009765625,0
2012-12-31,2669.860107421875,2669.860107421875,2669.860107421875,2669.860107421875,2669.860107421875,0
2013-01-01,2704.580078125,2704.580078125,2704.580078125,2704.580078125,2704.580078125,0
2013-01-02,2726.570068359375,2726.570068359375,2726.570068359375,2726.570068359375,2726.570068359375,0
2013-01-03,2746.85009765625,2746.85009765625,2746.85009765625,2746.85009765625,2746.85009765625,0
2013-01-04,2760.139892578125,2760.139892578125,2760.139892578125,2760.139892578125,2760.139892578125,0
2013-01-07,2769.030029296875,2769.030029296875,2769.030029296875,2769.030029296875,2769.030029296875,0
2013-01-08,2762.1298828125,2762.1298828125,2762.1298828125,2762.1298828125,2762.1298828125,0
2013-01-09,2753.320068359375,2753.320068359375,2753.320068359375,2753.320068359375,2753.320068359375,0
2013-01-10,2744.56005859375,2744.56005859375,2744.56005859375,2744.56005859375,2744.56005859375,0
2013-01-11,2706.31005859375,2706.31005859375,2706.31005859375,2706.31005859375,2706.31005859375,0
2013-01-14,2731.360107421875,2731.360107421875,2731.360107421875,2731.360107421875,2731.360107421875,0
2013-01-15,2736.31005859375,2736.31005859375,2736.31005859375,2736.31005859375,2736.31005859375,0
2013-01-16,2697.179931640625,2697.179931640625,2697.179931640625,2697.179931640625,2697.179931640625,0
2013-01-17,2697.469970703125,2697.469970703125,2697.469970703125,2697.469970703125,2697.469970703125,0
2013-01-18,2694.239990234375,2694.239990234375,2694.239990234375,2694.239990234375,2694.239990234375,0
2013-01-21,2695.6298828125,2695.6298828125,2695.6298828125,2695.6298828125,2695.6298828125,0
2013-01-22,2668.860107421875,2668.860107421875,2668.860107421875,2668.860107421875,2668.860107421875,0
2013-01-23,2639.010009765625,2639.010009765625,2639.010009765625,2639.010009765625,2639.010009765625,0
2013-01-24,2573.080078125,2573.080078125,2573.080078125,2573.080078125,2573.080078125,0
2013-01-25,2606.81005859375,2606.81005859375,2606.81005859375,2606.81005859375,2606.81005859375,0
2013-01-28,2610.610107421875,2610.610107421875,2610.610107421875,2610.610107421875,2610.610107421875,0
2013-01-29,2590.469970703125,2590.469970703125,2590.469970703125,2590.469970703125,2590.469970703125,0
2013-01-30,2589.75,2589.75,2589.75,2589.75,2589.75,0
2013-01-31,2593.969970703125,2593.969970703125,2593.969970703125,2593.969970703125,2593.969970703125,0
2013-02-01,2589.35009765625,2589.35009765625,2589.35009765625,2589.35009765625,2589.35009765625,0
2013-02-04,2561.320068359375,2561.320068359375,2561.320068359375,2561.320068359375,2561.320068359375,0
2013-02-05,2545.320068359375,2545.320068359375,2545.320068359375,2545.320068359375,2545.320068359375,0
2013-02-06,2548.280029296875,2548.280029296875,2548.280029296875,2548.280029296875,2548.280029296875,0
2013-02-07,2517.510009765625,2517.510009765625,2517.510009765625,2517.510009765625,2517.510009765625,0
2013-02-08,2492.75,2492.75,2492.75,2492.75,2492.75,0
2013-02-11,2490.2900390625,2490.2900390625,2490.2900390625,2490.2900390625,2490.2900390625,0
2013-02-12,2479.080078125,2479.080078125,2479.080078125,2479.080078125,2479.080078125,0
2013-02-13,2470.35009765625,2470.35009765625,2470.35009765625,2470.35009765625,2470.35009765625,0
2013-02-14,2432.260009765625,2432.260009765625,2432.260009765625,2432.260009765625,2432.260009765625,0
2013-02-15,2421.949951171875,2421.949951171875,2421.949951171875,2421.949951171875,2421.949951171875,0
2013-02-18,2434.340087890625,2434.340087890625,2434.340087890625,2434.340087890625,2434.340087890625,0
2013-02-19,2461.75,2461.75,2461.75,2461.75,2461.75,0
2013-02-20,2467.389892578125,2467.389892578125,2467.389892578125,2467.389892578125,2467.389892578125,0
2013-02-21,2428.0,2428.0,2428.0,2428.0,2428.0,0
2013-02-22,2429.639892578125,2429.639892578125,2429.639892578125,2429.639892578125,2429.639892578125,0
2013-02-25,2402.909912109375,2402.909912109375,2402.909912109375,2402.909912109375,2402.909912109375,0
2013-02-26,2352.659912109375,2352.659912109375,2352.659912109375,2352.659912109375,2352.659912109375,0
2013-02-27,2366.889892578125,2366.889892578125,2366.889892578125,2366.889892578125,2366.889892578125,0
2013-02-28,2316.340087890625,2316.340087890625,2316.340087890625,2316.340087890625,2316.340087890625,0
2013-03-01,2314.699951171875,2314.699951171875,2314.699951171875,2314.699951171875,2314.699951171875,0
2013-03-04,2274.14990234375,2274.14990234375,2274.14990234375,2274.14990234375,2274.14990234375,0
2013-03-05,2309.800048828125,2309.800048828125,2309.800048828125,2309.800048828125,2309.800048828125,0
2013-03-06,2343.02001953125,2343.02001953125,2343.02001953125,2343.02001953125,2343.02001953125,0
2013-03-07,2354.4599609375,2354.4599609375,2354.4599609375,2354.4599609375,2354.4599609375,0
2013-03-08,2375.679931640625,2375.679931640625,2375.679931640625,2375.679931640625,2375.679931640625,0
2013-03-11,2385.610107421875,2385.610107421875,2385.610107421875,2385.610107421875,2385.610107421875,0
2013-03-12,2374.820068359375,2374.820068359375,2374.820068359375,2374.820068359375,2374.820068359375,0
2013-03-13,2345.610107421875,2345.610107421875,2345.610107421875,2345.610107421875,2345.610107421875,0
2013-03-14,2346.4599609375,2346.4599609375,2346.4599609375,2346.4599609375,2346.4599609375,0
2013-03-15,2325.320068359375,2325.320068359375,2325.320068359375,2325.320068359375,2325.320068359375,0
2013-03-18,2316.18994140625,2316.18994140625,2316.18994140625,2316.18994140625,2316.18994140625,0
2013-03-19,2279.590087890625,2279.590087890625,2279.590087890625,2279.590087890625,2279.590087890625,0
2013-03-20,2233.2900390625,2233.2900390625,2233.2900390625,2233.2900390625,2233.2900390625,0
2013-03-21,2204.6201171875,2204.6201171875,2204.6201171875,2204.6201171875,2204.6201171875,0
2013-03-22,2192.6298828125,2192.6298828125,2192.6298828125,2192.6298828125,2192.6298828125,0
2013-03-25,2186.449951171875,2186.449951171875,2186.449951171875,2186.449951171875,2186.449951171875,0
2013-03-26,2192.3701171875,2192.3701171875,2192.3701171875,2192.3701171875,2192.3701171875,0
2013-03-28,2224.030029296875,2224.030029296875,2224.030029296875,2224.030029296875,2224.030029296875,0
2013-04-01,2265.3798828125,2265.3798828125,2265.3798828125,2265.3798828125,2265.3798828125,0
2013-04-02,2309.320068359375,2309.320068359375,2309.320068359375,2309.320068359375,2309.320068359375,0
2013-04-03,2295.4599609375,2295.4599609375,2295.4599609375,2295.4599609375,2295.4599609375,0
2013-04-04,2245.570068359375,2245.570068359375,2245.570068359375,2245.570068359375,2245.570068359375,0
2013-04-05,2240.530029296875,2240.530029296875,2240.530029296875,2240.530029296875,2240.530029296875,0
2013-04-08,2241.989990234375,2241.989990234375,2241.989990234375,2241.989990234375,2241.989990234375,0
2013-04-09,2220.300048828125,2220.300048828125,2220.300048828125,2220.300048828125,2220.300048828125,0
2013-04-10,2230.090087890625,2230.090087890625,2230.090087890625,2230.090087890625,2230.090087890625,0
2013-04-11,2240.1298828125,2240.1298828125,2240.1298828125,2240.1298828125,2240.1298828125,0
2013-04-12,2234.179931640625,2234.179931640625,2234.179931640625,2234.179931640625,2234.179931640625,0
2013-04-15,2246.0400390625,2246.0400390625,2246.0400390625,2246.0400390625,2246.0400390625,0
2013-04-16,2263.320068359375,2263.320068359375,2263.320068359375,2263.320068359375,2263.320068359375,0
2013-04-17,2268.35009765625,2268.35009765625,2268.35009765625,2268.35009765625,2268.35009765625,0
2013-04-18,2285.0400390625,2285.0400390625,2285.0400390625,2285.0400390625,2285.0400390625,0
2013-04-22,2307.659912109375,2307.659912109375,2307.659912109375,2307.659912109375,2307.659912109375,0
2013-04-23,2310.639892578125,2310.639892578125,2310.639892578125,2310.639892578125,2310.639892578125,0
2013-04-25,2311.639892578125,2311.639892578125,2311.639892578125,2311.639892578125,2311.639892578125,0
2013-04-26,2292.159912109375,2292.159912109375,2292.159912109375,2292.159912109375,2292.159912109375,0
2013-04-29,2304.6201171875,2304.6201171875,2304.6201171875,2304.6201171875,2304.6201171875,0
2013-04-30,2309.2900390625,2309.2900390625,2309.2900390625,2309.2900390625,2309.2900390625,0
2013-05-02,2322.110107421875,2322.110107421875,2322.110107421875,2322.110107421875,2322.110107421875,0
2013-05-03,2313.39990234375,2313.39990234375,2313.39990234375,2313.39990234375,2313.39990234375,0
2013-05-06,2343.219970703125,2343.219970703125,2343.219970703125,2343.219970703125,2343.219970703125,0
2013-05-07,2359.320068359375,2359.320068359375,2359.320068359375,2359.320068359375,2359.320068359375,0
2013-05-08,2378.110107421875,2378.110107421875,2378.110107421875,2378.110107421875,2378.110107421875,0
2013-05-09,2367.610107421875,2367.610107421875,2367.610107421875,2367.610107421875,2367.610107421875,0
2013-05-10,2367.4599609375,2367.4599609375,2367.4599609375,2367.4599609375,2367.4599609375,0
2013-05-13,2337.2099609375,2337.2099609375,2337.2099609375,2337.2099609375,2337.2099609375,0
2013-05-14,2332.429931640625,2332.429931640625,2332.429931640625,2332.429931640625,2332.429931640625,0
2013-05-15,2368.489990234375,2368.489990234375,2368.489990234375,2368.489990234375,2368.489990234375,0
2013-05-16,2373.60009765625,2373.60009765625,2373.60009765625,2373.60009765625,2373.60009765625,0
2013-05-17,2381.409912109375,2381.409912109375,2381.409912109375,2381.409912109375,2381.409912109375,0
2013-05-20,2374.300048828125,2374.300048828125,2374.300048828125,2374.300048828125,2374.300048828125,0
2013-05-21,2355.25,2355.25,2355.25,2355.25,2355.25,0
2013-05-22,2330.9599609375,2330.9599609375,2330.9599609375,2330.9599609375,2330.9599609375,0
2013-05-23,2280.27001953125,2280.27001953125,2280.27001953125,2280.27001953125,2280.27001953125,0
2013-05-24,2291.070068359375,2291.070068359375,2291.070068359375,2291.070068359375,2291.070068359375,0
2013-05-27,2316.0400390625,2316.0400390625,2316.0400390625,2316.0400390625,2316.0400390625,0
2013-05-28,2325.320068359375,2325.320068359375,2325.320068359375,2325.320068359375,2325.320068359375,0
2013-05-29,2313.050048828125,2313.050048828125,2313.050048828125,2313.050048828125,2313.050048828125,0
2013-05-30,2306.699951171875,2306.699951171875,2306.699951171875,2306.699951171875,2306.699951171875,0
2013-05-31,2264.22998046875,2264.22998046875,2264.22998046875,2264.22998046875,2264.22998046875,0
2013-06-03,2265.830078125,2265.830078125,2265.830078125,2265.830078125,2265.830078125,0
2013-06-04,2272.080078125,2272.080078125,2272.080078125,2272.080078125,2272.080078125,0
2013-06-05,2276.0,2276.0,2276.0,2276.0,2276.0,0
2013-06-06,2283.679931640625,2283.679931640625,2283.679931640625,2283.679931640625,2283.679931640625,0
2013-06-07,2275.080078125,2275.080078125,2275.080078125,2275.080078125,2275.080078125,0
2013-06-10,2253.419921875,2253.419921875,2253.419921875,2253.419921875,2253.419921875,0
2013-06-11,2209.070068359375,2209.070068359375,2209.070068359375,2209.070068359375,2209.070068359375,0
2013-06-12,2194.27001953125,2194.27001953125,2194.27001953125,2194.27001953125,2194.27001953125,0
2013-06-13,2159.0,2159.0,2159.0,2159.0,2159.0,0
2013-06-14,2183.199951171875,2183.199951171875,2183.199951171875,2183.199951171875,2183.199951171875,0
2013-06-17,2187.85009765625,2187.85009765625,2187.85009765625,2187.85009765625,2187.85009765625,0
2013-06-18,2190.679931640625,2190.679931640625,2190.679931640625,2190.679931640625,2190.679931640625,0
2013-06-19,2203.949951171875,2203.949951171875,2203.949951171875,2203.949951171875,2203.949951171875,0
2013-06-20,2158.159912109375,2158.159912109375,2158.159912109375,2158.159912109375,2158.159912109375,0
2013-06-21,2132.639892578125,2132.639892578125,2132.639892578125,2132.639892578125,2132.639892578125,0
2013-06-24,2085.5400390625,2085.5400390625,2085.5400390625,2085.5400390625,2085.5400390625,0
2013-06-25,2074.610107421875,2074.610107421875,2074.610107421875,2074.610107421875,2074.610107421875,0
2013-06-26,2056.97998046875,2056.97998046875,2056.97998046875,2056.97998046875,2056.97998046875,0
2013-06-27,2064.449951171875,2064.449951171875,2064.449951171875,2064.449951171875,2064.449951171875,0
2013-06-28,2107.110107421875,2107.110107421875,2107.110107421875,2107.110107421875,2107.110107421875,0
2013-07-01,2146.989990234375,2146.989990234375,2146.989990234375,2146.989990234375,2146.989990234375,0
2013-07-02,2142.9599609375,2142.9599609375,2142.9599609375,2142.9599609375,2142.9599609375,0
2013-07-03,2098.699951171875,2098.699951171875,2098.699951171875,2098.699951171875,2098.699951171875,0
2013-07-04,2109.360107421875,2109.360107421875,2109.360107421875,2109.360107421875,2109.360107421875,0
2013-07-05,2114.35009765625,2114.35009765625,2114.35009765625,2114.35009765625,2114.35009765625,0
2013-07-08,2109.85009765625,2109.85009765625,2109.85009765625,2109.85009765625,2109.85009765625,0
2013-07-09,2127.72998046875,2127.72998046875,2127.72998046875,2127.72998046875,2127.72998046875,0
2013-07-10,2127.949951171875,2127.949951171875,2127.949951171875,2127.949951171875,2127.949951171875,0
2013-07-11,2146.1201171875,2146.1201171875,2146.1201171875,2146.1201171875,2146.1201171875,0
2013-07-12,2145.989990234375,2145.989990234375,2145.989990234375,2145.989990234375,2145.989990234375,0
2013-07-15,2160.320068359375,2160.320068359375,2160.320068359375,2160.320068359375,2160.320068359375,0
2013-07-16,2135.2099609375,2135.2099609375,2135.2099609375,2135.2099609375,2135.2099609375,0
2013-07-17,2126.169921875,2126.169921875,2126.169921875,2126.169921875,2126.169921875,0
2013-07-18,2142.340087890625,2142.340087890625,2142.340087890625,2142.340087890625,2142.340087890625,0
2013-07-19,2130.72998046875,2130.72998046875,2130.72998046875,2130.72998046875,2130.72998046875,0
2013-07-22,2123.429931640625,2123.429931640625,2123.429931640625,2123.429931640625,2123.429931640625,0
2013-07-23,2124.909912109375,2124.909912109375,2124.909912109375,2124.909912109375,2124.909912109375,0
2013-07-24,2089.219970703125,2089.219970703125,2089.219970703125,2089.219970703125,2089.219970703125,0
2013-07-25,2070.669921875,2070.669921875,2070.669921875,2070.669921875,2070.669921875,0
2013-07-26,2053.4599609375,2053.4599609375,2053.4599609375,2053.4599609375,2053.4599609375,0
2013-07-29,2023.9100341796875,2023.9100341796875,2023.9100341796875,2023.9100341796875,2023.9100341796875,0
2013-07-30,1977.449951171875,1977.449951171875,1977.449951171875,1977.449951171875,1977.449951171875,0
2013-07-31,1952.72998046875,1952.72998046875,1952.72998046875,1952.72998046875,1952.72998046875,0
2013-08-01,1928.0799560546875,1928.0799560546875,1928.0799560546875,1928.0799560546875,1928.0799560546875,0
2013-08-02,1907.6600341796875,1907.6600341796875,1907.6600341796875,1907.6600341796875,1907.6600341796875,0
2013-08-05,1917.9200439453125,1917.9200439453125,1917.9200439453125,1917.9200439453125,1917.9200439453125,0
2013-08-06,1874.7099609375,1874.7099609375,1874.7099609375,1874.7099609375,1874.7099609375,0
2013-08-07,1901.8900146484375,1901.8900146484375,1901.8900146484375,1901.8900146484375,1901.8900146484375,0
2013-08-08,1925.969970703125,1925.969970703125,1925.969970703125,1925.969970703125,1925.969970703125,0
2013-08-12,1957.030029296875,1957.030029296875,1957.030029296875,1957.030029296875,1957.030029296875,0
2013-08-13,1980.6800537109375,1980.6800537109375,1980.6800537109375,1980.6800537109375,1980.6800537109375,0
2013-08-14,1987.239990234375,1987.239990234375,1987.239990234375,1987.239990234375,1987.239990234375,0
2013-08-16,1933.25,1933.25,1933.25,1933.25,1933.25,0
2013-08-19,1911.56005859375,1911.56005859375,1911.56005859375,1911.56005859375,1911.56005859375,0
2013-08-20,1914.52001953125,1914.52001953125,1914.52001953125,1914.52001953125,1914.52001953125,0
2013-08-21,1897.9000244140625,1897.9000244140625,1897.9000244140625,1897.9000244140625,1897.9000244140625,0
2013-08-22,1908.9200439453125,1908.9200439453125,1908.9200439453125,1908.9200439453125,1908.9200439453125,0
2013-08-23,1931.8399658203125,1931.8399658203125,1931.8399658203125,1931.8399658203125,1931.8399658203125,0
2013-08-26,1939.5400390625,1939.5400390625,1939.5400390625,1939.5400390625,1939.5400390625,0
2013-08-27,1900.22998046875,1900.22998046875,1900.22998046875,1900.22998046875,1900.22998046875,0
2013-08-28,1880.0799560546875,1880.0799560546875,1880.0799560546875,1880.0799560546875,1880.0799560546875,0
2013-08-29,1898.989990234375,1898.989990234375,1898.989990234375,1898.989990234375,1898.989990234375,0
2013-08-30,1902.25,1902.25,1902.25,1902.25,1902.25,0
2013-09-02,1926.2099609375,1926.2099609375,1926.2099609375,1926.2099609375,1926.2099609375,0
2013-09-03,1901.27001953125,1901.27001953125,1901.27001953125,1901.27001953125,1901.27001953125,0
2013-09-04,1914.3599853515625,1914.3599853515625,1914.3599853515625,1914.3599853515625,1914.3599853515625,0
2013-09-05,1948.6500244140625,1948.6500244140625,1948.6500244140625,1948.6500244140625,1948.6500244140625,0
2013-09-06,1958.1199951171875,1958.1199951171875,1958.1199951171875,1958.1199951171875,1958.1199951171875,0
2013-09-10,1979.9300537109375,1979.9300537109375,1979.9300537109375,1979.9300537109375,1979.9300537109375,0
2013-09-11,2006.800048828125,2006.800048828125,2006.800048828125,2006.800048828125,2006.800048828125,0
2013-09-12,2001.800048828125,2001.800048828125,2001.800048828125,2001.800048828125,2001.800048828125,0
2013-09-13,2013.6500244140625,2013.6500244140625,2013.6500244140625,2013.6500244140625,2013.6500244140625,0
2013-09-16,1995.8599853515625,1995.8599853515625,1995.8599853515625,1995.8599853515625,1995.8599853515625,0
2013-09-17,1994.6300048828125,1994.6300048828125,1994.6300048828125,1994.6300048828125,1994.6300048828125,0
2013-09-18,1998.050048828125,1998.050048828125,1998.050048828125,1998.050048828125,1998.050048828125,0
2013-09-19,2026.93994140625,2026.93994140625,2026.93994140625,2026.93994140625,2026.93994140625,0
2013-09-20,1998.719970703125,1998.719970703125,1998.719970703125,1998.719970703125,1998.719970703125,0
2013-09-23,1990.2900390625,1990.2900390625,1990.2900390625,1990.2900390625,1990.2900390625,0
2013-09-24,1990.030029296875,1990.030029296875,1990.030029296875,1990.030029296875,1990.030029296875,0
2013-09-25,1991.260009765625,1991.260009765625,1991.260009765625,1991.260009765625,1991.260009765625,0
2013-09-26,1997.3299560546875,1997.3299560546875,1997.3299560546875,1997.3299560546875,1997.3299560546875,0
2013-09-27,2000.260009765625,2000.260009765625,2000.260009765625,2000.260009765625,2000.260009765625,0
2013-09-30,1989.8599853515625,1989.8599853515625,1989.8599853515625,1989.8599853515625,1989.8599853515625,0
2013-10-01,1999.4000244140625,1999.4000244140625,1999.4000244140625,1999.4000244140625,1999.4000244140625,0
2013-10-03,2022.68994140625,2022.68994140625,2022.68994140625,2022.68994140625,2022.68994140625,0
2013-10-04,2032.72998046875,2032.72998046875,2032.72998046875,2032.72998046875,2032.72998046875,0
2013-10-07,2043.5799560546875,2043.5799560546875,2043.5799560546875,2043.5799560546875,2043.5799560546875,0
2013-10-08,2057.080078125,2057.080078125,2057.080078125,2057.080078125,2057.080078125,0
2013-10-09,2077.489990234375,2077.489990234375,2077.489990234375,2077.489990234375,2077.489990234375,0
2013-10-10,2096.909912109375,2096.909912109375,2096.909912109375,2096.909912109375,2096.909912109375,0
2013-10-11,2109.10009765625,2109.10009765625,2109.10009765625,2109.10009765625,2109.10009765625,0
2013-10-14,2126.75,2126.75,2126.75,2126.75,2126.75,0
2013-10-15,2098.39990234375,2098.39990234375,2098.39990234375,2098.39990234375,2098.39990234375,0
2013-10-17,2102.18994140625,2102.18994140625,2102.18994140625,2102.18994140625,2102.18994140625,0
2013-10-18,2117.489990234375,2117.489990234375,2117.489990234375,2117.489990234375,2117.489990234375,0
2013-10-21,2142.159912109375,2142.159912109375,2142.159912109375,2142.159912109375,2142.159912109375,0
2013-10-22,2165.719970703125,2165.719970703125,2165.719970703125,2165.719970703125,2165.719970703125,0
2013-10-23,2156.4599609375,2156.4599609375,2156.4599609375,2156.4599609375,2156.4599609375,0
2013-10-24,2158.909912109375,2158.909912109375,2158.909912109375,2158.909912109375,2158.909912109375,0
2013-10-25,2145.85009765625,2145.85009765625,2145.85009765625,2145.85009765625,2145.85009765625,0
2013-10-28,2134.860107421875,2134.860107421875,2134.860107421875,2134.860107421875,2134.860107421875,0
2013-10-29,2154.699951171875,2154.699951171875,2154.699951171875,2154.699951171875,2154.699951171875,0
2013-10-30,2166.860107421875,2166.860107421875,2166.860107421875,2166.860107421875,2166.860107421875,0
2013-10-31,2185.3798828125,2185.3798828125,2185.3798828125,2185.3798828125,2185.3798828125,0
2013-11-01,2210.8798828125,2210.8798828125,2210.8798828125,2210.8798828125,2210.8798828125,0
2013-11-05,2259.669921875,2259.669921875,2259.669921875,2259.669921875,2259.669921875,0
2013-11-06,2270.090087890625,2270.090087890625,2270.090087890625,2270.090087890625,2270.090087890625,0
2013-11-07,2241.969970703125,2241.969970703125,2241.969970703125,2241.969970703125,2241.969970703125,0
2013-11-08,2236.60009765625,2236.60009765625,2236.60009765625,2236.60009765625,2236.60009765625,0
2013-11-11,2208.89990234375,2208.89990234375,2208.89990234375,2208.89990234375,2208.89990234375,0
2013-11-12,2190.0400390625,2190.0400390625,2190.0400390625,2190.0400390625,2190.0400390625,0
2013-11-13,2177.68994140625,2177.68994140625,2177.68994140625,2177.68994140625,2177.68994140625,0
2013-11-14,2208.010009765625,2208.010009765625,2208.010009765625,2208.010009765625,2208.010009765625,0
2013-11-18,2231.5400390625,2231.5400390625,2231.5400390625,2231.5400390625,2231.5400390625,0
2013-11-19,2240.860107421875,2240.860107421875,2240.860107421875,2240.860107421875,2240.860107421875,0
2013-11-20,2246.77001953125,2246.77001953125,2246.77001953125,2246.77001953125,2246.77001953125,0
2013-11-21,2220.840087890625,2220.840087890625,2220.840087890625,2220.840087890625,2220.840087890625,0
2013-11-22,2226.050048828125,2226.050048828125,2226.050048828125,2226.050048828125,2226.050048828125,0
2013-11-25,2250.68994140625,2250.68994140625,2250.68994140625,2250.68994140625,2250.68994140625,0
2013-11-26,2234.780029296875,2234.780029296875,2234.780029296875,2234.780029296875,2234.780029296875,0
2013-11-27,2237.949951171875,2237.949951171875,2237.949951171875,2237.949951171875,2237.949951171875,0
2013-11-28,2260.830078125,2260.830078125,2260.830078125,2260.830078125,2260.830078125,0
2013-11-29,2286.3701171875,2286.3701171875,2286.3701171875,2286.3701171875,2286.3701171875,0
2013-12-02,2312.169921875,2312.169921875,2312.169921875,2312.169921875,2312.169921875,0
2013-12-03,2317.659912109375,2317.659912109375,2317.659912109375,2317.659912109375,2317.659912109375,0
2013-12-04,2312.199951171875,2312.199951171875,2312.199951171875,2312.199951171875,2312.199951171875,0
2013-12-05,2316.610107421875,2316.610107421875,2316.610107421875,2316.610107421875,2316.610107421875,0
2013-12-06,2323.159912109375,2323.159912109375,2323.159912109375,2323.159912109375,2323.159912109375,0
2013-12-09,2331.0,2331.0,2331.0,2331.0,2331.0,0
2013-12-10,2313.52001953125,2313.52001953125,2313.52001953125,2313.52001953125,2313.52001953125,0
2013-12-11,2316.110107421875,2316.110107421875,2316.110107421875,2316.110107421875,2316.110107421875,0
2013-12-12,2311.8701171875,2311.8701171875,2311.8701171875,2311.8701171875,2311.8701171875,0
2013-12-13,2285.39990234375,2285.39990234375,2285.39990234375,2285.39990234375,2285.39990234375,0
2013-12-16,2293.4599609375,2293.4599609375,2293.4599609375,2293.4599609375,2293.4599609375,0
2013-12-17,2291.919921875,2291.919921875,2291.919921875,2291.919921875,2291.919921875,0
2013-12-18,2322.800048828125,2322.800048828125,2322.800048828125,2322.800048828125,2322.800048828125,0
2013-12-19,2320.1201171875,2320.1201171875,2320.1201171875,2320.1201171875,2320.1201171875,0
2013-12-20,2362.110107421875,2362.110107421875,2362.110107421875,2362.110107421875,2362.110107421875,0
2013-12-23,2393.0400390625,2393.0400390625,2393.0400390625,2393.0400390625,2393.0400390625,0
2013-12-24,2412.030029296875,2412.030029296875,2412.030029296875,2412.030029296875,2412.030029296875,0
2013-12-26,2438.429931640625,2438.429931640625,2438.429931640625,2438.429931640625,2438.429931640625,0
2013-12-27,2441.179931640625,2441.179931640625,2441.179931640625,2441.179931640625,2441.179931640625,0
2013-12-30,2439.949951171875,2439.949951171875,2439.949951171875,2439.949951171875,2439.949951171875,0
2013-12-31,2452.550048828125,2452.550048828125,2452.550048828125,2452.550048828125,2452.550048828125,0
2014-01-01,2485.389892578125,2485.389892578125,2485.389892578125,2485.389892578125,2485.389892578125,0
2014-01-02,2430.0,2430.0,2430.0,2430.0,2430.0,0
2014-01-03,2449.97998046875,2449.97998046875,2449.97998046875,2449.97998046875,2449.97998046875,0
2014-01-06,2475.39990234375,2475.39990234375,2475.39990234375,2475.39990234375,2475.39990234375,0
2014-01-07,2476.300048828125,2476.300048828125,2476.300048828125,2476.300048828125,2476.300048828125,0
2014-01-08,2487.43994140625,2487.43994140625,2487.43994140625,2487.43994140625,2487.43994140625,0
2014-01-09,2470.179931640625,2470.179931640625,2470.179931640625,2470.179931640625,2470.179931640625,0
2014-01-10,2452.85009765625,2452.85009765625,2452.85009765625,2452.85009765625,2452.85009765625,0
2014-01-13,2456.719970703125,2456.719970703125,2456.719970703125,2456.719970703125,2456.719970703125,0
2014-01-14,2454.18994140625,2454.18994140625,2454.18994140625,2454.18994140625,2454.18994140625,0
2014-01-15,2458.2099609375,2458.2099609375,2458.2099609375,2458.2099609375,2458.2099609375,0
2014-01-16,2449.27001953125,2449.27001953125,2449.27001953125,2449.27001953125,2449.27001953125,0
2014-01-17,2403.110107421875,2403.110107421875,2403.110107421875,2403.110107421875,2403.110107421875,0
2014-01-20,2424.860107421875,2424.860107421875,2424.860107421875,2424.860107421875,2424.860107421875,0
2014-01-21,2440.14990234375,2440.14990234375,2440.14990234375,2440.14990234375,2440.14990234375,0
2014-01-22,2450.02001953125,2450.02001953125,2450.02001953125,2450.02001953125,2450.02001953125,0
2014-01-23,2440.0400390625,2440.0400390625,2440.0400390625,2440.0400390625,2440.0400390625,0
2014-01-24,2395.25,2395.25,2395.25,2395.25,2395.25,0
2014-01-27,2331.800048828125,2331.800048828125,2331.800048828125,2331.800048828125,2331.800048828125,0
2014-01-28,2340.840087890625,2340.840087890625,2340.840087890625,2340.840087890625,2340.840087890625,0
2014-01-29,2337.719970703125,2337.719970703125,2337.719970703125,2337.719970703125,2337.719970703125,0
2014-01-30,2304.39990234375,2304.39990234375,2304.39990234375,2304.39990234375,2304.39990234375,0
2014-01-31,2340.320068359375,2340.320068359375,2340.320068359375,2340.320068359375,2340.320068359375,0
2014-02-03,2325.820068359375,2325.820068359375,2325.820068359375,2325.820068359375,2325.820068359375,0
2014-02-04,2335.75,2335.75,2335.75,2335.75,2335.75,0
2014-02-05,2353.10009765625,2353.10009765625,2353.10009765625,2353.10009765625,2353.10009765625,0
2014-02-06,2347.6298828125,2347.6298828125,2347.6298828125,2347.6298828125,2347.6298828125,0
2014-02-07,2358.639892578125,2358.639892578125,2358.639892578125,2358.639892578125,2358.639892578125,0
2014-02-10,2356.43994140625,2356.43994140625,2356.43994140625,2356.43994140625,2356.43994140625,0
2014-02-11,2365.3798828125,2365.3798828125,2365.3798828125,2365.3798828125,2365.3798828125,0
2014-02-12,2370.719970703125,2370.719970703125,2370.719970703125,2370.719970703125,2370.719970703125,0
2014-02-13,2345.590087890625,2345.590087890625,2345.590087890625,2345.590087890625,2345.590087890625,0
2014-02-14,2346.18994140625,2346.18994140625,2346.18994140625,2346.18994140625,2346.18994140625,0
2014-02-17,2343.860107421875,2343.860107421875,2343.860107421875,2343.860107421875,2343.860107421875,0
2014-02-18,2371.81005859375,2371.81005859375,2371.81005859375,2371.81005859375,2371.81005859375,0
2014-02-19,2391.739990234375,2391.739990234375,2391.739990234375,2391.739990234375,2391.739990234375,0
2014-02-20,2389.260009765625,2389.260009765625,2389.260009765625,2389.260009765625,2389.260009765625,0
2014-02-21,2409.56005859375,2409.56005859375,2409.56005859375,2409.56005859375,2409.56005859375,0
2014-02-24,2418.18994140625,2418.18994140625,2418.18994140625,2418.18994140625,2418.18994140625,0
2014-02-25,2426.4599609375,2426.4599609375,2426.4599609375,2426.4599609375,2426.4599609375,0
2014-02-26,2429.969970703125,2429.969970703125,2429.969970703125,2429.969970703125,2429.969970703125,0
2014-02-28,2440.3701171875,2440.3701171875,2440.3701171875,2440.3701171875,2440.3701171875,0
2014-03-03,2440.300048828125,2440.300048828125,2440.300048828125,2440.300048828125,2440.300048828125,0
2014-03-04,2474.02001953125,2474.02001953125,2474.02001953125,2474.02001953125,2474.02001953125,0
2014-03-05,2487.81005859375,2487.81005859375,2487.81005859375,2487.81005859375,2487.81005859375,0
2014-03-06,2522.68994140625,2522.68994140625,2522.68994140625,2522.68994140625,2522.68994140625,0
2014-03-07,2514.800048828125,2514.800048828125,2514.800048828125,2514.800048828125,2514.800048828125,0
2014-03-10,2522.409912109375,2522.409912109375,2522.409912109375,2522.409912109375,2522.409912109375,0
2014-03-11,2525.0,2525.0,2525.0,2525.0,2525.0,0
2014-03-12,2524.39990234375,2524.39990234375,2524.39990234375,2524.39990234375,2524.39990234375,0
2014-03-13,2503.409912109375,2503.409912109375,2503.409912109375,2503.409912109375,2503.409912109375,0
2014-03-14,2495.699951171875,2495.699951171875,2495.699951171875,2495.699951171875,2495.699951171875,0
2014-03-18,2525.31005859375,2525.31005859375,2525.31005859375,2525.31005859375,2525.31005859375,0
2014-03-19,2537.110107421875,2537.110107421875,2537.110107421875,2537.110107421875,2537.110107421875,0
2014-03-20,2539.159912109375,2539.159912109375,2539.159912109375,2539.159912109375,2539.159912109375,0
2014-03-21,2565.659912109375,2565.659912109375,2565.659912109375,2565.659912109375,2565.659912109375,0
2014-03-24,2579.489990234375,2579.489990234375,2579.489990234375,2579.489990234375,2579.489990234375,0
2014-03-25,2591.510009765625,2591.510009765625,2591.510009765625,2591.510009765625,2591.510009765625,0
2014-03-26,2597.260009765625,2597.260009765625,2597.260009765625,2597.260009765625,2597.260009765625,0
2014-03-27,2617.35009765625,2617.35009765625,2617.35009765625,2617.35009765625,2617.35009765625,0
2014-03-28,2655.8701171875,2655.8701171875,2655.8701171875,2655.8701171875,2655.8701171875,0
2014-03-31,2682.3701171875,2682.3701171875,2682.3701171875,2682.3701171875,2682.3701171875,0
2014-04-01,2688.27001953125,2688.27001953125,2688.27001953125,2688.27001953125,2688.27001953125,0
2014-04-02,2733.639892578125,2733.639892578125,2733.639892578125,2733.639892578125,2733.639892578125,0
2014-04-03,2725.830078125,2725.830078125,2725.830078125,2725.830078125,2725.830078125,0
2014-04-04,2743.330078125,2743.330078125,2743.330078125,2743.330078125,2743.330078125,0
2014-04-07,2745.909912109375,2745.909912109375,2745.909912109375,2745.909912109375,2745.909912109375,0
2014-04-09,2802.590087890625,2802.590087890625,2802.590087890625,2802.590087890625,2802.590087890625,0
2014-04-10,2822.10009765625,2822.10009765625,2822.10009765625,2822.10009765625,2822.10009765625,0
2014-04-11,2839.419921875,2839.419921875,2839.419921875,2839.419921875,2839.419921875,0
2014-04-15,2828.0400390625,2828.0400390625,2828.0400390625,2828.0400390625,2828.0400390625,0
2014-04-16,2787.52001953125,2787.52001953125,2787.52001953125,2787.52001953125,2787.52001953125,0
2014-04-17,2830.2099609375,2830.2099609375,2830.2099609375,2830.2099609375,2830.2099609375,0
2014-04-21,2870.0,2870.0,2870.0,2870.0,2870.0,0
2014-04-22,2871.969970703125,2871.969970703125,2871.969970703125,2871.969970703125,2871.969970703125,0
2014-04-23,2879.8798828125,2879.8798828125,2879.8798828125,2879.8798828125,2879.8798828125,0
2014-04-25,2871.6201171875,2871.6201171875,2871.6201171875,2871.6201171875,2871.6201171875,0
2014-04-28,2878.419921875,2878.419921875,2878.419921875,2878.419921875,2878.419921875,0
2014-04-29,2873.300048828125,2873.300048828125,2873.300048828125,2873.300048828125,2873.300048828125,0
2014-04-30,2829.0,2829.0,2829.0,2829.0,2829.0,0
2014-05-02,2845.070068359375,2845.070068359375,2845.070068359375,2845.070068359375,2845.070068359375,0
2014-05-05,2837.330078125,2837.330078125,2837.330078125,2837.330078125,2837.330078125,0
2014-05-06,2850.27001953125,2850.27001953125,2850.27001953125,2850.27001953125,2850.27001953125,0
2014-05-07,2847.25,2847.25,2847.25,2847.25,2847.25,0
2014-05-08,2864.5,2864.5,2864.5,2864.5,2864.5,0
2014-05-09,2896.780029296875,2896.780029296875,2896.780029296875,2896.780029296875,2896.780029296875,0
2014-05-12,2915.800048828125,2915.800048828125,2915.800048828125,2915.800048828125,2915.800048828125,0
2014-05-13,2974.179931640625,2974.179931640625,2974.179931640625,2974.179931640625,2974.179931640625,0
2014-05-14,3001.97998046875,3001.97998046875,3001.97998046875,3001.97998046875,3001.97998046875,0
2014-05-15,2974.47998046875,2974.47998046875,2974.47998046875,2974.47998046875,2974.47998046875,0
2014-05-16,3019.5,3019.5,3019.5,3019.5,3019.5,0
2014-05-19,3202.409912109375,3202.409912109375,3202.409912109375,3202.409912109375,3202.409912109375,0
2014-05-20,3292.4599609375,3292.4599609375,3292.4599609375,3292.4599609375,3292.4599609375,0
2014-05-21,3346.070068359375,3346.070068359375,3346.070068359375,3346.070068359375,3346.070068359375,0
2014-05-22,3445.89990234375,3445.89990234375,3445.89990234375,3445.89990234375,3445.89990234375,0
2014-05-23,3515.989990234375,3515.989990234375,3515.989990234375,3515.989990234375,3515.989990234375,0
2014-05-26,3428.5400390625,3428.5400390625,3428.5400390625,3428.5400390625,3428.5400390625,0
2014-05-27,3403.360107421875,3403.360107421875,3403.360107421875,3403.360107421875,3403.360107421875,0
2014-05-28,3438.889892578125,3438.889892578125,3438.889892578125,3438.889892578125,3438.889892578125,0
2014-05-29,3423.889892578125,3423.889892578125,3423.889892578125,3423.889892578125,3423.889892578125,0
2014-05-30,3436.169921875,3436.169921875,3436.169921875,3436.169921875,3436.169921875,0
2014-06-02,3514.969970703125,3514.969970703125,3514.969970703125,3514.969970703125,3514.969970703125,0
2014-06-03,3560.3701171875,3560.3701171875,3560.3701171875,3560.3701171875,3560.3701171875,0
2014-06-04,3636.070068359375,3636.070068359375,3636.070068359375,3636.070068359375,3636.070068359375,0
2014-06-05,3684.469970703125,3684.469970703125,3684.469970703125,3684.469970703125,3684.469970703125,0
2014-06-06,3738.8798828125,3738.8798828125,3738.8798828125,3738.8798828125,3738.8798828125,0
2014-06-09,3826.320068359375,3826.320068359375,3826.320068359375,3826.320068359375,3826.320068359375,0
2014-06-10,3818.010009765625,3818.010009765625,3818.010009765625,3818.010009765625,3818.010009765625,0
2014-06-11,3788.25,3788.25,3788.25,3788.25,3788.25,0
2014-06-12,3795.97998046875,3795.97998046875,3795.97998046875,3795.97998046875,3795.97998046875,0
2014-06-13,3683.3701171875,3683.3701171875,3683.3701171875,3683.3701171875,3683.3701171875,0
2014-06-16,3698.360107421875,3698.360107421875,3698.360107421875,3698.360107421875,3698.360107421875,0
2014-06-17,3774.449951171875,3774.449951171875,3774.449951171875,3774.449951171875,3774.449951171875,0
2014-06-18,3760.8798828125,3760.8798828125,3760.8798828125,3760.8798828125,3760.8798828125,0
2014-06-19,3749.27001953125,3749.27001953125,3749.27001953125,3749.27001953125,3749.27001953125,0
2014-06-20,3719.590087890625,3719.590087890625,3719.590087890625,3719.590087890625,3719.590087890625,0
2014-06-23,3736.8798828125,3736.8798828125,3736.8798828125,3736.8798828125,3736.8798828125,0
2014-06-24,3802.02001953125,3802.02001953125,3802.02001953125,3802.02001953125,3802.02001953125,0
2014-06-25,3815.360107421875,3815.360107421875,3815.360107421875,3815.360107421875,3815.360107421875,0
2014-06-26,3802.64990234375,3802.64990234375,3802.64990234375,3802.64990234375,3802.64990234375,0
2014-06-27,3813.739990234375,3813.739990234375,3813.739990234375,3813.739990234375,3813.739990234375,0
2014-06-30,3885.800048828125,3885.800048828125,3885.800048828125,3885.800048828125,3885.800048828125,0
2014-07-01,3918.7099609375,3918.7099609375,3918.7099609375,3918.7099609375,3918.7099609375,0
2014-07-02,3966.489990234375,3966.489990234375,3966.489990234375,3966.489990234375,3966.489990234375,0
2014-07-03,3948.169921875,3948.169921875,3948.169921875,3948.169921875,3948.169921875,0
2014-07-04,3979.800048828125,3979.800048828125,3979.800048828125,3979.800048828125,3979.800048828125,0
2014-07-07,3987.300048828125,3987.300048828125,3987.300048828125,3987.300048828125,3987.300048828125,0
2014-07-08,3827.030029296875,3827.030029296875,3827.030029296875,3827.030029296875,3827.030029296875,0
2014-07-09,3755.56005859375,3755.56005859375,3755.56005859375,3755.56005859375,3755.56005859375,0
2014-07-10,3788.1298828125,3788.1298828125,3788.1298828125,3788.1298828125,3788.1298828125,0
2014-07-11,3673.949951171875,3673.949951171875,3673.949951171875,3673.949951171875,3673.949951171875,0
2014-07-14,3655.530029296875,3655.530029296875,3655.530029296875,3655.530029296875,3655.530029296875,0
2014-07-15,3733.949951171875,3733.949951171875,3733.949951171875,3733.949951171875,3733.949951171875,0
2014-07-16,3806.5,3806.5,3806.5,3806.5,3806.5,0
2014-07-17,3863.0,3863.0,3863.0,3863.0,3863.0,0
2014-07-18,3863.780029296875,3863.780029296875,3863.780029296875,3863.780029296875,3863.780029296875,0
2014-07-21,3892.18994140625,3892.18994140625,3892.18994140625,3892.18994140625,3892.18994140625,0
2014-07-22,3888.27001953125,3888.27001953125,3888.27001953125,3888.27001953125,3888.27001953125,0
2014-07-23,3865.050048828125,3865.050048828125,3865.050048828125,3865.050048828125,3865.050048828125,0
2014-07-24,3864.090087890625,3864.090087890625,3864.090087890625,3864.090087890625,3864.090087890625,0
2014-07-25,3794.330078125,3794.330078125,3794.330078125,3794.330078125,3794.330078125,0
2014-07-28,3769.2099609375,3769.2099609375,3769.2099609375,3769.2099609375,3769.2099609375,0
2014-07-30,3769.679931640625,3769.679931640625,3769.679931640625,3769.679931640625,3769.679931640625,0
2014-07-31,3777.77001953125,3777.77001953125,3777.77001953125,3777.77001953125,3777.77001953125,0
2014-08-01,3738.18994140625,3738.18994140625,3738.18994140625,3738.18994140625,3738.18994140625,0
2014-08-04,3778.429931640625,3778.429931640625,3778.429931640625,3778.429931640625,3778.429931640625,0
2014-08-05,3821.550048828125,3821.550048828125,3821.550048828125,3821.550048828125,3821.550048828125,0
2014-08-06,3807.340087890625,3807.340087890625,3807.340087890625,3807.340087890625,3807.340087890625,0
2014-08-07,3788.330078125,3788.330078125,3788.330078125,3788.330078125,3788.330078125,0
2014-08-08,3700.780029296875,3700.780029296875,3700.780029296875,3700.780029296875,3700.780029296875,0
2014-08-11,3722.2900390625,3722.2900390625,3722.2900390625,3722.2900390625,3722.2900390625,0
2014-08-12,3743.159912109375,3743.159912109375,3743.159912109375,3743.159912109375,3743.159912109375,0
2014-08-13,3655.909912109375,3655.909912109375,3655.909912109375,3655.909912109375,3655.909912109375,0
2014-08-14,3702.02001953125,3702.02001953125,3702.02001953125,3702.02001953125,3702.02001953125,0
2014-08-18,3790.52001953125,3790.52001953125,3790.52001953125,3790.52001953125,3790.52001953125,0
2014-08-19,3841.3701171875,3841.3701171875,3841.3701171875,3841.3701171875,3841.3701171875,0
2014-08-20,3850.81005859375,3850.81005859375,3850.81005859375,3850.81005859375,3850.81005859375,0
2014-08-21,3856.239990234375,3856.239990234375,3856.239990234375,3856.239990234375,3856.239990234375,0
2014-08-22,3857.5400390625,3857.5400390625,3857.5400390625,3857.5400390625,3857.5400390625,0
2014-08-25,3833.409912109375,3833.409912109375,3833.409912109375,3833.409912109375,3833.409912109375,0
2014-08-26,3809.3701171875,3809.3701171875,3809.3701171875,3809.3701171875,3809.3701171875,0
2014-08-27,3837.419921875,3837.419921875,3837.419921875,3837.419921875,3837.419921875,0
2014-08-28,3834.320068359375,3834.320068359375,3834.320068359375,3834.320068359375,3834.320068359375,0
2014-09-01,3889.89990234375,3889.89990234375,3889.89990234375,3889.89990234375,3889.89990234375,0
2014-09-02,3932.7900390625,3932.7900390625,3932.7900390625,3932.7900390625,3932.7900390625,0
2014-09-03,3958.530029296875,3958.530029296875,3958.530029296875,3958.530029296875,3958.530029296875,0
2014-09-04,3941.14990234375,3941.14990234375,3941.14990234375,3941.14990234375,3941.14990234375,0
2014-09-05,3964.419921875,3964.419921875,3964.419921875,3964.419921875,3964.419921875,0
2014-09-08,4026.4599609375,4026.4599609375,4026.4599609375,4026.4599609375,4026.4599609375,0
2014-09-09,4048.090087890625,4048.090087890625,4048.090087890625,4048.090087890625,4048.090087890625,0
2014-09-10,4066.93994140625,4066.93994140625,4066.93994140625,4066.93994140625,4066.93994140625,0
2014-09-11,4123.89013671875,4123.89013671875,4123.89013671875,4123.89013671875,4123.89013671875,0
2014-09-12,4144.68994140625,4144.68994140625,4144.68994140625,4144.68994140625,4144.68994140625,0
2014-09-15,4155.490234375,4155.490234375,4155.490234375,4155.490234375,4155.490234375,0
2014-09-16,3995.56005859375,3995.56005859375,3995.56005859375,3995.56005859375,3995.56005859375,0
2014-09-17,3999.550048828125,3999.550048828125,3999.550048828125,3999.550048828125,3999.550048828125,0
2014-09-18,4099.31982421875,4099.31982421875,4099.31982421875,4099.31982421875,4099.31982421875,0
2014-09-19,4136.259765625,4136.259765625,4136.259765625,4136.259765625,4136.259765625,0
2014-09-22,4154.06982421875,4154.06982421875,4154.06982421875,4154.06982421875,4154.06982421875,0
2014-09-23,4054.080078125,4054.080078125,4054.080078125,4054.080078125,4054.080078125,0
2014-09-24,3979.35009765625,3979.35009765625,3979.35009765625,3979.35009765625,3979.35009765625,0
2014-09-25,3844.580078125,3844.580078125,3844.580078125,3844.580078125,3844.580078125,0
2014-09-26,3865.18994140625,3865.18994140625,3865.18994140625,3865.18994140625,3865.18994140625,0
2014-09-29,3938.080078125,3938.080078125,3938.080078125,3938.080078125,3938.080078125,0
2014-09-30,3948.93994140625,3948.93994140625,3948.93994140625,3948.93994140625,3948.93994140625,0
2014-10-01,3929.510009765625,3929.510009765625,3929.510009765625,3929.510009765625,3929.510009765625,0
2014-10-07,3889.679931640625,3889.679931640625,3889.679931640625,3889.679931640625,3889.679931640625,0
2014-10-08,3881.2900390625,3881.2900390625,3881.2900390625,3881.2900390625,3881.2900390625,0
2014-10-09,3950.2900390625,3950.2900390625,3950.2900390625,3950.2900390625,3950.2900390625,0
2014-10-10,3900.7099609375,3900.7099609375,3900.7099609375,3900.7099609375,3900.7099609375,0
2014-10-13,3924.9599609375,3924.9599609375,3924.9599609375,3924.9599609375,3924.9599609375,0
2014-10-14,3926.72998046875,3926.72998046875,3926.72998046875,3926.72998046875,3926.72998046875,0
2014-10-16,3807.8701171875,3807.8701171875,3807.8701171875,3807.8701171875,3807.8701171875,0
2014-10-17,3812.89990234375,3812.89990234375,3812.89990234375,3812.89990234375,3812.89990234375,0
2014-10-20,3842.7099609375,3842.7099609375,3842.7099609375,3842.7099609375,3842.7099609375,0
2014-10-21,3864.179931640625,3864.179931640625,3864.179931640625,3864.179931640625,3864.179931640625,0
2014-10-22,3911.580078125,3911.580078125,3911.580078125,3911.580078125,3911.580078125,0
2014-10-27,3930.300048828125,3930.300048828125,3930.300048828125,3930.300048828125,3930.300048828125,0
2014-10-28,3943.340087890625,3943.340087890625,3943.340087890625,3943.340087890625,3943.340087890625,0
2014-10-29,3976.06005859375,3976.06005859375,3976.06005859375,3976.06005859375,3976.06005859375,0
2014-10-30,4001.56005859375,4001.56005859375,4001.56005859375,4001.56005859375,4001.56005859375,0
2014-10-31,4054.31005859375,4054.31005859375,4054.31005859375,4054.31005859375,4054.31005859375,0
2014-11-03,4106.3701171875,4106.3701171875,4106.3701171875,4106.3701171875,4106.3701171875,0
2014-11-05,4113.009765625,4113.009765625,4113.009765625,4113.009765625,4113.009765625,0
2014-11-07,4110.580078125,4110.580078125,4110.580078125,4110.580078125,4110.580078125,0
2014-11-10,4110.2998046875,4110.2998046875,4110.2998046875,4110.2998046875,4110.2998046875,0
2014-11-11,4140.77978515625,4140.77978515625,4140.77978515625,4140.77978515625,4140.77978515625,0
2014-11-12,4148.72021484375,4148.72021484375,4148.72021484375,4148.72021484375,4148.72021484375,0
2014-11-13,4137.2001953125,4137.2001953125,4137.2001953125,4137.2001953125,4137.2001953125,0
2014-11-14,4159.490234375,4159.490234375,4159.490234375,4159.490234375,4159.490234375,0
2014-11-17,4213.259765625,4213.259765625,4213.259765625,4213.259765625,4213.259765625,0
2014-11-18,4233.6298828125,4233.6298828125,4233.6298828125,4233.6298828125,4233.6298828125,0
2014-11-19,4198.66015625,4198.66015625,4198.66015625,4198.66015625,4198.66015625,0
2014-11-20,4184.06982421875,4184.06982421875,4184.06982421875,4184.06982421875,4184.06982421875,0
2014-11-21,4165.990234375,4165.990234375,4165.990234375,4165.990234375,4165.990234375,0
2014-11-24,4158.490234375,4158.490234375,4158.490234375,4158.490234375,4158.490234375,0
2014-11-25,4072.429931640625,4072.429931640625,4072.429931640625,4072.429931640625,4072.429931640625,0
2014-11-26,4103.06005859375,4103.06005859375,4103.06005859375,4103.06005859375,4103.06005859375,0
2014-11-27,4113.77978515625,4113.77978515625,4113.77978515625,4113.77978515625,4113.77978515625,0
2014-11-28,4128.3701171875,4128.3701171875,4128.3701171875,4128.3701171875,4128.3701171875,0
2014-12-01,4094.110107421875,4094.110107421875,4094.110107421875,4094.110107421875,4094.110107421875,0
2014-12-02,4124.5498046875,4124.5498046875,4124.5498046875,4124.5498046875,4124.5498046875,0
2014-12-03,4187.85009765625,4187.85009765625,4187.85009765625,4187.85009765625,4187.85009765625,0
2014-12-04,4211.22021484375,4211.22021484375,4211.22021484375,4211.22021484375,4211.22021484375,0
2014-12-05,4210.7900390625,4210.7900390625,4210.7900390625,4210.7900390625,4210.7900390625,0
2014-12-08,4169.2099609375,4169.2099609375,4169.2099609375,4169.2099609375,4169.2099609375,0
2014-12-09,4102.93994140625,4102.93994140625,4102.93994140625,4102.93994140625,4102.93994140625,0
2014-12-10,4152.85986328125,4152.85986328125,4152.85986328125,4152.85986328125,4152.85986328125,0
2014-12-11,4124.580078125,4124.580078125,4124.580078125,4124.580078125,4124.580078125,0
2014-12-12,4060.0400390625,4060.0400390625,4060.0400390625,4060.0400390625,4060.0400390625,0
2014-12-15,4046.4599609375,4046.4599609375,4046.4599609375,4046.4599609375,4046.4599609375,0
2014-12-16,3905.5400390625,3905.5400390625,3905.5400390625,3905.5400390625,3905.5400390625,0
2014-12-17,3868.81005859375,3868.81005859375,3868.81005859375,3868.81005859375,3868.81005859375,0
2014-12-18,3987.169921875,3987.169921875,3987.169921875,3987.169921875,3987.169921875,0
2014-12-19,4011.010009765625,4011.010009765625,4011.010009765625,4011.010009765625,4011.010009765625,0
2014-12-22,4045.139892578125,4045.139892578125,4045.139892578125,4045.139892578125,4045.139892578125,0
2014-12-23,4031.60009765625,4031.60009765625,4031.60009765625,4031.60009765625,4031.60009765625,0
2014-12-24,4040.510009765625,4040.510009765625,4040.510009765625,4040.510009765625,4040.510009765625,0
2014-12-26,4046.489990234375,4046.489990234375,4046.489990234375,4046.489990234375,4046.489990234375,0
2014-12-29,4069.02001953125,4069.02001953125,4069.02001953125,4069.02001953125,4069.02001953125,0
2014-12-30,4095.590087890625,4095.590087890625,4095.590087890625,4095.590087890625,4095.590087890625,0
2014-12-31,4158.75,4158.75,4158.75,4158.75,4158.75,0
2015-01-01,4208.22021484375,4208.22021484375,4208.22021484375,4208.22021484375,4208.22021484375,0
2015-01-02,4236.16015625,4236.16015625,4236.16015625,4236.16015625,4236.16015625,0
2015-01-05,4255.31005859375,4255.31005859375,4255.31005859375,4255.31005859375,4255.31005859375,0
2015-01-06,4120.4501953125,4120.4501953125,4120.4501953125,4120.4501953125,4120.4501953125,0
2015-01-07,4126.43017578125,4126.43017578125,4126.43017578125,4126.43017578125,4126.43017578125,0
2015-01-08,4204.8701171875,4204.8701171875,4204.8701171875,4204.8701171875,4204.8701171875,0
2015-01-09,4201.4599609375,4201.4599609375,4201.4599609375,4201.4599609375,4201.4599609375,0
2015-01-12,4237.27001953125,4237.27001953125,4237.27001953125,4237.27001953125,4237.27001953125,0
2015-01-13,4243.0498046875,4243.0498046875,4243.0498046875,4243.0498046875,4243.0498046875,0
2015-01-14,4227.10986328125,4227.10986328125,4227.10986328125,4227.10986328125,4227.10986328125,0
2015-01-15,4286.39013671875,4286.39013671875,4286.39013671875,4286.39013671875,4286.39013671875,0
2015-01-16,4300.10009765625,4300.10009765625,4300.10009765625,4300.10009765625,4300.10009765625,0
2015-01-19,4327.9599609375,4327.9599609375,4327.9599609375,4327.9599609375,4327.9599609375,0
2015-01-20,4353.740234375,4353.740234375,4353.740234375,4353.740234375,4353.740234375,0
2015-01-21,4336.2998046875,4336.2998046875,4336.2998046875,4336.2998046875,4336.2998046875,0
2015-01-22,4353.68017578125,4353.68017578125,4353.68017578125,4353.68017578125,4353.68017578125,0
2015-01-23,4329.60986328125,4329.60986328125,4329.60986328125,4329.60986328125,4329.60986328125,0
2015-01-27,4350.2998046875,4350.2998046875,4350.2998046875,4350.2998046875,4350.2998046875,0
2015-01-28,4343.490234375,4343.490234375,4343.490234375,4343.490234375,4343.490234375,0
2015-01-29,4349.14990234375,4349.14990234375,4349.14990234375,4349.14990234375,4349.14990234375,0
2015-01-30,4343.81982421875,4343.81982421875,4343.81982421875,4343.81982421875,4343.81982421875,0
2015-02-02,4392.39990234375,4392.39990234375,4392.39990234375,4392.39990234375,4392.39990234375,0
2015-02-03,4388.5498046875,4388.5498046875,4388.5498046875,4388.5498046875,4388.5498046875,0
2015-02-04,4368.72998046875,4368.72998046875,4368.72998046875,4368.72998046875,4368.72998046875,0
2015-02-05,4322.41015625,4322.41015625,4322.41015625,4322.41015625,4322.41015625,0
2015-02-06,4255.919921875,4255.919921875,4255.919921875,4255.919921875,4255.919921875,0
2015-02-09,4200.5400390625,4200.5400390625,4200.5400390625,4200.5400390625,4200.5400390625,0
2015-02-10,4204.52978515625,4204.52978515625,4204.52978515625,4204.52978515625,4204.52978515625,0
2015-02-11,4269.83984375,4269.83984375,4269.83984375,4269.83984375,4269.83984375,0
2015-02-12,4333.81982421875,4333.81982421875,4333.81982421875,4333.81982421875,4333.81982421875,0
2015-02-13,4352.18017578125,4352.18017578125,4352.18017578125,4352.18017578125,4352.18017578125,0
2015-02-16,4356.169921875,4356.169921875,4356.169921875,4356.169921875,4356.169921875,0
2015-02-18,4396.740234375,4396.740234375,4396.740234375,4396.740234375,4396.740234375,0
2015-02-19,4407.419921875,4407.419921875,4407.419921875,4407.419921875,4407.419921875,0
2015-02-20,4410.9501953125,4410.9501953125,4410.9501953125,4410.9501953125,4410.9501953125,0
2015-02-23,4371.18017578125,4371.18017578125,4371.18017578125,4371.18017578125,4371.18017578125,0
2015-02-24,4353.43017578125,4353.43017578125,4353.43017578125,4353.43017578125,4353.43017578125,0
2015-02-25,4342.5,4342.5,4342.5,4342.5,4342.5,0
2015-02-26,4318.85009765625,4318.85009765625,4318.85009765625,4318.85009765625,4318.85009765625,0
2015-02-27,4392.06982421875,4392.06982421875,4392.06982421875,4392.06982421875,4392.06982421875,0
2015-03-02,4434.31982421875,4434.31982421875,4434.31982421875,4434.31982421875,4434.31982421875,0
2015-03-03,4501.16015625,4501.16015625,4501.16015625,4501.16015625,4501.16015625,0
2015-03-04,4444.72021484375,4444.72021484375,4444.72021484375,4444.72021484375,4444.72021484375,0
2015-03-05,4472.0400390625,4472.0400390625,4472.0400390625,4472.0400390625,4472.0400390625,0
2015-03-09,4413.2900390625,4413.2900390625,4413.2900390625,4413.2900390625,4413.2900390625,0
2015-03-10,4409.14013671875,4409.14013671875,4409.14013671875,4409.14013671875,4409.14013671875,0
2015-03-11,4400.77978515625,4400.77978515625,4400.77978515625,4400.77978515625,4400.77978515625,0
2015-03-12,4461.669921875,4461.669921875,4461.669921875,4461.669921875,4461.669921875,0
2015-03-13,4408.58984375,4408.58984375,4408.58984375,4408.58984375,4408.58984375,0
2015-03-16,4376.740234375,4376.740234375,4376.740234375,4376.740234375,4376.740234375,0
2015-03-17,4395.14013671875,4395.14013671875,4395.14013671875,4395.14013671875,4395.14013671875,0
2015-03-18,4412.580078125,4412.580078125,4412.580078125,4412.580078125,4412.580078125,0
2015-03-19,4373.72998046875,4373.72998046875,4373.72998046875,4373.72998046875,4373.72998046875,0
2015-03-20,4281.77001953125,4281.77001953125,4281.77001953125,4281.77001953125,4281.77001953125,0
2015-03-23,4233.81982421875,4233.81982421875,4233.81982421875,4233.81982421875,4233.81982421875,0
2015-03-24,4220.89013671875,4220.89013671875,4220.89013671875,4220.89013671875,4220.89013671875,0
2015-03-25,4190.9501953125,4190.9501953125,4190.9501953125,4190.9501953125,4190.9501953125,0
2015-03-26,4146.3798828125,4146.3798828125,4146.3798828125,4146.3798828125,4146.3798828125,0
2015-03-27,4151.990234375,4151.990234375,4151.990234375,4151.990234375,4151.990234375,0
2015-03-30,4274.990234375,4274.990234375,4274.990234375,4274.990234375,4274.990234375,0
2015-03-31,4318.35009765625,4318.35009765625,4318.35009765625,4318.35009765625,4318.35009765625,0
2015-04-01,4414.18017578125,4414.18017578125,4414.18017578125,4414.18017578125,4414.18017578125,0
2015-04-06,4483.5,4483.5,4483.5,4483.5,4483.5,0
2015-04-07,4530.3701171875,4530.3701171875,4530.3701171875,4530.3701171875,4530.3701171875,0
2015-04-08,4595.7001953125,4595.7001953125,4595.7001953125,4595.7001953125,4595.7001953125,0
2015-04-09,4608.39013671875,4608.39013671875,4608.39013671875,4608.39013671875,4608.39013671875,0
2015-04-10,4625.89013671875,4625.89013671875,4625.89013671875,4625.89013671875,4625.89013671875,0
2015-04-13,4644.47021484375,4644.47021484375,4644.47021484375,4644.47021484375,4644.47021484375,0
2015-04-15,4621.85986328125,4621.85986328125,4621.85986328125,4621.85986328125,4621.85986328125,0
2015-04-16,4567.39013671875,4567.39013671875,4567.39013671875,4567.39013671875,4567.39013671875,0
2015-04-17,4516.8701171875,4516.8701171875,4516.8701171875,4516.8701171875,4516.8701171875,0
2015-04-20,4414.8798828125,4414.8798828125,4414.8798828125,4414.8798828125,4414.8798828125,0
2015-04-21,4408.56982421875,4408.56982421875,4408.56982421875,4408.56982421875,4408.56982421875,0
2015-04-22,4405.64990234375,4405.64990234375,4405.64990234375,4405.64990234375,4405.64990234375,0
2015-04-23,4401.85009765625,4401.85009765625,4401.85009765625,4401.85009765625,4401.85009765625,0
2015-04-24,4272.85986328125,4272.85986328125,4272.85986328125,4272.85986328125,4272.85986328125,0
2015-04-27,4137.7900390625,4137.7900390625,4137.7900390625,4137.7900390625,4137.7900390625,0
2015-04-28,4217.10009765625,4217.10009765625,4217.10009765625,4217.10009765625,4217.10009765625,0
2015-04-29,4248.97998046875,4248.97998046875,4248.97998046875,4248.97998046875,4248.97998046875,0
2015-04-30,4242.43994140625,4242.43994140625,4242.43994140625,4242.43994140625,4242.43994140625,0
2015-05-04,4328.39990234375,4328.39990234375,4328.39990234375,4328.39990234375,4328.39990234375,0
2015-05-05,4339.27978515625,4339.27978515625,4339.27978515625,4339.27978515625,4339.27978515625,0
2015-05-06,4195.08984375,4195.08984375,4195.08984375,4195.08984375,4195.08984375,0
2015-05-07,4113.60986328125,4113.60986328125,4113.60986328125,4113.60986328125,4113.60986328125,0
2015-05-08,4188.0400390625,4188.0400390625,4188.0400390625,4188.0400390625,4188.0400390625,0
2015-05-11,4238.9599609375,4238.9599609375,4238.9599609375,4238.9599609375,4238.9599609375,0
2015-05-12,4145.47998046875,4145.47998046875,4145.47998046875,4145.47998046875,4145.47998046875,0
2015-05-13,4187.8701171875,4187.8701171875,4187.8701171875,4187.8701171875,4187.8701171875,0
2015-05-14,4219.35009765625,4219.35009765625,4219.35009765625,4219.35009765625,4219.35009765625,0
2015-05-15,4233.47021484375,4233.47021484375,4233.47021484375,4233.47021484375,4233.47021484375,0
2015-05-18,4277.169921875,4277.169921875,4277.169921875,4277.169921875,4277.169921875,0
2015-05-19,4296.56982421875,4296.56982421875,4296.56982421875,4296.56982421875,4296.56982421875,0
2015-05-20,4293.47021484375,4293.47021484375,4293.47021484375,4293.47021484375,4293.47021484375,0
2015-05-21,4281.31005859375,4281.31005859375,4281.31005859375,4281.31005859375,4281.31005859375,0
2015-05-22,4291.52001953125,4291.52001953125,4291.52001953125,4291.52001953125,4291.52001953125,0
2015-05-25,4278.009765625,4278.009765625,4278.009765625,4278.009765625,4278.009765625,0
2015-05-26,4260.9501953125,4260.9501953125,4260.9501953125,4260.9501953125,4260.9501953125,0
2015-05-27,4251.8701171875,4251.8701171875,4251.8701171875,4251.8701171875,4251.8701171875,0
2015-05-28,4250.259765625,4250.259765625,4250.259765625,4250.259765625,4250.259765625,0
2015-05-29,4317.080078125,4317.080078125,4317.080078125,4317.080078125,4317.080078125,0
2015-06-01,4311.97021484375,4311.97021484375,4311.97021484375,4311.97021484375,4311.97021484375,0
2015-06-02,4226.77001953125,4226.77001953125,4226.77001953125,4226.77001953125,4226.77001953125,0
2015-06-03,4106.7099609375,4106.7099609375,4106.7099609375,4106.7099609375,4106.7099609375,0
2015-06-04,4105.7099609375,4105.7099609375,4105.7099609375,4105.7099609375,4105.7099609375,0
2015-06-05,4124.330078125,4124.330078125,4124.330078125,4124.330078125,4124.330078125,0
2015-06-08,4066.139892578125,4066.139892578125,4066.139892578125,4066.139892578125,4066.139892578125,0
2015-06-09,4038.25,4038.25,4038.25,4038.25,4038.25,0
2015-06-10,4078.81005859375,4078.81005859375,4078.81005859375,4078.81005859375,4078.81005859375,0
2015-06-11,4015.429931640625,4015.429931640625,4015.429931640625,4015.429931640625,4015.429931640625,0
2015-06-12,4006.320068359375,4006.320068359375,4006.320068359375,4006.320068359375,4006.320068359375,0
2015-06-15,4028.639892578125,4028.639892578125,4028.639892578125,4028.639892578125,4028.639892578125,0
2015-06-16,4041.5400390625,4041.5400390625,4041.5400390625,4041.5400390625,4041.5400390625,0
2015-06-17,4087.080078125,4087.080078125,4087.080078125,4087.080078125,4087.080078125,0
2015-06-18,4139.6298828125,4139.6298828125,4139.6298828125,4139.6298828125,4139.6298828125,0
2015-06-19,4143.4501953125,4143.4501953125,4143.4501953125,4143.4501953125,4143.4501953125,0
2015-06-22,4210.68017578125,4210.68017578125,4210.68017578125,4210.68017578125,4210.68017578125,0
2015-06-23,4228.009765625,4228.009765625,4228.009765625,4228.009765625,4228.009765625,0
2015-06-24,4202.97998046875,4202.97998046875,4202.97998046875,4202.97998046875,4202.97998046875,0
2015-06-25,4208.919921875,4208.919921875,4208.919921875,4208.919921875,4208.919921875,0
2015-06-26,4224.10986328125,4224.10986328125,4224.10986328125,4224.10986328125,4224.10986328125,0
2015-06-29,4154.740234375,4154.740234375,4154.740234375,4154.740234375,4154.740234375,0
2015-06-30,4209.10009765625,4209.10009765625,4209.10009765625,4209.10009765625,4209.10009765625,0
2015-07-01,4270.9501953125,4270.9501953125,4270.9501953125,4270.9501953125,4270.9501953125,0
2015-07-02,4299.580078125,4299.580078125,4299.580078125,4299.580078125,4299.580078125,0
2015-07-03,4302.35986328125,4302.35986328125,4302.35986328125,4302.35986328125,4302.35986328125,0
2015-07-06,4366.18017578125,4366.18017578125,4366.18017578125,4366.18017578125,4366.18017578125,0
2015-07-07,4396.93017578125,4396.93017578125,4396.93017578125,4396.93017578125,4396.93017578125,0
2015-07-08,4330.740234375,4330.740234375,4330.740234375,4330.740234375,4330.740234375,0
2015-07-09,4336.52001953125,4336.52001953125,4336.52001953125,4336.52001953125,4336.52001953125,0
2015-07-10,4361.080078125,4361.080078125,4361.080078125,4361.080078125,4361.080078125,0
2015-07-13,4414.68017578125,4414.68017578125,4414.68017578125,4414.68017578125,4414.68017578125,0
2015-07-14,4443.60009765625,4443.60009765625,4443.60009765625,4443.60009765625,4443.60009765625,0
2015-07-15,4465.759765625,4465.759765625,4465.759765625,4465.759765625,4465.759765625,0
2015-07-16,4491.52978515625,4491.52978515625,4491.52978515625,4491.52978515625,4491.52978515625,0
2015-07-17,4510.77001953125,4510.77001953125,4510.77001953125,4510.77001953125,4510.77001953125,0
2015-07-20,4534.16015625,4534.16015625,4534.16015625,4534.16015625,4534.16015625,0
2015-07-21,4449.7001953125,4449.7001953125,4449.7001953125,4449.7001953125,4449.7001953125,0
2015-07-22,4501.27001953125,4501.27001953125,4501.27001953125,4501.27001953125,4501.27001953125,0
2015-07-23,4534.3701171875,4534.3701171875,4534.3701171875,4534.3701171875,4534.3701171875,0
2015-07-24,4506.72021484375,4506.72021484375,4506.72021484375,4506.72021484375,4506.72021484375,0
2015-07-27,4441.97998046875,4441.97998046875,4441.97998046875,4441.97998046875,4441.97998046875,0
2015-07-28,4438.02978515625,4438.02978515625,4438.02978515625,4438.02978515625,4438.02978515625,0
2015-07-29,4490.4599609375,4490.4599609375,4490.4599609375,4490.4599609375,4490.4599609375,0
2015-07-30,4547.77001953125,4547.77001953125,4547.77001953125,4547.77001953125,4547.77001953125,0
2015-07-31,4583.27978515625,4583.27978515625,4583.27978515625,4583.27978515625,4583.27978515625,0
2015-08-03,4621.740234375,4621.740234375,4621.740234375,4621.740234375,4621.740234375,0
2015-08-04,4657.240234375,4657.240234375,4657.240234375,4657.240234375,4657.240234375,0
2015-08-05,4690.6298828125,4690.6298828125,4690.6298828125,4690.6298828125,4690.6298828125,0
2015-08-06,4680.08984375,4680.08984375,4680.08984375,4680.08984375,4680.08984375,0
2015-08-07,4670.419921875,4670.419921875,4670.419921875,4670.419921875,4670.419921875,0
2015-08-10,4653.60009765625,4653.60009765625,4653.60009765625,4653.60009765625,4653.60009765625,0
2015-08-11,4591.169921875,4591.169921875,4591.169921875,4591.169921875,4591.169921875,0
2015-08-12,4468.7900390625,4468.7900390625,4468.7900390625,4468.7900390625,4468.7900390625,0
2015-08-13,4405.10986328125,4405.10986328125,4405.10986328125,4405.10986328125,4405.10986328125,0
2015-08-14,4489.81005859375,4489.81005859375,4489.81005859375,4489.81005859375,4489.81005859375,0
2015-08-17,4506.5498046875,4506.5498046875,4506.5498046875,4506.5498046875,4506.5498046875,0
2015-08-18,4558.009765625,4558.009765625,4558.009765625,4558.009765625,4558.009765625,0
2015-08-19,4572.2099609375,4572.2099609375,4572.2099609375,4572.2099609375,4572.2099609375,0
2015-08-20,4475.5400390625,4475.5400390625,4475.5400390625,4475.5400390625,4475.5400390625,0
2015-08-21,4441.2998046875,4441.2998046875,4441.2998046875,4441.2998046875,4441.2998046875,0
2015-08-24,4031.159912109375,4031.159912109375,4031.159912109375,4031.159912109375,4031.159912109375,0
2015-08-25,4064.780029296875,4064.780029296875,4064.780029296875,4064.780029296875,4064.780029296875,0
2015-08-26,4093.1201171875,4093.1201171875,4093.1201171875,4093.1201171875,4093.1201171875,0
2015-08-27,4211.259765625,4211.259765625,4211.259765625,4211.259765625,4211.259765625,0
2015-08-28,4222.14013671875,4222.14013671875,4222.14013671875,4222.14013671875,4222.14013671875,0
2015-08-31,4224.740234375,4224.740234375,4224.740234375,4224.740234375,4224.740234375,0
2015-09-01,4118.72998046875,4118.72998046875,4118.72998046875,4118.72998046875,4118.72998046875,0
2015-09-02,4112.93017578125,4112.93017578125,4112.93017578125,4112.93017578125,4112.93017578125,0
2015-09-03,4179.1201171875,4179.1201171875,4179.1201171875,4179.1201171875,4179.1201171875,0
2015-09-04,4063.10009765625,4063.10009765625,4063.10009765625,4063.10009765625,4063.10009765625,0
2015-09-07,3989.449951171875,3989.449951171875,3989.449951171875,3989.449951171875,3989.449951171875,0
2015-09-08,4019.860107421875,4019.860107421875,4019.860107421875,4019.860107421875,4019.860107421875,0
2015-09-09,4105.0400390625,4105.0400390625,4105.0400390625,4105.0400390625,4105.0400390625,0
2015-09-10,4093.43994140625,4093.43994140625,4093.43994140625,4093.43994140625,4093.43994140625,0
2015-09-11,4121.5498046875,4121.5498046875,4121.5498046875,4121.5498046875,4121.5498046875,0
2015-09-14,4149.5498046875,4149.5498046875,4149.5498046875,4149.5498046875,4149.5498046875,0
2015-09-15,4128.169921875,4128.169921875,4128.169921875,4128.169921875,4128.169921875,0
2015-09-16,4110.9599609375,4110.9599609375,4110.9599609375,4110.9599609375,4110.9599609375,0
2015-09-18,4156.919921875,4156.919921875,4156.919921875,4156.919921875,4156.919921875,0
2015-09-21,4198.02978515625,4198.02978515625,4198.02978515625,4198.02978515625,4198.02978515625,0
2015-09-22,4144.4599609375,4144.4599609375,4144.4599609375,4144.4599609375,4144.4599609375,0
2015-09-23,4173.27978515625,4173.27978515625,4173.27978515625,4173.27978515625,4173.27978515625,0
2015-09-24,4199.52001953125,4199.52001953125,4199.52001953125,4199.52001953125,4199.52001953125,0
2015-09-28,4196.080078125,4196.080078125,4196.080078125,4196.080078125,4196.080078125,0
2015-09-29,4195.9599609375,4195.9599609375,4195.9599609375,4195.9599609375,4195.9599609375,0
2015-09-30,4255.2998046875,4255.2998046875,4255.2998046875,4255.2998046875,4255.2998046875,0
2015-10-01,4255.83984375,4255.83984375,4255.83984375,4255.83984375,4255.83984375,0
2015-10-05,4329.419921875,4329.419921875,4329.419921875,4329.419921875,4329.419921875,0
2015-10-06,4357.81005859375,4357.81005859375,4357.81005859375,4357.81005859375,4357.81005859375,0
2015-10-07,4371.1201171875,4371.1201171875,4371.1201171875,4371.1201171875,4371.1201171875,0
2015-10-08,4362.58984375,4362.58984375,4362.58984375,4362.58984375,4362.58984375,0
2015-10-09,4370.8798828125,4370.8798828125,4370.8798828125,4370.8798828125,4370.8798828125,0
2015-10-12,4379.18994140625,4379.18994140625,4379.18994140625,4379.18994140625,4379.18994140625,0
2015-10-13,4416.02001953125,4416.02001953125,4416.02001953125,4416.02001953125,4416.02001953125,0
2015-10-14,4420.10009765625,4420.10009765625,4420.10009765625,4420.10009765625,4420.10009765625,0
2015-10-15,4431.93994140625,4431.93994140625,4431.93994140625,4431.93994140625,4431.93994140625,0
2015-10-16,4441.7001953125,4441.7001953125,4441.7001953125,4441.7001953125,4441.7001953125,0
2015-10-19,4475.5,4475.5,4475.5,4475.5,4475.5,0
2015-10-20,4485.31982421875,4485.31982421875,4485.31982421875,4485.31982421875,4485.31982421875,0
2015-10-21,4480.58984375,4480.58984375,4480.58984375,4480.58984375,4480.58984375,0
2015-10-23,4461.4599609375,4461.4599609375,4461.4599609375,4461.4599609375,4461.4599609375,0
2015-10-26,4423.1298828125,4423.1298828125,4423.1298828125,4423.1298828125,4423.1298828125,0
2015-10-27,4427.31982421875,4427.31982421875,4427.31982421875,4427.31982421875,4427.31982421875,0
2015-10-28,4417.31982421875,4417.31982421875,4417.31982421875,4417.31982421875,4417.31982421875,0
2015-10-29,4391.8701171875,4391.8701171875,4391.8701171875,4391.8701171875,4391.8701171875,0
2015-10-30,4353.56005859375,4353.56005859375,4353.56005859375,4353.56005859375,4353.56005859375,0
2015-11-02,4349.89990234375,4349.89990234375,4349.89990234375,4349.89990234375,4349.89990234375,0
2015-11-03,4373.2099609375,4373.2099609375,4373.2099609375,4373.2099609375,4373.2099609375,0
2015-11-04,4358.81005859375,4358.81005859375,4358.81005859375,4358.81005859375,4358.81005859375,0
2015-11-05,4280.990234375,4280.990234375,4280.990234375,4280.990234375,4280.990234375,0
2015-11-06,4245.830078125,4245.830078125,4245.830078125,4245.830078125,4245.830078125,0
2015-11-09,4286.830078125,4286.830078125,4286.830078125,4286.830078125,4286.830078125,0
2015-11-10,4242.2099609375,4242.2099609375,4242.2099609375,4242.2099609375,4242.2099609375,0
2015-11-13,4281.02978515625,4281.02978515625,4281.02978515625,4281.02978515625,4281.02978515625,0
2015-11-16,4317.39990234375,4317.39990234375,4317.39990234375,4317.39990234375,4317.39990234375,0
2015-11-17,4339.08984375,4339.08984375,4339.08984375,4339.08984375,4339.08984375,0
2015-11-18,4304.85986328125,4304.85986328125,4304.85986328125,4304.85986328125,4304.85986328125,0
2015-11-19,4353.669921875,4353.669921875,4353.669921875,4353.669921875,4353.669921875,0
2015-11-20,4376.85009765625,4376.85009765625,4376.85009765625,4376.85009765625,4376.85009765625,0
2015-11-23,4395.91015625,4395.91015625,4395.91015625,4395.91015625,4395.91015625,0
2015-11-24,4420.52978515625,4420.52978515625,4420.52978515625,4420.52978515625,4420.52978515625,0
2015-11-26,4440.18017578125,4440.18017578125,4440.18017578125,4440.18017578125,4440.18017578125,0
2015-11-27,4450.6201171875,4450.6201171875,4450.6201171875,4450.6201171875,4450.6201171875,0
2015-11-30,4481.5498046875,4481.5498046875,4481.5498046875,4481.5498046875,4481.5498046875,0
2015-12-01,4498.9599609375,4498.9599609375,4498.9599609375,4498.9599609375,4498.9599609375,0
2015-12-02,4502.68017578125,4502.68017578125,4502.68017578125,4502.68017578125,4502.68017578125,0
2015-12-03,4486.0498046875,4486.0498046875,4486.0498046875,4486.0498046875,4486.0498046875,0
2015-12-04,4435.72021484375,4435.72021484375,4435.72021484375,4435.72021484375,4435.72021484375,0
2015-12-07,4443.43017578125,4443.43017578125,4443.43017578125,4443.43017578125,4443.43017578125,0
2015-12-08,4376.2900390625,4376.2900390625,4376.2900390625,4376.2900390625,4376.2900390625,0
2015-12-09,4271.75,4271.75,4271.75,4271.75,4271.75,0
2015-12-10,4324.91015625,4324.91015625,4324.91015625,4324.91015625,4324.91015625,0
2015-12-11,4301.14990234375,4301.14990234375,4301.14990234375,4301.14990234375,4301.14990234375,0
2015-12-14,4326.77001953125,4326.77001953125,4326.77001953125,4326.77001953125,4326.77001953125,0
2015-12-15,4363.39013671875,4363.39013671875,4363.39013671875,4363.39013671875,4363.39013671875,0
2015-12-16,4371.31982421875,4371.31982421875,4371.31982421875,4371.31982421875,4371.31982421875,0
2015-12-17,4448.35986328125,4448.35986328125,4448.35986328125,4448.35986328125,4448.35986328125,0
2015-12-18,4439.81982421875,4439.81982421875,4439.81982421875,4439.81982421875,4439.81982421875,0
2015-12-21,4484.7998046875,4484.7998046875,4484.7998046875,4484.7998046875,4484.7998046875,0
2015-12-22,4485.18017578125,4485.18017578125,4485.18017578125,4485.18017578125,4485.18017578125,0
2015-12-23,4513.97998046875,4513.97998046875,4513.97998046875,4513.97998046875,4513.97998046875,0
2015-12-24,4539.64013671875,4539.64013671875,4539.64013671875,4539.64013671875,4539.64013671875,0
2015-12-28,4551.259765625,4551.259765625,4551.259765625,4551.259765625,4551.259765625,0
2015-12-29,4541.89990234375,4541.89990234375,4541.89990234375,4541.89990234375,4541.89990234375,0
2015-12-30,4550.83984375,4550.83984375,4550.83984375,4550.83984375,4550.83984375,0
2015-12-31,4583.1298828125,4583.1298828125,4583.1298828125,4583.1298828125,4583.1298828125,0
2016-01-01,4622.60009765625,4622.60009765625,4622.60009765625,4622.60009765625,4622.60009765625,0
2016-01-04,4564.2998046875,4564.2998046875,4564.2998046875,4564.2998046875,4564.2998046875,0
2016-01-05,4596.740234375,4596.740234375,4596.740234375,4596.740234375,4596.740234375,0
2016-01-06,4577.93994140625,4577.93994140625,4577.93994140625,4577.93994140625,4577.93994140625,0
2016-01-07,4434.6201171875,4434.6201171875,4434.6201171875,4434.6201171875,4434.6201171875,0
2016-01-08,4494.89990234375,4494.89990234375,4494.89990234375,4494.89990234375,4494.89990234375,0
2016-01-11,4463.740234375,4463.740234375,4463.740234375,4463.740234375,4463.740234375,0
2016-01-12,4417.22021484375,4417.22021484375,4417.22021484375,4417.22021484375,4417.22021484375,0
2016-01-13,4318.56005859375,4318.56005859375,4318.56005859375,4318.56005859375,4318.56005859375,0
2016-01-14,4257.89013671875,4257.89013671875,4257.89013671875,4257.89013671875,4257.89013671875,0
2016-01-15,4101.97998046875,4101.97998046875,4101.97998046875,4101.97998046875,4101.97998046875,0
2016-01-18,3919.969970703125,3919.969970703125,3919.969970703125,3919.969970703125,3919.969970703125,0
2016-01-19,3987.820068359375,3987.820068359375,3987.820068359375,3987.820068359375,3987.820068359375,0
2016-01-20,3900.090087890625,3900.090087890625,3900.090087890625,3900.090087890625,3900.090087890625,0
2016-01-21,3921.52001953125,3921.52001953125,3921.52001953125,3921.52001953125,3921.52001953125,0
2016-01-22,4019.239990234375,4019.239990234375,4019.239990234375,4019.239990234375,4019.239990234375,0
2016-01-25,4064.699951171875,4064.699951171875,4064.699951171875,4064.699951171875,4064.699951171875,0
2016-01-27,4080.5,4080.5,4080.5,4080.5,4080.5,0
2016-01-28,4081.77001953125,4081.77001953125,4081.77001953125,4081.77001953125,4081.77001953125,0
2016-01-29,4133.1298828125,4133.1298828125,4133.1298828125,4133.1298828125,4133.1298828125,0
2016-02-01,4151.6298828125,4151.6298828125,4151.6298828125,4151.6298828125,4151.6298828125,0
2016-02-02,4088.39990234375,4088.39990234375,4088.39990234375,4088.39990234375,4088.39990234375,0
2016-02-03,3985.389892578125,3985.389892578125,3985.389892578125,3985.389892578125,3985.389892578125,0
2016-02-04,3947.8798828125,3947.8798828125,3947.8798828125,3947.8798828125,3947.8798828125,0
2016-02-05,4003.030029296875,4003.030029296875,4003.030029296875,4003.030029296875,4003.030029296875,0
2016-02-08,4000.97998046875,4000.97998046875,4000.97998046875,4000.97998046875,4000.97998046875,0
2016-02-09,3949.919921875,3949.919921875,3949.919921875,3949.919921875,3949.919921875,0
2016-02-10,3880.47998046875,3880.47998046875,3880.47998046875,3880.47998046875,3880.47998046875,0
2016-02-11,3684.22998046875,3684.22998046875,3684.22998046875,3684.22998046875,3684.22998046875,0
2016-02-12,3630.72998046875,3630.72998046875,3630.72998046875,3630.72998046875,3630.72998046875,0
2016-02-15,3762.3701171875,3762.3701171875,3762.3701171875,3762.3701171875,3762.3701171875,0
2016-02-16,3680.43994140625,3680.43994140625,3680.43994140625,3680.43994140625,3680.43994140625,0
2016-02-17,3678.320068359375,3678.320068359375,3678.320068359375,3678.320068359375,3678.320068359375,0
2016-02-18,3693.760009765625,3693.760009765625,3693.760009765625,3693.760009765625,3693.760009765625,0
2016-02-19,3697.10009765625,3697.10009765625,3697.10009765625,3697.10009765625,3697.10009765625,0
2016-02-22,3714.85009765625,3714.85009765625,3714.85009765625,3714.85009765625,3714.85009765625,0
2016-02-23,3665.159912109375,3665.159912109375,3665.159912109375,3665.159912109375,3665.159912109375,0
2016-02-24,3624.530029296875,3624.530029296875,3624.530029296875,3624.530029296875,3624.530029296875,0
2016-02-25,3599.179931640625,3599.179931640625,3599.179931640625,3599.179931640625,3599.179931640625,0
2016-02-26,3581.080078125,3581.080078125,3581.080078125,3581.080078125,3581.080078125,0
2016-02-29,3578.860107421875,3578.860107421875,3578.860107421875,3578.860107421875,3578.860107421875,0
2016-03-01,3711.97998046875,3711.97998046875,3711.97998046875,3711.97998046875,3711.97998046875,0
2016-03-02,3794.31005859375,3794.31005859375,3794.31005859375,3794.31005859375,3794.31005859375,0
2016-03-03,3850.530029296875,3850.530029296875,3850.530029296875,3850.530029296875,3850.530029296875,0
2016-03-04,3876.5400390625,3876.5400390625,3876.5400390625,3876.5400390625,3876.5400390625,0
2016-03-08,3896.080078125,3896.080078125,3896.080078125,3896.080078125,3896.080078125,0
2016-03-09,3913.22998046875,3913.22998046875,3913.22998046875,3913.22998046875,3913.22998046875,0
2016-03-10,3908.639892578125,3908.639892578125,3908.639892578125,3908.639892578125,3908.639892578125,0
2016-03-11,3905.1201171875,3905.1201171875,3905.1201171875,3905.1201171875,3905.1201171875,0
2016-03-14,3925.389892578125,3925.389892578125,3925.389892578125,3925.389892578125,3925.389892578125,0
2016-03-15,3903.239990234375,3903.239990234375,3903.239990234375,3903.239990234375,3903.239990234375,0
2016-03-16,3897.860107421875,3897.860107421875,3897.860107421875,3897.860107421875,3897.860107421875,0
2016-03-17,3908.47998046875,3908.47998046875,3908.47998046875,3908.47998046875,3908.47998046875,0
2016-03-18,3923.860107421875,3923.860107421875,3923.860107421875,3923.860107421875,3923.860107421875,0
2016-03-21,3970.760009765625,3970.760009765625,3970.760009765625,3970.760009765625,3970.760009765625,0
2016-03-22,3984.0400390625,3984.0400390625,3984.0400390625,3984.0400390625,3984.0400390625,0
2016-03-23,3990.340087890625,3990.340087890625,3990.340087890625,3990.340087890625,3990.340087890625,0
2016-03-28,3927.06005859375,3927.06005859375,3927.06005859375,3927.06005859375,3927.06005859375,0
2016-03-29,3921.969970703125,3921.969970703125,3921.969970703125,3921.969970703125,3921.969970703125,0
2016-03-30,3999.330078125,3999.330078125,3999.330078125,3999.330078125,3999.330078125,0
2016-03-31,4012.239990234375,4012.239990234375,4012.239990234375,4012.239990234375,4012.239990234375,0
2016-04-01,4051.10009765625,4051.10009765625,4051.10009765625,4051.10009765625,4051.10009765625,0
2016-04-04,4084.949951171875,4084.949951171875,4084.949951171875,4084.949951171875,4084.949951171875,0
2016-04-05,4013.419921875,4013.419921875,4013.419921875,4013.419921875,4013.419921875,0
2016-04-06,4062.0400390625,4062.0400390625,4062.0400390625,4062.0400390625,4062.0400390625,0
2016-04-07,4048.699951171875,4048.699951171875,4048.699951171875,4048.699951171875,4048.699951171875,0
2016-04-08,4081.050048828125,4081.050048828125,4081.050048828125,4081.050048828125,4081.050048828125,0
2016-04-11,4111.39990234375,4111.39990234375,4111.39990234375,4111.39990234375,4111.39990234375,0
2016-04-12,4154.759765625,4154.759765625,4154.759765625,4154.759765625,4154.759765625,0
2016-04-13,4199.75,4199.75,4199.75,4199.75,4199.75,0
2016-04-18,4251.85986328125,4251.85986328125,4251.85986328125,4251.85986328125,4251.85986328125,0
2016-04-20,4278.33984375,4278.33984375,4278.33984375,4278.33984375,4278.33984375,0
2016-04-21,4259.169921875,4259.169921875,4259.169921875,4259.169921875,4259.169921875,0
2016-04-22,4258.22021484375,4258.22021484375,4258.22021484375,4258.22021484375,4258.22021484375,0
2016-04-25,4238.60986328125,4238.60986328125,4238.60986328125,4238.60986328125,4238.60986328125,0
2016-04-26,4258.56982421875,4258.56982421875,4258.56982421875,4258.56982421875,4258.56982421875,0
2016-04-27,4271.669921875,4271.669921875,4271.669921875,4271.669921875,4271.669921875,0
2016-04-28,4225.33984375,4225.33984375,4225.33984375,4225.33984375,4225.33984375,0
2016-04-29,4225.0400390625,4225.0400390625,4225.0400390625,4225.0400390625,4225.0400390625,0
2016-05-02,4232.25,4232.25,4232.25,4232.25,4232.25,0
2016-05-03,4230.18994140625,4230.18994140625,4230.18994140625,4230.18994140625,4230.18994140625,0
2016-05-04,4174.0498046875,4174.0498046875,4174.0498046875,4174.0498046875,4174.0498046875,0
2016-05-05,4178.22998046875,4178.22998046875,4178.22998046875,4178.22998046875,4178.22998046875,0
2016-05-06,4181.81982421875,4181.81982421875,4181.81982421875,4181.81982421875,4181.81982421875,0
2016-05-09,4233.89990234375,4233.89990234375,4233.89990234375,4233.89990234375,4233.89990234375,0
2016-05-10,4239.72998046875,4239.72998046875,4239.72998046875,4239.72998046875,4239.72998046875,0
2016-05-11,4235.7001953125,4235.7001953125,4235.7001953125,4235.7001953125,4235.7001953125,0
2016-05-12,4276.43994140625,4276.43994140625,4276.43994140625,4276.43994140625,4276.43994140625,0
2016-05-13,4267.31005859375,4267.31005859375,4267.31005859375,4267.31005859375,4267.31005859375,0
2016-05-16,4262.10986328125,4262.10986328125,4262.10986328125,4262.10986328125,4262.10986328125,0
2016-05-17,4276.52001953125,4276.52001953125,4276.52001953125,4276.52001953125,4276.52001953125,0
2016-05-18,4295.9599609375,4295.9599609375,4295.9599609375,4295.9599609375,4295.9599609375,0
2016-05-19,4251.97021484375,4251.97021484375,4251.97021484375,4251.97021484375,4251.97021484375,0
2016-05-20,4202.9501953125,4202.9501953125,4202.9501953125,4202.9501953125,4202.9501953125,0
2016-05-23,4178.33984375,4178.33984375,4178.33984375,4178.33984375,4178.33984375,0
2016-05-24,4146.89013671875,4146.89013671875,4146.89013671875,4146.89013671875,4146.89013671875,0
2016-05-25,4182.0,4182.0,4182.0,4182.0,4182.0,0
2016-05-26,4214.43994140625,4214.43994140625,4214.43994140625,4214.43994140625,4214.43994140625,0
2016-05-27,4239.58984375,4239.58984375,4239.58984375,4239.58984375,4239.58984375,0
2016-05-30,4259.64990234375,4259.64990234375,4259.64990234375,4259.64990234375,4259.64990234375,0
2016-05-31,4250.72021484375,4250.72021484375,4250.72021484375,4250.72021484375,4250.72021484375,0
2016-06-01,4269.14990234375,4269.14990234375,4269.14990234375,4269.14990234375,4269.14990234375,0
2016-06-02,4278.43017578125,4278.43017578125,4278.43017578125,4278.43017578125,4278.43017578125,0
2016-06-03,4264.93017578125,4264.93017578125,4264.93017578125,4264.93017578125,4264.93017578125,0
2016-06-06,4277.080078125,4277.080078125,4277.080078125,4277.080078125,4277.080078125,0
2016-06-07,4314.27978515625,4314.27978515625,4314.27978515625,4314.27978515625,4314.27978515625,0
2016-06-08,4360.1201171875,4360.1201171875,4360.1201171875,4360.1201171875,4360.1201171875,0
2016-06-09,4364.3798828125,4364.3798828125,4364.3798828125,4364.3798828125,4364.3798828125,0
2016-06-10,4366.64990234375,4366.64990234375,4366.64990234375,4366.64990234375,4366.64990234375,0
2016-06-13,4358.14013671875,4358.14013671875,4358.14013671875,4358.14013671875,4358.14013671875,0
2016-06-14,4384.43017578125,4384.43017578125,4384.43017578125,4384.43017578125,4384.43017578125,0
2016-06-15,4425.68017578125,4425.68017578125,4425.68017578125,4425.68017578125,4425.68017578125,0
2016-06-16,4409.22998046875,4409.22998046875,4409.22998046875,4409.22998046875,4409.22998046875,0
2016-06-17,4440.9599609375,4440.9599609375,4440.9599609375,4440.9599609375,4440.9599609375,0
2016-06-20,4449.27978515625,4449.27978515625,4449.27978515625,4449.27978515625,4449.27978515625,0
2016-06-21,4464.02001953125,4464.02001953125,4464.02001953125,4464.02001953125,4464.02001953125,0
2016-06-22,4437.6201171875,4437.6201171875,4437.6201171875,4437.6201171875,4437.6201171875,0
2016-06-23,4429.3798828125,4429.3798828125,4429.3798828125,4429.3798828125,4429.3798828125,0
2016-06-24,4348.60009765625,4348.60009765625,4348.60009765625,4348.60009765625,4348.60009765625,0
2016-06-27,4438.56982421875,4438.56982421875,4438.56982421875,4438.56982421875,4438.56982421875,0
2016-06-28,4464.43017578125,4464.43017578125,4464.43017578125,4464.43017578125,4464.43017578125,0
2016-06-29,4538.27001953125,4538.27001953125,4538.27001953125,4538.27001953125,4538.27001953125,0
2016-06-30,4586.68994140625,4586.68994140625,4586.68994140625,4586.68994140625,4586.68994140625,0
2016-07-01,4621.64990234375,4621.64990234375,4621.64990234375,4621.64990234375,4621.64990234375,0
2016-07-04,4675.08984375,4675.08984375,4675.08984375,4675.08984375,4675.08984375,0
2016-07-05,4684.89990234375,4684.89990234375,4684.89990234375,4684.89990234375,4684.89990234375,0
2016-07-07,4690.39990234375,4690.39990234375,4690.39990234375,4690.39990234375,4690.39990234375,0
2016-07-08,4667.47998046875,4667.47998046875,4667.47998046875,4667.47998046875,4667.47998046875,0
2016-07-11,4706.52001953125,4706.52001953125,4706.52001953125,4706.52001953125,4706.52001953125,0
2016-07-12,4713.81982421875,4713.81982421875,4713.81982421875,4713.81982421875,4713.81982421875,0
2016-07-13,4669.759765625,4669.759765625,4669.759765625,4669.759765625,4669.759765625,0
2016-07-14,4708.419921875,4708.419921875,4708.419921875,4708.419921875,4708.419921875,0
2016-07-15,4673.60009765625,4673.60009765625,4673.60009765625,4673.60009765625,4673.60009765625,0
2016-07-18,4653.72998046875,4653.72998046875,4653.72998046875,4653.72998046875,4653.72998046875,0
2016-07-19,4653.35986328125,4653.35986328125,4653.35986328125,4653.35986328125,4653.35986328125,0
2016-07-20,4697.39990234375,4697.39990234375,4697.39990234375,4697.39990234375,4697.39990234375,0
2016-07-21,4693.580078125,4693.580078125,4693.580078125,4693.580078125,4693.580078125,0
2016-07-22,4712.27978515625,4712.27978515625,4712.27978515625,4712.27978515625,4712.27978515625,0
2016-07-25,4755.1298828125,4755.1298828125,4755.1298828125,4755.1298828125,4755.1298828125,0
2016-07-26,4729.2998046875,4729.2998046875,4729.2998046875,4729.2998046875,4729.2998046875,0
2016-07-27,4749.740234375,4749.740234375,4749.740234375,4749.740234375,4749.740234375,0
2016-07-28,4780.3701171875,4780.3701171875,4780.3701171875,4780.3701171875,4780.3701171875,0
2016-07-29,4778.330078125,4778.330078125,4778.330078125,4778.330078125,4778.330078125,0
2016-08-01,4772.080078125,4772.080078125,4772.080078125,4772.080078125,4772.080078125,0
2016-08-02,4727.740234375,4727.740234375,4727.740234375,4727.740234375,4727.740234375,0
2016-08-03,4676.56982421875,4676.56982421875,4676.56982421875,4676.56982421875,4676.56982421875,0
2016-08-04,4687.60986328125,4687.60986328125,4687.60986328125,4687.60986328125,4687.60986328125,0
2016-08-05,4758.39013671875,4758.39013671875,4758.39013671875,4758.39013671875,4758.39013671875,0
2016-08-08,4791.0400390625,4791.0400390625,4791.0400390625,4791.0400390625,4791.0400390625,0
2016-08-09,4773.5,4773.5,4773.5,4773.5,4773.5,0
2016-08-10,4712.85009765625,4712.85009765625,4712.85009765625,4712.85009765625,4712.85009765625,0
2016-08-11,4705.83984375,4705.83984375,4705.83984375,4705.83984375,4705.83984375,0
2016-08-12,4703.93017578125,4703.93017578125,4703.93017578125,4703.93017578125,4703.93017578125,0
2016-08-16,4704.16015625,4704.16015625,4704.16015625,4704.16015625,4704.16015625,0
2016-08-17,4745.77978515625,4745.77978515625,4745.77978515625,4745.77978515625,4745.77978515625,0
2016-08-18,4805.97021484375,4805.97021484375,4805.97021484375,4805.97021484375,4805.97021484375,0
2016-08-19,4832.56005859375,4832.56005859375,4832.56005859375,4832.56005859375,4832.56005859375,0
2016-08-22,4829.16015625,4829.16015625,4829.16015625,4829.16015625,4829.16015625,0
2016-08-23,4834.4501953125,4834.4501953125,4834.4501953125,4834.4501953125,4834.4501953125,0
2016-08-24,4867.2998046875,4867.2998046875,4867.2998046875,4867.2998046875,4867.2998046875,0
2016-08-25,4850.740234375,4850.740234375,4850.740234375,4850.740234375,4850.740234375,0
2016-08-26,4837.7900390625,4837.7900390625,4837.7900390625,4837.7900390625,4837.7900390625,0
2016-08-29,4847.39990234375,4847.39990234375,4847.39990234375,4847.39990234375,4847.39990234375,0
2016-08-30,4888.60986328125,4888.60986328125,4888.60986328125,4888.60986328125,4888.60986328125,0
2016-08-31,4898.93017578125,4898.93017578125,4898.93017578125,4898.93017578125,4898.93017578125,0
2016-09-01,4864.06005859375,4864.06005859375,4864.06005859375,4864.06005859375,4864.06005859375,0
2016-09-02,4885.9599609375,4885.9599609375,4885.9599609375,4885.9599609375,4885.9599609375,0
2016-09-06,4935.16015625,4935.16015625,4935.16015625,4935.16015625,4935.16015625,0
2016-09-07,4965.18994140625,4965.18994140625,4965.18994140625,4965.18994140625,4965.18994140625,0
2016-09-08,5018.66015625,5018.66015625,5018.66015625,5018.66015625,5018.66015625,0
2016-09-09,4992.58984375,4992.58984375,4992.58984375,4992.58984375,4992.58984375,0
2016-09-12,4852.4599609375,4852.4599609375,4852.4599609375,4852.4599609375,4852.4599609375,0
2016-09-14,4925.39013671875,4925.39013671875,4925.39013671875,4925.39013671875,4925.39013671875,0
2016-09-15,4942.5,4942.5,4942.5,4942.5,4942.5,0
2016-09-16,4950.14013671875,4950.14013671875,4950.14013671875,4950.14013671875,4950.14013671875,0
2016-09-19,4978.60009765625,4978.60009765625,4978.60009765625,4978.60009765625,4978.60009765625,0
2016-09-20,4974.490234375,4974.490234375,4974.490234375,4974.490234375,4974.490234375,0
2016-09-21,4981.83984375,4981.83984375,4981.83984375,4981.83984375,4981.83984375,0
2016-09-22,5036.68994140625,5036.68994140625,5036.68994140625,5036.68994140625,5036.68994140625,0
2016-09-23,5026.14013671875,5026.14013671875,5026.14013671875,5026.14013671875,5026.14013671875,0
2016-09-26,4996.330078125,4996.330078125,4996.330078125,4996.330078125,4996.330078125,0
2016-09-27,4991.18994140625,4991.18994140625,4991.18994140625,4991.18994140625,4991.18994140625,0
2016-09-28,5048.8701171875,5048.8701171875,5048.8701171875,5048.8701171875,5048.8701171875,0
2016-09-29,4818.08984375,4818.08984375,4818.08984375,4818.08984375,4818.08984375,0
2016-09-30,4923.759765625,4923.759765625,4923.759765625,4923.759765625,4923.759765625,0
2016-10-03,5067.18994140625,5067.18994140625,5067.18994140625,5067.18994140625,5067.18994140625,0
2016-10-04,5098.93994140625,5098.93994140625,5098.93994140625,5098.93994140625,5098.93994140625,0
2016-10-05,5137.93994140625,5137.93994140625,5137.93994140625,5137.93994140625,5137.93994140625,0
2016-10-06,5105.419921875,5105.419921875,5105.419921875,5105.419921875,5105.419921875,0
2016-10-07,5111.89990234375,5111.89990234375,5111.89990234375,5111.89990234375,5111.89990234375,0
2016-10-10,5117.85009765625,5117.85009765625,5117.85009765625,5117.85009765625,5117.85009765625,0
2016-10-13,5029.990234375,5029.990234375,5029.990234375,5029.990234375,5029.990234375,0
2016-10-14,5067.60986328125,5067.60986328125,5067.60986328125,5067.60986328125,5067.60986328125,0
2016-10-17,5042.5400390625,5042.5400390625,5042.5400390625,5042.5400390625,5042.5400390625,0
2016-10-18,5104.68017578125,5104.68017578125,5104.68017578125,5104.68017578125,5104.68017578125,0
2016-10-19,5128.1298828125,5128.1298828125,5128.1298828125,5128.1298828125,5128.1298828125,0
2016-10-20,5164.7900390625,5164.7900390625,5164.7900390625,5164.7900390625,5164.7900390625,0
2016-10-21,5178.4599609375,5178.4599609375,5178.4599609375,5178.4599609375,5178.4599609375,0
2016-10-24,5206.43994140625,5206.43994140625,5206.43994140625,5206.43994140625,5206.43994140625,0
2016-10-25,5203.169921875,5203.169921875,5203.169921875,5203.169921875,5203.169921875,0
2016-10-26,5166.43994140625,5166.43994140625,5166.43994140625,5166.43994140625,5166.43994140625,0
2016-10-27,5126.2900390625,5126.2900390625,5126.2900390625,5126.2900390625,5126.2900390625,0
2016-10-28,5160.3798828125,5160.3798828125,5160.3798828125,5160.3798828125,5160.3798828125,0
2016-11-01,5197.4501953125,5197.4501953125,5197.4501953125,5197.4501953125,5197.4501953125,0
2016-11-02,5100.0400390625,5100.0400390625,5100.0400390625,5100.0400390625,5100.0400390625,0
2016-11-03,5044.02001953125,5044.02001953125,5044.02001953125,5044.02001953125,5044.02001953125,0
2016-11-04,4931.02978515625,4931.02978515625,4931.02978515625,4931.02978515625,4931.02978515625,0
2016-11-07,4998.1201171875,4998.1201171875,4998.1201171875,4998.1201171875,4998.1201171875,0
2016-11-08,5002.52001953125,5002.52001953125,5002.52001953125,5002.52001953125,5002.52001953125,0
2016-11-09,4867.43017578125,4867.43017578125,4867.43017578125,4867.43017578125,4867.43017578125,0
2016-11-10,4953.7099609375,4953.7099609375,4953.7099609375,4953.7099609375,4953.7099609375,0
2016-11-11,4778.8701171875,4778.8701171875,4778.8701171875,4778.8701171875,4778.8701171875,0
2016-11-15,4540.6201171875,4540.6201171875,4540.6201171875,4540.6201171875,4540.6201171875,0
2016-11-16,4553.33984375,4553.33984375,4553.33984375,4553.33984375,4553.33984375,0
2016-11-17,4524.97998046875,4524.97998046875,4524.97998046875,4524.97998046875,4524.97998046875,0
2016-11-18,4547.2001953125,4547.2001953125,4547.2001953125,4547.2001953125,4547.2001953125,0
2016-11-21,4383.5,4383.5,4383.5,4383.5,4383.5,0
2016-11-22,4422.3798828125,4422.3798828125,4422.3798828125,4422.3798828125,4422.3798828125,0
2016-11-23,4502.39990234375,4502.39990234375,4502.39990234375,4502.39990234375,4502.39990234375,0
2016-11-24,4503.009765625,4503.009765625,4503.009765625,4503.009765625,4503.009765625,0
2016-11-25,4587.85009765625,4587.85009765625,4587.85009765625,4587.85009765625,4587.85009765625,0
2016-11-28,4620.77001953125,4620.77001953125,4620.77001953125,4620.77001953125,4620.77001953125,0
2016-11-29,4652.509765625,4652.509765625,4652.509765625,4652.509765625,4652.509765625,0
2016-11-30,4714.259765625,4714.259765625,4714.259765625,4714.259765625,4714.259765625,0
2016-12-01,4681.3798828125,4681.3798828125,4681.3798828125,4681.3798828125,4681.3798828125,0
2016-12-02,4621.10009765625,4621.10009765625,4621.10009765625,4621.10009765625,4621.10009765625,0
2016-12-05,4622.97021484375,4622.97021484375,4622.97021484375,4622.97021484375,4622.97021484375,0
2016-12-06,4649.5498046875,4649.5498046875,4649.5498046875,4649.5498046875,4649.5498046875,0
2016-12-07,4622.740234375,4622.740234375,4622.740234375,4622.740234375,4622.740234375,0
2016-12-08,4679.240234375,4679.240234375,4679.240234375,4679.240234375,4679.240234375,0
2016-12-09,4705.56982421875,4705.56982421875,4705.56982421875,4705.56982421875,4705.56982421875,0
2016-12-12,4666.16015625,4666.16015625,4666.16015625,4666.16015625,4666.16015625,0
2016-12-13,4673.33984375,4673.33984375,4673.33984375,4673.33984375,4673.33984375,0
2016-12-14,4634.75,4634.75,4634.75,4634.75,4634.75,0
2016-12-15,4648.16015625,4648.16015625,4648.16015625,4648.16015625,4648.16015625,0
2016-12-16,4636.22998046875,4636.22998046875,4636.22998046875,4636.22998046875,4636.22998046875,0
2016-12-19,4608.8701171875,4608.8701171875,4608.8701171875,4608.8701171875,4608.8701171875,0
2016-12-20,4566.66015625,4566.66015625,4566.66015625,4566.66015625,4566.66015625,0
2016-12-21,4574.58984375,4574.58984375,4574.58984375,4574.58984375,4574.58984375,0
2016-12-22,4512.5400390625,4512.5400390625,4512.5400390625,4512.5400390625,4512.5400390625,0
2016-12-23,4506.35986328125,4506.35986328125,4506.35986328125,4506.35986328125,4506.35986328125,0
2016-12-26,4408.8798828125,4408.8798828125,4408.8798828125,4408.8798828125,4408.8798828125,0
2016-12-27,4471.759765625,4471.759765625,4471.759765625,4471.759765625,4471.759765625,0
2016-12-28,4503.10009765625,4503.10009765625,4503.10009765625,4503.10009765625,4503.10009765625,0
2016-12-29,4550.08984375,4550.08984375,4550.08984375,4550.08984375,4550.08984375,0
2016-12-30,4599.77001953125,4599.77001953125,4599.77001953125,4599.77001953125,4599.77001953125,0
2017-01-02,4669.830078125,4669.830078125,4669.830078125,4669.830078125,4669.830078125,0
2017-01-03,4725.85986328125,4725.85986328125,4725.85986328125,4725.85986328125,4725.85986328125,0
2017-01-04,4748.419921875,4748.419921875,4748.419921875,4748.419921875,4748.419921875,0
2017-01-05,4793.3798828125,4793.3798828125,4793.3798828125,4793.3798828125,4793.3798828125,0
2017-01-06,4773.259765625,4773.259765625,4773.259765625,4773.259765625,4773.259765625,0
2017-01-09,4801.3798828125,4801.3798828125,4801.3798828125,4801.3798828125,4801.3798828125,0
2017-01-10,4841.7900390625,4841.7900390625,4841.7900390625,4841.7900390625,4841.7900390625,0
2017-01-11,4889.52978515625,4889.52978515625,4889.52978515625,4889.52978515625,4889.52978515625,0
2017-01-12,4874.93994140625,4874.93994140625,4874.93994140625,4874.93994140625,4874.93994140625,0
2017-01-13,4880.509765625,4880.509765625,4880.509765625,4880.509765625,4880.509765625,0
2017-01-16,4915.1298828125,4915.1298828125,4915.1298828125,4915.1298828125,4915.1298828125,0
2017-01-17,4926.56005859375,4926.56005859375,4926.56005859375,4926.56005859375,4926.56005859375,0
2017-01-18,4953.85009765625,4953.85009765625,4953.85009765625,4953.85009765625,4953.85009765625,0
2017-01-19,4961.6298828125,4961.6298828125,4961.6298828125,4961.6298828125,4961.6298828125,0
2017-01-20,4887.93994140625,4887.93994140625,4887.93994140625,4887.93994140625,4887.93994140625,0
2017-01-23,4917.97021484375,4917.97021484375,4917.97021484375,4917.97021484375,4917.97021484375,0
2017-01-24,4945.080078125,4945.080078125,4945.080078125,4945.080078125,4945.080078125,0
2017-01-25,4996.64990234375,4996.64990234375,4996.64990234375,4996.64990234375,4996.64990234375,0
2017-01-27,5031.5498046875,5031.5498046875,5031.5498046875,5031.5498046875,5031.5498046875,0
2017-01-30,5024.27001953125,5024.27001953125,5024.27001953125,5024.27001953125,5024.27001953125,0
2017-01-31,4968.6201171875,4968.6201171875,4968.6201171875,4968.6201171875,4968.6201171875,0
2017-02-01,5062.77978515625,5062.77978515625,5062.77978515625,5062.77978515625,5062.77978515625,0
2017-02-02,5117.4599609375,5117.4599609375,5117.4599609375,5117.4599609375,5117.4599609375,0
2017-02-03,5187.25,5187.25,5187.25,5187.25,5187.25,0
2017-02-06,5240.93017578125,5240.93017578125,5240.93017578125,5240.93017578125,5240.93017578125,0
2017-02-07,5235.8798828125,5235.8798828125,5235.8798828125,5235.8798828125,5235.8798828125,0
2017-02-08,5259.7099609375,5259.7099609375,5259.7099609375,5259.7099609375,5259.7099609375,0
2017-02-09,5269.2900390625,5269.2900390625,5269.2900390625,5269.2900390625,5269.2900390625,0
2017-02-10,5268.89990234375,5268.89990234375,5268.89990234375,5268.89990234375,5268.89990234375,0
2017-02-13,5222.240234375,5222.240234375,5222.240234375,5222.240234375,5222.240234375,0
2017-02-14,5183.1201171875,5183.1201171875,5183.1201171875,5183.1201171875,5183.1201171875,0
2017-02-15,5093.740234375,5093.740234375,5093.740234375,5093.740234375,5093.740234375,0
2017-02-16,5153.66015625,5153.66015625,5153.66015625,5153.66015625,5153.66015625,0
2017-02-17,5188.1298828125,5188.1298828125,5188.1298828125,5188.1298828125,5188.1298828125,0
2017-02-20,5239.18017578125,5239.18017578125,5239.18017578125,5239.18017578125,5239.18017578125,0
2017-02-21,5266.68994140625,5266.68994140625,5266.68994140625,5266.68994140625,5266.68994140625,0
2017-02-22,5237.60986328125,5237.60986328125,5237.60986328125,5237.60986328125,5237.60986328125,0
2017-02-23,5241.43994140625,5241.43994140625,5241.43994140625,5241.43994140625,5241.43994140625,0
2017-02-27,5249.14990234375,5249.14990234375,5249.14990234375,5249.14990234375,5249.14990234375,0
2017-02-28,5291.75,5291.75,5291.75,5291.75,5291.75,0
2017-03-01,5326.740234375,5326.740234375,5326.740234375,5326.740234375,5326.740234375,0
2017-03-02,5261.81005859375,5261.81005859375,5261.81005859375,5261.81005859375,5261.81005859375,0
2017-03-03,5280.1298828125,5280.1298828125,5280.1298828125,5280.1298828125,5280.1298828125,0
2017-03-06,5305.080078125,5305.080078125,5305.080078125,5305.080078125,5305.080078125,0
2017-03-07,5309.9501953125,5309.9501953125,5309.9501953125,5309.9501953125,5309.9501953125,0
2017-03-08,5283.64013671875,5283.64013671875,5283.64013671875,5283.64013671875,5283.64013671875,0
2017-03-09,5281.02001953125,5281.02001953125,5281.02001953125,5281.02001953125,5281.02001953125,0
2017-03-10,5273.580078125,5273.580078125,5273.580078125,5273.580078125,5273.580078125,0
2017-03-14,5339.3798828125,5339.3798828125,5339.3798828125,5339.3798828125,5339.3798828125,0
2017-03-15,5387.2001953125,5387.2001953125,5387.2001953125,5387.2001953125,5387.2001953125,0
2017-03-16,5442.16015625,5442.16015625,5442.16015625,5442.16015625,5442.16015625,0
2017-03-17,5430.759765625,5430.759765625,5430.759765625,5430.759765625,5430.759765625,0
2017-03-20,5438.85009765625,5438.85009765625,5438.85009765625,5438.85009765625,5438.85009765625,0
2017-03-21,5433.64013671875,5433.64013671875,5433.64013671875,5433.64013671875,5433.64013671875,0
2017-03-22,5383.919921875,5383.919921875,5383.919921875,5383.919921875,5383.919921875,0
2017-03-23,5432.830078125,5432.830078125,5432.830078125,5432.830078125,5432.830078125,0
2017-03-24,5461.7001953125,5461.7001953125,5461.7001953125,5461.7001953125,5461.7001953125,0
2017-03-27,5455.990234375,5455.990234375,5455.990234375,5455.990234375,5455.990234375,0
2017-03-28,5477.580078125,5477.580078125,5477.580078125,5477.580078125,5477.580078125,0
2017-03-29,5506.72021484375,5506.72021484375,5506.72021484375,5506.72021484375,5506.72021484375,0
2017-03-30,5545.240234375,5545.240234375,5545.240234375,5545.240234375,5545.240234375,0
2017-03-31,5596.81005859375,5596.81005859375,5596.81005859375,5596.81005859375,5596.81005859375,0
2017-04-03,5671.10009765625,5671.10009765625,5671.10009765625,5671.10009765625,5671.10009765625,0
2017-04-05,5741.330078125,5741.330078125,5741.330078125,5741.330078125,5741.330078125,0
2017-04-06,5721.31005859375,5721.31005859375,5721.31005859375,5721.31005859375,5721.31005859375,0
2017-04-07,5675.64990234375,5675.64990234375,5675.64990234375,5675.64990234375,5675.64990234375,0
2017-04-10,5715.990234375,5715.990234375,5715.990234375,5715.990234375,5715.990234375,0
2017-04-11,5785.81005859375,5785.81005859375,5785.81005859375,5785.81005859375,5785.81005859375,0
2017-04-12,5758.2900390625,5758.2900390625,5758.2900390625,5758.2900390625,5758.2900390625,0
2017-04-13,5770.22998046875,5770.22998046875,5770.22998046875,5770.22998046875,5770.22998046875,0
2017-04-17,5802.9599609375,5802.9599609375,5802.9599609375,5802.9599609375,5802.9599609375,0
2017-04-18,5748.06982421875,5748.06982421875,5748.06982421875,5748.06982421875,5748.06982421875,0
2017-04-19,5802.669921875,5802.669921875,5802.669921875,5802.669921875,5802.669921875,0
2017-04-20,5890.39990234375,5890.39990234375,5890.39990234375,5890.39990234375,5890.39990234375,0
2017-04-21,5926.06005859375,5926.06005859375,5926.06005859375,5926.06005859375,5926.06005859375,0
2017-04-24,5979.509765625,5979.509765625,5979.509765625,5979.509765625,5979.509765625,0
2017-04-25,6015.56005859375,6015.56005859375,6015.56005859375,6015.56005859375,6015.56005859375,0
2017-04-26,5954.0498046875,5954.0498046875,5954.0498046875,5954.0498046875,5954.0498046875,0
2017-04-27,5957.93017578125,5957.93017578125,5957.93017578125,5957.93017578125,5957.93017578125,0
2017-04-28,5996.60009765625,5996.60009765625,5996.60009765625,5996.60009765625,5996.60009765625,0
2017-05-02,6015.10986328125,6015.10986328125,6015.10986328125,6015.10986328125,6015.10986328125,0
2017-05-03,6029.18994140625,6029.18994140625,6029.18994140625,6029.18994140625,6029.18994140625,0
2017-05-04,6049.18994140625,6049.18994140625,6049.18994140625,6049.18994140625,6049.18994140625,0
2017-05-05,5981.7099609375,5981.7099609375,5981.7099609375,5981.7099609375,5981.7099609375,0
2017-05-08,6035.2001953125,6035.2001953125,6035.2001953125,6035.2001953125,6035.2001953125,0
2017-05-09,6071.2900390625,6071.2900390625,6071.2900390625,6071.2900390625,6071.2900390625,0
2017-05-10,6120.7900390625,6120.7900390625,6120.7900390625,6120.7900390625,6120.7900390625,0
2017-05-11,6113.33984375,6113.33984375,6113.33984375,6113.33984375,6113.33984375,0
2017-05-12,6070.66015625,6070.66015625,6070.66015625,6070.66015625,6070.66015625,0
2017-05-15,6119.52978515625,6119.52978515625,6119.52978515625,6119.52978515625,6119.52978515625,0
2017-05-16,6167.35009765625,6167.35009765625,6167.35009765625,6167.35009765625,6167.35009765625,0
2017-05-17,6157.740234375,6157.740234375,6157.740234375,6157.740234375,6157.740234375,0
2017-05-18,6031.10986328125,6031.10986328125,6031.10986328125,6031.10986328125,6031.10986328125,0
2017-05-19,5980.7998046875,5980.7998046875,5980.7998046875,5980.7998046875,5980.7998046875,0
2017-05-22,5901.66015625,5901.66015625,5901.66015625,5901.66015625,5901.66015625,0
2017-05-23,5775.06982421875,5775.06982421875,5775.06982421875,5775.06982421875,5775.06982421875,0
2017-05-24,5671.68017578125,5671.68017578125,5671.68017578125,5671.68017578125,5671.68017578125,0
2017-05-25,5804.06982421875,5804.06982421875,5804.06982421875,5804.06982421875,5804.06982421875,0
2017-05-26,5912.06982421875,5912.06982421875,5912.06982421875,5912.06982421875,5912.06982421875,0
2017-05-29,5811.580078125,5811.580078125,5811.580078125,5811.580078125,5811.580078125,0
2017-05-30,5836.0,5836.0,5836.0,5836.0,5836.0,0
2017-05-31,5903.2001953125,5903.2001953125,5903.2001953125,5903.2001953125,5903.2001953125,0
2017-06-01,5956.7900390625,5956.7900390625,5956.7900390625,5956.7900390625,5956.7900390625,0
2017-06-02,5994.81005859375,5994.81005859375,5994.81005859375,5994.81005859375,5994.81005859375,0
2017-06-05,6023.5400390625,6023.5400390625,6023.5400390625,6023.5400390625,6023.5400390625,0
2017-06-06,5975.60986328125,5975.60986328125,5975.60986328125,5975.60986328125,5975.60986328125,0
2017-06-07,6008.08984375,6008.08984375,6008.08984375,6008.08984375,6008.08984375,0
2017-06-08,6024.14013671875,6024.14013671875,6024.14013671875,6024.14013671875,6024.14013671875,0
2017-06-09,6056.759765625,6056.759765625,6056.759765625,6056.759765625,6056.759765625,0
2017-06-12,6022.330078125,6022.330078125,6022.330078125,6022.330078125,6022.330078125,0
2017-06-13,6044.4501953125,6044.4501953125,6044.4501953125,6044.4501953125,6044.4501953125,0
2017-06-14,6066.81982421875,6066.81982421875,6066.81982421875,6066.81982421875,6066.81982421875,0
2017-06-15,6092.009765625,6092.009765625,6092.009765625,6092.009765625,6092.009765625,0
2017-06-16,6120.7900390625,6120.7900390625,6120.7900390625,6120.7900390625,6120.7900390625,0
2017-06-19,6118.89013671875,6118.89013671875,6118.89013671875,6118.89013671875,6118.89013671875,0
2017-06-20,6125.1201171875,6125.1201171875,6125.1201171875,6125.1201171875,6125.1201171875,0
2017-06-21,6127.58984375,6127.58984375,6127.58984375,6127.58984375,6127.58984375,0
2017-06-22,6085.89990234375,6085.89990234375,6085.89990234375,6085.89990234375,6085.89990234375,0
2017-06-23,5997.330078125,5997.330078125,5997.330078125,5997.330078125,5997.330078125,0
2017-06-27,5892.2900390625,5892.2900390625,5892.2900390625,5892.2900390625,5892.2900390625,0
2017-06-28,5902.47998046875,5902.47998046875,5902.47998046875,5902.47998046875,5902.47998046875,0
2017-06-29,5961.10986328125,5961.10986328125,5961.10986328125,5961.10986328125,5961.10986328125,0
2017-06-30,5982.5,5982.5,5982.5,5982.5,5982.5,0
2017-07-03,6053.5,6053.5,6053.5,6053.5,6053.5,0
2017-07-04,6048.4599609375,6048.4599609375,6048.4599609375,6048.4599609375,6048.4599609375,0
2017-07-05,6116.7001953125,6116.7001953125,6116.7001953125,6116.7001953125,6116.7001953125,0
2017-07-06,6139.2099609375,6139.2099609375,6139.2099609375,6139.2099609375,6139.2099609375,0
2017-07-07,6157.68994140625,6157.68994140625,6157.68994140625,6157.68994140625,6157.68994140625,0
2017-07-10,6181.7998046875,6181.7998046875,6181.7998046875,6181.7998046875,6181.7998046875,0
2017-07-11,6133.8798828125,6133.8798828125,6133.8798828125,6133.8798828125,6133.8798828125,0
2017-07-12,6185.009765625,6185.009765625,6185.009765625,6185.009765625,6185.009765625,0
2017-07-13,6209.83984375,6209.83984375,6209.83984375,6209.83984375,6209.83984375,0
2017-07-14,6183.77978515625,6183.77978515625,6183.77978515625,6183.77978515625,6183.77978515625,0
2017-07-17,6189.2900390625,6189.2900390625,6189.2900390625,6189.2900390625,6189.2900390625,0
2017-07-18,6144.93017578125,6144.93017578125,6144.93017578125,6144.93017578125,6144.93017578125,0
2017-07-19,6211.47998046875,6211.47998046875,6211.47998046875,6211.47998046875,6211.47998046875,0
2017-07-20,6217.97998046875,6217.97998046875,6217.97998046875,6217.97998046875,6217.97998046875,0
2017-07-21,6234.6201171875,6234.6201171875,6234.6201171875,6234.6201171875,6234.6201171875,0
2017-07-24,6243.990234375,6243.990234375,6243.990234375,6243.990234375,6243.990234375,0
2017-07-25,6246.31982421875,6246.31982421875,6246.31982421875,6246.31982421875,6246.31982421875,0
2017-07-26,6268.14990234375,6268.14990234375,6268.14990234375,6268.14990234375,6268.14990234375,0
2017-07-27,6219.509765625,6219.509765625,6219.509765625,6219.509765625,6219.509765625,0
2017-07-28,6239.18017578125,6239.18017578125,6239.18017578125,6239.18017578125,6239.18017578125,0
2017-07-31,6237.7998046875,6237.7998046875,6237.7998046875,6237.7998046875,6237.7998046875,0
2017-08-01,6231.2900390625,6231.2900390625,6231.2900390625,6231.2900390625,6231.2900390625,0
2017-08-02,6217.759765625,6217.759765625,6217.759765625,6217.759765625,6217.759765625,0
2017-08-03,6150.0,6150.0,6150.0,6150.0,6150.0,0
2017-08-04,6149.5400390625,6149.5400390625,6149.5400390625,6149.5400390625,6149.5400390625,0
2017-08-07,6212.91015625,6212.91015625,6212.91015625,6212.91015625,6212.91015625,0
2017-08-08,6112.0498046875,6112.0498046875,6112.0498046875,6112.0498046875,6112.0498046875,0
2017-08-09,6009.77978515625,6009.77978515625,6009.77978515625,6009.77978515625,6009.77978515625,0
2017-08-10,5779.10986328125,5779.10986328125,5779.10986328125,5779.10986328125,5779.10986328125,0
2017-08-11,5775.77001953125,5775.77001953125,5775.77001953125,5775.77001953125,5775.77001953125,0
2017-08-14,5916.7900390625,5916.7900390625,5916.7900390625,5916.7900390625,5916.7900390625,0
2017-08-16,5995.47998046875,5995.47998046875,5995.47998046875,5995.47998046875,5995.47998046875,0
2017-08-17,6032.68017578125,6032.68017578125,6032.68017578125,6032.68017578125,6032.68017578125,0
2017-08-18,5995.7998046875,5995.7998046875,5995.7998046875,5995.7998046875,5995.7998046875,0
2017-08-21,5920.509765625,5920.509765625,5920.509765625,5920.509765625,5920.509765625,0
2017-08-22,5881.43017578125,5881.43017578125,5881.43017578125,5881.43017578125,5881.43017578125,0
2017-08-23,5959.7900390625,5959.7900390625,5959.7900390625,5959.7900390625,5959.7900390625,0
2017-08-24,5992.72998046875,5992.72998046875,5992.72998046875,5992.72998046875,5992.72998046875,0
2017-08-28,6072.89013671875,6072.89013671875,6072.89013671875,6072.89013671875,6072.89013671875,0
2017-08-29,5996.75,5996.75,5996.75,5996.75,5996.75,0
2017-08-30,6084.4599609375,6084.4599609375,6084.4599609375,6084.4599609375,6084.4599609375,0
2017-08-31,6131.43994140625,6131.43994140625,6131.43994140625,6131.43994140625,6131.43994140625,0
2017-09-01,6189.419921875,6189.419921875,6189.419921875,6189.419921875,6189.419921875,0
2017-09-04,6138.60009765625,6138.60009765625,6138.60009765625,6138.60009765625,6138.60009765625,0
2017-09-05,6201.31982421875,6201.31982421875,6201.31982421875,6201.31982421875,6201.31982421875,0
2017-09-06,6228.080078125,6228.080078125,6228.080078125,6228.080078125,6228.080078125,0
2017-09-07,6267.6298828125,6267.6298828125,6267.6298828125,6267.6298828125,6267.6298828125,0
2017-09-08,6256.22998046875,6256.22998046875,6256.22998046875,6256.22998046875,6256.22998046875,0
2017-09-11,6280.2001953125,6280.2001953125,6280.2001953125,6280.2001953125,6280.2001953125,0
2017-09-12,6336.81982421875,6336.81982421875,6336.81982421875,6336.81982421875,6336.81982421875,0
2017-09-13,6296.85986328125,6296.85986328125,6296.85986328125,6296.85986328125,6296.85986328125,0
2017-09-14,6320.1201171875,6320.1201171875,6320.1201171875,6320.1201171875,6320.1201171875,0
2017-09-15,6326.22021484375,6326.22021484375,6326.22021484375,6326.22021484375,6326.22021484375,0
2017-09-18,6382.68994140625,6382.68994140625,6382.68994140625,6382.68994140625,6382.68994140625,0
2017-09-19,6415.97021484375,6415.97021484375,6415.97021484375,6415.97021484375,6415.97021484375,0
2017-09-20,6405.43017578125,6405.43017578125,6405.43017578125,6405.43017578125,6405.43017578125,0
2017-09-21,6360.6201171875,6360.6201171875,6360.6201171875,6360.6201171875,6360.6201171875,0
2017-09-22,6165.64990234375,6165.64990234375,6165.64990234375,6165.64990234375,6165.64990234375,0
2017-09-25,6036.10986328125,6036.10986328125,6036.10986328125,6036.10986328125,6036.10986328125,0
2017-09-26,6086.5400390625,6086.5400390625,6086.5400390625,6086.5400390625,6086.5400390625,0
2017-09-27,5962.91015625,5962.91015625,5962.91015625,5962.91015625,5962.91015625,0
2017-09-28,6006.39013671875,6006.39013671875,6006.39013671875,6006.39013671875,6006.39013671875,0
2017-09-29,6093.85986328125,6093.85986328125,6093.85986328125,6093.85986328125,6093.85986328125,0
2017-10-03,6117.77978515625,6117.77978515625,6117.77978515625,6117.77978515625,6117.77978515625,0
2017-10-04,6164.89013671875,6164.89013671875,6164.89013671875,6164.89013671875,6164.89013671875,0
2017-10-05,6214.990234375,6214.990234375,6214.990234375,6214.990234375,6214.990234375,0
2017-10-06,6289.56982421875,6289.56982421875,6289.56982421875,6289.56982421875,6289.56982421875,0
2017-10-09,6325.72021484375,6325.72021484375,6325.72021484375,6325.72021484375,6325.72021484375,0
2017-10-10,6375.85986328125,6375.85986328125,6375.85986328125,6375.85986328125,6375.85986328125,0
2017-10-11,6306.4501953125,6306.4501953125,6306.4501953125,6306.4501953125,6306.4501953125,0
2017-10-12,6376.06005859375,6376.06005859375,6376.06005859375,6376.06005859375,6376.06005859375,0
2017-10-13,6401.10986328125,6401.10986328125,6401.10986328125,6401.10986328125,6401.10986328125,0
2017-10-16,6404.669921875,6404.669921875,6404.669921875,6404.669921875,6404.669921875,0
2017-10-17,6453.64013671875,6453.64013671875,6453.64013671875,6453.64013671875,6453.64013671875,0
2017-10-18,6453.9501953125,6453.9501953125,6453.9501953125,6453.9501953125,6453.9501953125,0
2017-10-19,6459.93994140625,6459.93994140625,6459.93994140625,6459.93994140625,6459.93994140625,0
2017-10-23,6480.490234375,6480.490234375,6480.490234375,6480.490234375,6480.490234375,0
2017-10-24,6525.3701171875,6525.3701171875,6525.3701171875,6525.3701171875,6525.3701171875,0
2017-10-25,6538.1201171875,6538.1201171875,6538.1201171875,6538.1201171875,6538.1201171875,0
2017-10-26,6573.39013671875,6573.39013671875,6573.39013671875,6573.39013671875,6573.39013671875,0
2017-10-27,6593.009765625,6593.009765625,6593.009765625,6593.009765625,6593.009765625,0
2017-10-30,6667.259765625,6667.259765625,6667.259765625,6667.259765625,6667.259765625,0
2017-10-31,6697.75,6697.75,6697.75,6697.75,6697.75,0
2017-11-01,6734.39013671875,6734.39013671875,6734.39013671875,6734.39013671875,6734.39013671875,0
2017-11-02,6758.41015625,6758.41015625,6758.41015625,6758.41015625,6758.41015625,0
2017-11-03,6799.83984375,6799.83984375,6799.83984375,6799.83984375,6799.83984375,0
2017-11-06,6828.740234375,6828.740234375,6828.740234375,6828.740234375,6828.740234375,0
2017-11-07,6735.8798828125,6735.8798828125,6735.8798828125,6735.8798828125,6735.8798828125,0
2017-11-08,6676.47998046875,6676.47998046875,6676.47998046875,6676.47998046875,6676.47998046875,0
2017-11-09,6712.009765625,6712.009765625,6712.009765625,6712.009765625,6712.009765625,0
2017-11-10,6715.27001953125,6715.27001953125,6715.27001953125,6715.27001953125,6715.27001953125,0
2017-11-13,6667.6201171875,6667.6201171875,6667.6201171875,6667.6201171875,6667.6201171875,0
2017-11-14,6654.31982421875,6654.31982421875,6654.31982421875,6654.31982421875,6654.31982421875,0
2017-11-15,6547.16015625,6547.16015625,6547.16015625,6547.16015625,6547.16015625,0
2017-11-16,6615.66015625,6615.66015625,6615.66015625,6615.66015625,6615.66015625,0
2017-11-17,6669.759765625,6669.759765625,6669.759765625,6669.759765625,6669.759765625,0
2017-11-20,6728.7900390625,6728.7900390625,6728.7900390625,6728.7900390625,6728.7900390625,0
2017-11-21,6753.669921875,6753.669921875,6753.669921875,6753.669921875,6753.669921875,0
2017-11-22,6770.9501953125,6770.9501953125,6770.9501953125,6770.9501953125,6770.9501953125,0
2017-11-23,6811.25,6811.25,6811.25,6811.25,6811.25,0
2017-11-24,6831.56005859375,6831.56005859375,6831.56005859375,6831.56005859375,6831.56005859375,0
2017-11-27,6884.3798828125,6884.3798828125,6884.3798828125,6884.3798828125,6884.3798828125,0
2017-11-28,6902.18017578125,6902.18017578125,6902.18017578125,6902.18017578125,6902.18017578125,0
2017-11-29,6896.1298828125,6896.1298828125,6896.1298828125,6896.1298828125,6896.1298828125,0
2017-11-30,6911.72021484375,6911.72021484375,6911.72021484375,6911.72021484375,6911.72021484375,0
2017-12-01,6814.1201171875,6814.1201171875,6814.1201171875,6814.1201171875,6814.1201171875,0
2017-12-04,6762.7900390625,6762.7900390625,6762.7900390625,6762.7900390625,6762.7900390625,0
2017-12-05,6752.47998046875,6752.47998046875,6752.47998046875,6752.47998046875,6752.47998046875,0
2017-12-06,6718.97021484375,6718.97021484375,6718.97021484375,6718.97021484375,6718.97021484375,0
2017-12-07,6809.25,6809.25,6809.25,6809.25,6809.25,0
2017-12-08,6877.56005859375,6877.56005859375,6877.56005859375,6877.56005859375,6877.56005859375,0
2017-12-11,6878.509765625,6878.509765625,6878.509765625,6878.509765625,6878.509765625,0
2017-12-12,6816.2900390625,6816.2900390625,6816.2900390625,6816.2900390625,6816.2900390625,0
2017-12-13,6760.47021484375,6760.47021484375,6760.47021484375,6760.47021484375,6760.47021484375,0
2017-12-14,6742.60986328125,6742.60986328125,6742.60986328125,6742.60986328125,6742.60986328125,0
2017-12-15,6834.43994140625,6834.43994140625,6834.43994140625,6834.43994140625,6834.43994140625,0
2017-12-18,6854.5400390625,6854.5400390625,6854.5400390625,6854.5400390625,6854.5400390625,0
2017-12-19,6978.60986328125,6978.60986328125,6978.60986328125,6978.60986328125,6978.60986328125,0
2017-12-20,7035.97998046875,7035.97998046875,7035.97998046875,7035.97998046875,7035.97998046875,0
2017-12-21,7111.419921875,7111.419921875,7111.419921875,7111.419921875,7111.419921875,0
2017-12-22,7154.31982421875,7154.31982421875,7154.31982421875,7154.31982421875,7154.31982421875,0
2017-12-26,7206.919921875,7206.919921875,7206.919921875,7206.919921875,7206.919921875,0
2017-12-27,7169.31982421875,7169.31982421875,7169.31982421875,7169.31982421875,7169.31982421875,0
2017-12-28,7193.2099609375,7193.2099609375,7193.2099609375,7193.2099609375,7193.2099609375,0
2017-12-29,7234.33984375,7234.33984375,7234.33984375,7234.33984375,7234.33984375,0
2018-01-01,7273.0,7273.0,7273.0,7273.0,7273.0,0
2018-01-02,7221.6201171875,7221.6201171875,7221.6201171875,7221.6201171875,7221.6201171875,0
2018-01-03,7283.9501953125,7283.9501953125,7283.9501953125,7283.9501953125,7283.9501953125,0
2018-01-04,7367.41015625,7367.41015625,7367.41015625,7367.41015625,7367.41015625,0
2018-01-05,7435.66015625,7435.66015625,7435.66015625,7435.66015625,7435.66015625,0
2018-01-08,7503.60986328125,7503.60986328125,7503.60986328125,7503.60986328125,7503.60986328125,0
2018-01-09,7509.97998046875,7509.97998046875,7509.97998046875,7509.97998046875,7509.97998046875,0
2018-01-10,7514.6201171875,7514.6201171875,7514.6201171875,7514.6201171875,7514.6201171875,0
2018-01-11,7554.4599609375,7554.4599609375,7554.4599609375,7554.4599609375,7554.4599609375,0
2018-01-12,7551.08984375,7551.08984375,7551.08984375,7551.08984375,7551.08984375,0
2018-01-15,7568.2998046875,7568.2998046875,7568.2998046875,7568.2998046875,7568.2998046875,0
2018-01-16,7386.27001953125,7386.27001953125,7386.27001953125,7386.27001953125,7386.27001953125,0
2018-01-17,7424.39013671875,7424.39013671875,7424.39013671875,7424.39013671875,7424.39013671875,0
2018-01-18,7264.85009765625,7264.85009765625,7264.85009765625,7264.85009765625,7264.85009765625,0
2018-01-19,7334.4501953125,7334.4501953125,7334.4501953125,7334.4501953125,7334.4501953125,0
2018-01-22,7382.47021484375,7382.47021484375,7382.47021484375,7382.47021484375,7382.47021484375,0
2018-01-23,7413.5498046875,7413.5498046875,7413.5498046875,7413.5498046875,7413.5498046875,0
2018-01-24,7348.85009765625,7348.85009765625,7348.85009765625,7348.85009765625,7348.85009765625,0
2018-01-25,7287.2099609375,7287.2099609375,7287.2099609375,7287.2099609375,7287.2099609375,0
2018-01-29,7188.169921875,7188.169921875,7188.169921875,7188.169921875,7188.169921875,0
2018-01-30,7085.52978515625,7085.52978515625,7085.52978515625,7085.52978515625,7085.52978515625,0
2018-01-31,7021.490234375,7021.490234375,7021.490234375,7021.490234375,7021.490234375,0
2018-02-01,7023.740234375,7023.740234375,7023.740234375,7023.740234375,7023.740234375,0
2018-02-02,6670.31005859375,6670.31005859375,6670.31005859375,6670.31005859375,6670.31005859375,0
2018-02-05,6669.77001953125,6669.77001953125,6669.77001953125,6669.77001953125,6669.77001953125,0
2018-02-06,6522.0400390625,6522.0400390625,6522.0400390625,6522.0400390625,6522.0400390625,0
2018-02-07,6647.7998046875,6647.7998046875,6647.7998046875,6647.7998046875,6647.7998046875,0
2018-02-08,6803.8701171875,6803.8701171875,6803.8701171875,6803.8701171875,6803.8701171875,0
2018-02-09,6828.02978515625,6828.02978515625,6828.02978515625,6828.02978515625,6828.02978515625,0
2018-02-12,6941.8798828125,6941.8798828125,6941.8798828125,6941.8798828125,6941.8798828125,0
2018-02-14,6937.47998046875,6937.47998046875,6937.47998046875,6937.47998046875,6937.47998046875,0
2018-02-15,6851.919921875,6851.919921875,6851.919921875,6851.919921875,6851.919921875,0
2018-02-16,6760.2099609375,6760.2099609375,6760.2099609375,6760.2099609375,6760.2099609375,0
2018-02-19,6688.990234375,6688.990234375,6688.990234375,6688.990234375,6688.990234375,0
2018-02-20,6682.25,6682.25,6682.25,6682.25,6682.25,0
2018-02-21,6666.33984375,6666.33984375,6666.33984375,6666.33984375,6666.33984375,0
2018-02-22,6631.740234375,6631.740234375,6631.740234375,6631.740234375,6631.740234375,0
2018-02-23,6741.1201171875,6741.1201171875,6741.1201171875,6741.1201171875,6741.1201171875,0
2018-02-26,6813.2099609375,6813.2099609375,6813.2099609375,6813.2099609375,6813.2099609375,0
2018-02-27,6773.06982421875,6773.06982421875,6773.06982421875,6773.06982421875,6773.06982421875,0
2018-02-28,6770.97021484375,6770.97021484375,6770.97021484375,6770.97021484375,6770.97021484375,0
2018-03-01,6744.60986328125,6744.60986328125,6744.60986328125,6744.60986328125,6744.60986328125,0
2018-03-05,6669.77978515625,6669.77978515625,6669.77978515625,6669.77978515625,6669.77978515625,0
2018-03-06,6576.85986328125,6576.85986328125,6576.85986328125,6576.85986328125,6576.85986328125,0
2018-03-07,6426.669921875,6426.669921875,6426.669921875,6426.669921875,6426.669921875,0
2018-03-08,6459.39990234375,6459.39990234375,6459.39990234375,6459.39990234375,6459.39990234375,0
2018-03-09,6435.18017578125,6435.18017578125,6435.18017578125,6435.18017578125,6435.18017578125,0
2018-03-12,6463.33984375,6463.33984375,6463.33984375,6463.33984375,6463.33984375,0
2018-03-13,6544.97021484375,6544.97021484375,6544.97021484375,6544.97021484375,6544.97021484375,0
2018-03-14,6541.14013671875,6541.14013671875,6541.14013671875,6541.14013671875,6541.14013671875,0
2018-03-15,6605.72998046875,6605.72998046875,6605.72998046875,6605.72998046875,6605.72998046875,0
2018-03-16,6521.1201171875,6521.1201171875,6521.1201171875,6521.1201171875,6521.1201171875,0
2018-03-19,6379.4599609375,6379.4599609375,6379.4599609375,6379.4599609375,6379.4599609375,0
2018-03-20,6378.8798828125,6378.8798828125,6378.8798828125,6378.8798828125,6378.8798828125,0
2018-03-21,6404.18017578125,6404.18017578125,6404.18017578125,6404.18017578125,6404.18017578125,0
2018-03-22,6323.740234375,6323.740234375,6323.740234375,6323.740234375,6323.740234375,0
2018-03-23,6220.83984375,6220.83984375,6220.83984375,6220.83984375,6220.83984375,0
2018-03-26,6262.9501953125,6262.9501953125,6262.9501953125,6262.9501953125,6262.9501953125,0
2018-03-27,6352.5,6352.5,6352.5,6352.5,6352.5,0
2018-03-28,6270.81982421875,6270.81982421875,6270.81982421875,6270.81982421875,6270.81982421875,0
2018-04-02,6393.97998046875,6393.97998046875,6393.97998046875,6393.97998046875,6393.97998046875,0
2018-04-03,6477.669921875,6477.669921875,6477.669921875,6477.669921875,6477.669921875,0
2018-04-04,6413.60986328125,6413.60986328125,6413.60986328125,6413.60986328125,6413.60986328125,0
2018-04-05,6539.27001953125,6539.27001953125,6539.27001953125,6539.27001953125,6539.27001953125,0
2018-04-06,6579.580078125,6579.580078125,6579.580078125,6579.580078125,6579.580078125,0
2018-04-09,6592.169921875,6592.169921875,6592.169921875,6592.169921875,6592.169921875,0
2018-04-10,6591.1201171875,6591.1201171875,6591.1201171875,6591.1201171875,6591.1201171875,0
2018-04-11,6591.830078125,6591.830078125,6591.830078125,6591.830078125,6591.830078125,0
2018-04-12,6573.35986328125,6573.35986328125,6573.35986328125,6573.35986328125,6573.35986328125,0
2018-04-13,6588.47021484375,6588.47021484375,6588.47021484375,6588.47021484375,6588.47021484375,0
2018-04-16,6612.009765625,6612.009765625,6612.009765625,6612.009765625,6612.009765625,0
2018-04-17,6625.47998046875,6625.47998046875,6625.47998046875,6625.47998046875,6625.47998046875,0
2018-04-18,6603.0,6603.0,6603.0,6603.0,6603.0,0
2018-04-19,6660.14013671875,6660.14013671875,6660.14013671875,6660.14013671875,6660.14013671875,0
2018-04-20,6665.33984375,6665.33984375,6665.33984375,6665.33984375,6665.33984375,0
2018-04-23,6686.72998046875,6686.72998046875,6686.72998046875,6686.72998046875,6686.72998046875,0
2018-04-24,6672.56982421875,6672.56982421875,6672.56982421875,6672.56982421875,6672.56982421875,0
2018-04-25,6597.22021484375,6597.22021484375,6597.22021484375,6597.22021484375,6597.22021484375,0
2018-04-26,6607.97021484375,6607.97021484375,6607.97021484375,6607.97021484375,6607.97021484375,0
2018-04-27,6636.64013671875,6636.64013671875,6636.64013671875,6636.64013671875,6636.64013671875,0
2018-04-30,6704.77978515625,6704.77978515625,6704.77978515625,6704.77978515625,6704.77978515625,0
2018-05-02,6631.97998046875,6631.97998046875,6631.97998046875,6631.97998046875,6631.97998046875,0
2018-05-03,6569.58984375,6569.58984375,6569.58984375,6569.58984375,6569.58984375,0
2018-05-04,6553.10009765625,6553.10009765625,6553.10009765625,6553.10009765625,6553.10009765625,0
2018-05-07,6592.43017578125,6592.43017578125,6592.43017578125,6592.43017578125,6592.43017578125,0
2018-05-08,6622.14990234375,6622.14990234375,6622.14990234375,6622.14990234375,6622.14990234375,0
2018-05-09,6607.240234375,6607.240234375,6607.240234375,6607.240234375,6607.240234375,0
2018-05-10,6503.68994140625,6503.68994140625,6503.68994140625,6503.68994140625,6503.68994140625,0
2018-05-11,6486.52001953125,6486.52001953125,6486.52001953125,6486.52001953125,6486.52001953125,0
2018-05-14,6414.259765625,6414.259765625,6414.259765625,6414.259765625,6414.259765625,0
2018-05-15,6355.8701171875,6355.8701171875,6355.8701171875,6355.8701171875,6355.8701171875,0
2018-05-16,6362.740234375,6362.740234375,6362.740234375,6362.740234375,6362.740234375,0
2018-05-17,6410.10986328125,6410.10986328125,6410.10986328125,6410.10986328125,6410.10986328125,0
2018-05-18,6286.06005859375,6286.06005859375,6286.06005859375,6286.06005859375,6286.06005859375,0
2018-05-21,6133.10009765625,6133.10009765625,6133.10009765625,6133.10009765625,6133.10009765625,0
2018-05-22,6203.60009765625,6203.60009765625,6203.60009765625,6203.60009765625,6203.60009765625,0
2018-05-23,6185.39990234375,6185.39990234375,6185.39990234375,6185.39990234375,6185.39990234375,0
2018-05-24,6186.85986328125,6186.85986328125,6186.85986328125,6186.85986328125,6186.85986328125,0
2018-05-25,6268.68017578125,6268.68017578125,6268.68017578125,6268.68017578125,6268.68017578125,0
2018-05-28,6362.52001953125,6362.52001953125,6362.52001953125,6362.52001953125,6362.52001953125,0
2018-05-29,6350.669921875,6350.669921875,6350.669921875,6350.669921875,6350.669921875,0
2018-05-30,6337.22998046875,6337.22998046875,6337.22998046875,6337.22998046875,6337.22998046875,0
2018-05-31,6289.759765625,6289.759765625,6289.759765625,6289.759765625,6289.759765625,0
2018-06-01,6191.240234375,6191.240234375,6191.240234375,6191.240234375,6191.240234375,0
2018-06-04,6038.5498046875,6038.5498046875,6038.5498046875,6038.5498046875,6038.5498046875,0
2018-06-05,5875.740234375,5875.740234375,5875.740234375,5875.740234375,5875.740234375,0
2018-06-06,5968.35009765625,5968.35009765625,5968.35009765625,5968.35009765625,5968.35009765625,0
2018-06-07,6095.9501953125,6095.9501953125,6095.9501953125,6095.9501953125,6095.9501953125,0
2018-06-08,6141.7900390625,6141.7900390625,6141.7900390625,6141.7900390625,6141.7900390625,0
2018-06-11,6166.83984375,6166.83984375,6166.83984375,6166.83984375,6166.83984375,0
2018-06-12,6205.6298828125,6205.6298828125,6205.6298828125,6205.6298828125,6205.6298828125,0
2018-06-13,6190.9501953125,6190.9501953125,6190.9501953125,6190.9501953125,6190.9501953125,0
2018-06-14,6182.18017578125,6182.18017578125,6182.18017578125,6182.18017578125,6182.18017578125,0
2018-06-15,6143.89013671875,6143.89013671875,6143.89013671875,6143.89013671875,6143.89013671875,0
2018-06-18,6097.259765625,6097.259765625,6097.259765625,6097.259765625,6097.259765625,0
2018-06-19,6014.85986328125,6014.85986328125,6014.85986328125,6014.85986328125,6014.85986328125,0
2018-06-20,6026.10986328125,6026.10986328125,6026.10986328125,6026.10986328125,6026.10986328125,0
2018-06-21,5973.2900390625,5973.2900390625,5973.2900390625,5973.2900390625,5973.2900390625,0
2018-06-22,5973.60986328125,5973.60986328125,5973.60986328125,5973.60986328125,5973.60986328125,0
2018-06-25,5925.990234375,5925.990234375,5925.990234375,5925.990234375,5925.990234375,0
2018-06-26,5877.60986328125,5877.60986328125,5877.60986328125,5877.60986328125,5877.60986328125,0
2018-06-27,5758.93017578125,5758.93017578125,5758.93017578125,5758.93017578125,5758.93017578125,0
2018-06-28,5667.9599609375,5667.9599609375,5667.9599609375,5667.9599609375,5667.9599609375,0
2018-06-29,5786.490234375,5786.490234375,5786.490234375,5786.490234375,5786.490234375,0
2018-07-02,5733.77978515625,5733.77978515625,5733.77978515625,5733.77978515625,5733.77978515625,0
2018-07-03,5759.89013671875,5759.89013671875,5759.89013671875,5759.89013671875,5759.89013671875,0
2018-07-04,5785.91015625,5785.91015625,5785.91015625,5785.91015625,5785.91015625,0
2018-07-05,5753.68994140625,5753.68994140625,5753.68994140625,5753.68994140625,5753.68994140625,0
2018-07-06,5783.81005859375,5783.81005859375,5783.81005859375,5783.81005859375,5783.81005859375,0
2018-07-09,5877.02001953125,5877.02001953125,5877.02001953125,5877.02001953125,5877.02001953125,0
2018-07-10,5939.259765625,5939.259765625,5939.259765625,5939.259765625,5939.259765625,0
2018-07-11,5915.6201171875,5915.6201171875,5915.6201171875,5915.6201171875,5915.6201171875,0
2018-07-12,5916.75,5916.75,5916.75,5916.75,5916.75,0
2018-07-13,5808.18017578125,5808.18017578125,5808.18017578125,5808.18017578125,5808.18017578125,0
2018-07-16,5654.240234375,5654.240234375,5654.240234375,5654.240234375,5654.240234375,0
2018-07-17,5716.64013671875,5716.64013671875,5716.64013671875,5716.64013671875,5716.64013671875,0
2018-07-18,5661.02978515625,5661.02978515625,5661.02978515625,5661.02978515625,5661.02978515625,0
2018-07-19,5612.2001953125,5612.2001953125,5612.2001953125,5612.2001953125,5612.2001953125,0
2018-07-20,5632.22021484375,5632.22021484375,5632.22021484375,5632.22021484375,5632.22021484375,0
2018-07-23,5678.830078125,5678.830078125,5678.830078125,5678.830078125,5678.830078125,0
2018-07-24,5808.2001953125,5808.2001953125,5808.2001953125,5808.2001953125,5808.2001953125,0
2018-07-25,5825.5400390625,5825.5400390625,5825.5400390625,5825.5400390625,5825.5400390625,0
2018-07-26,5848.330078125,5848.330078125,5848.330078125,5848.330078125,5848.330078125,0
2018-07-27,5907.7099609375,5907.7099609375,5907.7099609375,5907.7099609375,5907.7099609375,0
2018-07-30,5933.52001953125,5933.52001953125,5933.52001953125,5933.52001953125,5933.52001953125,0
2018-07-31,5943.02001953125,5943.02001953125,5943.02001953125,5943.02001953125,5943.02001953125,0
2018-08-01,5948.77001953125,5948.77001953125,5948.77001953125,5948.77001953125,5948.77001953125,0
2018-08-02,5944.009765625,5944.009765625,5944.009765625,5944.009765625,5944.009765625,0
2018-08-03,6028.64013671875,6028.64013671875,6028.64013671875,6028.64013671875,6028.64013671875,0
2018-08-06,6050.02978515625,6050.02978515625,6050.02978515625,6050.02978515625,6050.02978515625,0
2018-08-07,6021.72021484375,6021.72021484375,6021.72021484375,6021.72021484375,6021.72021484375,0
2018-08-08,6039.169921875,6039.169921875,6039.169921875,6039.169921875,6039.169921875,0
2018-08-09,6069.259765625,6069.259765625,6069.259765625,6069.259765625,6069.259765625,0
2018-08-10,6006.91015625,6006.91015625,6006.91015625,6006.91015625,6006.91015625,0
2018-08-13,5951.14013671875,5951.14013671875,5951.14013671875,5951.14013671875,5951.14013671875,0
2018-08-14,5969.77001953125,5969.77001953125,5969.77001953125,5969.77001953125,5969.77001953125,0
2018-08-16,5950.4501953125,5950.4501953125,5950.4501953125,5950.4501953125,5950.4501953125,0
2018-08-17,6007.85009765625,6007.85009765625,6007.85009765625,6007.85009765625,6007.85009765625,0
2018-08-20,6020.7998046875,6020.7998046875,6020.7998046875,6020.7998046875,6020.7998046875,0
2018-08-21,6047.58984375,6047.58984375,6047.58984375,6047.58984375,6047.58984375,0
2018-08-23,6036.240234375,6036.240234375,6036.240234375,6036.240234375,6036.240234375,0
2018-08-24,6021.91015625,6021.91015625,6021.91015625,6021.91015625,6021.91015625,0
2018-08-27,6060.919921875,6060.919921875,6060.919921875,6060.919921875,6060.919921875,0
2018-08-28,6073.5,6073.5,6073.5,6073.5,6073.5,0
2018-08-29,6088.14013671875,6088.14013671875,6088.14013671875,6088.14013671875,6088.14013671875,0
2018-08-30,6125.7900390625,6125.7900390625,6125.7900390625,6125.7900390625,6125.7900390625,0
2018-08-31,6160.43017578125,6160.43017578125,6160.43017578125,6160.43017578125,6160.43017578125,0
2018-09-03,6152.56982421875,6152.56982421875,6152.56982421875,6152.56982421875,6152.56982421875,0
2018-09-04,6024.2900390625,6024.2900390625,6024.2900390625,6024.2900390625,6024.2900390625,0
2018-09-05,6008.52978515625,6008.52978515625,6008.52978515625,6008.52978515625,6008.52978515625,0
2018-09-06,6042.68017578125,6042.68017578125,6042.68017578125,6042.68017578125,6042.68017578125,0
2018-09-07,6069.47998046875,6069.47998046875,6069.47998046875,6069.47998046875,6069.47998046875,0
2018-09-10,5999.72998046875,5999.72998046875,5999.72998046875,5999.72998046875,5999.72998046875,0
2018-09-11,5917.1298828125,5917.1298828125,5917.1298828125,5917.1298828125,5917.1298828125,0
2018-09-12,5899.47021484375,5899.47021484375,5899.47021484375,5899.47021484375,5899.47021484375,0
2018-09-14,5977.759765625,5977.759765625,5977.759765625,5977.759765625,5977.759765625,0
2018-09-17,5985.8798828125,5985.8798828125,5985.8798828125,5985.8798828125,5985.8798828125,0
2018-09-18,5884.93017578125,5884.93017578125,5884.93017578125,5884.93017578125,5884.93017578125,0
2018-09-19,5834.77001953125,5834.77001953125,5834.77001953125,5834.77001953125,5834.77001953125,0
2018-09-21,5649.7099609375,5649.7099609375,5649.7099609375,5649.7099609375,5649.7099609375,0
2018-09-24,5507.919921875,5507.919921875,5507.919921875,5507.919921875,5507.919921875,0
2018-09-25,5460.509765625,5460.509765625,5460.509765625,5460.509765625,5460.509765625,0
2018-09-26,5457.14013671875,5457.14013671875,5457.14013671875,5457.14013671875,5457.14013671875,0
2018-09-27,5340.6201171875,5340.6201171875,5340.6201171875,5340.6201171875,5340.6201171875,0
2018-09-28,5130.0400390625,5130.0400390625,5130.0400390625,5130.0400390625,5130.0400390625,0
2018-10-01,5134.10009765625,5134.10009765625,5134.10009765625,5134.10009765625,5134.10009765625,0
2018-10-03,5158.7998046875,5158.7998046875,5158.7998046875,5158.7998046875,5158.7998046875,0
2018-10-04,5049.33984375,5049.33984375,5049.33984375,5049.33984375,5049.33984375,0
2018-10-05,4942.3798828125,4942.3798828125,4942.3798828125,4942.3798828125,4942.3798828125,0
2018-10-08,4851.169921875,4851.169921875,4851.169921875,4851.169921875,4851.169921875,0
2018-10-09,4827.47021484375,4827.47021484375,4827.47021484375,4827.47021484375,4827.47021484375,0
2018-10-10,5004.08984375,5004.08984375,5004.08984375,5004.08984375,5004.08984375,0
2018-10-11,4916.3798828125,4916.3798828125,4916.3798828125,4916.3798828125,4916.3798828125,0
2018-10-12,5040.81982421875,5040.81982421875,5040.81982421875,5040.81982421875,5040.81982421875,0
2018-10-15,5103.27001953125,5103.27001953125,5103.27001953125,5103.27001953125,5103.27001953125,0
2018-10-16,5181.97021484375,5181.97021484375,5181.97021484375,5181.97021484375,5181.97021484375,0
2018-10-17,5059.85986328125,5059.85986328125,5059.85986328125,5059.85986328125,5059.85986328125,0
2018-10-19,5004.75,5004.75,5004.75,5004.75,5004.75,0
2018-10-22,4918.31982421875,4918.31982421875,4918.31982421875,4918.31982421875,4918.31982421875,0
2018-10-23,4853.5,4853.5,4853.5,4853.5,4853.5,0
2018-10-24,4888.6201171875,4888.6201171875,4888.6201171875,4888.6201171875,4888.6201171875,0
2018-10-25,4842.14013671875,4842.14013671875,4842.14013671875,4842.14013671875,4842.14013671875,0
2018-10-26,4831.3701171875,4831.3701171875,4831.3701171875,4831.3701171875,4831.3701171875,0
2018-10-29,4938.41015625,4938.41015625,4938.41015625,4938.41015625,4938.41015625,0
2018-10-30,4995.2998046875,4995.2998046875,4995.2998046875,4995.2998046875,4995.2998046875,0
2018-10-31,5056.7998046875,5056.7998046875,5056.7998046875,5056.7998046875,5056.7998046875,0
2018-11-01,5118.89990234375,5118.89990234375,5118.89990234375,5118.89990234375,5118.89990234375,0
2018-11-02,5175.72021484375,5175.72021484375,5175.72021484375,5175.72021484375,5175.72021484375,0
2018-11-05,5154.60986328125,5154.60986328125,5154.60986328125,5154.60986328125,5154.60986328125,0
2018-11-06,5150.830078125,5150.830078125,5150.830078125,5150.830078125,5150.830078125,0
2018-11-07,5208.5400390625,5208.5400390625,5208.5400390625,5208.5400390625,5208.5400390625,0
2018-11-09,5244.02978515625,5244.02978515625,5244.02978515625,5244.02978515625,5244.02978515625,0
2018-11-12,5198.52978515625,5198.52978515625,5198.52978515625,5198.52978515625,5198.52978515625,0
2018-11-13,5205.330078125,5205.330078125,5205.330078125,5205.330078125,5205.330078125,0
2018-11-14,5197.7001953125,5197.7001953125,5197.7001953125,5197.7001953125,5197.7001953125,0
2018-11-15,5198.3798828125,5198.3798828125,5198.3798828125,5198.3798828125,5198.3798828125,0
2018-11-16,5183.77001953125,5183.77001953125,5183.77001953125,5183.77001953125,5183.77001953125,0
2018-11-19,5203.669921875,5203.669921875,5203.669921875,5203.669921875,5203.669921875,0
2018-11-20,5141.759765625,5141.759765625,5141.759765625,5141.759765625,5141.759765625,0
2018-11-21,5149.6298828125,5149.6298828125,5149.6298828125,5149.6298828125,5149.6298828125,0
2018-11-22,5130.3798828125,5130.3798828125,5130.3798828125,5130.3798828125,5130.3798828125,0
2018-11-26,5113.3701171875,5113.3701171875,5113.3701171875,5113.3701171875,5113.3701171875,0
2018-11-27,5134.06982421875,5134.06982421875,5134.06982421875,5134.06982421875,5134.06982421875,0
2018-11-28,5104.60009765625,5104.60009765625,5104.60009765625,5104.60009765625,5104.60009765625,0
2018-11-29,5108.43017578125,5108.43017578125,5108.43017578125,5108.43017578125,5108.43017578125,0
2018-11-30,5125.72998046875,5125.72998046875,5125.72998046875,5125.72998046875,5125.72998046875,0
2018-12-03,5156.18994140625,5156.18994140625,5156.18994140625,5156.18994140625,5156.18994140625,0
2018-12-04,5165.18994140625,5165.18994140625,5165.18994140625,5165.18994140625,5165.18994140625,0
2018-12-05,5095.56982421875,5095.56982421875,5095.56982421875,5095.56982421875,5095.56982421875,0
2018-12-06,5029.580078125,5029.580078125,5029.580078125,5029.580078125,5029.580078125,0
2018-12-07,5031.43017578125,5031.43017578125,5031.43017578125,5031.43017578125,5031.43017578125,0
2018-12-10,4939.0,4939.0,4939.0,4939.0,4939.0,0
2018-12-11,5005.33984375,5005.33984375,5005.33984375,5005.33984375,5005.33984375,0
2018-12-12,5138.7001953125,5138.7001953125,5138.7001953125,5138.7001953125,5138.7001953125,0
2018-12-13,5177.3798828125,5177.3798828125,5177.3798828125,5177.3798828125,5177.3798828125,0
2018-12-14,5184.64013671875,5184.64013671875,5184.64013671875,5184.64013671875,5184.64013671875,0
2018-12-17,5203.4599609375,5203.4599609375,5203.4599609375,5203.4599609375,5203.4599609375,0
2018-12-18,5235.89013671875,5235.89013671875,5235.89013671875,5235.89013671875,5235.89013671875,0
2018-12-19,5295.490234375,5295.490234375,5295.490234375,5295.490234375,5295.490234375,0
2018-12-20,5303.93017578125,5303.93017578125,5303.93017578125,5303.93017578125,5303.93017578125,0
2018-12-21,5252.7001953125,5252.7001953125,5252.7001953125,5252.7001953125,5252.7001953125,0
2018-12-24,5203.16015625,5203.16015625,5203.16015625,5203.16015625,5203.16015625,0
2018-12-26,5196.9599609375,5196.9599609375,5196.9599609375,5196.9599609375,5196.9599609375,0
2018-12-27,5206.6298828125,5206.6298828125,5206.6298828125,5206.6298828125,5206.6298828125,0
2018-12-28,5253.9501953125,5253.9501953125,5253.9501953125,5253.9501953125,5253.9501953125,0
2018-12-31,5295.47998046875,5295.47998046875,5295.47998046875,5295.47998046875,5295.47998046875,0
2019-01-01,5314.259765625,5314.259765625,5314.259765625,5314.259765625,5314.259765625,0
2019-01-02,5275.18017578125,5275.18017578125,5275.18017578125,5275.18017578125,5275.18017578125,0
2019-01-03,5244.91015625,5244.91015625,5244.91015625,5244.91015625,5244.91015625,0
2019-01-04,5253.02001953125,5253.02001953125,5253.02001953125,5253.02001953125,5253.02001953125,0
2019-01-07,5256.89990234375,5256.89990234375,5256.89990234375,5256.89990234375,5256.89990234375,0
2019-01-08,5264.2900390625,5264.2900390625,5264.2900390625,5264.2900390625,5264.2900390625,0
2019-01-09,5257.58984375,5257.58984375,5257.58984375,5257.58984375,5257.58984375,0
2019-01-10,5271.35986328125,5271.35986328125,5271.35986328125,5271.35986328125,5271.35986328125,0
2019-01-11,5260.240234375,5260.240234375,5260.240234375,5260.240234375,5260.240234375,0
2019-01-14,5236.7998046875,5236.7998046875,5265.2998046875,5224.10009765625,5261.64990234375,0
2019-01-15,5284.64990234375,5284.64990234375,5287.0498046875,5252.60009765625,5253.0,0
2019-01-16,5295.5498046875,5295.5498046875,5319.35009765625,5289.5498046875,5293.75,0
2019-01-17,5278.2001953125,5278.2001953125,5318.2998046875,5267.4501953125,5309.39990234375,0
2019-01-18,5229.39990234375,5229.39990234375,5287.7998046875,5224.75,5287.25,0
2019-01-21,5189.14990234375,5189.14990234375,5238.89990234375,5181.2001953125,5234.5498046875,0
2019-01-22,5157.7001953125,5157.7001953125,5187.7998046875,5140.10009765625,5187.5498046875,0
2019-01-23,5150.2998046875,5150.2998046875,5178.35009765625,5145.14990234375,5163.14990234375,0
2019-01-24,5130.5,5130.5,5163.25,5126.25,5160.0498046875,0
2019-01-25,5057.64990234375,5057.64990234375,5155.85009765625,5051.4501953125,5142.89990234375,0
2019-01-28,4964.75,4964.75,5056.7998046875,4957.89990234375,5054.5,0
2019-01-29,4971.60009765625,4971.60009765625,4985.10009765625,4940.75,4954.35009765625,0
2019-01-30,4993.89990234375,4993.89990234375,5001.89990234375,4978.0,4985.39990234375,0
2019-01-31,5021.60009765625,5021.60009765625,5023.9501953125,4993.39990234375,5009.75,0
2019-02-01,5024.7001953125,5024.7001953125,5069.60009765625,4998.64990234375,5038.4501953125,0
2019-02-04,4951.2998046875,4951.2998046875,5022.5,4939.5,5022.0498046875,0
2019-02-05,4906.4501953125,4906.4501953125,4964.35009765625,4895.60009765625,4951.14990234375,0
2019-02-06,4918.89990234375,4918.89990234375,4924.2001953125,4860.85009765625,4921.64990234375,0
2019-02-07,4950.9501953125,4950.9501953125,4965.2998046875,4915.7998046875,4922.64990234375,0
2019-02-08,4895.4501953125,4895.4501953125,4945.39990234375,4891.0498046875,4945.35009765625,0
2019-02-11,4817.85009765625,4817.85009765625,4894.25,4813.0498046875,4892.60009765625,0
2019-02-12,4803.60009765625,4803.60009765625,4827.7998046875,4795.9501953125,4814.60009765625,0
2019-02-14,4775.25,4775.25,4779.7001953125,4731.7001953125,4765.4501953125,0
2019-02-15,4736.14990234375,4736.14990234375,4775.9501953125,4727.25,4773.39990234375,0
2019-02-18,4695.10009765625,4695.10009765625,4749.5498046875,4687.7998046875,4746.2998046875,0
2019-02-19,4711.85009765625,4711.85009765625,4737.4501953125,4693.89990234375,4698.14990234375,0
2019-02-20,4758.2998046875,4758.2998046875,4765.7001953125,4723.89990234375,4724.39990234375,0
2019-02-21,4809.0,4809.0,4812.35009765625,4762.35009765625,4773.60009765625,0
2019-02-22,4847.14990234375,4847.14990234375,4852.35009765625,4809.85009765625,4815.5498046875,0
2019-02-25,4885.2001953125,4885.2001953125,4890.5,4865.25,4865.85009765625,0
2019-02-26,4856.60009765625,4856.60009765625,4877.14990234375,4783.5498046875,4838.5,0
2019-02-27,4865.89990234375,4865.89990234375,4948.35009765625,4846.7001953125,4875.2001953125,0
2019-02-28,4907.5498046875,4907.5498046875,4915.0,4874.9501953125,4880.2001953125,0
2019-03-01,5022.64990234375,5022.64990234375,5024.75,4928.75,4929.10009765625,0
2019-03-05,5207.25,5207.25,5211.0498046875,5030.10009765625,5033.25,0
2019-03-06,5261.9501953125,5261.9501953125,5286.39990234375,5244.5,5246.60009765625,0
2019-03-07,5258.14990234375,5258.14990234375,5282.4501953125,5247.2998046875,5276.10009765625,0
2019-03-08,5253.7998046875,5253.7998046875,5283.0,5243.2001953125,5262.5,0
2019-03-11,5352.64990234375,5352.64990234375,5356.2001953125,5272.2998046875,5273.64990234375,0
2019-03-12,5410.25,5410.25,5427.0498046875,5386.2001953125,5386.85009765625,0
2019-03-13,5390.64990234375,5390.64990234375,5426.0498046875,5381.25,5423.64990234375,0
2019-03-14,5388.14990234375,5388.14990234375,5417.64990234375,5370.85009765625,5407.89990234375,0
2019-03-15,5360.25,5360.25,5426.14990234375,5345.39990234375,5402.2998046875,0
2019-03-18,5351.35009765625,5351.35009765625,5392.14990234375,5334.4501953125,5378.2998046875,0
2019-03-19,5374.9501953125,5374.9501953125,5388.2998046875,5352.7998046875,5367.5,0
2019-03-20,5356.85009765625,5356.85009765625,5389.2998046875,5352.35009765625,5386.7998046875,0
2019-03-22,5328.60009765625,5328.60009765625,5380.9501953125,5324.89990234375,5372.64990234375,0
2019-03-25,5268.2001953125,5268.2001953125,5293.89990234375,5259.5,5293.75,0
2019-03-26,5311.39990234375,5311.39990234375,5314.2998046875,5280.75,5281.4501953125,0
2019-03-27,5365.0498046875,5365.0498046875,5368.9501953125,5329.75,5332.5498046875,0
2019-03-28,5406.14990234375,5406.14990234375,5410.85009765625,5377.14990234375,5378.60009765625,0
2019-04-01,5490.60009765625,5490.60009765625,5516.14990234375,5473.2998046875,5474.0,0
2019-04-02,5485.7998046875,5485.7998046875,5512.7998046875,5461.5498046875,5510.75,0
2019-04-03,5433.39990234375,5433.39990234375,5519.10009765625,5428.2998046875,5498.5,0
2019-04-04,5408.10009765625,5408.10009765625,5447.14990234375,5388.35009765625,5443.7998046875,0
2019-04-05,5457.0,5457.0,5460.25,5431.2998046875,5433.0,0
2019-04-08,5439.9501953125,5439.9501953125,5495.60009765625,5428.10009765625,5478.4501953125,0
2019-04-09,5433.75,5433.75,5449.7001953125,5404.75,5449.0498046875,0
2019-04-10,5442.64990234375,5442.64990234375,5463.5498046875,5427.39990234375,5429.2998046875,0
2019-04-11,5447.14990234375,5447.14990234375,5468.25,5435.35009765625,5452.2001953125,0
2019-04-12,5480.14990234375,5480.14990234375,5483.35009765625,5453.14990234375,5454.35009765625,0
2019-04-15,5510.64990234375,5510.64990234375,5535.7998046875,5500.2001953125,5500.85009765625,0
2019-04-16,5527.4501953125,5527.4501953125,5536.25,5523.4501953125,5527.64990234375,0
2019-04-18,5461.85009765625,5461.85009765625,5539.5,5446.5,5533.39990234375,0
2019-04-22,5380.0,5380.0,5450.85009765625,5376.7001953125,5450.64990234375,0
2019-04-23,5363.9501953125,5363.9501953125,5403.85009765625,5354.9501953125,5387.4501953125,0
2019-04-24,5396.2998046875,5396.2998046875,5398.2001953125,5365.9501953125,5379.64990234375,0
2019-04-25,5395.9501953125,5395.9501953125,5433.39990234375,5391.60009765625,5406.10009765625,0
2019-04-26,5389.60009765625,5389.60009765625,5413.4501953125,5377.9501953125,5405.5498046875,0
2019-04-30,5328.25,5328.25,5393.2998046875,5306.0498046875,5390.60009765625,0
2019-05-02,5320.39990234375,5320.39990234375,5348.0498046875,5301.0,5325.10009765625,0
2019-05-03,5311.60009765625,5311.60009765625,5341.0498046875,5306.0,5326.5498046875,0
2019-05-06,5269.60009765625,5269.60009765625,5300.60009765625,5264.75,5279.4501953125,0
2019-05-07,5228.2001953125,5228.2001953125,5298.2998046875,5225.10009765625,5284.5,0
2019-05-08,5158.35009765625,5158.35009765625,5218.35009765625,5155.89990234375,5217.10009765625,0
2019-05-09,5142.60009765625,5142.60009765625,5163.5,5124.4501953125,5147.89990234375,0
2019-05-10,5158.0,5158.0,5173.5498046875,5139.5,5149.85009765625,0
2019-05-13,5041.25,5041.25,5156.60009765625,5034.75,5154.4501953125,0
2019-05-14,5067.60009765625,5067.60009765625,5077.14990234375,4983.5498046875,5027.89990234375,0
2019-05-15,5035.10009765625,5035.10009765625,5102.7998046875,5027.89990234375,5086.35009765625,0
2019-05-16,5042.89990234375,5042.89990234375,5051.35009765625,5010.7001953125,5045.14990234375,0
2019-05-17,5059.14990234375,5059.14990234375,5073.14990234375,5044.14990234375,5046.0498046875,0
2019-05-20,5264.14990234375,5264.14990234375,5267.5,5155.89990234375,5199.5,0
2019-05-21,5231.14990234375,5231.14990234375,5292.0498046875,5213.10009765625,5281.14990234375,0
2019-05-22,5252.39990234375,5252.39990234375,5259.39990234375,5213.0498046875,5243.85009765625,0
2019-05-23,5244.5498046875,5244.5498046875,5349.85009765625,5229.85009765625,5321.4501953125,0
2019-05-24,5374.39990234375,5374.39990234375,5378.0498046875,5265.89990234375,5268.85009765625,0
2019-05-27,5464.9501953125,5464.9501953125,5467.0,5385.5498046875,5397.89990234375,0
2019-05-28,5479.14990234375,5479.14990234375,5498.5,5458.2998046875,5484.2998046875,0
2019-05-29,5444.2998046875,5444.2998046875,5483.75,5433.25,5481.2001953125,0
2019-05-30,5451.5,5451.5,5463.0,5437.89990234375,5445.39990234375,0
2019-05-31,5412.89990234375,5412.89990234375,5468.2001953125,5381.9501953125,5461.35009765625,0
2019-06-03,5416.2001953125,5416.2001953125,5422.39990234375,5389.14990234375,5414.85009765625,0
2019-06-04,5412.89990234375,5412.89990234375,5456.35009765625,5406.75,5416.0498046875,0
2019-06-06,5325.7001953125,5325.7001953125,5423.85009765625,5310.5498046875,5421.2998046875,0
2019-06-07,5320.0498046875,5320.0498046875,5348.89990234375,5280.2998046875,5333.85009765625,0
2019-06-10,5284.7001953125,5284.7001953125,5350.25,5271.0498046875,5340.2001953125,0
2019-06-11,5293.5498046875,5293.5498046875,5299.2001953125,5251.7998046875,5286.89990234375,0
2019-06-12,5273.0498046875,5273.0498046875,5299.2001953125,5264.10009765625,5294.85009765625,0
2019-06-13,5244.89990234375,5244.89990234375,5266.7998046875,5205.2001953125,5264.5498046875,0
2019-06-14,5212.2998046875,5212.2998046875,5248.7998046875,5203.0498046875,5241.25,0
2019-06-17,5137.14990234375,5137.14990234375,5215.75,5132.64990234375,5214.60009765625,0
2019-06-18,5111.9501953125,5111.9501953125,5151.85009765625,5099.89990234375,5135.64990234375,0
2019-06-19,5041.7998046875,5041.7998046875,5143.0498046875,5023.0,5127.4501953125,0
2019-06-20,5093.2001953125,5093.2001953125,5099.5,4990.10009765625,5028.60009765625,0
2019-06-21,5092.14990234375,5092.14990234375,5112.35009765625,5073.0498046875,5094.60009765625,0
2019-06-24,5080.10009765625,5080.10009765625,5108.25,5075.7998046875,5099.85009765625,0
2019-06-25,5101.4501953125,5101.4501953125,5105.10009765625,5061.35009765625,5075.2001953125,0
2019-06-26,5127.4501953125,5127.4501953125,5131.85009765625,5092.25,5094.0,0
2019-06-27,5141.35009765625,5141.35009765625,5166.75,5129.85009765625,5138.9501953125,0
2019-06-28,5138.5498046875,5138.5498046875,5154.60009765625,5128.25,5148.5498046875,0
2019-07-01,5163.4501953125,5163.4501953125,5170.5498046875,5153.9501953125,5157.35009765625,0
2019-07-02,5156.39990234375,5156.39990234375,5175.0,5141.35009765625,5173.2001953125,0
2019-07-03,5170.5498046875,5170.5498046875,5177.0,5158.14990234375,5162.9501953125,0
2019-07-04,5186.75,5186.75,5198.2001953125,5177.2001953125,5177.25,0
2019-07-05,5120.25,5120.25,5204.7998046875,5111.4501953125,5198.64990234375,0
2019-07-08,5009.2998046875,5009.2998046875,5101.25,4993.5,5099.89990234375,0
2019-07-09,5014.7001953125,5014.7001953125,5026.14990234375,4973.89990234375,4999.2998046875,0
2019-07-10,4979.0,4979.0,5038.4501953125,4975.7001953125,5015.14990234375,0
2019-07-11,4996.9501953125,4996.9501953125,5007.60009765625,4976.60009765625,4995.9501953125,0
2019-07-12,5015.85009765625,5015.85009765625,5032.0,4994.5,4997.5,0
2019-07-15,4975.7998046875,4975.7998046875,5030.4501953125,4969.25,5027.2998046875,0
2019-07-16,4975.7998046875,4975.7998046875,4988.4501953125,4961.2001953125,4978.25,0
2019-07-17,4975.7998046875,4975.7998046875,4995.0,4965.5498046875,4973.14990234375,0
2019-07-18,4924.4501953125,4924.4501953125,4974.39990234375,4921.10009765625,4972.0498046875,0
2019-07-19,4841.0498046875,4841.0498046875,4938.5498046875,4837.60009765625,4933.25,0
2019-07-22,4772.39990234375,4772.39990234375,4824.4501953125,4748.7998046875,4821.14990234375,0
2019-07-23,4797.5,4797.5,4801.25,4774.0,4777.89990234375,0
2019-07-24,4737.7998046875,4737.7998046875,4805.35009765625,4733.4501953125,4796.25,0
2019-07-25,4724.39990234375,4724.39990234375,4758.7001953125,4719.0,4729.7998046875,0
2019-07-26,4726.4501953125,4726.4501953125,4730.60009765625,4696.60009765625,4711.64990234375,0
2019-07-29,4678.0,4678.0,4731.9501953125,4673.64990234375,4725.0498046875,0
2019-07-30,4567.5498046875,4567.5498046875,4688.85009765625,4560.89990234375,4671.60009765625,0
2019-07-31,4581.60009765625,4581.60009765625,4588.39990234375,4501.0,4544.7998046875,0
2019-08-01,4523.5498046875,4523.5498046875,4594.5,4497.0,4561.2998046875,0
2019-08-02,4496.85009765625,4496.85009765625,4524.2998046875,4449.35009765625,4484.89990234375,0
2019-08-05,4405.5,4405.5,4462.9501953125,4367.35009765625,4461.60009765625,0
2019-08-06,4478.85009765625,4478.85009765625,4483.64990234375,4377.10009765625,4377.2001953125,0
2019-08-07,4471.5498046875,4471.5498046875,4522.10009765625,4465.9501953125,4488.2998046875,0
2019-08-08,4506.64990234375,4506.64990234375,4514.4501953125,4464.5498046875,4478.85009765625,0
2019-08-09,4546.4501953125,4546.4501953125,4567.2001953125,4521.9501953125,4522.0498046875,0
2019-08-13,4480.60009765625,4480.60009765625,4562.0,4475.2998046875,4554.75,0
2019-08-14,4495.64990234375,4495.64990234375,4501.7001953125,4472.5,4490.7001953125,0
2019-08-16,4502.25,4502.25,4507.39990234375,4455.14990234375,4488.7001953125,0
2019-08-19,4526.0498046875,4526.0498046875,4536.10009765625,4507.0498046875,4510.0498046875,0
2019-08-20,4493.4501953125,4493.4501953125,4529.0498046875,4480.7998046875,4521.75,0
2019-08-21,4412.5,4412.5,4488.0,4407.14990234375,4484.0,0
2019-08-22,4316.4501953125,4316.4501953125,4397.4501953125,4313.89990234375,4394.5,0
2019-08-23,4343.75,4343.75,4347.85009765625,4242.5498046875,4298.2998046875,0
2019-08-26,4433.5,4433.5,4437.4501953125,4338.85009765625,4436.89990234375,0
2019-08-27,4500.25,4500.25,4505.2998046875,4449.9501953125,4452.2001953125,0
2019-08-28,4476.5498046875,4476.5498046875,4526.4501953125,4457.2001953125,4504.2998046875,0
2019-08-29,4438.85009765625,4438.85009765625,4470.4501953125,4427.10009765625,4465.85009765625,0
2019-08-30,4479.0,4479.0,4481.60009765625,4434.89990234375,4442.0498046875,0
2019-09-03,4416.2001953125,4416.2001953125,4465.85009765625,4407.2998046875,4457.89990234375,0
2019-09-04,4426.25,4426.25,4430.25,4395.25,4414.75,0
2019-09-05,4456.2998046875,4456.2998046875,4460.7001953125,4430.64990234375,4430.64990234375,0
2019-09-06,4505.0498046875,4505.0498046875,4510.7001953125,4463.25,4463.64990234375,0
2019-09-09,4537.4501953125,4537.4501953125,4543.14990234375,4490.2998046875,4495.4501953125,0
2019-09-11,4608.35009765625,4608.35009765625,4615.35009765625,4556.25,4557.7001953125,0
2019-09-12,4618.60009765625,4618.60009765625,4661.7998046875,4615.39990234375,4630.0498046875,0
2019-09-13,4646.10009765625,4646.10009765625,4650.7001953125,4604.9501953125,4634.89990234375,0
2019-09-16,4664.14990234375,4664.14990234375,4668.39990234375,4612.85009765625,4625.60009765625,0
2019-09-17,4571.2001953125,4571.2001953125,4684.25,4563.2998046875,4676.75,0
2019-09-18,4577.7998046875,4577.7998046875,4613.4501953125,4565.60009765625,4600.5498046875,0
2019-09-19,4512.64990234375,4512.64990234375,4586.89990234375,4498.4501953125,4586.85009765625,0
2019-09-20,4668.9501953125,4668.9501953125,4696.2998046875,4490.25,4524.7998046875,0
2019-09-23,4819.89990234375,4819.89990234375,4823.2998046875,4740.5,4743.10009765625,0
2019-09-24,4820.85009765625,4820.85009765625,4848.14990234375,4805.2998046875,4835.25,0
2019-09-25,4742.85009765625,4742.85009765625,4826.85009765625,4732.4501953125,4826.60009765625,0
2019-09-26,4766.5,4766.5,4778.4501953125,4751.14990234375,4755.4501953125,0
2019-09-27,4730.7998046875,4730.7998046875,4787.2998046875,4723.7998046875,4771.9501953125,0
2019-09-30,4677.39990234375,4677.39990234375,4743.7001953125,4653.25,4739.60009765625,0
2019-10-01,4598.0498046875,4598.0498046875,4699.5498046875,4538.60009765625,4695.39990234375,0
2019-10-03,4576.85009765625,4576.85009765625,4604.9501953125,4551.5,4591.85009765625,0
2019-10-04,4535.89990234375,4535.89990234375,4606.75,4531.10009765625,4601.2998046875,0
2019-10-07,4488.39990234375,4488.39990234375,4547.14990234375,4483.9501953125,4542.85009765625,0
2019-10-09,4515.85009765625,4515.85009765625,4518.5498046875,4469.4501953125,4495.2998046875,0
2019-10-10,4492.5498046875,4492.5498046875,4518.60009765625,4488.0498046875,4510.35009765625,0
2019-10-11,4506.85009765625,4506.85009765625,4528.25,4477.35009765625,4502.7001953125,0
2019-10-14,4507.5498046875,4507.5498046875,4531.5498046875,4502.2001953125,4520.0498046875,0
2019-10-15,4504.7998046875,4504.7998046875,4522.0,4500.60009765625,4519.7001953125,0
2019-10-16,4513.7998046875,4513.7998046875,4539.64990234375,4507.60009765625,4524.7001953125,0
2019-10-17,4557.7001953125,4557.7001953125,4561.2001953125,4513.9501953125,4520.60009765625,0
2019-10-18,4643.2001953125,4643.2001953125,4649.5498046875,4568.7001953125,4569.7001953125,0
2019-10-22,4681.85009765625,4681.85009765625,4695.9501953125,4655.0,4656.25,0
2019-10-23,4687.39990234375,4687.39990234375,4700.39990234375,4666.0,4694.60009765625,0
2019-10-24,4664.75,4664.75,4717.7998046875,4658.89990234375,4710.35009765625,0
2019-10-25,4645.7998046875,4645.7998046875,4679.85009765625,4635.0,4675.14990234375,0
2019-10-29,4726.7998046875,4726.7998046875,4734.2998046875,4690.9501953125,4703.89990234375,0
2019-10-30,4756.85009765625,4756.85009765625,4765.5,4743.10009765625,4751.0498046875,0
2019-10-31,4789.75,4789.75,4806.5,4779.60009765625,4780.25,0
2019-11-01,4817.60009765625,4817.60009765625,4831.2001953125,4807.60009765625,4813.60009765625,0
2019-11-04,4839.0,4839.0,4869.9501953125,4833.0498046875,4846.2001953125,0
2019-11-05,4794.2998046875,4794.2998046875,4860.2001953125,4783.5,4855.5,0
2019-11-06,4772.14990234375,4772.14990234375,4814.5,4766.85009765625,4814.5,0
2019-11-07,4796.39990234375,4796.39990234375,4807.9501953125,4782.7001953125,4797.60009765625,0
2019-11-08,4774.25,4774.25,4821.2998046875,4769.2001953125,4803.5498046875,0
2019-11-11,4778.35009765625,4778.35009765625,4787.5498046875,4768.89990234375,4783.64990234375,0
2019-11-13,4739.64990234375,4739.64990234375,4786.35009765625,4728.14990234375,4781.60009765625,0
2019-11-14,4739.5,4739.5,4756.0498046875,4718.2998046875,4753.2998046875,0
2019-11-15,4733.64990234375,4733.64990234375,4756.25,4730.35009765625,4747.39990234375,0
2019-11-18,4742.2998046875,4742.2998046875,4758.0498046875,4735.9501953125,4748.85009765625,0
2019-11-19,4755.0498046875,4755.0498046875,4764.0,4747.89990234375,4751.4501953125,0
2019-11-20,4757.7998046875,4757.7998046875,4773.9501953125,4752.60009765625,4767.7998046875,0
2019-11-21,4743.5498046875,4743.5498046875,4779.2998046875,4741.5,4773.64990234375,0
2019-11-22,4744.35009765625,4744.35009765625,4758.25,4735.35009765625,4754.7998046875,0
2019-11-25,4785.4501953125,4785.4501953125,4787.89990234375,4751.35009765625,4759.10009765625,0
2019-11-26,4764.5,4764.5,4816.5,4756.14990234375,4803.35009765625,0
2019-11-27,4767.60009765625,4767.60009765625,4779.89990234375,4756.25,4768.2001953125,0
2019-11-28,4797.0498046875,4797.0498046875,4799.39990234375,4773.4501953125,4777.25,0
2019-11-29,4831.0498046875,4831.0498046875,4839.64990234375,4806.0498046875,4810.14990234375,0
2019-12-02,4795.85009765625,4795.85009765625,4839.0498046875,4791.9501953125,4833.64990234375,0
2019-12-03,4757.75,4757.75,4807.0498046875,4745.2001953125,4804.2998046875,0
2019-12-04,4775.0,4775.0,4780.35009765625,4733.35009765625,4748.5,0
2019-12-05,4781.35009765625,4781.35009765625,4792.75,4766.5,4786.5,0
2019-12-06,4732.0,4732.0,4799.7001953125,4721.25,4796.85009765625,0
2019-12-09,4699.39990234375,4699.39990234375,4741.89990234375,4694.7998046875,4736.7998046875,0
2019-12-10,4655.9501953125,4655.9501953125,4705.0498046875,4646.89990234375,4703.0,0
2019-12-11,4642.89990234375,4642.89990234375,4668.2998046875,4625.60009765625,4663.0498046875,0
2019-12-12,4668.2001953125,4668.2001953125,4672.39990234375,4647.2998046875,4656.2001953125,0
2019-12-13,4707.25,4707.25,4709.75,4683.75,4684.2998046875,0
2019-12-16,4704.14990234375,4704.14990234375,4725.25,4700.0,4722.64990234375,0
2019-12-17,4736.85009765625,4736.85009765625,4738.7998046875,4713.89990234375,4719.7001953125,0
2019-12-18,4738.0498046875,4738.0498046875,4756.2998046875,4727.75,4745.75,0
2019-12-19,4737.85009765625,4737.85009765625,4744.89990234375,4728.5498046875,4740.5498046875,0
2019-12-20,4741.10009765625,4741.10009765625,4757.5,4736.89990234375,4745.7001953125,0
2019-12-23,4741.4501953125,4741.4501953125,4750.75,4733.10009765625,4738.4501953125,0
2019-12-24,4743.39990234375,4743.39990234375,4758.4501953125,4737.39990234375,4752.7001953125,0
2019-12-26,4756.14990234375,4756.14990234375,4768.14990234375,4749.2001953125,4758.2998046875,0
2019-12-27,4795.2998046875,4795.2998046875,4799.14990234375,4771.25,4774.14990234375,0
2019-12-30,4834.2998046875,4834.2998046875,4837.0498046875,4812.14990234375,4812.89990234375,0
2019-12-31,4857.39990234375,4857.39990234375,4861.89990234375,4835.4501953125,4845.10009765625,0
2020-01-01,4892.7001953125,4892.7001953125,4896.5,4869.64990234375,4870.2998046875,0
2020-01-02,4971.5498046875,4971.5498046875,4975.0,4908.64990234375,4910.85009765625,0
2020-01-03,4983.10009765625,4983.10009765625,5002.0,4969.85009765625,4980.4501953125,0
2020-01-06,4887.89990234375,4887.89990234375,4966.89990234375,4876.7001953125,4964.89990234375,0
2020-01-07,4946.35009765625,4946.35009765625,4974.75,4925.35009765625,4925.75,0
2020-01-08,4945.64990234375,4945.64990234375,4949.9501953125,4883.60009765625,4889.7998046875,0
2020-01-09,5037.25,5037.25,5040.64990234375,5003.64990234375,5003.89990234375,0
2020-01-10,5071.2001953125,5071.2001953125,5096.85009765625,5052.2998046875,5062.85009765625,0
2020-01-13,5119.64990234375,5119.64990234375,5122.75,5089.0498046875,5090.35009765625,0
2020-01-14,5147.5498046875,5147.5498046875,5153.5498046875,5127.5498046875,5133.60009765625,0
2020-01-15,5195.89990234375,5195.89990234375,5200.85009765625,5136.5,5149.5498046875,0
2020-01-16,5233.9501953125,5233.9501953125,5242.2998046875,5214.35009765625,5215.25,0
2020-01-17,5253.75,5253.75,5260.2998046875,5236.25,5250.14990234375,0
2020-01-20,5226.2998046875,5226.2998046875,5289.10009765625,5221.2998046875,5285.7998046875,0
2020-01-21,5226.2998046875,5226.2998046875,5247.14990234375,5204.2998046875,5216.7001953125,0
2020-01-22,5218.75,5218.75,5266.9501953125,5212.4501953125,5258.0498046875,0
2020-01-23,5252.25,5252.25,5254.85009765625,5224.5,5229.9501953125,0
2020-01-24,5280.0,5280.0,5286.2001953125,5242.9501953125,5261.89990234375,0
2020-01-27,5276.10009765625,5276.10009765625,5310.39990234375,5262.4501953125,5270.75,0
2020-01-28,5263.9501953125,5263.9501953125,5314.64990234375,5245.5,5297.7998046875,0
2020-01-29,5266.5498046875,5266.5498046875,5305.7998046875,5261.75,5292.5498046875,0
2020-01-30,5203.9501953125,5203.9501953125,5275.0498046875,5194.14990234375,5272.75,0
2020-01-31,5200.75,5200.75,5236.89990234375,5190.0,5228.64990234375,0
2020-02-03,5066.0498046875,5066.0498046875,5088.35009765625,5015.39990234375,5045.0498046875,0
2020-02-04,5157.9501953125,5157.9501953125,5159.64990234375,5096.5498046875,5098.0,0
2020-02-05,5198.39990234375,5198.39990234375,5211.89990234375,5169.7001953125,5171.7001953125,0
2020-02-06,5239.75,5239.75,5249.35009765625,5215.9501953125,5216.60009765625,0
2020-02-07,5259.25,5259.25,5264.89990234375,5242.9501953125,5260.9501953125,0
2020-02-10,5224.5498046875,5224.5498046875,5278.7001953125,5219.7001953125,5274.2998046875,0
2020-02-11,5228.39990234375,5228.39990234375,5267.39990234375,5221.75,5256.85009765625,0
2020-02-12,5217.5,5217.5,5249.75,5206.75,5249.35009765625,0
2020-02-13,5210.89990234375,5210.89990234375,5233.14990234375,5205.25,5230.9501953125,0
2020-02-14,5197.64990234375,5197.64990234375,5241.14990234375,5191.75,5225.9501953125,0
2020-02-17,5139.89990234375,5139.89990234375,5215.2998046875,5135.5498046875,5210.5,0
2020-02-18,5113.7998046875,5113.7998046875,5138.2001953125,5049.7001953125,5135.14990234375,0
2020-02-19,5183.2001953125,5183.2001953125,5189.60009765625,5138.39990234375,5138.5498046875,0
2020-02-20,5203.64990234375,5203.64990234375,5231.14990234375,5185.10009765625,5192.60009765625,0
2020-02-24,5116.25,5116.25,5196.7001953125,5112.2001953125,5179.25,0
2020-02-25,5102.35009765625,5102.35009765625,5160.2998046875,5087.85009765625,5136.89990234375,0
2020-02-26,5072.25,5072.25,5113.89990234375,5058.25,5083.60009765625,0
2020-02-27,5022.5498046875,5022.5498046875,5074.5,4966.75,5068.4501953125,0
2020-02-28,4831.0498046875,4831.0498046875,4908.35009765625,4816.14990234375,4902.7001953125,0
2020-03-02,4774.89990234375,4774.89990234375,4949.14990234375,4746.25,4901.5498046875,0
2020-03-03,4830.2001953125,4830.2001953125,4859.5498046875,4765.5,4825.64990234375,0
2020-03-04,4754.9501953125,4754.9501953125,4862.7998046875,4687.85009765625,4852.5498046875,0
2020-03-05,4775.9501953125,4775.9501953125,4806.89990234375,4742.75,4782.2001953125,0
2020-03-06,4665.9501953125,4665.9501953125,4672.25,4568.39990234375,4598.5,0
2020-03-09,4448.4501953125,4448.4501953125,4571.7998046875,4405.25,4563.7001953125,0
2020-03-11,4436.10009765625,4436.10009765625,4512.75,4417.4501953125,4428.2998046875,0
2020-03-12,4043.39990234375,4043.39990234375,4245.9501953125,4001.949951171875,4228.39990234375,0
2020-03-13,4070.89990234375,4070.89990234375,4093.64990234375,3471.5,3667.10009765625,0
2020-03-16,3849.89990234375,3849.89990234375,3936.75,3835.35009765625,3923.39990234375,0
2020-03-17,3760.199951171875,3760.199951171875,3877.85009765625,3753.800048828125,3836.14990234375,0
2020-03-18,3531.14990234375,3531.14990234375,3826.699951171875,3513.89990234375,3795.60009765625,0
2020-03-19,3345.89990234375,3345.89990234375,3415.85009765625,3244.550048828125,3365.10009765625,0
2020-03-20,3421.0,3421.0,3475.050048828125,3327.050048828125,3362.199951171875,0
2020-03-23,2996.39990234375,2996.39990234375,3186.300048828125,2993.800048828125,3126.0,0
2020-03-24,2967.449951171875,2967.449951171875,3106.25,2867.39990234375,3068.050048828125,0
2020-03-25,3041.550048828125,3041.550048828125,3049.800048828125,2913.449951171875,2920.14990234375,0
2020-03-26,3147.199951171875,3147.199951171875,3215.550048828125,3063.25,3082.949951171875,0
2020-03-27,3174.85009765625,3174.85009765625,3301.050048828125,3157.39990234375,3247.5,0
2020-03-30,3101.10009765625,3101.10009765625,3145.800048828125,3064.60009765625,3124.0,0
2020-03-31,3201.60009765625,3201.60009765625,3209.5,3142.60009765625,3175.75,0
2020-04-01,3170.300048828125,3170.300048828125,3224.85009765625,3153.449951171875,3223.10009765625,0
2020-04-03,3135.39990234375,3135.39990234375,3201.949951171875,3128.25,3199.64990234375,0
2020-04-07,3244.5,3244.5,3255.0,3208.64990234375,3243.89990234375,0
2020-04-08,3299.60009765625,3299.60009765625,3369.550048828125,3252.35009765625,3268.5,0
2020-04-09,3412.699951171875,3412.699951171875,3414.89990234375,3378.449951171875,3382.5,0
2020-04-13,3398.39990234375,3398.39990234375,3463.25,3336.199951171875,3461.39990234375,0
2020-04-15,3434.64990234375,3434.64990234375,3511.699951171875,3411.85009765625,3453.199951171875,0
2020-04-16,3504.25,3504.25,3515.39990234375,3439.75,3450.64990234375,0
2020-04-17,3609.64990234375,3609.64990234375,3617.75,3564.550048828125,3613.35009765625,0
2020-04-20,3633.449951171875,3633.449951171875,3676.0,3628.64990234375,3676.0,0
2020-04-21,3506.75,3506.75,3588.949951171875,3492.5,3584.85009765625,0
2020-04-22,3523.5,3523.5,3530.050048828125,3462.64990234375,3509.300048828125,0
2020-04-23,3570.75,3570.75,3592.550048828125,3553.85009765625,3562.10009765625,0
2020-04-24,3504.300048828125,3504.300048828125,3556.10009765625,3499.199951171875,3555.89990234375,0
2020-04-27,3533.0,3533.0,3566.300048828125,3531.85009765625,3552.449951171875,0
2020-04-28,3558.699951171875,3558.699951171875,3585.64990234375,3524.949951171875,3580.39990234375,0
2020-04-29,3590.550048828125,3590.550048828125,3602.550048828125,3572.85009765625,3589.300048828125,0
2020-04-30,3615.75,3615.75,3664.5,3609.949951171875,3649.89990234375,0
2020-05-04,3502.0,3502.0,3548.5,3487.5,3544.85009765625,0
2020-05-05,3459.050048828125,3459.050048828125,3558.85009765625,3457.199951171875,3536.550048828125,0
2020-05-06,3472.64990234375,3472.64990234375,3489.39990234375,3437.050048828125,3481.550048828125,0
2020-05-07,3479.5,3479.5,3503.199951171875,3472.449951171875,3476.699951171875,0
2020-05-08,3453.39990234375,3453.39990234375,3528.199951171875,3451.300048828125,3517.050048828125,0
2020-05-11,3440.300048828125,3440.300048828125,3499.60009765625,3439.300048828125,3492.39990234375,0
2020-05-12,3412.60009765625,3412.60009765625,3442.10009765625,3375.39990234375,3436.199951171875,0
2020-05-13,3490.800048828125,3490.800048828125,3542.699951171875,3462.800048828125,3542.699951171875,0
2020-05-14,3458.800048828125,3458.800048828125,3494.5,3451.14990234375,3474.949951171875,0
2020-05-15,3461.14990234375,3461.14990234375,3480.64990234375,3449.85009765625,3478.449951171875,0
2020-05-18,3352.5,3352.5,3481.64990234375,3345.449951171875,3478.050048828125,0
2020-05-19,3352.5,3352.5,3391.449951171875,3349.0,3384.75,0
2020-05-20,3394.0,3394.0,3396.75,3356.449951171875,3357.60009765625,0
2020-05-21,3416.35009765625,3416.35009765625,3440.300048828125,3407.10009765625,3407.10009765625,0
2020-05-22,3402.050048828125,3402.050048828125,3439.39990234375,3386.5,3421.60009765625,0
2020-05-26,3422.699951171875,3422.699951171875,3436.10009765625,3406.75,3429.949951171875,0
2020-05-27,3440.75,3440.75,3446.449951171875,3408.60009765625,3442.14990234375,0
2020-05-28,3498.39990234375,3498.39990234375,3501.64990234375,3464.5,3464.64990234375,0
2020-05-29,3538.75,3538.75,3555.550048828125,3494.949951171875,3503.050048828125,0
2020-06-01,3651.949951171875,3651.949951171875,3666.699951171875,3600.10009765625,3601.64990234375,0
2020-06-02,3733.14990234375,3733.14990234375,3736.949951171875,3681.050048828125,3694.0,0
2020-06-03,3781.449951171875,3781.449951171875,3822.300048828125,3769.85009765625,3795.949951171875,0
2020-06-04,3781.39990234375,3781.39990234375,3824.35009765625,3751.89990234375,3809.800048828125,0
2020-06-05,3887.699951171875,3887.699951171875,3893.0,3823.699951171875,3825.0,0
2020-06-08,3931.300048828125,3931.300048828125,3987.14990234375,3920.35009765625,3974.10009765625,0
2020-06-09,3888.85009765625,3888.85009765625,3971.800048828125,3870.25,3966.800048828125,0
2020-06-10,3920.89990234375,3920.89990234375,3926.10009765625,3882.10009765625,3906.85009765625,0
2020-06-11,3876.85009765625,3876.85009765625,3955.25,3870.35009765625,3934.300048828125,0
2020-06-12,3871.300048828125,3871.300048828125,3874.89990234375,3720.5,3720.550048828125,0
2020-06-15,3884.64990234375,3884.64990234375,3922.199951171875,3863.85009765625,3899.699951171875,0
2020-06-16,3881.699951171875,3881.699951171875,3957.800048828125,3821.5,3949.14990234375,0
2020-06-17,3904.800048828125,3904.800048828125,3919.85009765625,3873.10009765625,3882.35009765625,0
2020-06-18,3959.89990234375,3959.89990234375,3962.550048828125,3917.39990234375,3918.39990234375,0
2020-06-19,4026.800048828125,4026.800048828125,4030.64990234375,3988.800048828125,3998.85009765625,0
2020-06-22,4105.39990234375,4105.39990234375,4111.0498046875,4071.25,4078.5,0
2020-06-23,4169.0498046875,4169.0498046875,4171.7998046875,4112.7998046875,4151.4501953125,0
2020-06-24,4110.2998046875,4110.2998046875,4227.39990234375,4105.7998046875,4217.14990234375,0
2020-06-25,4125.5498046875,4125.5498046875,4131.5,4064.550048828125,4082.85009765625,0
2020-06-26,4148.5,4148.5,4178.25,4141.2998046875,4166.2998046875,0
2020-06-29,4097.85009765625,4097.85009765625,4151.7998046875,4076.0,4151.64990234375,0
2020-06-30,4067.25,4067.25,4130.85009765625,4056.050048828125,4124.7998046875,0
2020-07-01,4095.449951171875,4095.449951171875,4100.0,4058.75,4078.699951171875,0
2020-07-02,4130.7998046875,4130.7998046875,4140.2998046875,4119.0,4128.4501953125,0
2020-07-03,4142.14990234375,4142.14990234375,4160.5,4126.5,4155.89990234375,0
2020-07-06,4207.4501953125,4207.4501953125,4209.89990234375,4171.25,4176.2001953125,0
2020-07-07,4236.5,4236.5,4244.25,4200.60009765625,4227.85009765625,0
2020-07-08,4224.9501953125,4224.9501953125,4280.14990234375,4217.5498046875,4260.85009765625,0
2020-07-09,4260.10009765625,4260.10009765625,4265.75,4244.75,4248.25,0
2020-07-10,4246.2001953125,4246.2001953125,4283.39990234375,4226.9501953125,4254.14990234375,0
2020-07-13,4245.89990234375,4245.89990234375,4286.5498046875,4230.0,4278.10009765625,0
2020-07-14,4190.5,4190.5,4241.2001953125,4155.25,4238.64990234375,0
2020-07-15,4187.75,4187.75,4253.25,4178.39990234375,4221.2001953125,0
2020-07-16,4184.7998046875,4184.7998046875,4210.4501953125,4143.7001953125,4202.85009765625,0
2020-07-17,4239.9501953125,4239.9501953125,4243.5498046875,4202.25,4204.14990234375,0
2020-07-20,4279.39990234375,4279.39990234375,4285.10009765625,4261.35009765625,4269.5,0
2020-07-21,4294.89990234375,4294.89990234375,4323.39990234375,4291.7998046875,4313.4501953125,0
2020-07-22,4287.14990234375,4287.14990234375,4320.0,4264.10009765625,4317.2998046875,0
2020-07-23,4318.39990234375,4318.39990234375,4329.9501953125,4296.9501953125,4298.60009765625,0
2020-07-24,4306.10009765625,4306.10009765625,4318.0,4274.85009765625,4305.7001953125,0
2020-07-27,4269.0,4269.0,4332.5,4256.89990234375,4328.5498046875,0
2020-07-28,4312.60009765625,4312.60009765625,4316.25,4284.35009765625,4288.2001953125,0
2020-07-29,4316.75,4316.75,4361.2001953125,4308.89990234375,4331.7001953125,0
2020-07-30,4287.64990234375,4287.64990234375,4345.7998046875,4278.60009765625,4330.0,0
2020-07-31,4320.39990234375,4320.39990234375,4328.64990234375,4276.89990234375,4302.35009765625,0
2020-08-03,4367.89990234375,4367.89990234375,4379.60009765625,4325.9501953125,4331.4501953125,0
2020-08-04,4433.25,4433.25,4438.5,4390.5498046875,4402.89990234375,0
2020-08-05,4475.7998046875,4475.7998046875,4486.5498046875,4454.2001953125,4463.0,0
2020-08-06,4505.7001953125,4505.7001953125,4526.4501953125,4492.10009765625,4498.7001953125,0
2020-08-07,4542.7998046875,4542.7998046875,4550.0,4515.25,4519.0498046875,0
2020-08-10,4614.2998046875,4614.2998046875,4619.5498046875,4577.2001953125,4579.39990234375,0
2020-08-11,4628.75,4628.75,4665.35009765625,4624.7001953125,4654.14990234375,0
2020-08-12,4644.5498046875,4644.5498046875,4649.14990234375,4606.0,4626.5498046875,0
2020-08-13,4687.14990234375,4687.14990234375,4699.64990234375,4675.0498046875,4676.5498046875,0
2020-08-14,4650.85009765625,4650.85009765625,4724.5,4614.5,4716.14990234375,0
2020-08-17,4697.75,4697.75,4704.9501953125,4644.0,4702.25,0
2020-08-18,4758.75,4758.75,4765.85009765625,4718.75,4725.0498046875,0
2020-08-19,4821.14990234375,4821.14990234375,4834.2998046875,4793.0498046875,4794.2998046875,0
2020-08-20,4844.7998046875,4844.7998046875,4865.0,4784.7001953125,4799.2998046875,0
2020-08-21,4915.9501953125,4915.9501953125,4933.2998046875,4888.5,4888.7998046875,0
2020-08-24,4990.5498046875,4990.5498046875,5006.64990234375,4961.39990234375,4965.0498046875,0
2020-08-25,5009.2998046875,5009.2998046875,5043.39990234375,4976.60009765625,5037.5498046875,0
2020-08-26,5059.35009765625,5059.35009765625,5067.89990234375,5030.2998046875,5043.4501953125,0
2020-08-27,5072.0498046875,5072.0498046875,5105.85009765625,5065.75,5097.89990234375,0
2020-08-28,5061.35009765625,5061.35009765625,5113.64990234375,5055.5498046875,5103.7001953125,0
2020-08-31,4833.7998046875,4833.7998046875,5106.7001953125,4800.7001953125,5103.89990234375,0
2020-09-01,4843.5,4843.5,4873.2001953125,4782.64990234375,4828.39990234375,0
2020-09-02,4918.64990234375,4918.64990234375,4924.60009765625,4856.75,4867.0,0
2020-09-03,4949.10009765625,4949.10009765625,4983.39990234375,4943.4501953125,4943.75,0
2020-09-04,4896.14990234375,4896.14990234375,4938.5,4840.35009765625,4862.0,0
2020-09-07,4901.7001953125,4901.7001953125,4940.35009765625,4866.39990234375,4919.0498046875,0
2020-09-08,4856.10009765625,4856.10009765625,4932.0498046875,4838.75,4916.2001953125,0
2020-09-09,4787.7001953125,4787.7001953125,4813.14990234375,4727.7001953125,4810.9501953125,0
2020-09-10,4852.2001953125,4852.2001953125,4883.0498046875,4830.25,4830.2998046875,0
2020-09-11,4861.2001953125,4861.2001953125,4880.25,4849.39990234375,4869.35009765625,0
2020-09-14,5107.89990234375,5107.89990234375,5117.64990234375,4934.5,4934.85009765625,0
2020-09-15,5174.0498046875,5174.0498046875,5179.5498046875,5128.85009765625,5158.39990234375,0
2020-09-16,5193.10009765625,5193.10009765625,5208.14990234375,5168.7001953125,5202.75,0
2020-09-17,5163.35009765625,5163.35009765625,5200.25,5152.2998046875,5175.89990234375,0
2020-09-18,5151.5,5151.5,5208.2998046875,5140.9501953125,5195.0498046875,0
2020-09-21,4956.7998046875,4956.7998046875,5187.0,4946.0498046875,5172.4501953125,0
2020-09-22,4865.5,4865.5,4958.64990234375,4722.2998046875,4952.89990234375,0
2020-09-23,4865.7998046875,4865.7998046875,4962.0,4813.2001953125,4914.10009765625,0
2020-09-24,4751.64990234375,4751.64990234375,4808.4501953125,4741.14990234375,4797.25,0
2020-09-25,4873.89990234375,4873.89990234375,4876.0498046875,4788.0498046875,4803.7998046875,0
2020-09-28,5016.9501953125,5016.9501953125,5023.10009765625,4932.9501953125,4934.39990234375,0
2020-09-29,5004.75,5004.75,5069.9501953125,4978.9501953125,5061.0498046875,0
2020-09-30,5000.7001953125,5000.7001953125,5030.35009765625,4990.14990234375,5028.75,0
2020-10-01,5039.5498046875,5039.5498046875,5070.10009765625,5031.4501953125,5057.85009765625,0
2020-10-05,5065.25,5065.25,5078.85009765625,5041.2998046875,5066.89990234375,0
2020-10-06,5092.35009765625,5092.35009765625,5111.0498046875,5081.0498046875,5101.7001953125,0
2020-10-07,5068.39990234375,5068.39990234375,5113.9501953125,5063.14990234375,5110.5,0
2020-10-08,5053.39990234375,5053.39990234375,5109.7998046875,5051.35009765625,5101.4501953125,0
2020-10-09,5037.4501953125,5037.4501953125,5075.35009765625,5033.35009765625,5066.7998046875,0
2020-10-12,5003.14990234375,5003.14990234375,5061.39990234375,4983.75,5056.5,0
2020-10-13,4996.60009765625,4996.60009765625,5014.7001953125,4987.4501953125,5004.9501953125,0
2020-10-14,5000.39990234375,5000.39990234375,5009.9501953125,4963.75,4999.5498046875,0
2020-10-15,4922.2001953125,4922.2001953125,5030.5498046875,4914.39990234375,5020.7001953125,0
2020-10-16,4987.89990234375,4987.89990234375,4996.7001953125,4900.60009765625,4949.25,0
2020-10-19,5016.35009765625,5016.35009765625,5030.85009765625,5010.7001953125,5025.9501953125,0
2020-10-20,5029.25,5029.25,5032.9501953125,4999.4501953125,5014.4501953125,0
2020-10-21,5029.14990234375,5029.14990234375,5072.2001953125,4979.14990234375,5058.85009765625,0
2020-10-22,5068.14990234375,5068.14990234375,5076.85009765625,5022.85009765625,5031.0498046875,0
2020-10-23,5103.9501953125,5103.9501953125,5112.14990234375,5094.0,5097.5498046875,0
2020-10-26,5048.9501953125,5048.9501953125,5129.2998046875,5038.25,5125.35009765625,0
2020-10-27,5058.85009765625,5058.85009765625,5066.64990234375,5000.25,5052.39990234375,0
2020-10-28,5017.10009765625,5017.10009765625,5080.10009765625,5012.5498046875,5066.60009765625,0
2020-10-29,4975.4501953125,4975.4501953125,4992.7998046875,4940.85009765625,4977.4501953125,0
2020-10-30,4976.7001953125,4976.7001953125,5031.5498046875,4948.64990234375,4995.25,0
2020-11-02,4912.75,4912.75,4990.39990234375,4906.25,4976.7001953125,0
2020-11-03,4925.10009765625,4925.10009765625,4958.5,4917.85009765625,4939.14990234375,0
2020-11-04,4926.14990234375,4926.14990234375,4959.64990234375,4908.4501953125,4938.75,0
2020-11-05,5006.85009765625,5006.85009765625,5009.7998046875,4970.64990234375,4972.0,0
2020-11-06,5031.5498046875,5031.5498046875,5062.9501953125,5027.0498046875,5032.2998046875,0
2020-11-09,5052.25,5052.25,5084.39990234375,5042.75,5077.85009765625,0
2020-11-10,5043.0498046875,5043.0498046875,5091.89990234375,5033.25,5088.35009765625,0
2020-11-11,5070.9501953125,5070.9501953125,5084.60009765625,5029.7998046875,5055.7001953125,0
2020-11-12,5129.85009765625,5129.85009765625,5135.7998046875,5075.0498046875,5084.25,0
2020-11-13,5178.2001953125,5178.2001953125,5184.60009765625,5126.89990234375,5135.39990234375,0
2020-11-17,5251.85009765625,5251.85009765625,5256.2998046875,5214.7001953125,5251.2001953125,0
2020-11-18,5282.4501953125,5282.4501953125,5288.10009765625,5249.7998046875,5257.89990234375,0
2020-11-19,5281.9501953125,5281.9501953125,5353.5498046875,5258.5498046875,5270.10009765625,0
2020-11-20,5338.35009765625,5338.35009765625,5351.5498046875,5296.2001953125,5307.89990234375,0
2020-11-23,5427.39990234375,5427.39990234375,5439.25,5385.0,5393.10009765625,0
2020-11-24,5475.85009765625,5475.85009765625,5482.0498046875,5455.5,5471.7001953125,0
2020-11-25,5424.2001953125,5424.2001953125,5520.60009765625,5418.7998046875,5511.5,0
2020-11-26,5466.0498046875,5466.0498046875,5468.35009765625,5403.25,5450.60009765625,0
2020-11-27,5604.2998046875,5604.2998046875,5616.5498046875,5484.35009765625,5484.85009765625,0
2020-12-01,5669.5,5669.5,5683.10009765625,5632.0,5648.10009765625,0
2020-12-02,5686.2998046875,5686.2998046875,5702.9501953125,5647.75,5698.60009765625,0
2020-12-03,5736.0498046875,5736.0498046875,5741.10009765625,5719.2998046875,5724.9501953125,0
2020-12-04,5764.89990234375,5764.89990234375,5783.39990234375,5718.64990234375,5769.7001953125,0
2020-12-07,5844.0,5844.0,5854.4501953125,5797.25,5798.4501953125,0
2020-12-08,5828.60009765625,5828.60009765625,5897.35009765625,5756.10009765625,5885.89990234375,0
2020-12-09,5872.9501953125,5872.9501953125,5886.39990234375,5855.2998046875,5861.60009765625,0
2020-12-10,5835.5498046875,5835.5498046875,5876.25,5760.64990234375,5876.10009765625,0
2020-12-11,5865.25,5865.25,5908.35009765625,5831.10009765625,5870.4501953125,0
2020-12-14,5912.60009765625,5912.60009765625,5932.39990234375,5887.89990234375,5912.89990234375,0
2020-12-15,5925.10009765625,5925.10009765625,5935.35009765625,5875.9501953125,5927.75,0
2020-12-16,5981.7998046875,5981.7998046875,6001.39990234375,5962.7998046875,5968.75,0
2020-12-17,5980.0,5980.0,6034.14990234375,5970.0498046875,6014.0498046875,0
2020-12-18,5957.85009765625,5957.85009765625,6008.7001953125,5890.89990234375,6003.7001953125,0
2020-12-21,5665.4501953125,5665.4501953125,5985.9501953125,5560.2998046875,5962.5,0
2020-12-22,5718.89990234375,5718.89990234375,5738.2998046875,5455.2001953125,5638.89990234375,0
2020-12-23,5881.7998046875,5881.7998046875,5883.9501953125,5756.4501953125,5758.5498046875,0
2020-12-24,5926.5498046875,5926.5498046875,5959.64990234375,5898.0,5930.35009765625,0
2020-12-28,6027.0498046875,6027.0498046875,6032.0498046875,5977.75,5978.9501953125,0
2020-12-29,6027.0498046875,6027.0498046875,6081.85009765625,5984.7001953125,6070.64990234375,0
2020-12-30,6062.64990234375,6062.64990234375,6065.9501953125,5984.89990234375,6050.25,0
2020-12-31,6076.2001953125,6076.2001953125,6100.60009765625,6062.25,6078.2001953125,0
2021-01-01,6146.14990234375,6146.14990234375,6154.0,6097.0,6098.75,0
2021-01-04,6226.5,6226.5,6230.7998046875,6142.7998046875,6196.60009765625,0
2021-01-05,6264.5,6264.5,6269.5498046875,6165.25,6202.10009765625,0
2021-01-06,6248.7001953125,6248.7001953125,6326.7001953125,6192.60009765625,6299.7001953125,0
2021-01-07,6319.4501953125,6319.4501953125,6343.60009765625,6306.4501953125,6307.5,0
2021-01-08,6364.0498046875,6364.0498046875,6396.5498046875,6352.75,6378.2998046875,0
2021-01-11,6359.14990234375,6359.14990234375,6426.2001953125,6332.85009765625,6418.2001953125,0
2021-01-12,6377.39990234375,6377.39990234375,6395.35009765625,6352.0,6371.75,0
2021-01-13,6360.4501953125,6360.4501953125,6432.0,6297.89990234375,6412.25,0
2021-01-14,6388.39990234375,6388.39990234375,6395.4501953125,6331.35009765625,6383.89990234375,0
2021-01-15,6320.5498046875,6320.5498046875,6425.25,6290.7998046875,6408.14990234375,0
2021-01-18,6203.89990234375,6203.89990234375,6338.14990234375,6177.14990234375,6332.5,0
2021-01-19,6307.75,6307.75,6313.10009765625,6250.75,6250.7998046875,0
2021-01-20,6333.5498046875,6333.5498046875,6363.35009765625,6325.9501953125,6335.4501953125,0
2021-01-21,6306.4501953125,6306.4501953125,6396.75,6286.5498046875,6378.75,0
2021-01-22,6262.7001953125,6262.7001953125,6360.35009765625,6242.25,6326.7001953125,0
2021-01-25,6199.7001953125,6199.7001953125,6347.75,6135.10009765625,6321.0,0
2021-01-27,6186.14990234375,6186.14990234375,6217.0498046875,6141.39990234375,6205.2998046875,0
2021-01-28,6160.0498046875,6160.0498046875,6194.5,6094.5,6124.7998046875,0
2021-01-29,6139.64990234375,6139.64990234375,6245.10009765625,6131.9501953125,6221.0498046875,0
2021-02-01,6262.39990234375,6262.39990234375,6268.7001953125,6105.25,6172.35009765625,0
2021-02-02,6339.9501953125,6339.9501953125,6390.0498046875,6314.2998046875,6335.2001953125,0
2021-02-03,6429.75,6429.75,6443.7998046875,6326.2001953125,6387.5,0
2021-02-04,6518.14990234375,6518.14990234375,6537.4501953125,6438.9501953125,6453.75,0
2021-02-05,6533.75,6533.75,6588.0498046875,6519.5498046875,6567.75,0
2021-02-08,6633.10009765625,6633.10009765625,6649.2001953125,6593.5,6596.25,0
2021-02-09,6604.0,6604.0,6678.89990234375,6585.7001953125,6674.64990234375,0
2021-02-10,6631.2001953125,6631.2001953125,6659.39990234375,6593.9501953125,6634.7001953125,0
2021-02-11,6723.2998046875,6723.2998046875,6730.0,6648.0498046875,6653.89990234375,0
2021-02-12,6713.7998046875,6713.7998046875,6772.0,6694.35009765625,6758.0498046875,0
2021-02-15,6732.7998046875,6732.7998046875,6771.39990234375,6720.4501953125,6755.10009765625,0
2021-02-16,6748.14990234375,6748.14990234375,6789.60009765625,6713.5498046875,6770.39990234375,0
2021-02-17,6773.89990234375,6773.89990234375,6802.5,6744.4501953125,6752.64990234375,0
2021-02-18,6832.25,6832.25,6868.0,6819.4501953125,6821.14990234375,0
2021-02-19,6775.64990234375,6775.64990234375,6894.25,6725.0,6837.5498046875,0
2021-02-22,6709.5498046875,6709.5498046875,6815.2998046875,6690.89990234375,6793.39990234375,0
2021-02-23,6769.10009765625,6769.10009765625,6790.60009765625,6687.60009765625,6755.0498046875,0
2021-02-24,6855.7998046875,6855.7998046875,6866.75,6809.0498046875,6809.4501953125,0
2021-02-25,6967.2998046875,6967.2998046875,6972.7001953125,6911.64990234375,6925.75,0
2021-02-26,6892.75,6892.75,6961.5,6842.5,6883.60009765625,0
2021-03-01,7017.4501953125,7017.4501953125,7025.89990234375,6950.5,6978.89990234375,0
2021-03-02,7102.85009765625,7102.85009765625,7110.10009765625,7049.25,7082.5498046875,0
2021-03-03,7169.14990234375,7169.14990234375,7204.64990234375,7155.75,7163.10009765625,0
2021-03-04,7238.9501953125,7238.9501953125,7263.14990234375,7106.2001953125,7121.5498046875,0
2021-03-05,7128.9501953125,7128.9501953125,7290.2001953125,7099.39990234375,7247.39990234375,0
2021-03-08,7173.0498046875,7173.0498046875,7237.75,7164.0498046875,7199.14990234375,0
2021-03-09,7112.39990234375,7112.39990234375,7260.2998046875,7070.5498046875,7236.25,0
2021-03-10,7187.9501953125,7187.9501953125,7191.4501953125,7139.10009765625,7165.14990234375,0
2021-03-12,7212.7998046875,7212.7998046875,7276.25,7163.9501953125,7249.5,0
2021-03-15,7159.7001953125,7159.7001953125,7259.89990234375,7097.64990234375,7255.5498046875,0
2021-03-16,7178.64990234375,7178.64990234375,7211.39990234375,7152.35009765625,7194.25,0
2021-03-17,7018.60009765625,7018.60009765625,7211.14990234375,7004.2998046875,7202.2001953125,0
2021-03-18,6918.35009765625,6918.35009765625,7121.9501953125,6852.0498046875,7083.2001953125,0
2021-03-19,6948.7998046875,6948.7998046875,6973.64990234375,6682.2001953125,6864.9501953125,0
2021-03-22,6966.4501953125,6966.4501953125,7015.5498046875,6930.4501953125,6977.5498046875,0
2021-03-23,7014.60009765625,7014.60009765625,7030.5,6987.5,6996.60009765625,0
2021-03-24,6881.35009765625,6881.35009765625,7023.25,6870.5,6997.39990234375,0
2021-03-25,6749.85009765625,6749.85009765625,6899.7998046875,6693.0498046875,6896.60009765625,0
2021-03-26,6828.5,6828.5,6857.7001953125,6795.5498046875,6826.75,0
2021-03-30,6916.0,6916.0,6924.60009765625,6857.0,6898.0498046875,0
2021-03-31,6952.5498046875,6952.5498046875,6971.10009765625,6913.4501953125,6938.2998046875,0
2021-04-01,7089.2001953125,7089.2001953125,7093.64990234375,7010.60009765625,7010.89990234375,0
2021-04-05,6976.85009765625,6976.85009765625,7100.0498046875,6902.5,7098.2998046875,0
2021-04-06,7051.85009765625,7051.85009765625,7070.10009765625,6967.7001953125,7015.9501953125,0
2021-04-07,7149.35009765625,7149.35009765625,7161.5,7077.5498046875,7082.2001953125,0
2021-04-08,7225.2001953125,7225.2001953125,7260.4501953125,7193.60009765625,7194.39990234375,0
2021-04-09,7264.0,7264.0,7289.64990234375,7231.89990234375,7247.0,0
2021-04-12,6872.25,6872.25,7163.0498046875,6835.0498046875,7155.2001953125,0
2021-04-13,6987.5498046875,6987.5498046875,7022.85009765625,6895.10009765625,6895.10009765625,0
2021-04-15,6965.35009765625,6965.35009765625,7006.64990234375,6887.64990234375,6964.10009765625,0
2021-04-16,7024.75,7024.75,7052.7001953125,6982.60009765625,7000.64990234375,0
2021-04-19,6883.89990234375,6883.89990234375,6904.14990234375,6768.0,6884.75,0
2021-04-20,6936.2001953125,6936.2001953125,7007.5498046875,6904.0,6959.85009765625,0
2021-04-22,6987.25,6987.25,7001.14990234375,6908.85009765625,6918.14990234375,0
2021-04-23,7015.9501953125,7015.9501953125,7071.0,6982.64990234375,6997.39990234375,0
2021-04-26,7092.4501953125,7092.4501953125,7092.4501953125,7092.4501953125,7092.4501953125,0
2021-04-27,7213.5498046875,7213.5498046875,7220.25,7127.39990234375,7127.5,0
2021-04-28,7270.7998046875,7270.7998046875,7270.7998046875,7270.7998046875,7270.7998046875,0
2021-04-29,7293.0498046875,7293.0498046875,7352.39990234375,7239.7001953125,7335.39990234375,0
2021-04-30,7271.14990234375,7271.14990234375,7333.75,7238.39990234375,7250.7998046875,0
2021-05-03,7364.85009765625,7364.85009765625,7369.25,7239.25,7252.5498046875,0
2021-05-04,7317.64990234375,7317.64990234375,7467.2998046875,7305.60009765625,7430.0,0
2021-05-05,7365.75,7365.75,7395.75,7347.60009765625,7377.0,0
2021-05-06,7422.0,7422.0,7430.2998046875,7371.2001953125,7414.5498046875,0
2021-05-07,7474.2001953125,7474.2001953125,7503.85009765625,7460.39990234375,7483.2998046875,0
2021-05-10,7588.0,7588.0,7603.89990234375,7536.0,7548.0498046875,0
2021-05-11,7650.2998046875,7650.2998046875,7677.0498046875,7528.39990234375,7549.10009765625,0
2021-05-12,7597.39990234375,7597.39990234375,7722.14990234375,7570.14990234375,7694.2998046875,0
2021-05-14,7523.10009765625,7523.10009765625,7679.7001953125,7496.9501953125,7662.2998046875,0
2021-05-17,7620.2998046875,7620.2998046875,7627.7998046875,7557.14990234375,7582.10009765625,0
2021-05-18,7715.7001953125,7715.7001953125,7732.2998046875,7691.25,7691.39990234375,0
2021-05-19,7760.25,7760.25,7783.14990234375,7733.0498046875,7734.25,0
2021-05-20,7775.2998046875,7775.2998046875,7821.9501953125,7735.0498046875,7801.75,0
2021-05-21,7834.10009765625,7834.10009765625,7861.60009765625,7824.0,7834.64990234375,0
2021-05-24,7894.5,7894.5,7916.9501953125,7853.75,7888.5,0
2021-05-25,7906.60009765625,7906.60009765625,7971.75,7893.9501953125,7952.2001953125,0
2021-05-26,7959.5498046875,7959.5498046875,7991.25,7947.4501953125,7958.7998046875,0
2021-05-27,8012.7998046875,8012.7998046875,8027.39990234375,7953.39990234375,7997.39990234375,0
2021-05-28,7971.89990234375,7971.89990234375,8085.0498046875,7961.75,8068.60009765625,0
2021-05-31,8004.75,8004.75,8038.14990234375,7971.10009765625,8023.0498046875,0
2021-06-01,7951.2998046875,7951.2998046875,8075.9501953125,7938.7001953125,8060.5,0
2021-06-02,8048.60009765625,8048.60009765625,8056.14990234375,7960.35009765625,7970.39990234375,0
2021-06-03,8138.7998046875,8138.7998046875,8154.35009765625,8112.60009765625,8114.35009765625,0
2021-06-04,8181.0,8181.0,8206.2998046875,8167.5,8187.85009765625,0
2021-06-07,8300.7001953125,8300.7001953125,8311.849609375,8244.400390625,8252.349609375,0
2021-06-08,8343.0498046875,8343.0498046875,8353.400390625,8255.099609375,8344.099609375,0
2021-06-09,8240.0498046875,8240.0498046875,8422.7998046875,8199.2998046875,8392.2001953125,0
2021-06-10,8373.099609375,8373.099609375,8379.349609375,8296.349609375,8296.349609375,0
2021-06-11,8402.900390625,8402.900390625,8455.150390625,8375.75,8448.25,0
2021-06-14,8362.7998046875,8362.7998046875,8442.599609375,8188.89990234375,8437.5498046875,0
2021-06-15,8404.4501953125,8404.4501953125,8443.7998046875,8393.9501953125,8408.75,0
2021-06-16,8352.75,8352.75,8454.0,8337.75,8435.75,0
2021-06-17,8300.900390625,8300.900390625,8398.849609375,8282.0498046875,8304.2001953125,0
2021-06-18,8241.25,8241.25,8365.849609375,8005.5498046875,8349.7998046875,0
2021-06-21,8305.349609375,8305.349609375,8312.5498046875,8105.5,8134.75,0
2021-06-22,8379.400390625,8379.400390625,8429.25,8366.4501953125,8384.5,0
2021-06-23,8350.400390625,8350.400390625,8443.2998046875,8341.0498046875,8434.900390625,0
2021-06-24,8332.9501953125,8332.9501953125,8404.150390625,8323.099609375,8380.7001953125,0
2021-06-25,8363.099609375,8363.099609375,8387.650390625,8347.849609375,8374.7001953125,0
2021-06-28,8406.5,8406.5,8422.900390625,8387.099609375,8414.2998046875,0
2021-06-29,8398.0498046875,8398.0498046875,8458.150390625,8389.599609375,8440.849609375,0
2021-06-30,8452.25,8452.25,8475.7001953125,8442.5,8446.349609375,0
2021-07-01,8502.099609375,8502.099609375,8513.9501953125,8475.599609375,8497.5498046875,0
2021-07-02,8580.75,8580.75,8596.75,8546.7001953125,8560.0,0
2021-07-05,8677.2998046875,8677.2998046875,8698.2998046875,8645.849609375,8655.4501953125,0
2021-07-06,8631.650390625,8631.650390625,8736.4501953125,8617.25,8718.75,0
2021-07-07,8688.849609375,8688.849609375,8696.2998046875,8619.7998046875,8654.4501953125,0
2021-07-08,8684.75,8684.75,8767.599609375,8634.4501953125,8715.599609375,0
2021-07-09,8732.400390625,8732.400390625,8737.099609375,8668.0498046875,8697.400390625,0
2021-07-12,8826.849609375,8826.849609375,8862.75,8797.7001953125,8833.7001953125,0
2021-07-13,8901.4501953125,8901.4501953125,8905.849609375,8864.599609375,8902.650390625,0
2021-07-14,8917.099609375,8917.099609375,8951.150390625,8908.0498046875,8928.0,0
2021-07-15,8979.099609375,8979.099609375,8993.400390625,8950.150390625,8950.900390625,0
2021-07-16,9057.0498046875,9057.0498046875,9064.349609375,9005.7001953125,9028.349609375,0
2021-07-19,9054.5,9054.5,9113.150390625,8978.7998046875,9008.849609375,0
2021-07-20,8904.599609375,8904.599609375,9104.7001953125,8821.0498046875,9068.75,0
2021-07-22,9046.4501953125,9046.4501953125,9054.2001953125,9001.9501953125,9004.900390625,0
2021-07-23,9026.25,9026.25,9111.599609375,9015.0,9094.099609375,0
2021-07-26,9059.2001953125,9059.2001953125,9099.5,9018.650390625,9043.7001953125,0
2021-07-27,9052.4501953125,9052.4501953125,9168.099609375,9007.349609375,9120.599609375,0
2021-07-28,9005.9501953125,9005.9501953125,9104.849609375,8880.0,9086.5,0
2021-07-29,9087.2001953125,9087.2001953125,9100.2998046875,9020.5498046875,9043.849609375,0
2021-07-30,9131.2998046875,9131.2998046875,9169.2998046875,9094.7998046875,9108.7001953125,0
2021-08-02,9206.2001953125,9206.2001953125,9234.349609375,9186.599609375,9207.25,0
2021-08-03,9183.5498046875,9183.5498046875,9262.900390625,9173.5,9251.5,0
2021-08-04,9081.2998046875,9081.2998046875,9256.349609375,9066.400390625,9240.0,0
2021-08-05,9032.0498046875,9032.0498046875,9120.650390625,8939.099609375,9117.7998046875,0
2021-08-06,9044.2001953125,9044.2001953125,9101.2001953125,9040.2001953125,9044.7001953125,0
2021-08-09,8949.5498046875,8949.5498046875,9082.5,8923.7001953125,9077.5498046875,0
2021-08-10,8718.0,8718.0,8977.9501953125,8615.5498046875,8960.9501953125,0
2021-08-11,8671.25,8671.25,8753.9501953125,8427.0498046875,8728.650390625,0
2021-08-12,8868.650390625,8868.650390625,8879.349609375,8710.0498046875,8710.0498046875,0
2021-08-13,8862.5,8862.5,8918.7001953125,8849.349609375,8908.849609375,0
2021-08-16,8786.099609375,8786.099609375,8879.400390625,8774.849609375,8873.7998046875,0
2021-08-17,8761.75,8761.75,8810.4501953125,8723.099609375,8798.0,0
2021-08-18,8725.349609375,8725.349609375,8804.599609375,8699.349609375,8791.7998046875,0
2021-08-20,8518.7001953125,8518.7001953125,8681.650390625,8498.099609375,8630.099609375,0
2021-08-23,8350.150390625,8350.150390625,8619.9501953125,8283.0,8586.2998046875,0
2021-08-24,8522.7001953125,8522.7001953125,8533.5,8345.7998046875,8359.7001953125,0
2021-08-25,8587.7001953125,8587.7001953125,8613.2001953125,8561.900390625,8578.5,0
2021-08-26,8606.75,8606.75,8635.9501953125,8586.849609375,8611.349609375,0
2021-08-27,8673.7998046875,8673.7998046875,8679.0498046875,8587.5,8623.599609375,0
2021-08-30,8794.5498046875,8794.5498046875,8811.849609375,8730.2001953125,8733.7001953125,0
2021-08-31,8854.849609375,8854.849609375,8864.2001953125,8807.599609375,8832.849609375,0
2021-09-01,8872.75,8872.75,8905.900390625,8812.349609375,8893.25,0
2021-09-02,8958.150390625,8958.150390625,8967.349609375,8897.75,8898.7998046875,0
2021-09-03,9006.75,9006.75,9025.75,8982.5498046875,9000.0498046875,0
2021-09-06,9079.0,9079.0,9091.900390625,9049.4501953125,9058.900390625,0
2021-09-07,9057.0,9057.0,9129.4501953125,8999.0498046875,9121.650390625,0
2021-09-08,9113.25,9113.25,9133.7998046875,9060.650390625,9090.9501953125,0
2021-09-09,9184.5498046875,9184.5498046875,9193.0498046875,9123.7998046875,9130.5,0
2021-09-13,9252.849609375,9252.849609375,9258.4501953125,9183.0,9218.099609375,0
2021-09-14,9299.400390625,9299.400390625,9331.9501953125,9274.5498046875,9323.5498046875,0
2021-09-15,9362.4501953125,9362.4501953125,9372.7998046875,9317.7998046875,9338.7001953125,0
2021-09-16,9360.0498046875,9360.0498046875,9430.900390625,9341.0,9398.900390625,0
2021-09-17,9293.2998046875,9293.2998046875,9424.099609375,9192.0498046875,9413.400390625,0
2021-09-20,9113.150390625,9113.150390625,9310.099609375,9102.5498046875,9230.900390625,0
2021-09-21,9116.75,9116.75,9142.400390625,8956.5,9110.400390625,0
2021-09-22,9232.2998046875,9232.2998046875,9259.099609375,9159.75,9171.75,0
2021-09-23,9311.2998046875,9311.2998046875,9348.2001953125,9299.900390625,9306.099609375,0
2021-09-24,9305.099609375,9305.099609375,9386.349609375,9263.75,9377.0,0
2021-09-27,9320.2001953125,9320.2001953125,9393.349609375,9298.0,9379.849609375,0
2021-09-28,9276.2998046875,9276.2998046875,9369.25,9215.9501953125,9361.7001953125,0
2021-09-29,9301.25,9301.25,9324.9501953125,9200.5,9233.25,0
2021-09-30,9364.5,9364.5,9387.349609375,9341.75,9348.2998046875,0
2021-10-01,9391.599609375,9391.599609375,9400.599609375,9326.599609375,9343.099609375,0
2021-10-04,9525.7998046875,9525.7998046875,9535.0498046875,9462.099609375,9464.75,0
2021-10-05,9578.150390625,9578.150390625,9595.9501953125,9534.0,9547.0,0
2021-10-06,9496.099609375,9496.099609375,9652.2998046875,9479.7998046875,9631.650390625,0
2021-10-07,9607.7998046875,9607.7998046875,9623.5,9584.650390625,9584.650390625,0
2021-10-08,9684.9501953125,9684.9501953125,9694.5498046875,9633.400390625,9673.7001953125,0
2021-10-11,9789.2998046875,9789.2998046875,9818.5,9743.099609375,9756.5498046875,0
2021-10-12,9851.349609375,9851.349609375,9857.7001953125,9784.650390625,9815.849609375,0
2021-10-13,9878.5498046875,9878.5498046875,9931.150390625,9864.7001953125,9911.5,0
2021-10-14,9931.150390625,9931.150390625,9962.5,9911.400390625,9957.599609375,0
2021-10-18,10013.650390625,10013.650390625,10060.5,10003.400390625,10035.7998046875,0
2021-10-19,9828.900390625,9828.900390625,10129.099609375,9789.7001953125,10104.25,0
2021-10-20,9627.349609375,9627.349609375,9833.7001953125,9553.4501953125,9828.4501953125,0
2021-10-21,9560.900390625,9560.900390625,9708.9501953125,9506.75,9677.4501953125,0
2021-10-22,9456.900390625,9456.900390625,9670.25,9394.400390625,9637.599609375,0
2021-10-25,9284.0,9284.0,9535.0498046875,9176.9501953125,9511.849609375,0
2021-10-26,9508.5,9508.5,9529.9501953125,9315.75,9316.2998046875,0
2021-10-27,9558.2998046875,9558.2998046875,9605.7998046875,9519.0,9576.75,0
2021-10-28,9408.25,9408.25,9582.900390625,9389.0,9582.900390625,0
2021-10-29,9376.849609375,9376.849609375,9432.349609375,9217.9501953125,9383.099609375,0
2021-11-01,9474.9501953125,9474.9501953125,9491.7001953125,9414.650390625,9433.5,0
2021-11-02,9588.2998046875,9588.2998046875,9598.650390625,9521.7001953125,9522.150390625,0
2021-11-03,9556.2001953125,9556.2001953125,9635.2001953125,9524.75,9628.2998046875,0
2021-11-04,9683.849609375,9683.849609375,9691.25,9638.0498046875,9640.5,0
2021-11-08,9760.349609375,9760.349609375,9772.4501953125,9636.5498046875,9742.400390625,0
2021-11-09,9800.349609375,9800.349609375,9838.7998046875,9779.2001953125,9793.2001953125,0
2021-11-10,9795.9501953125,9795.9501953125,9865.599609375,9767.900390625,9799.099609375,0
2021-11-11,9745.5498046875,9745.5498046875,9832.400390625,9727.4501953125,9806.2001953125,0
2021-11-12,9778.599609375,9778.599609375,9804.099609375,9718.7998046875,9791.400390625,0
2021-11-15,9756.25,9756.25,9831.2001953125,9733.599609375,9826.900390625,0
2021-11-16,9784.400390625,9784.400390625,9841.75,9761.900390625,9788.349609375,0
2021-11-17,9776.349609375,9776.349609375,9852.7001953125,9762.2001953125,9798.2998046875,0
2021-11-18,9620.5498046875,9620.5498046875,9837.2001953125,9581.599609375,9815.150390625,0
2021-11-22,9362.650390625,9362.650390625,9663.0,9258.5,9654.25,0
2021-11-23,9541.849609375,9541.849609375,9551.150390625,9273.349609375,9326.25,0
2021-11-24,9588.150390625,9588.150390625,9677.400390625,9561.0,9624.0498046875,0
2021-11-25,9670.2001953125,9670.2001953125,9677.9501953125,9563.400390625,9617.599609375,0
2021-11-26,9390.650390625,9390.650390625,9638.150390625,9373.2998046875,9582.2998046875,0
2021-11-29,9154.2001953125,9154.2001953125,9320.25,8953.650390625,9291.2001953125,0
2021-11-30,9336.2001953125,9336.2001953125,9396.849609375,9167.9501953125,9168.5498046875,0
2021-12-01,9363.9501953125,9363.9501953125,9446.7998046875,9294.650390625,9405.7998046875,0
2021-12-02,9465.849609375,9465.849609375,9480.7998046875,9350.75,9395.5,0
2021-12-03,9519.2998046875,9519.2998046875,9589.150390625,9506.9501953125,9509.400390625,0
2021-12-06,9400.75,9400.75,9570.400390625,9382.2001953125,9557.7001953125,0
2021-12-07,9516.9501953125,9516.9501953125,9536.5,9468.75,9492.099609375,0
2021-12-08,9658.849609375,9658.849609375,9677.7001953125,9594.650390625,9597.0,0
2021-12-09,9747.349609375,9747.349609375,9770.0498046875,9657.5498046875,9715.849609375,0
2021-12-10,9835.900390625,9835.900390625,9852.7001953125,9766.0498046875,9774.7998046875,0
2021-12-13,9837.900390625,9837.900390625,9945.2001953125,9821.849609375,9916.099609375,0
2021-12-14,9867.7001953125,9867.7001953125,9879.7998046875,9772.7001953125,9816.2998046875,0
2021-12-15,9833.5498046875,9833.5498046875,9937.7998046875,9810.7001953125,9901.25,0
2021-12-16,9737.7998046875,9737.7998046875,9932.900390625,9709.2998046875,9908.650390625,0
2021-12-17,9515.75,9515.75,9759.099609375,9500.0498046875,9752.7998046875,0
2021-12-20,9185.099609375,9185.099609375,9408.599609375,9089.849609375,9399.5,0
2021-12-21,9299.650390625,9299.650390625,9386.4501953125,9255.75,9256.0,0
2021-12-22,9453.5498046875,9453.5498046875,9462.9501953125,9360.2001953125,9363.599609375,0
2021-12-23,9528.150390625,9528.150390625,9556.9501953125,9500.900390625,9517.7001953125,0
2021-12-24,9466.400390625,9466.400390625,9579.7998046875,9433.5,9573.2998046875,0
2021-12-27,9502.5498046875,9502.5498046875,9516.0,9361.0498046875,9463.150390625,0
2021-12-28,9643.7998046875,9643.7998046875,9663.099609375,9583.400390625,9583.5498046875,0
2021-12-29,9712.349609375,9712.349609375,9737.150390625,9657.5498046875,9678.400390625,0
2021-12-30,9726.599609375,9726.599609375,9761.5,9700.5,9723.5498046875,0
2021-12-31,9840.0,9840.0,9852.099609375,9768.5498046875,9768.5498046875,0
2022-01-03,9966.349609375,9966.349609375,9982.2998046875,9893.5498046875,9894.5,0
2022-01-04,10018.4501953125,10018.4501953125,10048.849609375,9947.650390625,10033.150390625,0
2022-01-05,10024.2998046875,10024.2998046875,10048.25,9960.75,10020.099609375,0
2022-01-06,10034.9501953125,10034.9501953125,10045.599609375,9919.25,9964.5,0
2022-01-07,10076.599609375,10076.599609375,10137.900390625,10013.400390625,10079.400390625,0
2022-01-10,10218.2998046875,10218.2998046875,10228.900390625,10148.75,10155.7001953125,0
2022-01-11,10228.7998046875,10228.7998046875,10295.9501953125,10199.650390625,10255.5,0
2022-01-12,10292.349609375,10292.349609375,10325.599609375,10250.5,10298.7998046875,0
2022-01-13,10352.599609375,10352.599609375,10364.599609375,10265.5,10327.0498046875,0
2022-01-14,10424.0,10424.0,10436.2998046875,10311.0498046875,10348.849609375,0
2022-01-17,10471.849609375,10471.849609375,10499.650390625,10428.2001953125,10465.0498046875,0
2022-01-18,10257.7998046875,10257.7998046875,10524.5498046875,10234.4501953125,10513.75,0
2022-01-19,10281.150390625,10281.150390625,10290.75,10142.849609375,10240.0498046875,0
2022-01-20,10269.25,10269.25,10358.099609375,10241.4501953125,10283.400390625,0
2022-01-21,10076.849609375,10076.849609375,10266.599609375,10007.349609375,10217.75,0
2022-01-24,9611.5,9611.5,10071.0,9522.099609375,10058.0,0
2022-01-25,9713.4501953125,9713.4501953125,9756.7998046875,9332.7998046875,9505.650390625,0
2022-01-27,9668.5498046875,9668.5498046875,9735.900390625,9577.75,9632.150390625,0
2022-01-28,9719.7001953125,9719.7001953125,9878.25,9708.2998046875,9752.900390625,0
2022-01-31,9813.099609375,9813.099609375,9879.0,9769.7998046875,9838.650390625,0
2022-02-01,9886.599609375,9886.599609375,9922.349609375,9753.4501953125,9900.7001953125,0
2022-02-02,10051.2998046875,10051.2998046875,10062.599609375,9966.0498046875,9967.25,0
2022-02-03,10050.150390625,10050.150390625,10104.7001953125,10033.849609375,10096.0498046875,0
2022-02-04,9991.2998046875,9991.2998046875,10094.7998046875,9978.0498046875,10073.0498046875,0
2022-02-07,9882.2998046875,9882.2998046875,10044.650390625,9862.599609375,10026.150390625,0
2022-02-08,9732.900390625,9732.900390625,9957.25,9648.5498046875,9920.75,0
2022-02-09,9766.0498046875,9766.0498046875,9823.7998046875,9718.150390625,9796.400390625,0
2022-02-10,9781.0498046875,9781.0498046875,9804.099609375,9707.099609375,9799.0,0
2022-02-11,9596.150390625,9596.150390625,9739.2001953125,9582.7001953125,9702.349609375,0
2022-02-14,9187.599609375,9187.599609375,9412.650390625,9166.2998046875,9361.400390625,0
2022-02-15,9370.0498046875,9370.0498046875,9384.7998046875,9057.5498046875,9211.349609375,0
2022-02-16,9440.7998046875,9440.7998046875,9523.349609375,9417.349609375,9470.400390625,0
2022-02-17,9370.2998046875,9370.2998046875,9507.5,9358.400390625,9490.0,0
2022-02-18,9293.5498046875,9293.5498046875,9390.5,9279.2001953125,9336.5498046875,0
2022-02-21,9052.9501953125,9052.9501953125,9244.400390625,9037.900390625,9234.2998046875,0
2022-02-22,8877.5498046875,8877.5498046875,8917.0,8773.400390625,8784.400390625,0
2022-02-23,8982.900390625,8982.900390625,9066.400390625,8960.099609375,8961.5498046875,0
2022-02-24,8454.9501953125,8454.9501953125,8454.9501953125,8454.9501953125,8454.9501953125,0
2022-02-25,8815.2001953125,8815.2001953125,8815.2001953125,8815.2001953125,8815.2001953125,0
2022-02-28,8887.650390625,8887.650390625,8887.650390625,8887.650390625,8887.650390625,0
2022-03-02,8911.099609375,8911.099609375,8911.099609375,8911.099609375,8911.099609375,0
2022-03-03,8945.2998046875,8945.2998046875,8945.2998046875,8945.2998046875,8945.2998046875,0
2022-03-04,8804.099609375,8804.099609375,8921.5,8785.25,8892.25,0
2022-03-07,8599.349609375,8599.349609375,8651.349609375,8526.2998046875,8634.150390625,0
2022-03-08,8717.0498046875,8717.0498046875,8745.150390625,8566.099609375,8621.4501953125,0
2022-03-09,8899.849609375,8899.849609375,8921.0498046875,8786.2998046875,8812.400390625,0
2022-03-10,9025.400390625,9025.400390625,9121.0498046875,8982.0,9104.75,0
2022-03-11,9105.900390625,9105.900390625,9142.650390625,9005.0,9033.9501953125,0
2022-03-14,9143.5498046875,9143.5498046875,9165.650390625,9062.0,9142.25,0
2022-03-15,9067.9501953125,9067.9501953125,9220.2998046875,9034.9501953125,9197.4501953125,0
2022-03-16,9168.5498046875,9168.5498046875,9206.849609375,9139.25,9182.2998046875,0
2022-03-17,9276.9501953125,9276.9501953125,9300.400390625,9262.0,9282.7998046875,0
2022-03-21,9301.5,9301.5,9372.5498046875,9283.400390625,9340.7998046875,0
2022-03-22,9330.349609375,9330.349609375,9344.0,9265.349609375,9339.75,0
2022-03-23,9316.4501953125,9316.4501953125,9426.2001953125,9300.650390625,9401.75,0
2022-03-24,9347.7001953125,9347.7001953125,9365.5498046875,9298.150390625,9306.5498046875,0
2022-03-25,9311.099609375,9311.099609375,9425.400390625,9299.599609375,9408.75,0
2022-03-28,9256.4501953125,9256.4501953125,9371.599609375,9212.9501953125,9362.2001953125,0
2022-03-29,9312.0498046875,9312.0498046875,9335.0498046875,9277.7001953125,9304.099609375,0
2022-03-30,9396.5,9396.5,9439.75,9377.599609375,9391.400390625,0
2022-03-31,9441.4501953125,9441.4501953125,9485.9501953125,9424.849609375,9439.2001953125,0
2022-04-01,9620.150390625,9620.150390625,9626.400390625,9462.0,9468.75,0
2022-04-04,9766.849609375,9766.849609375,9772.400390625,9686.9501953125,9689.0,0
2022-04-05,9860.0498046875,9860.0498046875,9905.150390625,9806.25,9836.2001953125,0
2022-04-06,9902.0,9902.0,9945.4501953125,9825.0,9849.2001953125,0
2022-04-07,9859.2001953125,9859.2001953125,9995.849609375,9831.0498046875,9937.849609375,0
2022-04-08,9934.75,9934.75,9966.9501953125,9891.2998046875,9927.25,0
2022-04-11,9966.5498046875,9966.5498046875,10017.25,9952.0,9972.75,0
2022-04-12,9825.2001953125,9825.2001953125,9972.5,9747.150390625,9972.5,0
2022-04-13,9857.9501953125,9857.9501953125,9934.75,9849.25,9901.75,0
2022-04-18,9770.7998046875,9770.7998046875,9812.599609375,9712.400390625,9812.599609375,0
2022-04-19,9620.7001953125,9620.7001953125,9883.849609375,9533.650390625,9834.900390625,0
2022-04-20,9622.75,9622.75,9755.849609375,9608.2001953125,9678.5,0
2022-04-21,9744.849609375,9744.849609375,9765.349609375,9709.400390625,9709.9501953125,0
2022-04-22,9720.2998046875,9720.2998046875,9810.400390625,9691.849609375,9710.099609375,0
2022-04-25,9526.0498046875,9526.0498046875,9653.099609375,9511.400390625,9649.4501953125,0
2022-04-26,9623.75,9623.75,9660.849609375,9583.9501953125,9623.75,0
2022-04-27,9568.5498046875,9568.5498046875,9600.099609375,9477.349609375,9559.849609375,0
2022-04-28,9593.75,9593.75,9658.9501953125,9514.9501953125,9643.0498046875,0
2022-04-29,9493.2998046875,9493.2998046875,9667.400390625,9471.5498046875,9645.650390625,0
2022-05-02,9397.75,9397.75,9436.5,9337.0498046875,9413.150390625,0
2022-05-04,9183.400390625,9183.400390625,9477.849609375,9150.5498046875,9442.400390625,0
2022-05-05,9126.7001953125,9126.7001953125,9302.349609375,9114.5498046875,9287.7001953125,0
2022-05-06,8919.4501953125,8919.4501953125,8966.599609375,8852.400390625,8957.900390625,0
2022-05-09,8748.9501953125,8748.9501953125,8868.75,8700.2998046875,8858.2998046875,0
2022-05-10,8569.099609375,8569.099609375,8858.2998046875,8546.900390625,8732.900390625,0
2022-05-11,8340.650390625,8340.650390625,8639.849609375,8188.2998046875,8603.9501953125,0
2022-05-12,8202.150390625,8202.150390625,8262.5,8128.2998046875,8255.900390625,0
2022-05-13,8286.2001953125,8286.2001953125,8428.2001953125,8266.900390625,8329.099609375,0
2022-05-16,8396.7998046875,8396.7998046875,8416.099609375,8250.2998046875,8356.75,0
2022-05-17,8638.099609375,8638.099609375,8649.349609375,8435.400390625,8470.7001953125,0
2022-05-18,8667.2001953125,8667.2001953125,8758.7001953125,8623.400390625,8693.2998046875,0
2022-05-19,8473.599609375,8473.599609375,8547.599609375,8416.2998046875,8457.9501953125,0
2022-05-20,8654.5498046875,8654.5498046875,8666.150390625,8574.599609375,8598.7998046875,0
2022-05-23,8594.099609375,8594.099609375,8711.599609375,8581.599609375,8697.650390625,0
2022-05-24,8488.599609375,8488.599609375,8646.25,8473.0498046875,8627.9501953125,0
2022-05-25,8233.7001953125,8233.7001953125,8541.5,8227.099609375,8523.2001953125,0
2022-05-26,8311.7998046875,8311.7998046875,8323.5498046875,8065.9501953125,8267.849609375,0
2022-05-27,8397.349609375,8397.349609375,8439.650390625,8344.349609375,8399.900390625,0
2022-05-30,8585.5,8585.5,8592.75,8483.7001953125,8503.349609375,0
2022-05-31,8673.099609375,8673.099609375,8705.599609375,8565.25,8596.7001953125,0
2022-06-01,8730.650390625,8730.650390625,8778.599609375,8671.900390625,8714.2998046875,0
2022-06-02,8772.900390625,8772.900390625,8781.5498046875,8713.7998046875,8729.400390625,0
2022-06-03,8696.349609375,8696.349609375,8874.2998046875,8683.0498046875,8855.2001953125,0
2022-06-06,8640.900390625,8640.900390625,8695.900390625,8553.349609375,8688.0498046875,0
2022-06-07,8592.5,8592.5,8636.75,8553.099609375,8609.099609375,0
2022-06-08,8577.599609375,8577.599609375,8659.349609375,8538.2001953125,8626.099609375,0
2022-06-09,8582.150390625,8582.150390625,8589.849609375,8521.0498046875,8541.7001953125,0
2022-06-10,8506.900390625,8506.900390625,8544.9501953125,8493.9501953125,8508.5498046875,0
2022-06-13,8205.650390625,8205.650390625,8353.7998046875,8195.0,8351.0498046875,0
2022-06-14,8172.0498046875,8172.0498046875,8283.849609375,8151.89990234375,8152.4501953125,0
2022-06-15,8217.7998046875,8217.7998046875,8253.400390625,8199.900390625,8218.2998046875,0
2022-06-16,7965.89990234375,7965.89990234375,8332.7001953125,7953.64990234375,8309.5,0
2022-06-17,7902.75,7902.75,7977.85009765625,7813.2001953125,7928.75,0
2022-06-20,7657.25,7657.25,7928.7001953125,7598.0498046875,7910.2001953125,0
2022-06-21,7893.39990234375,7893.39990234375,7911.0,7720.2998046875,7720.64990234375,0
2022-06-22,7810.89990234375,7810.89990234375,7881.10009765625,7794.9501953125,7876.14990234375,0
2022-06-23,7899.89990234375,7899.89990234375,7915.2998046875,7811.39990234375,7833.9501953125,0
2022-06-24,8036.7998046875,8036.7998046875,8047.85009765625,7963.60009765625,7964.5,0
2022-06-27,8165.60009765625,8165.60009765625,8181.14990234375,8119.35009765625,8142.0,0
2022-06-28,8159.2001953125,8159.2001953125,8165.7998046875,8090.2001953125,8148.5,0
2022-06-29,8114.60009765625,8114.60009765625,8157.89990234375,8072.64990234375,8085.2998046875,0
2022-06-30,8088.60009765625,8088.60009765625,8182.5,8073.2001953125,8131.4501953125,0
2022-07-01,8105.5,8105.5,8115.14990234375,7998.14990234375,8080.39990234375,0
2022-07-04,8145.7001953125,8145.7001953125,8166.10009765625,8113.64990234375,8127.5498046875,0
2022-07-05,8166.7998046875,8166.7998046875,8255.0498046875,8155.0498046875,8184.5,0
2022-07-06,8210.099609375,8210.099609375,8216.0498046875,8102.5,8184.75,0
2022-07-07,8317.4501953125,8317.4501953125,8325.0,8258.5,8277.650390625,0
2022-07-08,8336.7998046875,8336.7998046875,8382.25,8321.900390625,8372.2001953125,0
2022-07-11,8423.2998046875,8423.2998046875,8427.7001953125,8315.599609375,8328.150390625,0
2022-07-12,8392.400390625,8392.400390625,8452.849609375,8381.0,8410.0,0
2022-07-13,8410.349609375,8410.349609375,8461.650390625,8396.349609375,8438.650390625,0
2022-07-14,8349.599609375,8349.599609375,8434.5,8313.25,8425.2001953125,0
2022-07-15,8389.349609375,8389.349609375,8395.150390625,8317.75,8369.5498046875,0
2022-07-18,8511.7001953125,8511.7001953125,8520.900390625,8451.5498046875,8453.2998046875,0
2022-07-19,8583.2998046875,8583.2998046875,8590.7998046875,8495.2998046875,8506.900390625,0
2022-07-20,8635.0498046875,8635.0498046875,8692.7001953125,8619.5498046875,8661.900390625,0
2022-07-21,8703.650390625,8703.650390625,8710.4501953125,8636.4501953125,8662.4501953125,0
2022-07-22,8727.650390625,8727.650390625,8753.2001953125,8698.349609375,8744.2998046875,0
2022-07-25,8691.849609375,8691.849609375,8742.7998046875,8656.4501953125,8732.900390625,0
2022-07-26,8602.75,8602.75,8701.5,8588.349609375,8696.650390625,0
2022-07-27,8602.25,8602.25,8612.0498046875,8558.5,8590.599609375,0
2022-07-28,8667.5,8667.5,8676.900390625,8633.150390625,8656.5498046875,0
2022-07-29,8790.5498046875,8790.5498046875,8802.9501953125,8721.0498046875,8726.25,0
2022-08-01,8935.0498046875,8935.0498046875,8944.7001953125,8806.7001953125,8846.0498046875,0
2022-08-02,8990.150390625,8990.150390625,9006.650390625,8910.5498046875,8933.599609375,0
2022-08-03,8954.5498046875,8954.5498046875,9029.650390625,8895.900390625,9011.7998046875,0
2022-08-04,8930.4501953125,8930.4501953125,9035.5498046875,8816.0498046875,9001.400390625,0
2022-08-05,8922.2001953125,8922.2001953125,8990.599609375,8912.0,8962.2001953125,0
2022-08-08,8944.25,8944.25,8951.099609375,8892.349609375,8940.4501953125,0
2022-08-10,8919.0498046875,8919.0498046875,8978.4501953125,8901.5,8967.349609375,0
2022-08-11,8973.0498046875,8973.0498046875,8994.7998046875,8957.150390625,8988.099609375,0
2022-08-12,8992.650390625,8992.650390625,9019.7998046875,8973.2998046875,8985.4501953125,0
2022-08-16,9071.4501953125,9071.4501953125,9080.9501953125,9028.5498046875,9039.2998046875,0
2022-08-17,9115.0498046875,9115.0498046875,9138.400390625,9104.0498046875,9112.7998046875,0
2022-08-18,9139.5498046875,9139.5498046875,9167.75,9116.0,9131.099609375,0
2022-08-19,9041.75,9041.75,9184.5498046875,9024.5,9164.150390625,0
2022-08-22,8960.2998046875,8960.2998046875,9027.849609375,8946.5,9027.849609375,0
2022-08-23,9050.849609375,9050.849609375,9068.900390625,8901.25,8912.849609375,0
2022-08-24,9129.900390625,9129.900390625,9136.7001953125,9071.650390625,9072.099609375,0
2022-08-25,9160.599609375,9160.599609375,9227.5,9143.2001953125,9183.349609375,0
2022-08-26,9227.0498046875,9227.0498046875,9253.0,9200.849609375,9217.75,0
2022-08-29,9172.2001953125,9172.2001953125,9187.2998046875,8979.4501953125,8980.25,0
2022-08-30,9285.7998046875,9285.7998046875,9300.849609375,9246.849609375,9247.2001953125,0
2022-09-01,9313.849609375,9313.849609375,9341.5498046875,9244.2001953125,9254.0,0
2022-09-02,9333.9501953125,9333.9501953125,9384.849609375,9312.7998046875,9369.2998046875,0
2022-09-05,9427.4501953125,9427.4501953125,9434.650390625,9369.400390625,9374.2998046875,0
2022-09-06,9457.25,9457.25,9513.400390625,9401.5,9490.099609375,0
2022-09-07,9533.5498046875,9533.5498046875,9541.0498046875,9416.4501953125,9428.849609375,0
2022-09-08,9600.7001953125,9600.7001953125,9632.900390625,9568.349609375,9618.7001953125,0
2022-09-09,9581.650390625,9581.650390625,9667.650390625,9557.099609375,9658.849609375,0
2022-09-12,9672.349609375,9672.349609375,9686.2998046875,9638.2001953125,9644.150390625,0
2022-09-13,9683.0,9683.0,9742.150390625,9673.2001953125,9724.7998046875,0
2022-09-14,9692.099609375,9692.099609375,9710.900390625,9541.5,9553.25,0
2022-09-15,9690.0498046875,9690.0498046875,9787.2001953125,9667.2001953125,9753.599609375,0
2022-09-16,9467.849609375,9467.849609375,9705.0,9411.650390625,9692.7001953125,0
2022-09-19,9398.2998046875,9398.2998046875,9530.349609375,9357.75,9491.7001953125,0
2022-09-20,9506.25,9506.25,9550.4501953125,9478.2001953125,9479.099609375,0
2022-09-21,9446.7001953125,9446.7001953125,9572.4501953125,9412.5,9535.900390625,0
2022-09-22,9500.400390625,9500.400390625,9523.900390625,9415.5498046875,9429.75,0
2022-09-23,9312.4501953125,9312.4501953125,9545.849609375,9296.0498046875,9523.25,0
2022-09-26,9001.0,9001.0,9234.900390625,8927.5498046875,9231.5498046875,0
2022-09-27,9048.9501953125,9048.9501953125,9135.7001953125,8982.650390625,9053.7001953125,0
2022-09-28,9009.0498046875,9009.0498046875,9093.5,8960.349609375,8996.099609375,0
2022-09-29,9060.150390625,9060.150390625,9153.5498046875,9010.099609375,9108.25,0
2022-09-30,9198.75,9198.75,9208.2998046875,8999.5,9060.599609375,0
2022-10-03,9163.9501953125,9163.9501953125,9245.400390625,9099.4501953125,9200.5,0
2022-10-04,9285.2998046875,9285.2998046875,9319.599609375,9250.5,9298.2998046875,0
2022-10-06,9387.2001953125,9387.2001953125,9417.150390625,9345.7001953125,9351.099609375,0
2022-10-07,9417.400390625,9417.400390625,9424.150390625,9354.2998046875,9389.5498046875,0
2022-10-10,9365.75,9365.75,9394.0498046875,9305.099609375,9340.5,0
2022-10-11,9221.150390625,9221.150390625,9415.7998046875,9200.75,9392.9501953125,0
2022-10-12,9261.4501953125,9261.4501953125,9279.9501953125,9152.5498046875,9247.150390625,0
2022-10-13,9212.0498046875,9212.0498046875,9286.2001953125,9186.099609375,9264.099609375,0
2022-10-14,9215.7001953125,9215.7001953125,9361.25,9200.2001953125,9335.75,0
2022-10-17,9239.25,9239.25,9254.849609375,9131.650390625,9202.150390625,0
2022-10-18,9313.650390625,9313.650390625,9323.75,9282.349609375,9287.7001953125,0
2022-10-19,9316.400390625,9316.400390625,9367.400390625,9301.2998046875,9343.599609375,0
2022-10-20,9327.0,9327.0,9335.7998046875,9262.5498046875,9286.4501953125,0
2022-10-21,9287.349609375,9287.349609375,9383.0,9266.2998046875,9358.2998046875,0
2022-10-24,9374.2998046875,9374.2998046875,9403.2998046875,9361.9501953125,9384.25,0
2022-10-25,9357.25,9357.25,9390.900390625,9313.599609375,9390.900390625,0
2022-10-27,9394.4501953125,9394.4501953125,9417.5,9363.7998046875,9401.900390625,0
2022-10-28,9337.0,9337.0,9427.849609375,9325.599609375,9413.9501953125,0
2022-10-31,9372.0,9372.0,9391.75,9354.349609375,9377.5,0
2022-11-01,9385.2998046875,9385.2998046875,9419.599609375,9360.599609375,9398.7998046875,0
2022-11-02,9386.900390625,9386.900390625,9435.5,9374.75,9401.650390625,0
2022-11-03,9398.75,9398.75,9422.5,9349.900390625,9356.5498046875,0
2022-11-04,9442.099609375,9442.099609375,9452.4501953125,9422.099609375,9433.25,0
2022-11-07,9512.7998046875,9512.7998046875,9523.75,9465.4501953125,9491.400390625,0
2022-11-09,9475.849609375,9475.849609375,9545.0,9456.099609375,9544.7001953125,0
2022-11-10,9359.5,9359.5,9481.9501953125,9318.75,9454.400390625,0
2022-11-11,9391.099609375,9391.099609375,9482.150390625,9376.0498046875,9455.9501953125,0
2022-11-14,9433.7001953125,9433.7001953125,9446.099609375,9369.0498046875,9415.650390625,0
2022-11-15,9439.0,9439.0,9463.0498046875,9422.2001953125,9459.2001953125,0
2022-11-16,9407.599609375,9407.599609375,9468.650390625,9374.2001953125,9451.25,0
2022-11-17,9395.75,9395.75,9423.650390625,9382.349609375,9403.7001953125,0
2022-11-18,9353.5,9353.5,9429.349609375,9322.650390625,9414.849609375,0
2022-11-21,9363.650390625,9363.650390625,9397.2998046875,9339.599609375,9365.849609375,0
2022-11-22,9355.349609375,9355.349609375,9390.4501953125,9343.349609375,9380.5,0
2022-11-23,9410.0,9410.0,9425.599609375,9386.150390625,9387.7001953125,0
2022-11-24,9461.2998046875,9461.2998046875,9471.7001953125,9438.849609375,9441.25,0
2022-11-25,9534.5498046875,9534.5498046875,9549.5498046875,9483.349609375,9485.9501953125,0
2022-11-28,9636.599609375,9636.599609375,9643.150390625,9540.2998046875,9543.5498046875,0
2022-11-29,9602.2001953125,9602.2001953125,9686.2001953125,9587.75,9658.9501953125,0
2022-11-30,9651.0498046875,9651.0498046875,9661.150390625,9617.0,9630.849609375,0
2022-12-01,9693.849609375,9693.849609375,9738.150390625,9677.9501953125,9709.0498046875,0
2022-12-02,9758.150390625,9758.150390625,9766.0498046875,9702.25,9710.7998046875,0
2022-12-05,9790.5,9790.5,9819.75,9771.650390625,9801.0498046875,0
2022-12-06,9767.5,9767.5,9813.7998046875,9754.0498046875,9787.900390625,0
2022-12-07,9729.650390625,9729.650390625,9807.099609375,9707.7001953125,9788.0498046875,0
2022-12-08,9783.2001953125,9783.2001953125,9792.7998046875,9745.650390625,9751.400390625,0
2022-12-09,9681.7998046875,9681.7998046875,9837.650390625,9624.7998046875,9824.75,0
2022-12-12,9733.25,9733.25,9740.25,9618.900390625,9687.0498046875,0
2022-12-13,9788.7001953125,9788.7001953125,9799.9501953125,9761.4501953125,9781.150390625,0
2022-12-14,9852.650390625,9852.650390625,9875.900390625,9804.099609375,9830.7998046875,0
2022-12-15,9810.2001953125,9810.2001953125,9894.0,9795.900390625,9861.900390625,0
2022-12-16,9732.2998046875,9732.2998046875,9849.099609375,9695.75,9783.7998046875,0
2022-12-19,9761.4501953125,9761.4501953125,9791.2998046875,9715.5498046875,9771.5,0
2022-12-20,9741.25,9741.25,9791.5,9677.5498046875,9758.4501953125,0
2022-12-21,9540.0,9540.0,9816.599609375,9507.5,9782.849609375,0
2022-12-22,9373.849609375,9373.849609375,9625.0,9299.349609375,9585.5,0
2022-12-23,8962.5,8962.5,9303.7001953125,8945.349609375,9283.5,0
2022-12-26,9262.7001953125,9262.7001953125,9276.5498046875,8894.75,8958.150390625,0
2022-12-27,9377.0498046875,9377.0498046875,9419.349609375,9279.099609375,9338.25,0
2022-12-28,9397.0498046875,9397.0498046875,9415.2001953125,9321.75,9381.150390625,0
2022-12-29,9408.349609375,9408.349609375,9417.25,9329.349609375,9367.400390625,0
2022-12-30,9481.25,9481.25,9533.2001953125,9463.5,9463.849609375,0
2023-01-02,9552.7998046875,9552.7998046875,9561.849609375,9476.2001953125,9507.099609375,0
2023-01-03,9566.5498046875,9566.5498046875,9596.0498046875,9541.0498046875,9575.900390625,0
2023-01-04,9480.900390625,9480.900390625,9600.150390625,9449.349609375,9585.4501953125,0
2023-01-05,9479.5,9479.5,9531.2001953125,9424.099609375,9518.7998046875,0
2023-01-06,9406.75,9406.75,9500.7998046875,9373.2001953125,9491.9501953125,0
2023-01-09,9444.150390625,9444.150390625,9506.0498046875,9423.9501953125,9474.7001953125,0
2023-01-10,9398.0,9398.0,9467.0,9368.150390625,9461.5,0
2023-01-11,9403.2001953125,9403.2001953125,9458.349609375,9394.0498046875,9426.900390625,0
2023-01-12,9409.400390625,9409.400390625,9460.5498046875,9367.5,9435.5,0
2023-01-13,9436.25,9436.25,9449.349609375,9403.849609375,9432.75,0
2023-01-16,9431.25,9431.25,9493.4501953125,9421.5498046875,9465.2998046875,0
2023-01-17,9417.9501953125,9417.9501953125,9442.7998046875,9379.849609375,9440.599609375,0
2023-01-18,9424.0498046875,9424.0498046875,9450.0,9413.4501953125,9431.849609375,0
2023-01-19,9396.900390625,9396.900390625,9423.400390625,9383.75,9400.400390625,0
2023-01-20,9344.9501953125,9344.9501953125,9424.349609375,9335.7001953125,9416.599609375,0
2023-01-23,9331.900390625,9331.900390625,9384.75,9321.25,9377.0,0
2023-01-24,9294.4501953125,9294.4501953125,9368.4501953125,9283.7001953125,9348.5,0
2023-01-25,9211.900390625,9211.900390625,9300.4501953125,9182.0,9287.7001953125,0
2023-01-27,9043.650390625,9043.650390625,9266.75,8957.400390625,9230.900390625,0
2023-01-30,9024.75,9024.75,9143.599609375,8974.7001953125,9029.2001953125,0
2023-01-31,9261.7001953125,9261.7001953125,9285.9501953125,9025.0,9050.349609375,0
2023-02-01,9155.599609375,9155.599609375,9406.75,9041.650390625,9323.400390625,0
2023-02-02,9195.599609375,9195.599609375,9280.5498046875,9103.5498046875,9121.0,0
2023-02-03,9161.5498046875,9161.5498046875,9248.5,9064.5,9224.150390625,0
2023-02-06,9185.150390625,9185.150390625,9225.7001953125,9160.900390625,9180.650390625,0
2023-02-07,9151.349609375,9151.349609375,9216.9501953125,9130.349609375,9207.2001953125,0
2023-02-08,9222.150390625,9222.150390625,9229.150390625,9142.5,9164.099609375,0
2023-02-09,9198.849609375,9198.849609375,9237.75,9182.400390625,9234.349609375,0
2023-02-10,9243.599609375,9243.599609375,9280.150390625,9184.099609375,9186.7998046875,0
2023-02-13,9133.7001953125,9133.7001953125,9260.2001953125,9123.7001953125,9259.2001953125,0
2023-02-14,9085.4501953125,9085.4501953125,9155.400390625,9064.75,9140.650390625,0
2023-02-15,9121.4501953125,9121.4501953125,9131.2001953125,9066.099609375,9069.599609375,0
2023-02-16,9194.349609375,9194.349609375,9214.099609375,9150.5,9150.900390625,0
2023-02-17,9162.400390625,9162.400390625,9220.4501953125,9152.7998046875,9177.650390625,0
2023-02-20,9133.150390625,9133.150390625,9198.5498046875,9110.75,9189.4501953125,0
2023-02-21,9101.25,9101.25,9154.599609375,9090.0498046875,9149.400390625,0
2023-02-22,8998.400390625,8998.400390625,9090.5498046875,8979.2001953125,9071.400390625,0
2023-02-23,9014.7998046875,9014.7998046875,9037.349609375,8929.099609375,9017.7998046875,0
2023-02-24,8999.099609375,8999.099609375,9076.900390625,8987.7001953125,9045.400390625,0
2023-02-27,8893.2998046875,8893.2998046875,8995.849609375,8853.4501953125,8995.599609375,0
2023-02-28,8924.150390625,8924.150390625,8941.2001953125,8886.400390625,8922.900390625,0
2023-03-01,9035.0498046875,9035.0498046875,9041.849609375,8931.0498046875,8936.0498046875,0
2023-03-02,9027.099609375,9027.099609375,9069.2001953125,9018.599609375,9054.7998046875,0
2023-03-03,9090.650390625,9090.650390625,9115.25,9060.0498046875,9060.650390625,0
2023-03-06,9184.099609375,9184.099609375,9219.849609375,9131.900390625,9137.0,0
2023-03-08,9208.75,9208.75,9220.099609375,9120.099609375,9159.4501953125,0
2023-03-09,9178.2001953125,9178.2001953125,9249.75,9162.900390625,9232.4501953125,0
2023-03-10,9112.400390625,9112.400390625,9142.7001953125,9064.400390625,9126.0498046875,0
2023-03-13,8922.7998046875,8922.7998046875,9111.099609375,8899.099609375,9096.400390625,0
2023-03-14,8843.0,8843.0,8947.7998046875,8809.4501953125,8932.7001953125,0
2023-03-15,8859.2001953125,8859.2001953125,8949.25,8844.599609375,8912.099609375,0
2023-03-16,8797.2998046875,8797.2998046875,8848.849609375,8705.900390625,8847.5,0
2023-03-17,8855.599609375,8855.599609375,8889.349609375,8822.9501953125,8855.7001953125,0
2023-03-20,8779.7998046875,8779.7998046875,8909.25,8736.0498046875,8847.349609375,0
2023-03-21,8820.25,8820.25,8839.2001953125,8805.2998046875,8824.7001953125,0
2023-03-22,8869.4501953125,8869.4501953125,8896.4501953125,8845.650390625,8850.150390625,0
2023-03-23,8842.2998046875,8842.2998046875,8884.5,8832.400390625,8851.349609375,0
2023-03-24,8707.9501953125,8707.9501953125,8862.7001953125,8690.099609375,8844.2001953125,0
2023-03-27,8577.75,8577.75,8729.7998046875,8559.9501953125,8713.9501953125,0
2023-03-28,8509.900390625,8509.900390625,8591.25,8492.400390625,8582.349609375,0
2023-03-29,8654.900390625,8654.900390625,8664.349609375,8509.900390625,8510.099609375,0
2023-03-31,8787.900390625,8787.900390625,8813.349609375,8697.9501953125,8698.650390625,0
2023-04-03,8857.2998046875,8857.2998046875,8877.599609375,8821.0,8836.0,0
2023-04-05,8916.900390625,8916.900390625,8926.0,8868.5498046875,8885.0,0
2023-04-06,8983.150390625,8983.150390625,8991.150390625,8909.150390625,8935.25,0
2023-04-10,8998.7001953125,8998.7001953125,9024.400390625,8978.75,9019.2001953125,0
2023-04-11,9040.0498046875,9040.0498046875,9059.400390625,9019.4501953125,9033.9501953125,0
2023-04-12,9074.5,9074.5,9094.7001953125,9047.2001953125,9061.2998046875,0
2023-04-13,9102.5,9102.5,9118.599609375,9067.5498046875,9088.5,0
2023-04-17,9116.7998046875,9116.7998046875,9130.25,9059.5,9094.7998046875,0
2023-04-18,9123.349609375,9123.349609375,9154.5498046875,9101.4501953125,9136.849609375,0
2023-04-19,9123.400390625,9123.400390625,9170.9501953125,9113.2001953125,9142.75,0
2023-04-20,9148.2998046875,9148.2998046875,9169.2998046875,9133.5,9156.349609375,0
2023-04-21,9130.7998046875,9130.7998046875,9177.2001953125,9089.650390625,9174.75,0
2023-04-24,9174.099609375,9174.099609375,9187.7001953125,9126.9501953125,9154.849609375,0
2023-04-25,9205.0498046875,9205.0498046875,9232.650390625,9174.2001953125,9191.5,0
2023-04-26,9255.5498046875,9255.5498046875,9264.0,9213.900390625,9217.25,0
2023-04-27,9300.849609375,9300.849609375,9312.0498046875,9273.349609375,9278.5,0
2023-04-28,9392.599609375,9392.599609375,9403.0,9344.2998046875,9345.900390625,0
2023-05-02,9452.849609375,9452.849609375,9499.5498046875,9437.099609375,9446.7998046875,0
2023-05-03,9465.75,9465.75,9496.7998046875,9437.2001953125,9449.4501953125,0
2023-05-04,9546.900390625,9546.900390625,9557.349609375,9490.900390625,9491.2998046875,0
2023-05-05,9494.25,9494.25,9578.650390625,9482.0498046875,9552.75,0
2023-05-08,9564.400390625,9564.400390625,9577.75,9521.599609375,9538.2998046875,0
2023-05-09,9524.0,9524.0,9638.900390625,9512.900390625,9604.2001953125,0
2023-05-10,9572.349609375,9572.349609375,9583.849609375,9495.9501953125,9545.0498046875,0
2023-05-11,9640.650390625,9640.650390625,9666.349609375,9615.4501953125,9621.099609375,0
2023-05-12,9603.2998046875,9603.2998046875,9667.099609375,9592.599609375,9653.25,0
2023-05-15,9673.25,9673.25,9683.650390625,9574.900390625,9624.5498046875,0
2023-05-16,9676.9501953125,9676.9501953125,9731.2001953125,9666.75,9708.7001953125,0
2023-05-17,9718.2998046875,9718.2998046875,9739.0498046875,9661.2998046875,9701.349609375,0
2023-05-18,9678.5498046875,9678.5498046875,9777.650390625,9660.849609375,9761.7998046875,0
2023-05-19,9674.849609375,9674.849609375,9708.150390625,9590.25,9704.25,0
2023-05-22,9713.5498046875,9713.5498046875,9723.4501953125,9627.9501953125,9670.849609375,0
2023-05-23,9725.4501953125,9725.4501953125,9771.75,9719.2998046875,9733.2001953125,0
2023-05-24,9729.5,9729.5,9776.4501953125,9695.25,9714.900390625,0
2023-05-25,9759.150390625,9759.150390625,9767.5,9723.0,9740.25,0
2023-05-26,9804.150390625,9804.150390625,9817.2001953125,9761.2998046875,9786.25,0
2023-05-29,9831.7998046875,9831.7998046875,9857.0498046875,9809.650390625,9854.2001953125,0
2023-05-30,9836.900390625,9836.900390625,9863.2001953125,9824.0498046875,9846.900390625,0
2023-05-31,9913.400390625,9913.400390625,9929.7998046875,9821.2001953125,9832.9501953125,0
2023-06-01,9995.349609375,9995.349609375,10018.2998046875,9940.2998046875,9944.900390625,0
2023-06-02,10043.4501953125,10043.4501953125,10079.849609375,10034.2001953125,10046.0,0
2023-06-05,10071.25,10071.25,10124.150390625,10063.9501953125,10102.7998046875,0
2023-06-06,10125.7001953125,10125.7001953125,10132.0498046875,10067.650390625,10102.099609375,0
2023-06-07,10239.2001953125,10239.2001953125,10246.900390625,10172.7998046875,10173.349609375,0
2023-06-08,10170.75,10170.75,10277.849609375,10159.400390625,10270.0,0
2023-06-09,10164.25,10164.25,10205.0,10147.9501953125,10199.150390625,0
2023-06-12,10229.849609375,10229.849609375,10238.2998046875,10175.099609375,10205.2001953125,0
2023-06-13,10304.900390625,10304.900390625,10318.2998046875,10270.599609375,10272.2001953125,0
2023-06-14,10334.4501953125,10334.4501953125,10351.150390625,10314.2998046875,10341.5498046875,0
2023-06-15,10366.7001953125,10366.7001953125,10404.150390625,10348.2001953125,10364.349609375,0
2023-06-16,10450.099609375,10450.099609375,10478.0,10416.150390625,10418.0,0
2023-06-19,10482.5,10482.5,10529.349609375,10464.9501953125,10505.849609375,0
2023-06-20,10524.900390625,10524.900390625,10535.25,10469.599609375,10497.900390625,0
2023-06-21,10531.849609375,10531.849609375,10598.599609375,10516.9501953125,10569.2001953125,0
2023-06-22,10454.4501953125,10454.4501953125,10589.849609375,10429.849609375,10566.150390625,0
2023-06-23,10345.25,10345.25,10470.0498046875,10306.099609375,10468.349609375,0
2023-06-26,10415.7998046875,10415.7998046875,10424.7001953125,10330.7001953125,10357.75,0
2023-06-27,10473.7998046875,10473.7998046875,10504.349609375,10456.2998046875,10458.9501953125,0
2023-06-28,10493.2998046875,10493.2998046875,10546.0,10482.099609375,10522.7001953125,0
2023-06-30,10544.2001953125,10544.2001953125,10559.349609375,10529.4501953125,10530.0,0
2023-07-03,10637.900390625,10637.900390625,10649.0498046875,10604.0,10604.4501953125,0
2023-07-04,10652.400390625,10652.400390625,10707.25,10605.099609375,10690.599609375,0
2023-07-05,10718.900390625,10718.900390625,10728.0,10656.0,10672.400390625,0
2023-07-06,10808.900390625,10808.900390625,10815.599609375,10729.349609375,10736.900390625,0
2023-07-07,10777.349609375,10777.349609375,10847.7001953125,10732.2998046875,10815.400390625,0
2023-07-10,10742.349609375,10742.349609375,10829.2001953125,10728.900390625,10820.0,0
2023-07-11,10843.9501953125,10843.9501953125,10852.849609375,10775.849609375,10777.75,0
2023-07-12,10897.4501953125,10897.4501953125,10937.900390625,10874.5,10882.2001953125,0
2023-07-13,10820.349609375,10820.349609375,10977.5498046875,10793.900390625,10949.2001953125,0
2023-07-14,10962.9501953125,10962.9501953125,10972.2998046875,10863.0498046875,10874.650390625,0
2023-07-17,11048.900390625,11048.900390625,11080.9501953125,11018.650390625,11021.25,0
2023-07-18,10969.349609375,10969.349609375,11109.2998046875,10926.2998046875,11095.4501953125,0
2023-07-19,11049.25,11049.25,11066.349609375,11008.650390625,11009.900390625,0
2023-07-20,11079.2001953125,11079.2001953125,11103.0,11057.5,11078.5,0
2023-07-21,11110.5498046875,11110.5498046875,11126.2001953125,11050.4501953125,11073.0,0
2023-07-24,11136.849609375,11136.849609375,11180.900390625,11126.150390625,11158.7998046875,0
2023-07-25,11141.849609375,11141.849609375,11212.900390625,11127.599609375,11184.5498046875,0
2023-07-26,11178.75,11178.75,11208.7998046875,11163.349609375,11173.849609375,0
2023-07-27,11193.7998046875,11193.7998046875,11259.5498046875,11177.75,11225.150390625,0
2023-07-28,11239.099609375,11239.099609375,11249.7998046875,11196.900390625,11224.0498046875,0
2023-07-31,11355.0,11355.0,11367.7001953125,11288.650390625,11297.0498046875,0
2023-08-01,11377.650390625,11377.650390625,11420.5,11359.75,11403.0498046875,0
2023-08-02,11232.099609375,11232.099609375,11397.5498046875,11137.2998046875,11387.2001953125,0
2023-08-03,11247.5,11247.5,11286.9501953125,11168.0,11224.400390625,0
2023-08-04,11317.75,11317.75,11363.900390625,11301.849609375,11303.75,0
2023-08-07,11353.099609375,11353.099609375,11401.9501953125,11333.2998046875,11395.5,0
2023-08-08,11371.5498046875,11371.5498046875,11396.0,11300.2998046875,11390.2998046875,0
2023-08-09,11435.9501953125,11435.9501953125,11452.5498046875,11368.2001953125,11402.849609375,0
2023-08-10,11406.7998046875,11406.7998046875,11487.349609375,11387.900390625,11462.25,0
2023-08-11,11376.5,11376.5,11454.25,11361.7001953125,11449.2998046875,0
2023-08-14,11302.849609375,11302.849609375,11371.7998046875,11176.099609375,11369.9501953125,0
2023-08-16,11350.2001953125,11350.2001953125,11359.599609375,11270.9501953125,11289.650390625,0
2023-08-17,11370.9501953125,11370.9501953125,11426.7001953125,11356.4501953125,11377.349609375,0
2023-08-18,11338.0498046875,11338.0498046875,11415.7998046875,11317.150390625,11375.150390625,0
2023-08-21,11432.650390625,11432.650390625,11442.7998046875,11375.2998046875,11392.75,0
2023-08-22,11509.7001953125,11509.7001953125,11520.4501953125,11472.9501953125,11477.599609375,0
2023-08-23,11591.5498046875,11591.5498046875,11613.599609375,11551.5,11552.7998046875,0
2023-08-24,11576.9501953125,11576.9501953125,11682.5498046875,11566.0498046875,11664.5,0
2023-08-25,11548.900390625,11548.900390625,11612.099609375,11468.099609375,11561.349609375,0
2023-08-28,11627.2998046875,11627.2998046875,11645.349609375,11590.0,11612.5,0
2023-08-29,11705.25,11705.25,11718.099609375,11676.7998046875,11677.5,0
2023-08-30,11807.900390625,11807.900390625,11829.099609375,11771.0498046875,11781.849609375,0
2023-08-31,11931.2001953125,11931.2001953125,11948.7998046875,11836.7998046875,11865.150390625,0
2023-09-01,12017.150390625,12017.150390625,12031.650390625,11959.900390625,11976.7001953125,0
2023-09-04,12139.849609375,12139.849609375,12169.599609375,12017.150390625,12100.9501953125,0
2023-09-05,12216.25,12216.25,12264.0,12139.849609375,12212.099609375,0
2023-09-06,12223.2998046875,12223.2998046875,12284.2001953125,12186.7998046875,12267.25,0
2023-09-07,12291.9501953125,12291.9501953125,12313.7998046875,12223.2998046875,12268.0,0
2023-09-08,12367.0,12367.0,12389.900390625,12291.9501953125,12363.7998046875,0
2023-09-11,12487.5498046875,12487.5498046875,12503.849609375,12462.25,12465.75,0
2023-09-12,12003.0,12003.0,12573.2998046875,11974.150390625,12563.4501953125,0
2023-09-13,12121.2001953125,12121.2001953125,12156.75,11870.400390625,12019.0,0
2023-09-14,12269.599609375,12269.599609375,12299.9501953125,12199.4501953125,12201.2998046875,0
2023-09-15,12301.650390625,12301.650390625,12368.75,12273.5498046875,12339.599609375,0
2023-09-18,12241.25,12241.25,12352.2001953125,12223.599609375,12344.7998046875,0
2023-09-20,12171.7001953125,12171.7001953125,12271.599609375,12113.5,12226.150390625,0
2023-09-21,12036.7001953125,12036.7001953125,12215.599609375,12009.2998046875,12162.349609375,0
2023-09-22,12038.4501953125,12038.4501953125,12105.25,11946.2001953125,12062.900390625,0
2023-09-25,12048.9501953125,12048.9501953125,12096.2998046875,12023.599609375,12077.75,0
2023-09-26,12100.75,12100.75,12136.849609375,12058.099609375,12077.75,0
2023-09-27,12188.4501953125,12188.4501953125,12200.25,12108.2998046875,12124.0498046875,0
2023-09-28,12150.25,12150.25,12283.75,12132.099609375,12238.7998046875,0
2023-09-29,12230.400390625,12230.400390625,12266.0498046875,12171.7998046875,12203.0498046875,0
2023-10-03,12307.9501953125,12307.9501953125,12318.900390625,12232.4501953125,12259.0,0
2023-10-04,12168.7001953125,12168.7001953125,12293.7998046875,12104.7998046875,12289.650390625,0
2023-10-05,12238.5498046875,12238.5498046875,12291.7001953125,12194.599609375,12243.5498046875,0
2023-10-06,12316.75,12316.75,12329.4501953125,12249.0498046875,12277.4501953125,0
2023-10-09,12116.4501953125,12116.4501953125,12214.75,12077.400390625,12183.0498046875,0
2023-10-10,12252.25,12252.25,12262.7998046875,12173.400390625,12173.900390625,0
2023-10-11,12336.849609375,12336.849609375,12386.5498046875,12320.0498046875,12320.9501953125,0
2023-10-12,12425.2001953125,12425.2001953125,12438.5,12389.5498046875,12391.25,0
2023-10-13,12407.4501953125,12407.4501953125,12469.7001953125,12386.2998046875,12403.75,0
2023-10-16,12446.75,12446.75,12483.25,12410.5,12441.0,0
2023-10-17,12530.400390625,12530.400390625,12563.2001953125,12499.900390625,12539.349609375,0
2023-10-18,12482.349609375,12482.349609375,12590.4501953125,12456.650390625,12571.0,0
2023-10-19,12500.599609375,12500.599609375,12520.650390625,12400.25,12452.9501953125,0
2023-10-20,12400.2998046875,12400.2998046875,12544.0,12380.2998046875,12503.0,0
2023-10-23,11930.400390625,11930.400390625,12456.099609375,11894.2998046875,12442.400390625,0
2023-10-25,11853.7001953125,11853.7001953125,12080.2998046875,11703.650390625,12003.75,0
2023-10-26,11797.150390625,11797.150390625,11825.900390625,11493.75,11807.9501953125,0
2023-10-27,12024.900390625,12024.900390625,12051.5498046875,11885.849609375,11886.4501953125,0
2023-10-30,12033.849609375,12033.849609375,12079.0,11937.150390625,12068.2998046875,0
2023-10-31,12023.75,12023.75,12129.900390625,12006.2001953125,12096.900390625,0
2023-11-01,12000.5,12000.5,12100.5498046875,11988.7001953125,12059.0,0
2023-11-02,12130.2998046875,12130.2998046875,12142.599609375,12077.9501953125,12097.0,0
2023-11-03,12253.599609375,12253.599609375,12273.4501953125,12208.5,12210.0498046875,0
2023-11-06,12384.349609375,12384.349609375,12396.599609375,12333.7998046875,12354.349609375,0
2023-11-07,12456.0498046875,12456.0498046875,12463.2998046875,12367.150390625,12424.349609375,0
2023-11-08,12530.650390625,12530.650390625,12573.349609375,12506.599609375,12514.849609375,0
2023-11-09,12494.349609375,12494.349609375,12581.2001953125,12481.5,12577.900390625,0
2023-11-10,12547.0498046875,12547.0498046875,12558.400390625,12458.099609375,12492.900390625,0
2023-11-13,12736.75,12736.75,12753.75,12631.400390625,12706.5498046875,0
2023-11-15,12878.0,12878.0,12894.849609375,12830.7998046875,12879.150390625,0
2023-11-16,12933.849609375,12933.849609375,12974.0498046875,12878.7998046875,12902.099609375,0
2023-11-17,12976.900390625,12976.900390625,13023.7001953125,12919.900390625,12935.2001953125,0
2023-11-20,12981.5,12981.5,13051.25,12952.599609375,13024.349609375,0
2023-11-21,13006.5498046875,13006.5498046875,13079.5498046875,12991.900390625,13050.7001953125,0
2023-11-22,12896.2001953125,12896.2001953125,13033.25,12853.900390625,13021.5498046875,0
2023-11-23,12962.400390625,12962.400390625,12997.4501953125,12918.4501953125,12919.400390625,0
2023-11-24,12984.9501953125,12984.9501953125,13055.849609375,12975.349609375,13014.7001953125,0
2023-11-28,13013.900390625,13013.900390625,13080.5,13001.400390625,13059.849609375,0
2023-11-29,13112.099609375,13112.099609375,13133.599609375,13041.5498046875,13090.599609375,0
2023-11-30,13252.0,13252.0,13274.2998046875,13083.099609375,13153.9501953125,0
2023-12-01,13326.599609375,13326.599609375,13381.2001953125,13309.4501953125,13332.650390625,0
2023-12-04,13489.0498046875,13489.0498046875,13569.2001953125,13439.0498046875,13559.400390625,0
2023-12-05,13509.0498046875,13509.0498046875,13594.400390625,13415.650390625,13544.7998046875,0
2023-12-06,13545.400390625,13545.400390625,13567.150390625,13487.599609375,13559.2001953125,0
2023-12-07,13586.2001953125,13586.2001953125,13605.5,13473.4501953125,13573.0,0
2023-12-08,13470.7998046875,13470.7998046875,13653.2998046875,13396.5498046875,13633.2998046875,0
2023-12-11,13546.349609375,13546.349609375,13575.2998046875,13523.0,13530.75,0
2023-12-12,13529.599609375,13529.599609375,13636.5,13493.150390625,13611.5498046875,0
2023-12-13,13616.7001953125,13616.7001953125,13626.2998046875,13513.5498046875,13584.849609375,0
2023-12-14,13722.75,13722.75,13775.150390625,13716.849609375,13726.9501953125,0
2023-12-15,13820.4501953125,13820.4501953125,13852.9501953125,13784.9501953125,13802.9501953125,0
2023-12-18,13877.849609375,13877.849609375,13919.599609375,13784.400390625,13869.599609375,0
2023-12-19,13888.9501953125,13888.9501953125,13960.849609375,13838.7998046875,13938.9501953125,0
2023-12-20,13425.25,13425.25,14003.150390625,13383.650390625,13963.349609375,0
2023-12-21,13652.5,13652.5,13673.5,13176.2001953125,13284.900390625,0
2023-12-22,13792.0,13792.0,13830.650390625,13674.25,13743.400390625,0
2023-12-26,13833.0,13833.0,13857.5,13790.150390625,13848.599609375,0
2023-12-27,13874.400390625,13874.400390625,13939.75,13799.4501953125,13913.5,0
2023-12-28,13956.5498046875,13956.5498046875,13968.849609375,13892.9501953125,13939.5,0
2023-12-29,14041.2998046875,14041.2998046875,14059.0498046875,13928.75,14005.2001953125,0
2024-01-01,14129.7001953125,14129.7001953125,14167.9501953125,14074.7001953125,14081.900390625,0
2024-01-02,14124.25,14124.25,14212.599609375,13960.2998046875,14173.2998046875,0
2024-01-03,14141.0,14141.0,14170.25,14072.2001953125,14142.4501953125,0
2024-01-04,14286.2998046875,14286.2998046875,14297.75,14207.75,14209.25,0
2024-01-05,14382.400390625,14382.400390625,14402.599609375,14256.5498046875,14362.75,0
2024-01-08,14298.2001953125,14298.2001953125,14456.2998046875,14288.150390625,14445.2998046875,0
2024-01-09,14350.900390625,14350.900390625,14448.75,14336.5,14403.349609375,0
2024-01-10,14379.849609375,14379.849609375,14410.7001953125,14285.900390625,14383.650390625,0
2024-01-11,14498.5498046875,14498.5498046875,14517.650390625,14440.2001953125,14442.25,0
2024-01-12,14552.75,14552.75,14601.2998046875,14540.7998046875,14580.75,0
2024-01-15,14589.0,14589.0,14676.0498046875,14509.7001953125,14645.25,0
2024-01-16,14549.0498046875,14549.0498046875,14658.2001953125,14406.900390625,14627.150390625,0
2024-01-17,14396.599609375,14396.599609375,14556.349609375,14337.349609375,14432.0498046875,0
2024-01-18,14394.9501953125,14394.9501953125,14455.599609375,14042.7001953125,14386.2998046875,0
2024-01-19,14548.5498046875,14548.5498046875,14603.900390625,14505.5,14510.5,0
2024-01-23,14217.349609375,14217.349609375,14739.900390625,14156.599609375,14716.9501953125,0
2024-01-24,14467.349609375,14467.349609375,14479.5,14073.150390625,14246.9501953125,0
2024-01-25,14543.7998046875,14543.7998046875,14565.5498046875,14447.0,14523.900390625,0
2024-01-29,14730.25,14730.25,14747.2998046875,14632.5498046875,14634.9501953125,0
2024-01-30,14749.9501953125,14749.9501953125,14867.4501953125,14734.75,14817.349609375,0
2024-01-31,15063.5,15063.5,15076.150390625,14818.099609375,14823.0,0
2024-02-01,15084.2001953125,15084.2001953125,15165.7998046875,14947.9501953125,15147.099609375,0
2024-02-02,15175.900390625,15175.900390625,15277.650390625,15148.5,15193.349609375,0
2024-02-05,15168.400390625,15168.400390625,15329.0,15087.2001953125,15256.2001953125,0
2024-02-06,15310.150390625,15310.150390625,15340.650390625,15169.7998046875,15261.599609375,0
2024-02-07,15390.4501953125,15390.4501953125,15489.5,15321.0498046875,15423.099609375,0
2024-02-08,15323.0,15323.0,15485.7001953125,15310.75,15474.4501953125,0
2024-02-09,15128.349609375,15128.349609375,15379.7001953125,14902.2998046875,15375.25,0
2024-02-12,14589.0498046875,14589.0498046875,15170.9501953125,14543.9501953125,15165.2998046875,0
2024-02-13,14641.0498046875,14641.0498046875,14655.099609375,14253.0,14572.9501953125,0
2024-02-14,14829.25,14829.25,14844.0,14427.900390625,14480.2998046875,0
2024-02-15,15002.0498046875,15002.0498046875,15022.2998046875,14918.849609375,14922.4501953125,0
2024-02-16,15098.900390625,15098.900390625,15151.75,15079.349609375,15084.349609375,0
2024-02-19,15171.0,15171.0,15220.099609375,15151.400390625,15188.7001953125,0
2024-02-20,15110.7001953125,15110.7001953125,15256.849609375,15087.2998046875,15224.900390625,0
2024-02-21,14992.150390625,14992.150390625,15199.0498046875,14960.5,15164.4501953125,0
2024-02-22,15083.5498046875,15083.5498046875,15095.5498046875,14849.0,15067.7998046875,0
2024-02-23,15169.5,15169.5,15197.7998046875,15106.0,15168.099609375,0
2024-02-26,15143.400390625,15143.400390625,15243.5,15126.5498046875,15213.2001953125,0
2024-02-27,15181.9501953125,15181.9501953125,15239.599609375,15136.4501953125,15183.2998046875,0
2024-02-28,14895.25,14895.25,15249.650390625,14842.2001953125,15233.5498046875,0
2024-02-29,14965.0498046875,14965.0498046875,15015.2001953125,14691.4501953125,14888.349609375,0
2024-03-01,15061.349609375,15061.349609375,15104.2001953125,15028.9501953125,15057.5498046875,0
2024-03-04,15077.099609375,15077.099609375,15235.0498046875,15056.349609375,15212.150390625,0
2024-03-05,14979.599609375,14979.599609375,15089.0498046875,14964.4501953125,15070.7998046875,0
2024-03-06,14684.2001953125,14684.2001953125,14945.2998046875,14521.25,14944.849609375,0
2024-03-07,14803.2001953125,14803.2001953125,14828.650390625,14705.2001953125,14725.5,0
2024-03-11,14507.150390625,14507.150390625,14873.0,14481.599609375,14863.4501953125,0
2024-03-12,14208.650390625,14208.650390625,14525.9501953125,14152.2998046875,14522.900390625,0
2024-03-13,13473.2001953125,13473.2001953125,14274.75,13412.2001953125,14220.7998046875,0
2024-03-14,13892.7001953125,13892.7001953125,13905.5,13284.2998046875,13380.5,0
2024-03-15,13922.349609375,13922.349609375,14015.2998046875,13687.099609375,13886.7001953125,0
2024-03-18,13882.25,13882.25,14010.900390625,13807.9501953125,13931.0498046875,0
2024-03-19,13718.400390625,13718.400390625,13916.25,13700.400390625,13887.75,0
2024-03-20,13733.5498046875,13733.5498046875,13811.2998046875,13558.7001953125,13764.150390625,0
2024-03-21,14047.2998046875,14047.2998046875,14060.0498046875,13867.7998046875,13868.4501953125,0
2024-03-22,14161.400390625,14161.400390625,14192.650390625,14024.75,14049.7998046875,0
2024-03-26,14167.849609375,14167.849609375,14223.4501953125,14045.099609375,14166.7998046875,0
2024-03-27,14283.599609375,14283.599609375,14362.7998046875,14213.650390625,14218.9501953125,0
2024-03-28,14330.5,14330.5,14407.400390625,14313.650390625,14377.900390625,0
2024-04-01,14762.150390625,14762.150390625,14776.0498046875,14456.5498046875,14458.4501953125,0
2024-04-02,14908.2998046875,14908.2998046875,14923.0498046875,14775.349609375,14823.4501953125,0
2024-04-03,15065.349609375,15065.349609375,15076.25,14893.2001953125,14916.75,0
2024-04-04,15159.25,15159.25,15223.0498046875,15086.599609375,15189.9501953125,0
2024-04-05,15248.2001953125,15248.2001953125,15268.5498046875,15121.5,15169.599609375,0
2024-04-08,15286.5498046875,15286.5498046875,15373.9501953125,15267.0,15354.599609375,0
2024-04-09,15293.400390625,15293.400390625,15398.0,15215.25,15376.5498046875,0
2024-04-10,15384.5,15384.5,15403.650390625,15264.900390625,15349.400390625,0
2024-04-12,15322.150390625,15322.150390625,15455.7001953125,15302.9501953125,15381.2001953125,0
2024-04-15,15086.650390625,15086.650390625,15201.75,14792.099609375,15006.150390625,0
2024-04-16,15183.7001953125,15183.7001953125,15255.650390625,14971.0498046875,14995.900390625,0
2024-04-18,15180.599609375,15180.599609375,15369.900390625,15149.7998046875,15271.7001953125,0
2024-04-19,15162.2001953125,15162.2001953125,15216.900390625,14860.599609375,15026.7001953125,0
2024-04-22,15338.0,15338.0,15356.9501953125,15254.0,15282.5,0
2024-04-23,15486.0,15486.0,15497.5498046875,15411.849609375,15437.7001953125,0
2024-04-24,15609.2001953125,15609.2001953125,15651.4501953125,15571.75,15584.7001953125,0
2024-04-25,15739.150390625,15739.150390625,15755.25,15614.099609375,15635.5498046875,0
2024-04-26,15814.5,15814.5,15876.900390625,15763.099609375,15809.0,0
2024-04-29,15824.5498046875,15824.5498046875,15929.5,15804.7998046875,15918.75,0
2024-04-30,15833.400390625,15833.400390625,15923.2001953125,15822.0,15908.25,0
2024-05-02,15848.400390625,15848.400390625,15906.900390625,15819.5498046875,15891.25,0
2024-05-03,15793.2998046875,15793.2998046875,15944.7001953125,15684.4501953125,15939.400390625,0
2024-05-06,15617.150390625,15617.150390625,15901.349609375,15541.7001953125,15893.599609375,0
2024-05-07,15339.25,15339.25,15654.2998046875,15236.7001953125,15650.0,0
2024-05-08,15414.900390625,15414.900390625,15486.650390625,15218.5,15314.599609375,0
2024-05-09,15006.349609375,15006.349609375,15473.5498046875,14977.25,15444.099609375,0
2024-05-10,15104.900390625,15104.900390625,15124.2998046875,14825.099609375,15059.0,0
2024-05-13,15050.75,15050.75,15156.900390625,14780.400390625,15130.849609375,0
2024-05-14,15315.4501953125,15315.4501953125,15328.2001953125,15122.5498046875,15124.099609375,0
2024-05-15,15431.2001953125,15431.2001953125,15483.75,15375.5,15387.7998046875,0
2024-05-16,15545.75,15545.75,15566.099609375,15487.150390625,15511.9501953125,0
2024-05-17,15792.900390625,15792.900390625,15804.099609375,15614.2998046875,15626.0,0
2024-05-21,15867.75,15867.75,15972.849609375,15786.7001953125,15969.349609375,0
2024-05-22,15847.0498046875,15847.0498046875,15950.0498046875,15705.9501953125,15938.599609375,0
2024-05-23,15885.849609375,15885.849609375,15941.2998046875,15842.9501953125,15905.099609375,0
2024-05-24,15865.650390625,15865.650390625,15978.0498046875,15848.2001953125,15906.75,0
2024-05-27,15935.5498046875,15935.5498046875,16002.25,15824.349609375,15951.2001953125,0
2024-05-28,15773.0498046875,15773.0498046875,15995.75,15710.7001953125,15983.2001953125,0
2024-05-29,15786.2001953125,15786.2001953125,15838.25,15657.099609375,15732.400390625,0
2024-05-30,15551.9501953125,15551.9501953125,15786.900390625,15530.599609375,15762.4501953125,0
2024-05-31,15626.650390625,15626.650390625,15672.0498046875,15461.2001953125,15609.400390625,0
2024-06-03,15948.75,15948.75,16235.0498046875,15881.2998046875,16232.0498046875,0
2024-06-04,14761.099609375,14761.099609375,15947.9501953125,14145.25,15947.900390625,0
2024-06-05,15250.0,15250.0,15274.400390625,14466.2998046875,14908.0,0
2024-06-06,15745.900390625,15745.900390625,15797.900390625,15445.5498046875,15447.0,0
2024-06-07,16100.0,16100.0,16110.5,15767.7001953125,15826.4501953125,0
2024-06-10,16312.5,16312.5,16362.4501953125,16190.9501953125,16244.4501953125,0
2024-06-11,16413.650390625,16413.650390625,16489.0,16309.0,16380.7001953125,0
2024-06-12,16567.69921875,16567.69921875,16582.5,16482.69921875,16487.849609375,0
2024-06-13,16701.650390625,16701.650390625,16716.75,16588.55078125,16675.900390625,0
2024-06-14,16845.55078125,16845.55078125,16874.849609375,16717.900390625,16771.400390625,0
2024-06-18,17007.849609375,17007.849609375,17028.099609375,16905.150390625,16966.05078125,0
2024-06-19,16942.80078125,16942.80078125,17110.099609375,16784.55078125,17098.150390625,0
2024-06-20,17054.0,17054.0,17090.650390625,16920.05078125,17008.25,0
2024-06-21,17046.55078125,17046.55078125,17168.75,17019.94921875,17113.80078125,0
2024-06-24,17048.150390625,17048.150390625,17113.400390625,16882.75,17003.349609375,0
2024-06-25,17059.69921875,17059.69921875,17219.05078125,17039.55078125,17147.30078125,0
2024-06-26,17095.69921875,17095.69921875,17148.19921875,17040.599609375,17102.25,0
2024-06-27,16999.55078125,16999.55078125,17216.94921875,16920.650390625,17145.80078125,0
2024-06-28,17111.05078125,17111.05078125,17172.44921875,17076.05078125,17079.900390625,0
2024-07-01,17367.650390625,17367.650390625,17375.099609375,17176.05078125,17190.650390625,0
2024-07-02,17339.349609375,17339.349609375,17462.900390625,17243.599609375,17428.650390625,0
2024-07-03,17494.69921875,17494.69921875,17505.69921875,17398.94921875,17434.150390625,0
2024-07-04,17591.94921875,17591.94921875,17623.349609375,17492.099609375,17588.099609375,0
2024-07-05,17712.30078125,17712.30078125,17749.099609375,17598.69921875,17626.80078125,0
2024-07-08,17665.75,17665.75,17855.05078125,17605.599609375,17806.19921875,0
2024-07-09,17707.650390625,17707.650390625,17828.0,17628.0,17775.900390625,0
2024-07-10,17585.69921875,17585.69921875,17807.5,17249.349609375,17790.19921875,0
2024-07-11,17692.150390625,17692.150390625,17707.55078125,17594.900390625,17674.150390625,0
2024-07-12,17679.19921875,17679.19921875,17818.44921875,17650.150390625,17778.849609375,0
2024-07-15,17743.150390625,17743.150390625,17780.19921875,17568.94921875,17766.650390625,0
2024-07-16,17774.900390625,17774.900390625,17885.75,17741.599609375,17797.099609375,0
2024-07-18,17577.650390625,17577.650390625,17812.0,17488.0,17789.75,0
2024-07-19,17163.400390625,17163.400390625,17593.30078125,17140.900390625,17588.650390625,0
2024-07-22,17317.0,17317.0,17355.5,16896.150390625,17029.55078125,0
2024-07-23,17212.150390625,17212.150390625,17401.650390625,16520.5,17389.19921875,0
2024-07-24,17532.69921875,17532.69921875,17548.25,17224.69921875,17235.80078125,0
2024-07-25,17483.80078125,17483.80078125,17519.25,17350.349609375,17395.599609375,0
2024-07-26,17647.400390625,17647.400390625,17676.150390625,17517.25,17539.849609375,0
2024-07-29,17836.55078125,17836.55078125,17899.75,17782.0,17790.900390625,0
2024-07-30,17983.30078125,17983.30078125,18018.0,17860.94921875,17892.400390625,0
2024-07-31,17948.0,17948.0,18038.099609375,17922.849609375,18021.400390625,0
2024-08-01,17825.05078125,17825.05078125,18049.80078125,17754.5,18022.5,0
2024-08-02,17677.650390625,17677.650390625,17794.55078125,17551.25,17636.75,0
2024-08-05,16937.900390625,16937.900390625,17309.05078125,16845.0,17193.69921875,0
2024-08-06,16871.849609375,16871.849609375,17320.69921875,16839.099609375,17116.55078125,0
2024-08-07,17274.900390625,17274.900390625,17299.05078125,16947.0,17147.900390625,0
2024-08-08,17226.150390625,17226.150390625,17397.75,17204.099609375,17325.349609375,0
2024-08-09,17335.900390625,17335.900390625,17432.400390625,17305.30078125,17404.80078125,0
2024-08-12,17392.150390625,17392.150390625,17445.94921875,17178.650390625,17308.69921875,0
2024-08-13,17177.400390625,17177.400390625,17490.650390625,17148.44921875,17490.5,0
2024-08-14,17080.150390625,17080.150390625,17272.0,16969.650390625,17257.05078125,0
2024-08-16,17371.400390625,17371.400390625,17387.19921875,17211.5,17221.94921875,0
2024-08-19,17637.25,17637.25,17656.80078125,17484.5,17497.69921875,0
2024-08-20,17732.5,17732.5,17742.650390625,17643.19921875,17731.25,0
2024-08-21,17927.75,17927.75,17935.94921875,17737.099609375,17766.0,0
2024-08-22,17984.44921875,17984.44921875,18096.05078125,17969.19921875,18007.80078125,0
2024-08-23,18006.55078125,18006.55078125,18054.69921875,17947.099609375,18036.400390625,0
2024-08-26,18081.150390625,18081.150390625,18150.69921875,18063.69921875,18129.0,0
2024-08-27,18219.55078125,18219.55078125,18233.150390625,18099.69921875,18125.650390625,0
2024-08-28,18180.30078125,18180.30078125,18316.25,18165.650390625,18281.849609375,0
2024-08-29,18077.05078125,18077.05078125,18246.400390625,18005.900390625,18206.099609375,0
2024-08-30,18170.25,18170.25,18210.099609375,18082.0,18175.900390625,0
2024-09-02,18157.69921875,18157.69921875,18273.650390625,18100.69921875,18266.0,0
2024-09-03,18264.30078125,18264.30078125,18307.599609375,18217.55078125,18221.69921875,0
2024-09-04,18320.599609375,18320.599609375,18405.599609375,18083.349609375,18126.400390625,0
2024-09-05,18495.349609375,18495.349609375,18539.349609375,18393.55078125,18397.30078125,0
2024-09-06,18307.849609375,18307.849609375,18627.44921875,18280.099609375,18547.849609375,0
2024-09-09,18155.900390625,18155.900390625,18283.94921875,17955.5,18280.75,0
2024-09-10,18383.0,18383.0,18400.19921875,18254.900390625,18255.25,0
2024-09-11,18238.80078125,18238.80078125,18443.75,18220.849609375,18430.80078125,0
2024-09-12,18381.69921875,18381.69921875,18400.0,18284.599609375,18345.69921875,0
2024-09-13,18543.150390625,18543.150390625,18563.599609375,18430.05078125,18470.400390625,0
2024-09-16,18572.900390625,18572.900390625,18656.69921875,18503.349609375,18636.80078125,0
2024-09-17,18538.30078125,18538.30078125,18622.849609375,18466.94921875,18618.69921875,0
2024-09-18,18475.80078125,18475.80078125,18610.94921875,18393.94921875,18568.55078125,0
2024-09-19,18270.400390625,18270.400390625,18619.44921875,18057.94921875,18583.69921875,0
2024-09-20,18464.650390625,18464.650390625,18501.69921875,18285.599609375,18375.25,0
2024-09-23,18623.150390625,18623.150390625,18640.650390625,18528.19921875,18578.19921875,0
2024-09-24,18583.30078125,18583.30078125,18688.30078125,18570.44921875,18675.099609375,0
2024-09-25,18518.099609375,18518.099609375,18621.44921875,18458.30078125,18614.099609375,0
2024-09-26,18434.94921875,18434.94921875,18575.150390625,18401.75,18569.30078125,0
2024-09-27,18399.849609375,18399.849609375,18538.94921875,18370.5,18488.5,0
2024-09-30,18410.69921875,18410.69921875,18447.69921875,18258.349609375,18407.19921875,0
2024-10-01,18531.80078125,18531.80078125,18550.44921875,18426.599609375,18444.80078125,0
2024-10-03,18179.19921875,18179.19921875,18431.0,18119.94921875,18257.5,0
2024-10-04,18021.650390625,18021.650390625,18258.5,17804.099609375,18163.5,0
2024-10-07,17514.5,17514.5,18142.5,17379.69921875,18090.849609375,0
2024-10-08,17882.849609375,17882.849609375,17910.5,17359.5,17461.849609375,0
2024-10-09,18103.94921875,18103.94921875,18183.30078125,17975.55078125,17976.44921875,0
2024-10-10,18127.349609375,18127.349609375,18248.0,18114.150390625,18205.55078125,0
2024-10-11,18213.0,18213.0,18247.44921875,18114.19921875,18166.69921875,0
2024-10-14,18265.099609375,18265.099609375,18303.849609375,18189.25,18274.75,0
2024-10-15,18467.650390625,18467.650390625,18483.599609375,18326.80078125,18338.94921875,0
2024-10-16,18505.94921875,18505.94921875,18525.599609375,18365.599609375,18464.650390625,0
2024-10-17,18244.30078125,18244.30078125,18575.5,18225.30078125,18561.099609375,0
2024-10-18,18236.80078125,18236.80078125,18261.849609375,17848.75,18151.25,0
2024-10-21,17936.30078125,17936.30078125,18328.400390625,17902.94921875,18311.650390625,0
2024-10-22,17275.69921875,17275.69921875,17936.25,17242.900390625,17929.400390625,0
2024-10-23,17456.19921875,17456.19921875,17604.19921875,17038.44921875,17251.599609375,0
2024-10-24,17352.19921875,17352.19921875,17544.30078125,17328.150390625,17486.05078125,0
2024-10-25,16956.05078125,16956.05078125,17423.94921875,16800.30078125,17372.25,0
2024-10-28,17151.599609375,17151.599609375,17214.55078125,16828.900390625,16995.75,0
2024-10-29,17278.19921875,17278.19921875,17305.349609375,16985.0,17200.69921875,0
2024-10-30,17483.400390625,17483.400390625,17541.44921875,17294.099609375,17301.80078125,0
2024-10-31,17751.19921875,17751.19921875,17777.0,17438.55078125,17483.650390625,0
2024-11-01,17938.849609375,17938.849609375,17978.349609375,17882.94921875,17889.55078125,0
2024-11-04,17609.5,17609.5,17943.69921875,17509.650390625,17928.80078125,0
2024-11-05,17694.650390625,17694.650390625,17718.44921875,17496.05078125,17564.650390625,0
2024-11-06,18027.150390625,18027.150390625,18040.099609375,17732.849609375,17781.30078125,0
2024-11-07,17914.599609375,17914.599609375,18151.69921875,17893.25,18085.55078125,0
2024-11-08,17634.25,17634.25,17949.80078125,17595.30078125,17944.05078125,0
2024-11-11,17423.900390625,17423.900390625,17592.05078125,17401.05078125,17582.0,0
2024-11-12,17196.400390625,17196.400390625,17560.44921875,17162.849609375,17465.650390625,0
2024-11-13,16670.349609375,16670.349609375,17134.650390625,16644.69921875,17121.30078125,0
2024-11-14,16801.55078125,16801.55078125,16940.349609375,16695.05078125,16697.0,0
2024-11-18,16693.349609375,16693.349609375,16852.55078125,16550.650390625,16816.349609375,0
2024-11-19,16845.25,16845.25,17031.849609375,16754.900390625,16756.55078125,0
2024-11-21,16747.849609375,16747.849609375,16856.69921875,16604.44921875,16830.05078125,0
2024-11-22,16912.30078125,16912.30078125,16928.150390625,16710.55078125,16791.30078125,0
2024-11-25,17269.55078125,17269.55078125,17286.05078125,17169.400390625,17199.69921875,0
2024-11-26,17375.55078125,17375.55078125,17388.349609375,17258.19921875,17303.30078125,0
2024-11-27,17552.650390625,17552.650390625,17567.349609375,17359.900390625,17422.849609375,0
2024-11-28,17577.849609375,17577.849609375,17737.80078125,17532.349609375,17612.099609375,0
2024-11-29,17716.44921875,17716.44921875,17732.30078125,17545.75,17620.650390625,0
2024-12-02,17840.099609375,17840.099609375,17849.0,17634.900390625,17726.25,0
2024-12-03,18007.5,18007.5,18025.44921875,17878.44921875,17891.94921875,0
2024-12-04,18143.55078125,18143.55078125,18164.75,18022.900390625,18065.349609375,0
2024-12-05,18230.400390625,18230.400390625,18250.150390625,18150.30078125,18218.75,0
2024-12-06,18328.94921875,18328.94921875,18348.55078125,18181.75,18276.25,0
2024-12-09,18396.44921875,18396.44921875,18428.19921875,18331.599609375,18365.849609375,0
2024-12-10,18450.599609375,18450.599609375,18482.650390625,18359.19921875,18440.25,0
2024-12-11,18502.650390625,18502.650390625,18539.5,18462.94921875,18500.650390625,0
2024-12-12,18330.30078125,18330.30078125,18548.25,18311.400390625,18529.400390625,0
2024-12-13,18263.75,18263.75,18298.349609375,17954.80078125,18294.900390625,0
2024-12-16,18344.0,18344.0,18392.05078125,18284.55078125,18289.75,0
2024-12-17,18242.05078125,18242.05078125,18409.80078125,18220.849609375,18368.599609375,0
2024-12-18,18118.599609375,18118.599609375,18289.25,18059.94921875,18248.25,0
2024-12-19,18057.19921875,18057.19921875,18068.599609375,17801.849609375,17814.400390625,0
2024-12-20,17693.650390625,17693.650390625,18166.400390625,17658.30078125,18108.94921875,0
2024-12-23,17618.099609375,17618.099609375,17830.80078125,17495.849609375,17788.25,0
2024-12-24,17672.44921875,17672.44921875,17731.650390625,17543.30078125,17641.80078125,0
2024-12-26,17667.44921875,17667.44921875,17744.150390625,17558.55078125,17700.94921875,0
2024-12-27,17715.19921875,17715.19921875,17757.599609375,17668.30078125,17700.75,0
2024-12-30,17638.150390625,17638.150390625,17726.650390625,17528.94921875,17711.94921875,0
2024-12-31,17752.25,17752.25,17789.05078125,17478.19921875,17602.400390625,0
2025-01-01,17908.80078125,17908.80078125,17928.599609375,17737.099609375,17755.150390625,0
2025-01-02,18007.94921875,18007.94921875,18018.80078125,17892.599609375,17947.599609375,0
2025-01-03,17973.05078125,17973.05078125,18117.400390625,17954.0,18035.44921875,0
2025-01-06,17455.69921875,17455.69921875,18046.150390625,17418.75,18031.599609375,0
2025-01-07,17702.55078125,17702.55078125,17723.0,17502.0,17503.19921875,0
2025-01-08,17457.900390625,17457.900390625,17750.25,17349.75,17736.900390625,0
2025-01-09,17254.349609375,17254.349609375,17490.44921875,17233.94921875,17466.44921875,0
2025-01-10,16833.400390625,16833.400390625,17254.599609375,16774.099609375,17237.55078125,0
2025-01-13,16159.900390625,16159.900390625,16705.75,16065.4501953125,16614.400390625,0
2025-01-14,16422.75,16422.75,16457.30078125,16163.5498046875,16227.7998046875,0
2025-01-15,16508.900390625,16508.900390625,16622.349609375,16350.9501953125,16508.849609375,0
2025-01-16,16707.900390625,16707.900390625,16777.94921875,16641.75,16642.599609375,0
2025-01-17,16700.5,16700.5,16734.19921875,16579.94921875,16706.55078125,0
2025-01-20,16841.400390625,16841.400390625,16855.69921875,16646.94921875,16759.650390625,0
2025-01-21,16484.099609375,16484.099609375,16920.44921875,16465.05078125,16878.94921875,0
2025-01-22,16220.849609375,16220.849609375,16518.69921875,16002.5,16502.900390625,0
2025-01-23,16352.7998046875,16352.7998046875,16458.69921875,16134.849609375,16190.849609375,0
2025-01-24,16001.7001953125,16001.7001953125,16415.19921875,15964.650390625,16370.599609375,0
2025-01-27,15416.2998046875,15416.2998046875,15842.7001953125,15291.2998046875,15836.849609375,0
2025-01-28,15135.099609375,15135.099609375,15454.2001953125,14819.849609375,15415.400390625,0
2025-01-29,15613.349609375,15613.349609375,15627.0,15135.5,15135.7998046875,0
2025-01-30,15585.9501953125,15585.9501953125,15808.099609375,15550.7001953125,15674.400390625,0
2025-01-31,15851.0498046875,15851.0498046875,15863.5,15585.599609375,15606.25,0
2025-02-03,15677.650390625,15677.650390625,15873.5,15613.849609375,15789.25,0
2025-02-04,15855.9501953125,15855.9501953125,15866.7001953125,15696.849609375,15781.4501953125,0
2025-02-05,16104.400390625,16104.400390625,16139.599609375,15921.849609375,15923.4501953125,0
2025-02-06,16098.650390625,16098.650390625,16173.349609375,16033.599609375,16145.099609375,0
2025-02-07,16035.75,16035.75,16117.7998046875,15884.2998046875,16076.0,0
2025-02-10,15693.599609375,15693.599609375,16066.900390625,15602.0498046875,16024.0498046875,0
2025-02-11,15156.9501953125,15156.9501953125,15668.0498046875,15069.9501953125,15650.9501953125,0
2025-02-12,15050.599609375,15050.599609375,15128.2998046875,14602.25,15115.599609375,0
2025-02-13,14997.5,14997.5,15212.599609375,14967.900390625,15052.849609375,0
2025-02-14,14501.650390625,14501.650390625,15049.400390625,14359.7998046875,15031.25,0
2025-02-17,14468.25,14468.25,14556.4501953125,14144.7998046875,14378.349609375,0
2025-02-18,14267.9501953125,14267.9501953125,14491.0,14152.900390625,14467.4501953125,0
2025-02-19,14588.650390625,14588.650390625,14615.099609375,14106.7998046875,14183.2998046875,0
2025-02-20,14767.2998046875,14767.2998046875,14788.25,14484.5498046875,14539.599609375,0
2025-02-21,14683.400390625,14683.400390625,14979.25,14615.349609375,14752.5,0
2025-02-24,14506.4501953125,14506.4501953125,14639.849609375,14376.0,14558.9501953125,0
2025-02-25,14441.7001953125,14441.7001953125,14608.650390625,14414.9501953125,14499.4501953125,0
2025-02-27,14200.2001953125,14200.2001953125,14496.599609375,14159.900390625,14462.849609375,0
2025-02-28,13844.5498046875,13844.5498046875,14112.9501953125,13722.599609375,14064.650390625,0
2025-03-03,13755.900390625,13755.900390625,13943.2998046875,13427.849609375,13877.5,0
2025-03-04,13914.099609375,13914.099609375,13968.7001953125,13507.599609375,13597.2001953125,0
2025-03-05,14291.0498046875,14291.0498046875,14303.7001953125,13913.7001953125,13913.7001953125,0
2025-03-06,14503.2998046875,14503.2998046875,14546.4501953125,14381.599609375,14411.400390625,0
2025-03-07,14602.9501953125,14602.9501953125,14702.650390625,14470.599609375,14517.7998046875,0
2025-03-10,14325.150390625,14325.150390625,14740.349609375,14273.150390625,14621.849609375,0
2025-03-11,14232.0,14232.0,14276.25,14014.900390625,14159.9501953125,0
2025-03-12,14193.650390625,14193.650390625,14336.7001953125,14077.5,14280.7998046875,0
2025-03-13,14095.599609375,14095.599609375,14270.150390625,14078.400390625,14242.25,0
2025-03-17,14141.7001953125,14141.7001953125,14247.2998046875,14071.5498046875,14134.0498046875,0
2025-03-18,14517.599609375,14517.599609375,14528.5,14208.2998046875,14224.099609375,0
2025-03-19,14807.0,14807.0,14838.5498046875,14569.900390625,14579.25,0
2025-03-20,14922.349609375,14922.349609375,15028.4501953125,14767.650390625,14909.0498046875,0
2025-03-21,15242.2998046875,15242.2998046875,15260.0498046875,14914.2001953125,14951.7001953125,0
2025-03-24,15392.400390625,15392.400390625,15474.650390625,15277.150390625,15341.75,0
2025-03-25,15184.4501953125,15184.4501953125,15535.75,15116.849609375,15506.7998046875,0
2025-03-26,14970.0,14970.0,15226.2998046875,14954.900390625,15209.7998046875,0
2025-03-27,15111.650390625,15111.650390625,15137.650390625,14855.25,14924.849609375,0
2025-03-28,15104.0498046875,15104.0498046875,15305.900390625,15063.0,15174.5,0
2025-04-01,15030.099609375,15030.099609375,15190.7001953125,14960.0,15068.099609375,0
2025-04-02,15179.75,15179.75,15191.2998046875,14848.099609375,15058.7998046875,0
2025-04-03,15285.4501953125,15285.4501953125,15299.2998046875,15057.900390625,15064.099609375,0
2025-04-04,14780.5,14780.5,15281.5498046875,14671.5,15263.349609375,0
2025-04-07,14190.2001953125,14190.2001953125,14279.5,13314.7001953125,13316.099609375,0
2025-04-08,14498.400390625,14498.400390625,14619.7998046875,14321.150390625,14528.75,0
2025-04-09,14345.7001953125,14345.7001953125,14467.2001953125,14234.150390625,14450.0,0
2025-04-11,14786.2998046875,14786.2998046875,14803.7998046875,14521.150390625,14691.599609375,0
2025-04-15,15238.4501953125,15238.4501953125,15248.25,14947.4501953125,15001.4501953125,0
2025-04-16,15382.4501953125,15382.4501953125,15395.400390625,15234.599609375,15267.25,0
2025-04-17,15452.099609375,15452.099609375,15480.150390625,15307.0498046875,15370.0498046875,0
2025-04-21,15751.849609375,15751.849609375,15768.9501953125,15455.849609375,15537.9501953125,0
2025-04-22,15878.0498046875,15878.0498046875,15939.849609375,15708.5498046875,15818.2001953125,0
2025-04-23,15923.2001953125,15923.2001953125,16013.0498046875,15691.7998046875,15970.25,0
2025-04-24,15915.25,15915.25,16006.25,15876.0,15933.5498046875,0
2025-04-25,15524.150390625,15524.150390625,15953.4501953125,15318.7998046875,15937.5498046875,0
2025-04-28,15607.150390625,15607.150390625,15651.9501953125,15399.599609375,15468.5,0
2025-04-29,15639.7001953125,15639.7001953125,15795.650390625,15617.2998046875,15679.5,0
2025-04-30,15359.4501953125,15359.4501953125,15630.650390625,15301.400390625,15624.7998046875,0
2025-05-02,15354.349609375,15354.349609375,15495.0498046875,15221.2001953125,15365.650390625,0
2025-05-05,15528.2998046875,15528.2998046875,15542.7998046875,15337.5498046875,15425.4501953125,0
2025-05-06,15181.4501953125,15181.4501953125,15608.7998046875,15148.4501953125,15569.849609375,0
2025-05-07,15362.7001953125,15362.7001953125,15382.400390625,14943.0,14946.400390625,0
2025-05-08,15180.4501953125,15180.4501953125,15557.0498046875,15101.9501953125,15417.650390625,0
2025-05-09,15080.4501953125,15080.4501953125,15116.599609375,14783.7001953125,14787.2001953125,0
2025-05-12,15684.2001953125,15684.2001953125,15692.5,15528.900390625,15556.349609375,0
2025-05-13,15815.4501953125,15815.4501953125,15822.650390625,15644.599609375,15714.7998046875,0
2025-05-14,16038.2998046875,16038.2998046875,16047.7998046875,15830.75,15896.900390625,0
2025-05-15,16159.25,16159.25,16172.7998046875,16052.099609375,16112.650390625,0
2025-05-16,16405.69921875,16405.69921875,16418.349609375,16163.099609375,16244.25,0
2025-05-19,16516.80078125,16516.80078125,16606.5,16376.0,16483.650390625,0
2025-05-20,16368.650390625,16368.650390625,16656.099609375,16338.0,16618.400390625,0
2025-05-21,16437.099609375,16437.099609375,16489.94921875,16308.7998046875,16400.44921875,0
2025-05-22,16436.44921875,16436.44921875,16494.94921875,16339.2001953125,16424.900390625,0
2025-05-23,16532.94921875,16532.94921875,16558.55078125,16363.25,16461.650390625,0
2025-05-26,16619.099609375,16619.099609375,16693.75,16563.0,16592.75,0
2025-05-27,16637.849609375,16637.849609375,16684.19921875,16587.44921875,16642.400390625,0
2025-05-28,16706.349609375,16706.349609375,16744.94921875,16674.69921875,16706.69921875,0
2025-05-29,16779.55078125,16779.55078125,16814.849609375,16716.400390625,16775.44921875,0
2025-05-30,16833.05078125,16833.05078125,16872.30078125,16750.400390625,16817.349609375,0
2025-06-02,16953.75,16953.75,16976.19921875,16752.099609375,16846.099609375,0
2025-06-03,16971.25,16971.25,17063.44921875,16939.900390625,17015.349609375,0
2025-06-04,17060.80078125,17060.80078125,17079.05078125,16900.900390625,17020.099609375,0
2025-06-05,17173.44921875,17173.44921875,17219.5,17122.849609375,17123.599609375,0
2025-06-06,17285.75,17285.75,17306.25,17167.650390625,17235.099609375,0
2025-06-09,17515.150390625,17515.150390625,17531.05078125,17364.80078125,17396.75,0
2025-06-10,17544.30078125,17544.30078125,17606.30078125,17503.75,17596.75,0
2025-06-11,17528.94921875,17528.94921875,17632.05078125,17399.599609375,17595.150390625,0
2025-06-12,17276.900390625,17276.900390625,17606.0,17237.94921875,17557.099609375,0
2025-06-13,17210.400390625,17210.400390625,17256.44921875,16915.400390625,16926.19921875,0
2025-06-16,17296.30078125,17296.30078125,17319.55078125,16931.30078125,17218.349609375,0
2025-06-17,17177.30078125,17177.30078125,17371.099609375,17150.25,17328.349609375,0
2025-06-18,17143.599609375,17143.599609375,17274.900390625,17044.349609375,17169.80078125,0
2025-06-19,16813.05078125,16813.05078125,17209.25,16772.94921875,17144.599609375,0
2025-06-20,16916.94921875,16916.94921875,16962.349609375,16733.650390625,16809.80078125,0
2025-06-23,17048.0,17048.0,17058.650390625,16796.900390625,16799.099609375,0
2025-06-24,17180.30078125,17180.30078125,17253.75,17129.80078125,17216.150390625,0
2025-06-25,17455.599609375,17455.599609375,17464.69921875,17261.75,17272.349609375,0
2025-06-26,17500.5,17500.5,17546.650390625,17393.25,17526.5,0
2025-06-27,17642.30078125,17642.30078125,17662.650390625,17543.94921875,17579.349609375,0
2025-06-30,17797.80078125,17797.80078125,17814.30078125,17703.650390625,17719.05078125,0
2025-07-01,17762.0,17762.0,17855.099609375,17695.099609375,17849.94921875,0
2025-07-02,17693.099609375,17693.099609375,17807.400390625,17623.05078125,17803.349609375,0
2025-07-03,17758.05078125,17758.05078125,17779.900390625,17666.099609375,17721.349609375,0
2025-07-04,17762.19921875,17762.19921875,17809.19921875,17683.55078125,17784.05078125,0
2025-07-07,17726.349609375,17726.349609375,17799.30078125,17668.30078125,17761.05078125,0
2025-07-08,17684.80078125,17684.80078125,17819.30078125,17559.099609375,17739.099609375,0
2025-07-09,17782.44921875,17782.44921875,17800.400390625,17687.599609375,17708.099609375,0
2025-07-10,17770.650390625,17770.650390625,17859.599609375,17705.900390625,17833.69921875,0
2025-07-11,17645.44921875,17645.44921875,17811.349609375,17609.5,17747.150390625,0
2025-07-14,17808.650390625,17808.650390625,17816.900390625,17561.19921875,17655.599609375,0
2025-07-15,17952.150390625,17952.150390625,17983.650390625,17847.44921875,17848.30078125,0
2025-07-16,17983.5,17983.5,18033.05078125,17931.150390625,17964.150390625,0
2025-07-17,18032.30078125,18032.30078125,18077.349609375,18008.099609375,18037.650390625,0
2025-07-18,17909.25,17909.25,18070.19921875,17870.849609375,18055.94921875,0
2025-07-21,17890.19921875,17890.19921875,17928.05078125,17778.849609375,17918.05078125,0
2025-07-22,17829.25,17829.25,17998.5,17818.80078125,17957.55078125,0
2025-07-23,17852.900390625,17852.900390625,17877.44921875,17745.05078125,17869.599609375,0
2025-07-24,17734.69921875,17734.69921875,17906.150390625,17720.69921875,17877.94921875,0
2025-07-25,17379.94921875,17379.94921875,17703.849609375,17352.5,17703.19921875,0
2025-07-28,17163.19921875,17163.19921875,17450.599609375,17138.69921875,17337.69921875,0
2025-07-29,17319.05078125,17319.05078125,17337.900390625,17061.30078125,17132.05078125,0
2025-07-30,17301.05078125,17301.05078125,17442.599609375,17285.150390625,17356.80078125,0
2025-07-31,17144.25,17144.25,17284.25,17018.05078125,17093.900390625,0
2025-08-01,16863.25,16863.25,17178.900390625,16840.55078125,17143.400390625,0
2025-08-04,17028.650390625,17028.650390625,17041.19921875,16808.349609375,16907.05078125,0
2025-08-05,16974.44921875,16974.44921875,17123.349609375,16937.099609375,17056.400390625,0
2025-08-06,16770.099609375,16770.099609375,17013.30078125,16689.75,16974.5,0
2025-08-07,16753.19921875,16753.19921875,16777.69921875,16523.650390625,16675.349609375,0
2025-08-08,16541.900390625,16541.900390625,16785.849609375,16500.0,16770.69921875,0
2025-08-11,16617.0,16617.0,16639.900390625,16443.75,16535.25,0
2025-08-12,16621.19921875,16621.19921875,16685.75,16598.5,16646.0,0
2025-08-13,16727.900390625,16727.900390625,16754.400390625,16660.849609375,16679.19921875,0
2025-08-14,16656.75,16656.75,16817.05078125,16638.19921875,16764.55078125,0
2025-08-18,16878.69921875,16878.69921875,16913.55078125,16766.650390625,16857.5,0
2025-08-19,17006.44921875,17006.44921875,17014.19921875,16856.44921875,16920.150390625,0
2025-08-20,17064.5,17064.5,17079.099609375,16956.05078125,17035.400390625,0
2025-08-21,17077.69921875,17077.69921875,17186.80078125,17063.94921875,17123.400390625,0
2025-08-22,17050.349609375,17050.349609375,17120.05078125,16998.69921875,17084.75,0
2025-08-25,17060.900390625,17060.900390625,17153.19921875,17042.599609375,17102.30078125,0
2025-08-26,16743.94921875,16743.94921875,17047.599609375,16712.150390625,17036.150390625,0
2025-08-28,16559.650390625,16559.650390625,16724.94921875,16527.599609375,16721.30078125,0
2025-08-29,16506.150390625,16506.150390625,16662.30078125,16487.69921875,16568.099609375,0
2025-09-01,16738.349609375,16738.349609375,16755.349609375,16541.349609375,16545.849609375,0
2025-09-02,16837.849609375,16837.849609375,16923.099609375,16743.80078125,16808.900390625,0
2025-09-03,16979.05078125,16979.05078125,16996.44921875,16829.05078125,16873.55078125,0
2025-09-04,16864.69921875,16864.69921875,17160.099609375,16845.25,17150.900390625,0
2025-09-05,16904.25,16904.25,17008.900390625,16835.849609375,16902.150390625,0
2025-09-08,16935.150390625,16935.150390625,17009.150390625,16876.25,16958.599609375,0
2025-09-09,16979.75,16979.75,16999.150390625,16896.30078125,16980.599609375,0
2025-09-10,17092.25,17092.25,17153.69921875,17052.150390625,17052.150390625,0
2025-09-11,17090.5,17090.5,17180.19921875,17080.900390625,17127.94921875,0
2025-09-12,17144.849609375,17144.849609375,17182.400390625,17070.44921875,17145.75,0
2025-09-15,17254.25,17254.25,17269.30078125,17152.25,17184.650390625,0
2025-09-16,17382.19921875,17382.19921875,17392.94921875,17246.25,17303.349609375,0
2025-09-17,17470.75,17470.75,17503.94921875,17407.44921875,17441.19921875,0
2025-09-18,17481.650390625,17481.650390625,17532.0,17428.30078125,17528.650390625,0
2025-09-19,17505.900390625,17505.900390625,17522.25,17442.25,17501.30078125,0
2025-09-22,17345.900390625,17345.900390625,17539.099609375,17322.0,17502.94921875,0
2025-09-23,17256.25,17256.25,17393.30078125,17216.25,17380.55078125,0
2025-09-24,17162.099609375,17162.099609375,17308.400390625,17146.099609375,17267.75,0
2025-09-25,17048.599609375,17048.599609375,17234.44921875,17033.849609375,17169.94921875,0
2025-09-26,16683.099609375,16683.099609375,17023.05078125,16660.099609375,17006.94921875,0
2025-09-29,16666.150390625,16666.150390625,16837.650390625,16615.80078125,16740.599609375,0
2025-09-30,16692.75,16692.75,16761.55078125,16579.44921875,16711.30078125,0
2025-10-01,16869.400390625,16869.400390625,16882.25,16660.25,16716.5,0
2025-10-03,17015.30078125,17015.30078125,17030.349609375,16865.849609375,16913.400390625,0
2025-10-06,17030.150390625,17030.150390625,17069.25,16984.05078125,17065.69921875,0
2025-10-07,17048.849609375,17048.849609375,17106.900390625,17011.19921875,17068.44921875,0
2025-10-08,16956.55078125,16956.55078125,17096.400390625,16936.75,17069.05078125,0
2025-10-09,17007.80078125,17007.80078125,17015.19921875,16910.5,16988.75,0
2025-10-10,17112.75,17112.75,17130.55078125,16986.150390625,17037.349609375,0
2025-10-13,17063.099609375,17063.099609375,17080.69921875,16988.5,17045.849609375,0
2025-10-14,16913.400390625,16913.400390625,17132.75,16877.599609375,17111.650390625,0
2025-10-15,17052.0,17052.0,17060.349609375,16917.80078125,16952.599609375,0
2025-10-16,17117.19921875,17117.19921875,17162.19921875,17089.150390625,17105.599609375,0
2025-10-17,17076.55078125,17076.55078125,17165.05078125,17036.349609375,17123.19921875,0
2025-10-20,17167.400390625,17167.400390625,17177.0,17054.099609375,17135.55078125,0
2025-10-21,17286.69921875,17286.69921875,17315.349609375,17247.599609375,17249.19921875,0
2025-10-23,17245.55078125,17245.55078125,17354.5,17227.75,17345.44921875,0
2025-10-24,17219.0,17219.0,17285.19921875,17172.30078125,17270.94921875,0
2025-10-27,17330.150390625,17330.150390625,17339.05078125,17228.69921875,17267.400390625,0
2025-10-28,17346.400390625,17346.400390625,17407.099609375,17297.400390625,17362.80078125,0
2025-10-29,17423.599609375,17423.599609375,17433.94921875,17294.44921875,17363.349609375,0
2025-10-30,17411.55078125,17411.55078125,17447.55078125,17359.25,17444.900390625,0
2025-10-31,17313.900390625,17313.900390625,17483.150390625,17297.349609375,17445.05078125,0
2025-11-03,17434.849609375,17434.849609375,17460.75,17333.849609375,17335.150390625,0
2025-11-04,17320.19921875,17320.19921875,17466.150390625,17302.55078125,17463.75,0
2025-11-06,17061.5,17061.5,17342.5,17034.650390625,17335.5,0
2025-11-07,17020.05078125,17020.05078125,17062.25,16825.05078125,16988.25,0
2025-11-10,17019.30078125,17019.30078125,17064.30078125,16976.30078125,17043.099609375,0
2025-11-11,16994.0,16994.0,17052.0,16932.349609375,17042.5,0
2025-11-12,17120.150390625,17120.150390625,17137.69921875,17045.900390625,17060.55078125,0
2025-11-13,17051.05078125,17051.05078125,17180.150390625,17031.849609375,17153.25,0
2025-11-14,17081.44921875,17081.44921875,17108.69921875,17016.94921875,17025.19921875,0
2025-11-17,17197.900390625,17197.900390625,17209.75,17127.69921875,17134.150390625,0
2025-11-18,17022.75,17022.75,17226.30078125,16998.55078125,17226.30078125,0
2025-11-19,16950.80078125,16950.80078125,17034.25,16932.19921875,17029.25,0
2025-11-20,16934.44921875,16934.44921875,17021.599609375,16923.30078125,17014.400390625,0
2025-11-21,16723.75,16723.75,16906.05078125,16707.099609375,16905.400390625,0
2025-11-24,16615.849609375,16615.849609375,16748.30078125,16561.30078125,16738.30078125,0
2025-11-25,16633.400390625,16633.400390625,16662.69921875,16566.650390625,16625.849609375,0
2025-11-26,16829.80078125,16829.80078125,16837.75,16644.94921875,16678.349609375,0
2025-11-27,16770.05078125,16770.05078125,16890.900390625,16735.94921875,16883.150390625,0
2025-11-28,16732.599609375,16732.599609375,16800.599609375,16703.69921875,16795.650390625,0
2025-12-01,16770.599609375,16770.599609375,16838.0,16743.349609375,16790.900390625,0
2025-12-02,16696.44921875,16696.44921875,16772.69921875,16663.05078125,16764.849609375,0
2025-12-03,16622.650390625,16622.650390625,16728.5,16552.80078125,16708.599609375,0
2025-12-04,16582.900390625,16582.900390625,16667.099609375,16546.30078125,16618.599609375,0
2025-12-05,16494.900390625,16494.900390625,16579.0,16441.30078125,16575.900390625,0
2025-12-08,16120.0,16120.0,16505.55078125,16067.099609375,16500.150390625,0
2025-12-09,16283.650390625,16283.650390625,16302.349609375,15859.599609375,16077.5,0
2025-12-10,16168.0,16168.0,16420.94921875,16135.75,16295.0,0
2025-12-11,16261.349609375,16261.349609375,16275.7001953125,16093.25,16179.2998046875,0
2025-12-12,16396.849609375,16396.849609375,16408.400390625,16300.099609375,16314.7998046875,0
2025-12-15,16455.44921875,16455.44921875,16469.80078125,16347.900390625,16396.94921875,0
2025-12-16,16328.25,16328.25,16440.849609375,16309.0498046875,16440.5,0
2025-12-17,16210.7001953125,16210.7001953125,16369.2998046875,16184.650390625,16341.849609375,0
2025-12-18,16192.150390625,16192.150390625,16222.2001953125,16046.150390625,16218.099609375,0
2025-12-19,16407.69921875,16407.69921875,16424.44921875,16217.349609375,16231.2001953125,0
2025-12-22,16565.69921875,16565.69921875,16590.25,16451.75,16477.0,0
2025-12-23,16635.0,16635.0,16649.80078125,16553.599609375,16605.0,0
2025-12-24,16644.75,16644.75,16710.94921875,16628.44921875,16654.94921875,0
2025-12-26,16614.05078125,16614.05078125,16691.75,16592.25,16665.900390625,0
2025-12-29,16525.599609375,16525.599609375,16652.30078125,16477.75,16647.5,0
2025-12-30,16491.900390625,16491.900390625,16526.94921875,16410.75,16509.5,0
2025-12-31,16684.75,16684.75,16727.30078125,16532.400390625,16535.349609375,0
2026-01-01,16667.900390625,16667.900390625,16717.349609375,16593.900390625,16708.900390625,0
2026-01-02,16795.75,16795.75,16805.19921875,16655.25,16699.05078125,0
2026-01-05,16843.349609375,16843.349609375,16889.05078125,16770.599609375,16832.400390625,0
2026-01-06,16791.5,16791.5,16893.400390625,16735.0,16893.400390625,0
2026-01-07,16816.0,16816.0,16842.400390625,16746.19921875,16790.150390625,0
2026-01-08,16489.05078125,16489.05078125,16832.099609375,16459.75,16821.55078125,0
2026-01-09,16209.4501953125,16209.4501953125,16505.94921875,16187.4501953125,16458.30078125,0
2026-01-12,16101.400390625,16101.400390625,16195.5,15873.650390625,16189.2998046875,0
2026-01-13,16205.25,16205.25,16258.900390625,16089.349609375,16170.9501953125,0
2026-01-14,16283.599609375,16283.599609375,16318.150390625,16165.2001953125,16178.849609375,0
2026-01-16,16207.2998046875,16207.2998046875,16340.349609375,16185.7001953125,16297.099609375,0
2026-01-19,16024.0498046875,16024.0498046875,16162.7001953125,16002.400390625,16159.0,0
2026-01-20,15595.2001953125,15595.2001953125,16018.2001953125,15557.5498046875,16017.0,0
2026-01-21,15478.7998046875,15478.7998046875,15608.75,15276.5498046875,15538.75,0
2026-01-22,15618.7998046875,15618.7998046875,15724.099609375,15497.5498046875,15616.25,0
2026-01-23,15314.599609375,15314.599609375,15683.599609375,15288.7998046875,15681.5,0
2026-01-27,15345.5,15345.5,15411.7998046875,15111.2998046875,15365.25,0
2026-01-28,15639.5498046875,15639.5498046875,15664.0,15405.150390625,15415.599609375,0
2026-01-29,15630.2998046875,15630.2998046875,15700.2998046875,15505.400390625,15696.349609375,0
2026-01-30,15763.4501953125,15763.4501953125,15781.75,15416.7001953125,15556.650390625,0
2026-02-02,15507.150390625,15507.150390625,15559.900390625,15164.2001953125,15396.7998046875,0
2026-02-03,15962.4501953125,15962.4501953125,16225.4501953125,15880.900390625,16204.150390625,0
2026-02-04,16084.150390625,16084.150390625,16104.599609375,15877.400390625,15950.400390625,0
2026-02-05,15919.150390625,15919.150390625,16053.650390625,15846.2998046875,16051.75,0
2026-02-06,15864.5,15864.5,15880.400390625,15689.900390625,15870.400390625,0
2026-02-09,16268.7998046875,16268.7998046875,16281.599609375,15956.400390625,15982.650390625,0
2026-02-10,16349.349609375,16349.349609375,16400.75,16288.7998046875,16335.349609375,0
2026-02-11,16369.900390625,16369.900390625,16385.30078125,16263.900390625,16384.5,0
2026-02-12,16250.150390625,16250.150390625,16363.599609375,16201.849609375,16362.5498046875,0
2026-02-13,15988.2998046875,15988.2998046875,16128.4501953125,15912.0498046875,16124.2998046875,0
2026-02-16,15981.150390625,15981.150390625,15995.400390625,15815.7998046875,15914.599609375,0
2026-02-17,16099.349609375,16099.349609375,16110.25,15948.9501953125,15980.4501953125,0
2026-02-18,16180.849609375,16180.849609375,16196.349609375,16100.7001953125,16137.650390625,0
2026-02-19,15988.0,15988.0,16247.400390625,15941.400390625,16229.25,0
2026-02-20,15958.7998046875,15958.7998046875,16018.2001953125,15880.900390625,15958.7998046875,0
2026-02-23,16027.9501953125,16027.9501953125,16128.25,15958.650390625,16056.5498046875,0
2026-02-24,15933.0498046875,15933.0498046875,15989.650390625,15820.150390625,15981.4501953125,0
2026-02-25,16035.7001953125,16035.7001953125,16067.25,15955.650390625,15994.599609375,0
2026-02-26,16047.4501953125,16047.4501953125,16121.900390625,15983.099609375,16059.5,0
2026-02-27,15881.0498046875,15881.0498046875,16047.150390625,15861.75,16045.900390625,0
2026-03-02,15580.400390625,15580.400390625,15749.099609375,15258.099609375,15260.7001953125,0
2026-03-04,15250.599609375,15250.599609375,15362.900390625,15139.900390625,15355.599609375,0
2026-03-05,15465.75,15465.75,15490.650390625,15265.400390625,15344.0498046875,0
2026-03-06,15422.2001953125,15422.2001953125,15569.7998046875,15413.900390625,15449.0498046875,0
2026-03-09,15063.5,15063.5,15146.9501953125,14854.849609375,15146.349609375,0
2026-03-10,15385.900390625,15385.900390625,15418.849609375,15177.0498046875,15251.400390625,0
2026-03-11,15326.599609375,15326.599609375,15556.9501953125,15300.9501953125,15429.0,0
2026-03-12,15266.4501953125,15266.4501953125,15360.2998046875,15026.9501953125,15252.9501953125,0
2026-03-13,14857.5,14857.5,15212.150390625,14809.2001953125,15211.25,0
2026-03-16,14804.7001953125,14804.7001953125,14867.4501953125,14538.7998046875,14827.650390625,0
2026-03-17,14889.5,14889.5,14929.599609375,14762.2001953125,14876.599609375,0
2026-03-18,15153.5498046875,15153.5498046875,15206.5498046875,14920.4501953125,14942.650390625,0
2026-03-19,14753.25,14753.25,14968.900390625,14717.4501953125,14926.650390625,0
2026-03-20,14791.9501953125,14791.9501953125,14971.150390625,14775.099609375,14870.900390625,0
2026-03-23,14232.849609375,14232.849609375,14643.75,14143.4501953125,14643.4501953125,0
2026-03-24,14574.25,14574.25,14604.099609375,14240.75,14556.7001953125,0
2026-03-25,14937.2001953125,14937.2001953125,15018.900390625,14693.099609375,14716.650390625,0
2026-03-27,14655.349609375,14655.349609375,14851.400390625,14611.099609375,14847.9501953125,0
2026-03-30,14288.4501953125,14288.4501953125,14554.75,14260.599609375,14487.349609375,0
2026-04-01,14749.099609375,14749.099609375,14844.150390625,14585.5498046875,14665.25,0
2026-04-02,14724.4501953125,14724.4501953125,14764.4501953125,14270.7998046875,14550.849609375,0
2026-04-06,14881.849609375,14881.849609375,14897.900390625,14542.75,14734.9501953125,0
2026-04-07,14900.9501953125,14900.9501953125,14953.7001953125,14745.0,14828.5498046875,0
2026-04-08,15483.5,15483.5,15498.849609375,15260.0498046875,15420.4501953125,0
2026-04-09,15503.75,15503.75,15619.25,15393.650390625,15493.0498046875,0
2026-04-10,15753.0498046875,15753.0498046875,15785.0,15588.650390625,15602.400390625,0
2026-04-13,15687.9501953125,15687.9501953125,15742.599609375,15293.150390625,15462.7001953125,0
2026-04-15,16051.400390625,16051.400390625,16071.9501953125,15928.599609375,15955.2998046875,0
2026-04-16,16199.25,16199.25,16253.25,16074.0,16202.4501953125,0
2026-04-17,16439.25,16439.25,16453.400390625,16228.849609375,16246.599609375,0
2026-04-20,16379.5,16379.5,16490.25,16264.7998046875,16468.849609375,0
2026-04-21,16513.19921875,16513.19921875,16577.150390625,16416.25,16430.94921875,0
2026-04-22,16683.44921875,16683.44921875,16705.400390625,16488.69921875,16510.900390625,0
2026-04-23,16592.44921875,16592.44921875,16747.80078125,16559.80078125,16648.55078125,0
2026-04-24,16414.650390625,16414.650390625,16702.44921875,16327.7998046875,16631.80078125,0
2026-04-27,16713.55078125,16713.55078125,16736.400390625,16495.150390625,16507.05078125,0
2026-04-28,16721.849609375,16721.849609375,16821.69921875,16688.75,16749.650390625,0
2026-04-29,16804.400390625,16804.400390625,16905.25,16781.849609375,16835.349609375,0
2026-04-30,16731.19921875,16731.19921875,16807.19921875,16566.349609375,16777.400390625,0
2026-05-04,16895.94921875,16895.94921875,16943.150390625,16754.69921875,16851.19921875,0
2026-05-05,16928.19921875,16928.19921875,16952.599609375,16838.19921875,16909.900390625,0
2026-05-06,17233.849609375,17233.849609375,17255.44921875,17027.30078125,17082.400390625,0
2026-05-07,17409.0,17409.0,17436.25,17289.19921875,17320.150390625,0
2026-05-08,17437.5,17437.5,17506.400390625,17389.94921875,17416.400390625,0
2026-05-11,17253.5,17253.5,17374.0,17171.19921875,17373.75,0
2026-05-12,16735.80078125,16735.80078125,17265.5,16711.30078125,17232.25,0
2026-05-13,16784.0,16784.0,16899.55078125,16705.44921875,16750.150390625,0
2026-05-14,16789.0,16789.0,16923.650390625,16588.849609375,16883.650390625,0
2026-05-15,16722.900390625,16722.900390625,16846.94921875,16652.0,16829.0,0
2026-05-18,16473.650390625,16473.650390625,16619.69921875,16271.650390625,16619.400390625,0
2026-05-19,16664.599609375,16664.599609375,16702.94921875,16501.349609375,16515.599609375,0
2026-05-20,16678.05078125,16678.05078125,16695.5,16473.150390625,16581.30078125,0
2026-05-21,16796.30078125,16796.30078125,16866.75,16753.19921875,16799.80078125,0
2026-05-22,16775.30078125,16775.30078125,16843.900390625,16758.400390625,16836.44921875,0
2026-05-25,16976.400390625,16976.400390625,17000.25,16908.599609375,16923.80078125,0
2026-05-26,17009.55078125,17009.55078125,17134.599609375,16980.650390625,16993.30078125,0
2026-05-27,17103.44921875,17103.44921875,17129.44921875,17035.150390625,17050.75,0
2026-05-29,16992.099609375,16992.099609375,17216.25,16940.849609375,17172.0,0
2026-06-01,16857.099609375,16857.099609375,17139.650390625,16828.099609375,17082.69921875,0
2026-06-02,16946.599609375,16946.599609375,16963.25,16683.349609375,16778.599609375,0
2026-06-03,16954.44921875,16954.44921875,16984.099609375,16738.849609375,16969.150390625,0
2026-06-04,17052.69921875,17052.69921875,17112.44921875,16887.25,16910.349609375,0
2026-06-05,17054.5,17054.5,17156.75,16987.650390625,17112.75,0
2026-06-08,16748.900390625,16748.900390625,16961.599609375,16691.5,16856.69921875,0
2026-06-09,16977.44921875,16977.44921875,16997.44921875,16820.400390625,16820.650390625,0
2026-06-10,16782.94921875,16782.94921875,17046.150390625,16757.650390625,17013.55078125,0
2026-06-11,16642.69921875,16642.69921875,16805.099609375,16602.0,16703.25,0
2026-06-12,17079.099609375,17079.099609375,17088.849609375,16831.150390625,16854.19921875,0
2026-06-15,17292.69921875,17292.69921875,17396.69921875,17265.69921875,17364.44921875,0
2026-06-16,17369.25,17369.25,17409.44921875,17294.75,17368.650390625,0
2026-06-17,17495.75,17495.75,17512.69921875,17419.55078125,17420.19921875,0
2026-06-18,17612.599609375,17612.599609375,17630.55078125,17528.099609375,17555.599609375,0
2026-06-19,17713.80078125,17713.80078125,17751.55078125,17550.94921875,17592.650390625,0
2026-06-22,17849.75,17849.75,17874.150390625,17778.30078125,17821.05078125,0
2026-06-23,17747.650390625,17747.650390625,17956.5,17696.25,17903.30078125,0
2026-06-24,17784.650390625,17784.650390625,17797.44921875,17613.55078125,17748.849609375,0
2026-06-25,17704.69921875,17704.69921875,17871.5,17681.400390625,17860.94921875,0
2026-06-29,17619.599609375,17619.599609375,17715.55078125,17544.30078125,17701.150390625,0
2026-06-30,17720.30078125,17720.30078125,17762.0,17619.55078125,17676.599609375,0
2026-07-01,17801.55078125,17801.55078125,17900.849609375,17776.599609375,17778.349609375,0
2026-07-02,17983.349609375,17983.349609375,17993.80078125,17846.19921875,17867.599609375,0
2026-07-03,17996.25,17996.25,18085.900390625,17979.0,18073.05078125,0
2026-07-06,18078.599609375,18078.599609375,18090.099609375,17977.599609375,18024.44921875,0
2026-07-07,17953.099609375,17953.099609375,18118.19921875,17910.0,18111.0,0
2026-07-08,17597.900390625,17597.900390625,17954.0,17526.30078125,17866.150390625,0
2026-07-09,17875.69921875,17875.69921875,17914.94921875,17644.849609375,17652.25,0
2026-07-10,18118.900390625,18118.900390625,18134.599609375,17975.69921875,18004.349609375,0
2026-07-13,18171.849609375,18171.849609375,18194.80078125,17937.69921875,18021.150390625,0
2026-07-14,17974.900390625,17974.900390625,18126.25,17955.150390625,18124.400390625,0
2026-07-15,18097.849609375,18097.849609375,18170.44921875,18038.650390625,18042.44921875,0
2026-07-16,18109.05078125,18109.05078125,18185.69921875,18046.55078125,18170.55078125,0
2026-07-17,18003.5,18003.5,18134.55078125,17871.849609375,18124.400390625,0
2026-07-20,18023.900390625,18023.900390625,18073.0,17936.349609375,17975.19921875,0
2026-07-21,18101.0,18101.0,18116.849609375,18042.099609375,18067.349609375,0
2026-07-22,17863.75,17863.75,18103.19921875,17850.650390625,18102.0,0
2026-07-23,17651.25,17651.25,17843.25,17634.0,17836.900390625,0
2026-07-24,17601.19921875,17601.19921875,17619.94921875,17379.650390625,17535.69921875,0
2026-07-27,17824.5,17824.5,17841.849609375,17720.650390625,17727.80078125,0
2026-07-28,17741.44921875,17741.44921875,17851.25,17704.900390625,17831.55078125,0
2026-07-29,17978.05078125,17978.05078125,17990.150390625,17777.55078125,17826.099609375,0
2026-07-30,17845.599609375,17845.599609375,17980.599609375,17826.30078125,17978.599609375,0
2026-07-31,17919.900390625,17919.900390625,17986.19921875,17851.900390625,17910.30078125,0
2026-08-03,18166.650390625,18166.650390625,18194.80078125,17986.099609375,18015.44921875,0
2026-08-04,18194.30078125,18194.30078125,18277.55078125,18161.75,18208.5,0
2026-08-05,18321.94921875,18321.94921875,18366.900390625,18274.75,18298.30078125,0
2026-08-06,18358.650390625,18358.650390625,18407.75,18313.25,18379.099609375,0
2026-08-07,18356.55078125,18356.55078125,18404.44921875,18301.69921875,18323.5,0
2026-08-10,18345.55078125,18345.55078125,18426.05078125,18319.25,18355.69921875,0
2026-08-11,18381.849609375,18381.849609375,18418.44921875,18357.80078125,18385.30078125,0
2026-08-12,18335.650390625,18335.650390625,18427.849609375,18314.400390625,18414.599609375,0
2026-08-13,18365.900390625,18365.900390625,18409.80078125,18343.0,18369.0,0
2026-08-14,18278.80078125,18278.80078125,18407.900390625,18265.94921875,18371.25,0
