Date,Adj Close,Close,High,Low,Open,Volume
2009-01-02,52.5,52.5,53.5,52.349998474121094,0.0,1530
2009-01-05,54.0,54.0,54.70000076293945,53.849998474121094,0.0,1450
2009-01-06,54.5,54.5,54.79999923706055,53.400001525878906,0.0,3690
2009-01-07,50.70000076293945,50.70000076293945,54.650001525878906,50.70000076293945,0.0,6060
2009-01-09,49.900001525878906,49.900001525878906,51.70000076293945,49.20000076293945,0.0,2890
2009-01-12,48.20000076293945,48.20000076293945,49.5,47.40999984741211,0.0,1660
2009-01-13,47.900001525878906,47.900001525878906,50.0,47.0,0.0,2980
2009-01-14,48.20000076293945,48.20000076293945,49.099998474121094,48.0,0.0,340
2009-01-15,45.0,45.0,47.0,45.0,0.0,6830
2009-01-16,45.900001525878906,45.900001525878906,45.900001525878906,45.900001525878906,0.0,100
2009-01-19,46.099998474121094,46.099998474121094,46.400001525878906,45.29999923706055,0.0,16240
2009-01-20,44.02000045776367,44.02000045776367,46.10499954223633,43.95000076293945,0.0,4870
2009-01-21,43.0,43.0,44.0,42.70000076293945,0.0,5100
2009-01-22,43.599998474121094,43.599998474121094,43.650001525878906,42.29999923706055,0.0,85180
2009-01-23,41.70000076293945,41.70000076293945,43.400001525878906,41.5,0.0,5560
2009-01-27,42.29999923706055,42.29999923706055,42.54999923706055,41.20000076293945,0.0,2980
2009-01-28,43.04999923706055,43.04999923706055,43.5,41.92499923706055,0.0,21020
2009-01-29,43.400001525878906,43.400001525878906,44.70000076293945,43.400001525878906,0.0,390
2009-01-30,44.5,44.5,44.5,43.599998474121094,0.0,1160
2009-02-02,43.0,43.0,43.000999450683594,43.0,0.0,300
2009-02-03,43.20000076293945,43.20000076293945,44.0,42.5,0.0,14670
2009-02-04,42.599998474121094,42.599998474121094,43.849998474121094,42.599998474121094,0.0,3350
2009-02-05,42.29999923706055,42.29999923706055,42.79999923706055,42.29999923706055,0.0,5980
2009-02-06,43.04999923706055,43.04999923706055,44.0,43.04999923706055,0.0,5320
2009-02-09,44.349998474121094,44.349998474121094,44.70000076293945,43.849998474121094,0.0,15530
2009-02-10,44.900001525878906,44.900001525878906,45.91999816894531,44.900001525878906,0.0,7690
2009-02-11,45.5,45.5,45.5,44.29999923706055,0.0,330
2009-02-12,44.5,44.5,45.20000076293945,44.45000076293945,0.0,150
2009-02-13,45.45000076293945,45.45000076293945,46.29999923706055,45.400001525878906,0.0,1750
2009-02-16,43.29999923706055,43.29999923706055,45.400001525878906,43.29999923706055,0.0,6520
2009-02-17,42.0,42.0,43.099998474121094,42.0,0.0,7850
2009-02-18,41.29999923706055,41.29999923706055,42.45000076293945,41.0,0.0,4920
2009-02-19,41.29999923706055,41.29999923706055,41.95000076293945,41.005001068115234,0.0,37020
2009-02-20,40.0,40.0,40.400001525878906,39.52000045776367,0.0,23320
2009-02-24,38.599998474121094,38.599998474121094,40.099998474121094,38.099998474121094,0.0,7200
2009-02-25,39.599998474121094,39.599998474121094,40.349998474121094,39.099998474121094,0.0,3880
2009-02-26,38.95000076293945,38.95000076293945,39.5,37.70000076293945,0.0,122610
2009-02-27,38.900001525878906,38.900001525878906,43.18000030517578,38.25,0.0,14870
2009-03-02,37.5,37.5,38.5,37.5,0.0,118860
2009-03-03,36.900001525878906,36.900001525878906,38.0,36.900001525878906,0.0,7670
2009-03-04,35.900001525878906,35.900001525878906,37.29999923706055,35.79999923706055,0.0,12900
2009-03-05,34.79999923706055,34.79999923706055,36.849998474121094,34.400001525878906,0.0,77570
2009-03-06,35.20000076293945,35.20000076293945,35.599998474121094,34.099998474121094,0.0,19000
2009-03-09,33.70100021362305,33.70100021362305,34.974998474121094,33.51499938964844,0.0,10430
2009-03-12,34.9900016784668,34.9900016784668,35.474998474121094,34.04999923706055,0.0,4310
2009-03-13,36.599998474121094,36.599998474121094,37.0,35.400001525878906,0.0,42080
2009-03-16,37.20000076293945,37.20000076293945,37.29999923706055,36.61000061035156,0.0,6570
2009-03-17,36.29999923706055,36.29999923706055,37.900001525878906,36.099998474121094,0.0,2260
2009-03-18,37.0,37.0,37.79999923706055,37.0,0.0,10560
2009-03-19,37.45000076293945,37.45000076293945,37.70000076293945,36.900001525878906,0.0,5720
2009-03-20,36.974998474121094,36.974998474121094,37.20000076293945,36.5,0.0,430
2009-03-23,39.150001525878906,39.150001525878906,39.400001525878906,37.45000076293945,0.0,11960
2009-03-24,39.70000076293945,39.70000076293945,41.70000076293945,35.665000915527344,0.0,35540
2009-03-25,41.04999923706055,41.04999923706055,41.04999923706055,40.5,0.0,9320
2009-03-26,43.0,43.0,43.0,41.54999923706055,0.0,8310
2009-03-27,44.0,44.0,44.20000076293945,42.599998474121094,0.0,4410
2009-03-30,41.0,41.0,43.099998474121094,40.599998474121094,0.0,5680
2009-03-31,41.20000076293945,41.20000076293945,41.79999923706055,39.29999923706055,0.0,7030
2009-04-01,41.900001525878906,41.900001525878906,42.0989990234375,40.599998474121094,0.0,9930
2009-04-02,44.099998474121094,44.099998474121094,44.599998474121094,43.79999923706055,0.0,3650
2009-04-06,44.79999923706055,44.79999923706055,46.0,44.5,0.0,4030
2009-04-08,45.0,45.0,45.0,42.79999923706055,0.0,2670
2009-04-09,46.099998474121094,46.099998474121094,46.20000076293945,44.70000076293945,0.0,15730
2009-04-13,47.70000076293945,47.70000076293945,48.5,42.099998474121094,0.0,13790
2009-04-15,50.5,50.5,50.70000076293945,48.0,0.0,4520
2009-04-16,49.29999923706055,49.29999923706055,51.0,49.099998474121094,0.0,10620
2009-04-17,51.29999923706055,51.29999923706055,51.599998474121094,49.5,0.0,3380
2009-04-20,50.0,50.0,52.349998474121094,49.79999923706055,0.0,7000
2009-04-21,49.0,49.0,49.79999923706055,48.5099983215332,0.0,9890
2009-04-22,47.95000076293945,47.95000076293945,49.974998474121094,47.95000076293945,0.0,7240
2009-04-23,50.20000076293945,50.20000076293945,50.20000076293945,47.79999923706055,0.0,3120
2009-04-24,51.20000076293945,51.20000076293945,51.20000076293945,50.20000076293945,0.0,1830
2009-04-27,52.20000076293945,52.20000076293945,52.599998474121094,51.0,0.0,6210
2009-04-28,50.0,50.0,52.099998474121094,50.0,0.0,4000
2009-04-29,51.0,51.0,51.0,50.5,0.0,1200
2009-05-04,54.79999923706055,54.79999923706055,55.70000076293945,53.349998474121094,0.0,4800
2009-05-05,55.599998474121094,55.599998474121094,56.29999923706055,50.11000061035156,0.0,7530
2009-05-06,55.0,55.0,56.20000076293945,54.69499969482422,0.0,4730
2009-05-07,55.79999923706055,55.79999923706055,55.95000076293945,54.900001525878906,0.0,48070
2009-05-08,54.70000076293945,54.70000076293945,55.70000076293945,53.70000076293945,0.0,9940
2009-05-11,53.5,53.5,55.25,53.5,0.0,4320
2009-05-12,56.099998474121094,56.099998474121094,56.099998474121094,53.5,0.0,3270
2009-05-13,55.75,55.75,56.5,55.20000076293945,0.0,3880
2009-05-14,54.79999923706055,54.79999923706055,54.79999923706055,53.20000076293945,0.0,4080
2009-05-15,56.9900016784668,56.9900016784668,57.0,55.400001525878906,0.0,1480
2009-05-18,67.9800033569336,67.9800033569336,67.9800033569336,67.9800033569336,0.0,50
2009-05-19,73.0,73.0,75.0,67.0,0.0,365610
2009-05-20,71.69999694824219,71.69999694824219,75.0,71.0,0.0,131570
2009-05-21,69.4000015258789,69.4000015258789,76.0,68.0,0.0,26620
2009-05-22,70.01499938964844,70.01499938964844,71.19999694824219,69.0,0.0,15440
2009-05-25,71.5,71.5,71.5,70.01499938964844,0.0,11730
2009-05-26,69.25,69.25,71.5,69.0,0.0,13170
2009-05-27,72.9000015258789,72.9000015258789,73.19999694824219,70.0,0.0,12570
2009-05-28,72.80000305175781,72.80000305175781,73.5,71.19999694824219,0.0,10190
2009-05-29,75.0,75.0,75.69999694824219,73.30000305175781,0.0,16010
2009-06-01,74.5,74.5,75.80000305175781,72.80000305175781,0.0,20340
2009-06-02,73.0999984741211,73.0999984741211,74.4000015258789,72.30000305175781,0.0,20180
2009-06-03,73.4000015258789,73.4000015258789,74.5,73.19999694824219,0.0,10110
2009-06-04,74.5,74.5,74.5,71.19999694824219,0.0,128020
2009-06-05,73.0,73.0,75.1500015258789,73.0,0.0,18980
2009-06-08,70.5999984741211,70.5999984741211,73.19999694824219,70.0,0.0,123580
2009-06-09,71.56999969482422,71.56999969482422,73.0,70.5,0.0,10240
2009-06-10,73.44999694824219,73.44999694824219,74.5,72.69999694824219,0.0,13590
2009-06-11,74.0,74.0,74.0,72.80000305175781,0.0,8810
2009-06-12,72.25,72.25,74.4000015258789,71.5,0.0,7580
2009-06-15,72.6500015258789,72.6500015258789,73.3499984741211,71.5,0.0,2220
2009-06-16,73.0,73.0,73.4000015258789,73.0,0.0,10360
2009-06-17,71.72335815429688,71.72335815429688,71.72335815429688,71.72335815429688,71.72335815429688,0
2009-06-18,72.0999984741211,72.0999984741211,73.44999694824219,71.5,0.0,2060
2009-06-19,72.9000015258789,72.9000015258789,73.5,72.0999984741211,0.0,1340
2009-06-22,74.0,74.0,75.0,73.5999984741211,0.0,445600
2009-06-23,72.30000305175781,72.30000305175781,72.4749984741211,70.80000305175781,0.0,8970
2009-06-24,71.80000305175781,71.80000305175781,73.0,71.0,0.0,3230
2009-06-25,73.5999984741211,73.5999984741211,73.5999984741211,72.0,0.0,67020
2009-06-26,75.5,75.5,75.5,72.30000305175781,0.0,19080
2009-06-29,75.5,75.5,77.5,74.5999984741211,0.0,4840
2009-06-30,74.05000305175781,74.05000305175781,76.5,74.05000305175781,0.0,4050
2009-07-01,75.8949966430664,75.8949966430664,75.8949966430664,73.69999694824219,0.0,1220
2009-07-02,75.5,75.5,75.9000015258789,74.4000015258789,0.0,890
2009-07-03,77.19999694824219,77.19999694824219,77.19999694824219,75.0,0.0,273130
2009-07-06,72.0,72.0,78.0999984741211,70.0,0.0,157220
2009-07-07,71.0,71.0,72.0,70.69999694824219,0.0,7990
2009-07-08,67.19999694824219,67.19999694824219,71.0250015258789,66.30000305175781,0.0,138390
2009-07-09,67.69999694824219,67.69999694824219,67.69999694824219,65.19999694824219,0.0,2460
2009-07-10,66.0,66.0,68.0,66.0,0.0,3980
2009-07-13,65.0,65.0,67.0,64.80000305175781,0.0,20550
2009-07-14,67.80000305175781,67.80000305175781,68.19999694824219,67.0,0.0,930
2009-07-15,69.19999694824219,69.19999694824219,69.19999694824219,67.9000015258789,0.0,830
2009-07-16,69.302001953125,69.302001953125,70.80000305175781,69.0999984741211,0.0,1440
2009-07-17,72.0,72.0,72.0,70.19999694824219,0.0,10460
2009-07-20,74.9000015258789,74.9000015258789,75.0,72.19999694824219,0.0,10360
2009-07-21,74.99800109863281,74.99800109863281,75.5999984741211,73.0,0.0,34690
2009-07-22,73.5,73.5,75.5,73.0,0.0,25780
2009-07-23,74.0999984741211,74.0999984741211,74.5999984741211,73.9000015258789,0.0,1770
2009-07-24,74.5999984741211,74.5999984741211,75.8499984741211,73.4000015258789,0.0,4370
2009-07-27,73.5250015258789,73.5250015258789,74.95500183105469,73.5,0.0,128080
2009-07-28,73.30000305175781,73.30000305175781,73.80000305175781,72.5999984741211,0.0,8670
2009-07-29,71.80000305175781,71.80000305175781,73.4000015258789,71.0,0.0,2620
2009-07-30,73.5,73.5,73.5,71.5,0.0,1800
2009-07-31,75.59500122070312,75.59500122070312,75.5999984741211,74.5,0.0,17790
2009-08-03,76.0,76.0,76.7699966430664,75.19999694824219,0.0,2060
2009-08-04,77.0,77.0,77.5,75.4000015258789,0.0,60060
2009-08-05,75.5,75.5,77.19999694824219,75.19999694824219,0.0,1850
2009-08-06,75.0,75.0,77.19999694824219,75.0,0.0,115670
2009-08-07,73.0999984741211,73.0999984741211,75.0,73.0,0.0,14600
2009-08-10,72.0,72.0,73.80000305175781,71.5,0.0,12840
2009-08-11,71.80000305175781,71.80000305175781,73.4000015258789,71.69999694824219,0.0,760
2009-08-12,72.30000305175781,72.30000305175781,82.42500305175781,70.0,0.0,3050
2009-08-13,74.30000305175781,74.30000305175781,74.30000305175781,73.19999694824219,0.0,3030
2009-08-14,74.30000305175781,74.30000305175781,74.30000305175781,74.30000305175781,0.0,460
2009-08-17,71.69999694824219,71.69999694824219,72.6500015258789,71.20999908447266,0.0,9080
2009-08-18,72.19145202636719,72.19145202636719,72.19145202636719,72.19145202636719,72.19145202636719,0
2009-08-19,71.18943786621094,71.18943786621094,71.18943786621094,71.18943786621094,71.18943786621094,0
2009-08-20,72.72605895996094,72.72605895996094,72.72605895996094,72.72605895996094,72.72605895996094,0
2009-08-21,73.87859344482422,73.87859344482422,73.87859344482422,73.87859344482422,73.87859344482422,0
2009-08-24,74.44999694824219,74.44999694824219,75.5,74.0,0.0,795840
2009-08-25,75.4749984741211,75.4749984741211,75.4749984741211,70.0,0.0,41700
2009-08-26,74.5999984741211,74.5999984741211,74.80000305175781,73.5,0.0,3460
2009-08-27,73.60399627685547,73.60399627685547,75.0,73.19999694824219,0.0,470
2009-08-28,75.4000015258789,75.4000015258789,76.0,73.80000305175781,0.0,17890
2009-08-31,75.0,75.0,75.38999938964844,73.69999694824219,0.0,29610
2009-09-01,73.57499694824219,73.57499694824219,75.0,73.57499694824219,0.0,1080
2009-09-02,73.8499984741211,73.8499984741211,74.4000015258789,73.19999694824219,0.0,700
2009-09-03,73.9000015258789,73.9000015258789,74.5,73.9000015258789,0.0,1770
2009-09-04,74.0,74.0,74.0,74.0,0.0,1000
2009-09-07,75.9000015258789,75.9000015258789,76.5,74.5,0.0,3090
2009-09-08,78.0999984741211,78.0999984741211,78.0999984741211,76.19999694824219,0.0,62380
2009-09-09,77.5999984741211,77.5999984741211,77.80000305175781,76.5999984741211,0.0,400
2009-09-10,78.69999694824219,78.69999694824219,79.9000015258789,78.0999984741211,0.0,16020
2009-09-11,79.5999984741211,79.5999984741211,79.5999984741211,78.5,0.0,2350
2009-09-14,80.30000305175781,80.30000305175781,80.30000305175781,78.4000015258789,0.0,22390
2009-09-15,81.5,81.5,82.0,80.5,0.0,9250
2009-09-16,84.0,84.0,84.0,82.0999984741211,0.0,74490
2009-09-17,84.55000305175781,84.55000305175781,84.5999984741211,83.5,0.0,109720
2009-09-18,84.30000305175781,84.30000305175781,84.30000305175781,82.80000305175781,0.0,8560
2009-09-22,84.0999984741211,84.0999984741211,84.4000015258789,83.80000305175781,0.0,470
2009-09-23,84.69999694824219,84.69999694824219,85.0,84.0,0.0,1900
2009-09-24,85.5,85.5,85.5,83.5,0.0,5770
2009-09-25,85.0,85.0,85.4000015258789,84.25,0.0,450
2009-09-29,85.4000015258789,85.4000015258789,85.80000305175781,84.19999694824219,0.0,7250
2009-09-30,88.69999694824219,88.69999694824219,89.0,85.30000305175781,0.0,48460
2009-10-01,89.0,89.0,89.19999694824219,87.0999984741211,0.0,5270
2009-10-05,87.0,87.0,88.19999694824219,86.80999755859375,0.0,22690
2009-10-06,88.30000305175781,88.30000305175781,88.30000305175781,85.4000015258789,0.0,22050
2009-10-07,88.0,88.0,89.80000305175781,87.4000015258789,0.0,4070
2009-10-08,89.0,89.0,89.0,87.0,0.0,307900
2009-10-09,87.55000305175781,87.55000305175781,88.30000305175781,86.9010009765625,0.0,3260
2009-10-12,88.72000122070312,88.72000122070312,89.0,87.0999984741211,0.0,4740
2009-10-13,89.64008331298828,89.64008331298828,89.64008331298828,89.64008331298828,89.64008331298828,0
2009-10-14,90.55000305175781,90.55000305175781,91.0,89.6050033569336,0.0,6220
2009-10-15,92.19999694824219,92.19999694824219,92.80000305175781,91.4000015258789,0.0,8030
2009-10-16,95.79000091552734,95.79000091552734,95.9000015258789,94.0,0.0,238710
2009-10-20,93.80000305175781,93.80000305175781,96.5,93.80000305175781,0.0,9700
2009-10-21,93.30000305175781,93.30000305175781,94.5999984741211,92.80000305175781,0.0,15920
2009-10-22,91.4000015258789,91.4000015258789,104.9000015258789,91.0,0.0,45990
2009-10-23,92.0999984741211,92.0999984741211,92.88999938964844,92.0,0.0,6640
2009-10-26,89.5,89.5,92.30000305175781,89.0,0.0,9790
2009-10-27,86.99500274658203,86.99500274658203,90.9990005493164,86.5,0.0,21520
2009-10-28,86.30000305175781,86.30000305175781,86.80000305175781,85.4000015258789,0.0,3770
2009-10-29,84.5999984741211,84.5999984741211,86.0,84.4000015258789,0.0,5790
2009-10-30,85.0,85.0,87.69499969482422,84.5999984741211,0.0,7660
2009-11-03,83.0,83.0,91.30000305175781,83.0,0.0,120430
2009-11-04,85.0999984741211,85.0999984741211,85.0999984741211,83.0,0.0,4460
2009-11-05,86.0999984741211,86.0999984741211,86.0999984741211,83.50499725341797,0.0,2020
2009-11-06,87.5,87.5,88.19999694824219,85.70500183105469,0.0,5310
2009-11-09,91.0999984741211,91.0999984741211,91.5989990234375,88.0,0.0,8730
2009-11-10,91.19999694824219,91.19999694824219,92.0,90.80000305175781,0.0,2720
2009-11-11,92.4000015258789,92.4000015258789,92.5,90.30000305175781,0.0,11740
2009-11-12,91.0,91.0,93.80000305175781,89.6500015258789,0.0,21970
2009-11-13,91.9000015258789,91.9000015258789,92.0,90.5,0.0,4020
2009-11-16,93.0,93.0,93.5999984741211,92.0,0.0,9010
2009-11-17,92.0999984741211,92.0999984741211,92.5999984741211,90.4000015258789,0.0,14100
2009-11-18,92.69999694824219,92.69999694824219,93.19999694824219,91.5999984741211,0.0,64630
2009-11-19,89.69999694824219,89.69999694824219,92.19999694824219,89.69999694824219,0.0,4220
2009-11-20,91.30999755859375,91.30999755859375,92.38999938964844,89.5,0.0,7840
2009-11-23,93.0999984741211,93.0999984741211,93.4000015258789,91.30000305175781,0.0,6290
2009-11-24,92.0,92.0,93.0999984741211,91.80999755859375,0.0,1300
2009-11-25,92.4000015258789,92.4000015258789,93.58999633789062,91.80000305175781,0.0,65650
2009-11-26,91.0999984741211,91.0999984741211,93.19999694824219,90.5,0.0,15510
2009-11-27,88.19999694824219,88.19999694824219,90.0,86.80000305175781,0.0,30800
2009-11-30,90.01000213623047,90.01000213623047,91.5,89.80000305175781,0.0,830
2009-12-01,91.69999694824219,91.69999694824219,92.0,90.0510025024414,0.0,4010
2009-12-02,92.1500015258789,92.1500015258789,93.99500274658203,92.1500015258789,0.0,35980
2009-12-03,94.0,94.0,94.4990005493164,92.80000305175781,0.0,114450
2009-12-04,93.0,93.0,93.8499984741211,92.06600189208984,0.0,1620
2009-12-07,91.0,91.0,92.5,90.5999984741211,0.0,5370
2009-12-08,92.0,92.0,92.19999694824219,91.9000015258789,0.0,640
2009-12-09,91.4000015258789,91.4000015258789,92.9000015258789,91.4000015258789,0.0,1690
2009-12-10,91.19499969482422,91.19499969482422,92.30000305175781,90.9000015258789,0.0,650
2009-12-11,91.4000015258789,91.4000015258789,93.30000305175781,90.80000305175781,0.0,680
2009-12-14,90.5,90.5,91.0,90.19999694824219,0.0,20600
2009-12-15,87.69999694824219,87.69999694824219,90.5999984741211,87.69999694824219,0.0,52440
2009-12-16,87.0,87.0,89.98999786376953,86.80000305175781,0.0,120200
2009-12-17,86.69999694824219,86.69999694824219,87.5,86.5,0.0,4130
2009-12-18,85.5,85.5,87.5,85.19999694824219,0.0,13400
2009-12-21,86.5,86.5,86.55999755859375,84.9000015258789,0.0,112660
2009-12-22,86.55999755859375,86.55999755859375,87.5999984741211,86.5,0.0,2860
2009-12-23,88.19999694824219,88.19999694824219,88.30000305175781,86.9000015258789,0.0,12570
2009-12-24,89.30000305175781,89.30000305175781,90.0999984741211,88.30000305175781,0.0,13110
2009-12-29,89.1500015258789,89.1500015258789,90.0,88.9000015258789,0.0,17900
2009-12-30,89.96499633789062,89.96499633789062,89.96499633789062,89.19999694824219,0.0,1670
2009-12-31,90.5,90.5,90.5,89.30000305175781,0.0,8190
2010-01-04,91.69999694824219,91.69999694824219,91.69999694824219,90.80000305175781,0.0,4490
2010-01-05,92.0,92.0,92.30000305175781,91.0,0.0,5350
2010-01-06,91.30000305175781,91.30000305175781,92.69999694824219,91.30000305175781,0.0,11500
2010-01-07,91.0,91.0,92.5,90.9000015258789,0.0,3560
2010-01-08,91.9000015258789,91.9000015258789,92.30000305175781,90.69999694824219,0.0,1920
2010-01-11,90.8499984741211,90.8499984741211,92.1989974975586,90.80999755859375,0.0,4190
2010-01-12,90.0,90.0,91.5999984741211,90.0,0.0,2670
2010-01-13,89.6500015258789,89.6500015258789,90.0,87.80500030517578,0.0,2920
2010-01-14,89.69999694824219,89.69999694824219,102.96800231933594,89.19999694824219,0.0,8710
2010-01-15,89.2020034790039,89.2020034790039,90.0999984741211,89.19999694824219,0.0,7080
2010-01-18,90.0,90.0,90.5,89.2969970703125,0.0,16850
2010-01-19,91.22704315185547,91.22704315185547,91.22704315185547,91.22704315185547,91.22704315185547,0
2010-01-20,91.13036346435547,91.13036346435547,91.13036346435547,91.13036346435547,91.13036346435547,0
2010-01-21,89.06407928466797,89.06407928466797,89.06407928466797,89.06407928466797,89.06407928466797,0
2010-01-22,87.60063171386719,87.60063171386719,87.60063171386719,87.60063171386719,87.60063171386719,0
2010-01-25,86.839111328125,86.839111328125,86.839111328125,86.839111328125,86.839111328125,0
2010-01-27,83.17867279052734,83.17867279052734,83.17867279052734,83.17867279052734,83.17867279052734,0
2010-01-28,84.11524200439453,84.11524200439453,84.11524200439453,84.11524200439453,84.11524200439453,0
2010-01-29,86.38480377197266,86.38480377197266,86.38480377197266,86.38480377197266,86.38480377197266,0
2010-02-01,86.35819244384766,86.35819244384766,86.35819244384766,86.35819244384766,86.35819244384766,0
2010-02-02,84.55106353759766,84.55106353759766,84.55106353759766,84.55106353759766,84.55106353759766,0
2010-02-03,86.18209838867188,86.18209838867188,86.18209838867188,86.18209838867188,86.18209838867188,0
2010-02-04,84.63490295410156,84.63490295410156,84.63490295410156,84.63490295410156,84.63490295410156,0
2010-02-05,82.77100372314453,82.77100372314453,83.30000305175781,82.19999694824219,82.5,263270
2010-02-08,84.09600067138672,84.09600067138672,84.1050033569336,82.0,82.0,6750
2010-02-09,83.94599914550781,83.94599914550781,84.5999984741211,82.5999984741211,82.5999984741211,1850
2010-02-10,83.4000015258789,83.4000015258789,84.79900360107422,83.05000305175781,84.5,5040
2010-02-11,84.49600219726562,84.49600219726562,84.97000122070312,84.0999984741211,84.4000015258789,6150
2010-02-15,83.75,83.75,84.5999984741211,82.80000305175781,84.5,1830
2010-02-16,83.66500091552734,83.66500091552734,84.19999694824219,82.9000015258789,83.5,1150
2010-02-17,84.5999984741211,84.5999984741211,85.5,84.0999984741211,84.0999984741211,1740
2010-02-18,85.5,85.5,86.25,85.01000213623047,86.08999633789062,1480
2010-02-19,85.29499816894531,85.29499816894531,85.29499816894531,84.6500015258789,85.19999694824219,1870
2010-02-22,85.10600280761719,85.10600280761719,85.68000030517578,84.75,85.5,1160
2010-02-23,84.9000015258789,84.9000015258789,85.91000366210938,84.5999984741211,85.0,12750
2010-02-24,85.4000015258789,85.4000015258789,85.6989974975586,84.0,85.6989974975586,7060
2010-02-25,85.1500015258789,85.1500015258789,85.4000015258789,85.0999984741211,85.39900207519531,270
2010-02-26,86.45999908447266,86.45999908447266,88.69999694824219,85.19999694824219,85.19999694824219,14640
2010-03-02,88.72000122070312,88.72000122070312,89.5,87.69999694824219,89.0,9010430
2010-03-03,89.99500274658203,89.99500274658203,90.0,88.5999984741211,88.5999984741211,4810
2010-03-04,89.89700317382812,89.89700317382812,90.88999938964844,89.62000274658203,89.9000015258789,3280
2010-03-05,89.68499755859375,89.68499755859375,91.0,89.5,90.5999984741211,17060
2010-03-08,91.61000061035156,91.61000061035156,91.75,89.0,89.0,23290
2010-03-09,91.91300201416016,91.91300201416016,92.0,90.4000015258789,90.4000015258789,23920
2010-03-10,90.61100006103516,90.61100006103516,91.80000305175781,90.5999984741211,91.1500015258789,16300
2010-03-11,91.94499969482422,91.94499969482422,92.0,91.10299682617188,91.69999694824219,3050
2010-03-12,92.30000305175781,92.30000305175781,92.30000305175781,90.8949966430664,92.0,7460
2010-03-15,91.23200225830078,91.23200225830078,91.5999984741211,90.5999984741211,91.0,103640
2010-03-16,90.62799835205078,90.62799835205078,90.80000305175781,89.0999984741211,90.5999984741211,2270
2010-03-17,91.09600067138672,91.09600067138672,92.44999694824219,90.69999694824219,90.69999694824219,5640
2010-03-18,91.53700256347656,91.53700256347656,92.35900115966797,90.9010009765625,91.5,3380
2010-03-19,91.72200012207031,91.72200012207031,93.0999984741211,91.5,91.80000305175781,29910
2010-03-22,91.2750015258789,91.2750015258789,92.00499725341797,91.0,91.0,4530
2010-03-23,92.57099914550781,92.57099914550781,92.69999694824219,91.55000305175781,91.55000305175781,4270
2010-03-25,92.60199737548828,92.60199737548828,93.5,90.91000366210938,92.4000015258789,4250
2010-03-26,94.38700103759766,94.38700103759766,94.80000305175781,92.4000015258789,92.5,17640
2010-03-29,95.09500122070312,95.09500122070312,95.80000305175781,93.69999694824219,93.69999694824219,9000
2010-03-30,95.0199966430664,95.0199966430664,95.30000305175781,95.0,95.0,3280
2010-03-31,95.0999984741211,95.0999984741211,95.24500274658203,93.86000061035156,94.5,4460
2010-04-01,94.64199829101562,94.64199829101562,95.5999984741211,94.0,95.5999984741211,1010
2010-04-05,96.30000305175781,96.30000305175781,96.79900360107422,95.0,95.0,26400
2010-04-06,96.77200317382812,96.77200317382812,97.05000305175781,95.80000305175781,97.0,6810
2010-04-07,97.2040023803711,97.2040023803711,98.19999694824219,95.70099639892578,97.0999984741211,23730
2010-04-08,95.2760009765625,95.2760009765625,96.0,95.0,96.0,14090
2010-04-09,96.0,96.0,96.0999984741211,95.0,96.0,4080
2010-04-12,95.30000305175781,95.30000305175781,96.9990005493164,95.0,96.9990005493164,25780
2010-04-13,94.75499725341797,94.75499725341797,95.30000305175781,94.4000015258789,94.5,1470
2010-04-15,93.25,93.25,95.0,92.4000015258789,94.69999694824219,6370
2010-04-16,93.9000015258789,93.9000015258789,94.19999694824219,92.69999694824219,92.69999694824219,6770
2010-04-19,92.5199966430664,92.5199966430664,93.80000305175781,91.0,93.4000015258789,45130
2010-04-20,94.80000305175781,94.80000305175781,95.19999694824219,92.61499786376953,93.75,3530
2010-04-21,95.09200286865234,95.09200286865234,95.9000015258789,94.5,95.80000305175781,3340
2010-04-22,96.5270004272461,96.5270004272461,97.5,95.5999984741211,95.5999984741211,5130
2010-04-23,98.125,98.125,98.5,96.5,96.5,2730
2010-04-26,97.68499755859375,97.68499755859375,99.4000015258789,97.4000015258789,99.0,2870
2010-04-27,97.69999694824219,97.69999694824219,98.4000015258789,97.69999694824219,97.69999694824219,3060
2010-04-28,96.30999755859375,96.30999755859375,98.0,95.5999984741211,97.5,134310
2010-04-29,97.47599792480469,97.47599792480469,97.5999984741211,96.61000061035156,97.0,13310
2010-04-30,98.8010025024414,98.8010025024414,99.19999694824219,97.69999694824219,98.0,7990
2010-05-03,97.82599639892578,97.82599639892578,100.0,97.5,100.0,12780
2010-05-04,96.71900177001953,96.71900177001953,111.5,95.5,111.5,23260
2010-05-05,95.30000305175781,95.30000305175781,100.5,94.01000213623047,100.5,20930
2010-05-06,95.69999694824219,95.69999694824219,96.30000305175781,95.0,95.0,14310
2010-05-07,93.16400146484375,93.16400146484375,94.69999694824219,93.0,94.5,166060
2010-05-10,96.09200286865234,96.09200286865234,96.5999984741211,90.0,92.11499786376953,8570
2010-05-11,95.91100311279297,95.91100311279297,97.0999984741211,95.55000305175781,97.04900360107422,15420
2010-05-12,96.33499908447266,96.33499908447266,97.0,95.4000015258789,95.4000015258789,19300
2010-05-13,97.75199890136719,97.75199890136719,99.9000015258789,96.8010025024414,98.0,9460
2010-05-14,96.3949966430664,96.3949966430664,97.69999694824219,96.1500015258789,97.0,3070
2010-05-17,94.24500274658203,94.24500274658203,95.5999984741211,93.5999984741211,95.0,37860
2010-05-18,95.38800048828125,95.38800048828125,95.80000305175781,93.30000305175781,93.30000305175781,10190
2010-05-19,91.50499725341797,91.50499725341797,93.69999694824219,90.5999984741211,93.5,180280
2010-05-20,91.13700103759766,91.13700103759766,93.0,90.9000015258789,92.4000015258789,82250
2010-05-21,91.03299713134766,91.03299713134766,93.9000015258789,90.0,90.9000015258789,163530
2010-05-24,91.56600189208984,91.56600189208984,93.0999984741211,91.30000305175781,93.0999984741211,18760
2010-05-25,88.86100006103516,88.86100006103516,91.5999984741211,87.5999984741211,91.5999984741211,186410
2010-05-26,89.56900024414062,89.56900024414062,90.30000305175781,89.052001953125,90.30000305175781,4470
2010-05-27,91.72799682617188,91.72799682617188,91.80000305175781,90.19999694824219,90.4000015258789,11750
2010-05-28,93.44999694824219,93.44999694824219,93.5,91.5,92.3010025024414,2670
2010-05-31,93.69999694824219,93.69999694824219,95.0,91.9010009765625,92.5,17790
2010-06-01,91.25199890136719,91.25199890136719,93.69999694824219,90.5,93.5999984741211,18960
2010-06-02,91.00700378417969,91.00700378417969,92.0,90.5,91.69999694824219,20330
2010-06-03,92.9020004272461,92.9020004272461,93.30000305175781,92.30599975585938,92.30599975585938,15790
2010-06-04,94.05000305175781,94.05000305175781,94.19999694824219,92.0,92.0,1810
2010-06-07,92.34100341796875,92.34100341796875,93.0,91.0009994506836,92.4000015258789,19620
2010-06-08,91.70600128173828,91.70600128173828,93.99500274658203,91.10600280761719,93.30000305175781,4020
2010-06-09,93.05400085449219,93.05400085449219,93.8949966430664,91.60700225830078,92.5999984741211,9130
2010-06-10,94.47799682617188,94.47799682617188,94.5999984741211,92.35399627685547,93.5,6600
2010-06-11,94.38999938964844,94.38999938964844,95.5,94.31099700927734,95.0,15400
2010-06-14,96.22799682617188,96.22799682617188,109.4000015258789,94.80000305175781,95.19999694824219,14600
2010-06-15,95.29499816894531,95.29499816894531,95.80000305175781,94.5009994506836,95.80000305175781,35340
2010-06-16,95.99500274658203,95.99500274658203,97.0999984741211,94.50499725341797,97.0999984741211,35040
2010-06-17,96.05400085449219,96.05400085449219,96.69999694824219,95.5,96.69999694824219,740
2010-06-18,95.50700378417969,95.50700378417969,96.30000305175781,95.30000305175781,95.51000213623047,136870
2010-06-21,97.71800231933594,97.71800231933594,97.75,96.0,96.0,19280
2010-06-22,96.55000305175781,96.55000305175781,98.0999984741211,96.5,96.90499877929688,1830
2010-06-23,97.0,97.0,97.49500274658203,96.25,97.49500274658203,4670
2010-06-24,97.15799713134766,97.15799713134766,97.5,96.9000015258789,97.48999786376953,4060
2010-06-25,94.73999786376953,94.73999786376953,96.5,94.19999694824219,96.5,31110
2010-06-28,96.02899932861328,96.02899932861328,97.0,94.3499984741211,97.0,53620
2010-06-29,95.02300262451172,95.02300262451172,97.0,94.6500015258789,97.0,13070
2010-06-30,95.26899719238281,95.26899719238281,96.0,93.50499725341797,94.4000015258789,730
2010-07-01,94.84500122070312,94.84500122070312,94.8499984741211,94.19999694824219,94.19999694824219,3390
2010-07-02,94.8499984741211,94.8499984741211,95.0999984741211,94.11000061035156,94.11000061035156,420
2010-07-05,95.09300231933594,95.09300231933594,99.0,93.74500274658203,99.0,830
2010-07-06,96.552001953125,96.552001953125,96.80000305175781,94.32499694824219,95.19999694824219,27750
2010-07-07,94.8550033569336,94.8550033569336,96.30000305175781,94.6500015258789,96.30000305175781,2810
2010-07-08,96.5999984741211,96.5999984741211,96.9990005493164,96.52100372314453,96.9990005493164,22900
2010-07-09,97.19999694824219,97.19999694824219,97.19999694824219,96.4000015258789,97.0999984741211,28620
2010-07-12,99.23699951171875,99.23699951171875,99.9000015258789,97.69999694824219,98.0,130050
2010-07-13,99.9739990234375,99.9739990234375,100.0,98.9000015258789,99.69999694824219,14960
2010-07-14,100.0,100.0,100.69999694824219,99.9000015258789,100.19999694824219,230290
2010-07-15,99.5,99.5,100.9990005493164,99.5,100.0,5800
2010-07-16,100.3010025024414,100.3010025024414,100.5,99.5,99.5,5240
2010-07-19,100.38400268554688,100.38400268554688,100.89900207519531,92.30000305175781,99.5999984741211,18140
2010-07-20,100.74099731445312,100.74099731445312,101.0,100.44999694824219,101.0,7570
2010-07-21,101.12300109863281,101.12300109863281,101.30000305175781,99.70099639892578,101.30000305175781,3850
2010-07-22,100.72200012207031,100.72200012207031,101.0,100.0999984741211,100.0999984741211,660
2010-07-23,101.9800033569336,101.9800033569336,102.29900360107422,100.6500015258789,102.29900360107422,2210
2010-07-26,101.0,101.0,101.5,100.50499725341797,101.30000305175781,5380
2010-07-27,102.34600067138672,102.34600067138672,102.5,100.0,100.0,37230
2010-07-28,100.39700317382812,100.39700317382812,102.4000015258789,100.3499984741211,101.30000305175781,4220
2010-07-29,101.80000305175781,101.80000305175781,101.80000305175781,100.5,100.5,4300
2010-07-30,102.05000305175781,102.05000305175781,102.53500366210938,101.75,102.5,1460
2010-08-02,105.04100036621094,105.04100036621094,113.5,103.50499725341797,104.59500122070312,10260
2010-08-03,105.0999984741211,105.0999984741211,106.5999984741211,105.0,105.69999694824219,6150
2010-08-04,105.4540023803711,105.4540023803711,106.30000305175781,104.70500183105469,106.30000305175781,6470
2010-08-05,104.5,104.5,106.19000244140625,104.4000015258789,106.19000244140625,17450
2010-08-06,105.1500015258789,105.1500015258789,105.69999694824219,105.0,105.69999694824219,1270
2010-08-09,105.24299621582031,105.24299621582031,105.69999694824219,104.51000213623047,105.69999694824219,2940
2010-08-10,105.94400024414062,105.94400024414062,106.4990005493164,105.4000015258789,106.19999694824219,3540
2010-08-11,105.0,105.0,106.4000015258789,105.0,106.4000015258789,1050
2010-08-12,106.73100280761719,106.73100280761719,107.0,103.65799713134766,104.80000305175781,4200
2010-08-13,108.20500183105469,108.20500183105469,108.5999984741211,106.4000015258789,107.0,4520
2010-08-16,107.36000061035156,107.36000061035156,108.80000305175781,107.36000061035156,108.80000305175781,3580
2010-08-17,108.5,108.5,108.8949966430664,107.3499984741211,107.3550033569336,27930
2010-08-18,109.5,109.5,109.58999633789062,108.5,109.58999633789062,8970
2010-08-19,112.0,112.0,112.0,110.0,110.0,3090
2010-08-20,111.75,111.75,112.1500015258789,110.3499984741211,110.5,3630
2010-08-23,112.0,112.0,112.0,109.69999694824219,111.74500274658203,14050
2010-08-24,111.8499984741211,111.8499984741211,112.19999694824219,109.75,112.19999694824219,34820
2010-08-25,109.80500030517578,109.80500030517578,111.3499984741211,109.80500030517578,110.5,5290
2010-08-26,110.0,110.0,111.19999694824219,109.75,111.19999694824219,2720
2010-08-27,108.0,108.0,110.80000305175781,108.0,110.80000305175781,8710
2010-08-30,107.19999694824219,107.19999694824219,109.44999694824219,107.19999694824219,109.44999694824219,1250
2010-08-31,107.69999694824219,107.69999694824219,108.4000015258789,106.30000305175781,108.19999694824219,7020
2010-09-01,108.4000015258789,108.4000015258789,109.80000305175781,108.0,108.0,2270
2010-09-02,109.5999984741211,109.5999984741211,110.0,109.30000305175781,110.0,6100
2010-09-03,109.80000305175781,109.80000305175781,110.94999694824219,109.19999694824219,110.94999694824219,111120
2010-09-06,113.5999984741211,113.5999984741211,113.5999984741211,110.9000015258789,111.9000015258789,16880
2010-09-07,112.0,112.0,113.5999984741211,111.5,113.5999984741211,9830
2010-09-08,113.30000305175781,113.30000305175781,113.39600372314453,111.40699768066406,111.40699768066406,2420
2010-09-09,115.0,115.0,115.0,113.0999984741211,113.30000305175781,13300
2010-09-13,118.30000305175781,118.30000305175781,119.69999694824219,109.5,109.5,19220
2010-09-14,120.9000015258789,120.9000015258789,120.9000015258789,119.0,120.5,8890
2010-09-15,119.6500015258789,119.6500015258789,121.4000015258789,119.4000015258789,120.80000305175781,4000
2010-09-16,122.0,122.0,123.49500274658203,119.5250015258789,120.69999694824219,23600
2010-09-17,120.80000305175781,120.80000305175781,123.0,120.30000305175781,122.69999694824219,15590
2010-09-20,122.5,122.5,122.5,120.5999984741211,121.0,16880
2010-09-21,122.9000015258789,122.9000015258789,124.49500274658203,122.0199966430664,123.0,7380
2010-09-22,122.69999694824219,122.69999694824219,124.0999984741211,121.9010009765625,124.0999984741211,4890
2010-09-23,121.19999694824219,121.19999694824219,124.30000305175781,121.0,124.30000305175781,21200
2010-09-24,122.4000015258789,122.4000015258789,122.69499969482422,121.01000213623047,122.5,4660
2010-09-27,123.79900360107422,123.79900360107422,124.80000305175781,123.0,123.0,17540
2010-09-28,122.5999984741211,122.5999984741211,124.1989974975586,122.0,122.0,1970
2010-09-29,122.5,122.5,123.98899841308594,122.5,123.0,4250
2010-09-30,123.25,123.25,123.30000305175781,122.5,122.5,3750
2010-10-01,126.9000015258789,126.9000015258789,126.9000015258789,123.5999984741211,125.19999694824219,29360
2010-10-04,126.19999694824219,126.19999694824219,128.5,126.19999694824219,127.0,17090
2010-10-05,126.9000015258789,126.9000015258789,142.5,125.0,126.19999694824219,19770
2010-10-06,125.80000305175781,125.80000305175781,128.6999969482422,125.69999694824219,128.6999969482422,15710
2010-10-07,126.6989974975586,126.6989974975586,127.69999694824219,125.0,125.80000305175781,10260
2010-10-08,124.19999694824219,124.19999694824219,127.0,124.08000183105469,127.0,8850
2010-10-11,125.9000015258789,125.9000015258789,126.9990005493164,125.0,125.0,5390
2010-10-12,125.79900360107422,125.79900360107422,125.9000015258789,124.20500183105469,125.9000015258789,2740
2010-10-13,127.29900360107422,127.29900360107422,148.38400268554688,124.80000305175781,148.38400268554688,3890
2010-10-14,126.10299682617188,126.10299682617188,127.99700164794922,126.0,127.19999694824219,3960
2010-10-15,124.07599639892578,124.07599639892578,127.48999786376953,124.0,127.48999786376953,7270
2010-10-18,124.46399688720703,124.46399688720703,124.80000305175781,122.01499938964844,124.0,21740
2010-10-19,123.2040023803711,123.2040023803711,125.69999694824219,122.5,123.5999984741211,8300
2010-10-20,122.74299621582031,122.74299621582031,124.0,122.26499938964844,123.88999938964844,4850
2010-10-21,125.37200164794922,125.37200164794922,125.5,122.25199890136719,124.0,5070
2010-10-22,125.23100280761719,125.23100280761719,125.80000305175781,123.30000305175781,124.0,3180
2010-10-25,125.69999694824219,125.69999694824219,126.5999984741211,124.5,125.9000015258789,2150
2010-10-26,124.5999984741211,124.5999984741211,125.4000015258789,123.51000213623047,123.51000213623047,550
2010-10-27,123.28600311279297,123.28600311279297,124.30000305175781,122.5,122.5999984741211,4510
2010-10-28,122.45600128173828,122.45600128173828,123.69999694824219,122.0999984741211,123.5999984741211,1020
2010-10-29,123.13099670410156,123.13099670410156,123.49500274658203,121.0,122.4000015258789,750
2010-11-01,127.27200317382812,127.27200317382812,128.3000030517578,123.30000305175781,123.30000305175781,13940
2010-11-02,129.27499389648438,129.27499389648438,129.39999389648438,126.90499877929688,127.30000305175781,3450
2010-11-03,130.0,130.0,130.10000610351562,128.1999969482422,130.0,4250
2010-11-04,130.8000030517578,130.8000030517578,132.39999389648438,129.1999969482422,129.89999389648438,17700
2010-11-08,132.10000610351562,132.10000610351562,135.0,131.5,135.0,2150
2010-11-09,130.76199340820312,130.76199340820312,132.0,130.0,131.1999969482422,10210
2010-11-10,131.0,131.0,131.89999389648438,130.10000610351562,131.8990020751953,2060
2010-11-11,129.61700439453125,129.61700439453125,131.89999389648438,129.5,131.6999969482422,18290
2010-11-12,126.16899871826172,126.16899871826172,129.39999389648438,125.5,129.0,20890
2010-11-15,128.80099487304688,128.80099487304688,129.1999969482422,126.0,127.0,7730
2010-11-16,125.48699951171875,125.48699951171875,129.60000610351562,124.69999694824219,127.30000305175781,10430
2010-11-18,123.97899627685547,123.97899627685547,126.80000305175781,120.4000015258789,126.80000305175781,28480
2010-11-19,121.96099853515625,121.96099853515625,123.80000305175781,121.5,123.0999984741211,8650
2010-11-22,125.9020004272461,125.9020004272461,135.64500427246094,121.5,123.4000015258789,8170
2010-11-23,122.87300109863281,122.87300109863281,125.0,120.50499725341797,125.0,158720
2010-11-24,120.23999786376953,120.23999786376953,140.0,118.0,140.0,39780
2010-11-25,117.58899688720703,117.58899688720703,130.0,116.80000305175781,130.0,119880
2010-11-26,117.80000305175781,117.80000305175781,119.99500274658203,114.4000015258789,118.0,117680
2010-11-29,119.63999938964844,119.63999938964844,119.69999694824219,118.0,118.0,5030
2010-11-30,120.72799682617188,120.72799682617188,121.0999984741211,117.4000015258789,118.5999984741211,114990
2010-12-01,123.98300170898438,123.98300170898438,124.0,119.40799713134766,121.4000015258789,3220
2010-12-02,124.23100280761719,124.23100280761719,125.49500274658203,124.0,124.0,144080
2010-12-03,124.69499969482422,124.69499969482422,125.19000244140625,123.19999694824219,125.0,1550
2010-12-06,122.06300354003906,122.06300354003906,125.0,121.9000015258789,123.5999984741211,11540
2010-12-07,117.79299926757812,117.79299926757812,120.91999816894531,117.0,120.91999816894531,121410
2010-12-08,116.16999816894531,116.16999816894531,121.0,115.4000015258789,117.4000015258789,33900
2010-12-09,112.34200286865234,112.34200286865234,118.5,111.69999694824219,118.5,172690
2010-12-10,115.13200378417969,115.13200378417969,116.0,111.19999694824219,112.30000305175781,10130
2010-12-13,116.21600341796875,116.21600341796875,117.0,114.5,115.69999694824219,12740
2010-12-14,116.66200256347656,116.66200256347656,116.9000015258789,115.0999984741211,116.21600341796875,26230
2010-12-15,113.37699890136719,113.37699890136719,115.80000305175781,112.69999694824219,115.80000305175781,32410
2010-12-16,115.5,115.5,125.5999984741211,112.70500183105469,125.5999984741211,13220
2010-12-20,113.9749984741211,113.9749984741211,115.0,113.30000305175781,115.0,4720
2010-12-21,116.31700134277344,116.31700134277344,116.38999938964844,113.61000061035156,114.69999694824219,5250
2010-12-22,116.07599639892578,116.07599639892578,117.08499908447266,115.0,116.44999694824219,11210
2010-12-23,115.26200103759766,115.26200103759766,116.4000015258789,114.19999694824219,116.4000015258789,27890
2010-12-24,115.61299896240234,115.61299896240234,116.0,113.70600128173828,116.0,1550
2010-12-27,115.19599914550781,115.19599914550781,116.44499969482422,115.01499938964844,116.44499969482422,2290
2010-12-28,115.17500305175781,115.17500305175781,115.5999984741211,114.69999694824219,115.0,1780
2010-12-29,116.29100036621094,116.29100036621094,116.2979965209961,114.19999694824219,114.19999694824219,760
2010-12-30,116.9000015258789,116.9000015258789,117.5,115.81400299072266,115.9000015258789,790
2010-12-31,118.77100372314453,118.77100372314453,119.19999694824219,116.80000305175781,116.80000305175781,5280
2011-01-03,118.64800262451172,118.64800262451172,120.0,118.1500015258789,119.77200317382812,15880
2011-01-04,116.28299713134766,116.28299713134766,119.80000305175781,116.0,119.80000305175781,10250
2011-01-05,114.16100311279297,114.16100311279297,116.30000305175781,113.80000305175781,116.30000305175781,134170
2011-01-06,113.18199920654297,113.18199920654297,114.9000015258789,112.83000183105469,114.9000015258789,45900
2011-01-07,111.9010009765625,111.9010009765625,113.9000015258789,111.19999694824219,112.4000015258789,22620
2011-01-10,108.14099884033203,108.14099884033203,115.0,108.0,115.0,147470
2011-01-11,109.84600067138672,109.84600067138672,110.5,107.06400299072266,109.19999694824219,12370
2011-01-12,111.55999755859375,111.55999755859375,112.4749984741211,108.05000305175781,109.5,19560
2011-01-13,107.98100280761719,107.98100280761719,112.5,106.5,112.5,32040
2011-01-14,105.4800033569336,105.4800033569336,110.0,103.6500015258789,107.00499725341797,45720
2011-01-17,105.95099639892578,105.95099639892578,112.0,104.0,106.0,17720
2011-01-18,106.53199768066406,106.53199768066406,107.79499816894531,105.3499984741211,105.52999877929688,43370
2011-01-19,106.5250015258789,106.5250015258789,107.9000015258789,106.20099639892578,107.9000015258789,10000
2011-01-20,108.6500015258789,108.6500015258789,108.80000305175781,104.80000305175781,106.9000015258789,32950
2011-01-21,109.78199768066406,109.78199768066406,110.0,107.4000015258789,109.99500274658203,11810
2011-01-24,111.5719985961914,111.5719985961914,112.19999694824219,109.0,110.1969985961914,9080
2011-01-25,108.9729995727539,108.9729995727539,112.79499816894531,108.30000305175781,112.19999694824219,8340
2011-01-27,107.552001953125,107.552001953125,109.98400115966797,107.0999984741211,109.05000305175781,8070
2011-01-28,106.71099853515625,106.71099853515625,108.87000274658203,105.9000015258789,107.60600280761719,17750
2011-01-31,106.48699951171875,106.48699951171875,106.99500274658203,105.30000305175781,105.9000015258789,26970
2011-02-01,105.8280029296875,105.8280029296875,107.5999984741211,105.69999694824219,107.5999984741211,23030
2011-02-02,105.98100280761719,105.98100280761719,107.29499816894531,105.5,107.19999694824219,9650
2011-02-03,107.22200012207031,107.22200012207031,107.83999633789062,105.0,105.9000015258789,129120
2011-02-04,105.16999816894531,105.16999816894531,108.9000015258789,104.5,106.20999908447266,29930
2011-02-07,104.74800109863281,104.74800109863281,108.0999984741211,104.0999984741211,105.18399810791016,18830
2011-02-08,102.5999984741211,102.5999984741211,105.0,102.0,104.78399658203125,26780
2011-02-09,101.48899841308594,101.48899841308594,103.3949966430664,100.38400268554688,101.80000305175781,5060
2011-02-10,101.61799621582031,101.61799621582031,102.9990005493164,100.80000305175781,102.0,28390
2011-02-11,105.41999816894531,105.41999816894531,105.9000015258789,101.30000305175781,102.19999694824219,13880
2011-02-14,108.45600128173828,108.45600128173828,109.19999694824219,106.0999984741211,107.0,26010
2011-02-15,110.08699798583984,110.08699798583984,111.08999633789062,107.30000305175781,107.4000015258789,23690
2011-02-16,109.23200225830078,109.23200225830078,110.69599914550781,109.0,109.0,4710
2011-02-17,111.4020004272461,111.4020004272461,111.91000366210938,108.0999984741211,108.0999984741211,26880
2011-02-18,110.85399627685547,110.85399627685547,113.4000015258789,110.5999984741211,113.05000305175781,9580
2011-02-21,110.8489990234375,110.8489990234375,111.5,109.0,110.99500274658203,27710
2011-02-22,109.15799713134766,109.15799713134766,119.0,108.5999984741211,110.0,6880
2011-02-23,107.23999786376953,107.23999786376953,109.47000122070312,106.80500030517578,109.3499984741211,13390
2011-02-24,102.98500061035156,102.98500061035156,107.29000091552734,102.51499938964844,107.29000091552734,142040
2011-02-25,104.68099975585938,104.68099975585938,105.0,103.0,103.80000305175781,19100
2011-02-28,104.63999938964844,104.63999938964844,107.47000122070312,104.0999984741211,105.0999984741211,11650
2011-03-01,108.69400024414062,108.69400024414062,109.0999984741211,105.80000305175781,105.802001953125,9010
2011-03-03,109.35399627685547,109.35399627685547,111.16000366210938,107.5,109.0,27590
2011-03-04,110.63999938964844,110.63999938964844,111.0,109.44499969482422,110.05000305175781,9630
2011-03-07,107.68299865722656,107.68299865722656,110.0,107.5,110.0,20070
2011-03-08,110.16999816894531,110.16999816894531,110.30000305175781,108.30000305175781,108.32099914550781,18710
2011-03-09,109.23600006103516,109.23600006103516,111.0,109.0999984741211,111.0,4080
2011-03-10,109.69599914550781,109.69599914550781,109.80000305175781,108.4000015258789,108.80000305175781,17590
2011-03-11,108.48699951171875,108.48699951171875,109.80000305175781,107.9000015258789,108.9000015258789,17400
2011-03-14,108.66999816894531,108.66999816894531,109.69999694824219,107.69999694824219,109.0,17510
2011-03-15,107.86399841308594,107.86399841308594,108.80000305175781,106.9990005493164,108.5,18940
2011-03-16,109.49500274658203,109.49500274658203,109.79499816894531,108.30500030517578,109.28399658203125,3930
2011-03-17,108.70800018310547,108.70800018310547,111.78399658203125,108.01499938964844,109.0,964760
2011-03-18,108.29100036621094,108.29100036621094,109.5790023803711,107.80000305175781,108.88400268554688,6280
2011-03-21,108.0009994506836,108.0009994506836,108.5999984741211,107.0,107.83599853515625,4020
2011-03-22,109.0,109.0,109.19999694824219,108.05000305175781,108.54000091552734,10380
2011-03-23,110.13300323486328,110.13300323486328,110.6500015258789,107.30500030517578,109.05000305175781,6350
2011-03-24,111.49400329589844,111.49400329589844,111.5999984741211,110.20700073242188,110.5,10300
2011-03-25,113.552001953125,113.552001953125,114.19999694824219,111.20999908447266,111.98400115966797,39690
2011-03-28,114.90599822998047,114.90599822998047,115.875,113.55000305175781,113.98400115966797,21660
2011-03-29,115.28299713134766,115.28299713134766,123.0,114.6050033569336,123.0,12570
2011-03-30,116.91999816894531,116.91999816894531,117.19999694824219,116.0,116.0,7330
2011-03-31,117.13400268554688,117.13400268554688,119.5,116.0,117.69999694824219,238810
2011-04-01,116.5770034790039,116.5770034790039,117.31999969482422,115.5,117.0,3620
2011-04-04,117.80000305175781,117.80000305175781,118.0790023803711,116.38400268554688,117.0,8780
2011-04-05,117.59300231933594,117.59300231933594,118.19999694824219,116.18399810791016,118.0,31510
2011-04-06,117.68000030517578,117.68000030517578,118.59500122070312,116.4000015258789,118.59500122070312,11450
2011-04-07,118.03500366210938,118.03500366210938,118.58399963378906,116.6050033569336,116.6050033569336,2110
2011-04-08,116.91200256347656,116.91200256347656,118.87999725341797,108.81999969482422,108.81999969482422,3330
2011-04-11,116.51300048828125,116.51300048828125,117.0,115.44000244140625,115.44000244140625,1060
2011-04-13,117.84400177001953,117.84400177001953,118.0,115.9000015258789,115.9000015258789,135250
2011-04-15,118.44599914550781,118.44599914550781,120.0999984741211,117.0,120.0,373030
2011-04-18,116.23500061035156,116.23500061035156,118.83699798583984,113.0,113.0,138980
2011-04-19,116.64199829101562,116.64199829101562,117.11000061035156,115.08000183105469,116.94999694824219,10460
2011-04-20,117.37300109863281,117.37300109863281,118.0999984741211,115.80799865722656,118.05000305175781,36910
2011-04-21,118.74700164794922,118.74700164794922,119.0999984741211,117.90499877929688,118.1500015258789,14850
2011-04-25,120.375,120.375,120.44999694824219,118.80000305175781,119.9000015258789,197280
2011-04-26,119.78600311279297,119.78600311279297,120.19999694824219,117.5,119.98400115966797,3440
2011-04-27,118.41600036621094,118.41600036621094,120.3499984741211,117.80000305175781,120.3499984741211,23880
2011-04-28,117.5,117.5,118.5,117.20500183105469,118.38999938964844,5180
2011-04-29,114.46099853515625,114.46099853515625,117.5,114.00499725341797,117.5,13460
2011-05-02,112.77799987792969,112.77799987792969,115.0,112.5,115.0,129470
2011-05-03,110.08100128173828,110.08100128173828,113.69999694824219,109.0,113.0,90740
2011-05-04,110.15599822998047,110.15599822998047,112.5,108.28399658203125,110.0,20050
2011-05-05,108.50199890136719,108.50199890136719,110.8499984741211,107.20500183105469,110.30000305175781,121330
2011-05-06,111.30899810791016,111.30899810791016,117.69999694824219,108.5,110.1500015258789,29290
2011-05-09,111.2020034790039,111.2020034790039,113.08000183105469,109.36599731445312,113.08000183105469,25020
2011-05-10,110.04499816894531,110.04499816894531,111.41999816894531,109.51599884033203,111.41999816894531,8810
2011-05-11,110.87300109863281,110.87300109863281,111.11000061035156,109.69999694824219,110.0,2580
2011-05-12,109.5739974975586,109.5739974975586,111.20500183105469,108.25,110.77999877929688,9520
2011-05-13,110.37100219726562,110.37100219726562,112.0,109.0,109.0,7490
2011-05-16,109.00800323486328,109.00800323486328,110.4000015258789,108.4000015258789,108.5,5080
2011-05-17,107.78399658203125,107.78399658203125,110.19999694824219,106.5999984741211,110.19999694824219,14780
2011-05-18,106.83599853515625,106.83599853515625,113.0,106.25,113.0,4360
2011-05-19,106.42900085449219,106.42900085449219,107.4000015258789,106.19999694824219,107.4000015258789,4350
2011-05-20,106.91400146484375,106.91400146484375,108.0,106.11000061035156,106.11000061035156,1710
2011-05-23,104.86699676513672,104.86699676513672,106.6500015258789,104.0,106.6500015258789,12310
2011-05-24,104.3290023803711,104.3290023803711,105.55000305175781,104.0,105.1500015258789,8070
2011-05-25,104.6449966430664,104.6449966430664,105.9000015258789,104.0,105.9000015258789,14420
2011-05-26,105.5199966430664,105.5199966430664,106.0,104.13999938964844,104.13999938964844,3810
2011-05-27,107.2229995727539,107.2229995727539,108.30000305175781,105.05000305175781,106.12000274658203,4180
2011-05-30,108.58100128173828,108.58100128173828,113.9000015258789,107.38500213623047,110.0,51680
2011-05-31,109.73500061035156,109.73500061035156,113.0,104.0,104.0,4520
2011-06-01,110.5979995727539,110.5979995727539,111.29499816894531,109.5250015258789,109.69999694824219,1490
2011-06-02,109.70500183105469,109.70500183105469,111.69999694824219,108.56999969482422,111.69999694824219,10260
2011-06-03,109.52400207519531,109.52400207519531,111.0989990234375,108.30000305175781,109.0,2970
2011-06-06,109.64199829101562,109.64199829101562,110.29900360107422,107.6500015258789,108.69999694824219,3810
2011-06-07,109.625,109.625,110.74500274658203,108.5,108.5,5370
2011-06-08,108.61699676513672,108.61699676513672,110.38999938964844,108.30999755859375,108.5,2310
2011-06-09,109.0270004272461,109.0270004272461,109.625,105.80000305175781,105.80000305175781,1160
2011-06-10,107.5989990234375,107.5989990234375,109.80000305175781,107.5,108.30000305175781,5960
2011-06-13,108.67400360107422,108.67400360107422,109.1969985961914,107.0999984741211,108.69999694824219,1900
2011-06-14,108.73999786376953,108.73999786376953,109.80000305175781,108.50499725341797,109.3499984741211,5080
2011-06-15,108.16100311279297,108.16100311279297,109.58000183105469,107.80000305175781,109.58000183105469,2490
2011-06-16,107.4000015258789,107.4000015258789,108.30000305175781,106.5250015258789,107.9000015258789,3010
2011-06-17,107.87999725341797,107.87999725341797,108.0,106.6500015258789,106.93499755859375,4120
2011-06-20,106.21800231933594,106.21800231933594,107.9000015258789,106.0,107.9000015258789,4630
2011-06-21,106.41400146484375,106.41400146484375,108.0,106.0,107.45999908447266,3580
2011-06-22,105.74199676513672,105.74199676513672,107.1500015258789,105.25,105.69999694824219,2110
2011-06-23,106.62000274658203,106.62000274658203,107.0,105.7750015258789,106.5,17930
2011-06-24,109.15599822998047,109.15599822998047,109.80000305175781,107.71800231933594,108.18399810791016,4670
2011-06-27,110.9520034790039,110.9520034790039,111.48300170898438,109.6500015258789,109.78399658203125,9430
2011-06-28,111.4020004272461,111.4020004272461,111.75,110.4000015258789,111.29000091552734,5340
2011-06-29,112.11599731445312,112.11599731445312,112.44999694824219,111.44000244140625,111.69999694824219,170080
2011-06-30,112.78199768066406,112.78199768066406,113.5,112.1500015258789,112.69999694824219,37800
2011-07-01,113.02300262451172,113.02300262451172,113.50499725341797,112.5,113.5,121300
2011-07-04,114.36399841308594,114.36399841308594,115.0,113.9000015258789,114.19999694824219,6310
2011-07-05,114.46299743652344,114.46299743652344,114.80000305175781,113.63999938964844,114.4000015258789,16460
2011-07-06,113.60099792480469,113.60099792480469,115.0,113.30000305175781,114.69999694824219,18770
2011-07-07,116.42400360107422,116.42400360107422,116.80000305175781,113.0,113.9990005493164,22960
2011-07-08,114.2020034790039,114.2020034790039,116.48400115966797,113.38500213623047,114.69999694824219,1950
2011-07-11,112.9219970703125,112.9219970703125,114.9000015258789,112.44000244140625,114.9000015258789,1990
2011-07-12,112.49299621582031,112.49299621582031,113.28399658203125,111.0250015258789,113.0,12920
2011-07-13,112.25299835205078,112.25299835205078,113.84400177001953,111.82499694824219,112.80000305175781,2760
2011-07-14,114.05799865722656,114.05799865722656,114.8499984741211,112.28399658203125,113.58399963378906,2280
2011-07-15,113.26599884033203,113.26599884033203,115.0,112.9000015258789,114.68399810791016,2990
2011-07-18,114.00499725341797,114.00499725341797,114.85099792480469,113.0,113.01000213623047,9160
2011-07-19,114.85199737548828,114.85199737548828,115.0,112.98999786376953,114.38400268554688,2960
2011-07-20,113.71299743652344,113.71299743652344,115.0,113.01000213623047,114.98400115966797,11760
2011-07-21,112.26399993896484,112.26399993896484,113.69499969482422,112.0,113.69499969482422,1390
2011-07-22,113.44999694824219,113.44999694824219,113.8949966430664,112.65799713134766,113.64800262451172,1230
2011-07-25,115.6050033569336,115.6050033569336,115.69999694824219,112.875,113.1500015258789,6400
2011-07-26,113.5250015258789,113.5250015258789,116.38400268554688,112.0,116.38400268554688,46380
2011-07-27,111.80500030517578,111.80500030517578,113.4000015258789,111.55000305175781,113.4000015258789,10720
2011-07-28,110.51300048828125,110.51300048828125,111.5999984741211,110.30000305175781,111.0999984741211,5790
2011-07-29,111.15399932861328,111.15399932861328,111.68399810791016,110.0,110.19499969482422,13040
2011-08-01,111.35600280761719,111.35600280761719,112.68399810791016,110.37999725341797,112.68399810791016,2440
2011-08-02,109.6240005493164,109.6240005493164,111.0250015258789,109.0,110.80000305175781,115720
2011-08-03,107.98899841308594,107.98899841308594,110.0,107.4000015258789,110.0,8000
2011-08-04,107.40299987792969,107.40299987792969,108.80000305175781,107.00499725341797,108.80000305175781,103600
2011-08-05,105.4540023803711,105.4540023803711,106.0,88.0,105.0,39320
2011-08-08,104.36599731445312,104.36599731445312,106.58399963378906,101.5,104.0,148950
2011-08-09,102.85199737548828,102.85199737548828,106.30000305175781,100.11000061035156,104.30000305175781,152150
2011-08-10,105.18900299072266,105.18900299072266,106.5,105.0250015258789,106.48400115966797,7970
2011-08-11,104.90599822998047,104.90599822998047,106.58399963378906,103.875,106.0,15810
2011-08-12,103.14399719238281,103.14399719238281,109.4000015258789,102.30000305175781,109.4000015258789,122300
2011-08-16,103.41000366210938,103.41000366210938,107.4000015258789,101.67500305175781,106.48400115966797,50180
2011-08-17,101.52300262451172,101.52300262451172,103.5999984741211,101.0,102.80000305175781,14300
2011-08-18,97.73600006103516,97.73600006103516,101.9000015258789,97.0,101.9000015258789,153800
2011-08-19,95.91500091552734,95.91500091552734,109.5,94.5,99.4000015258789,44520
2011-08-22,96.0250015258789,96.0250015258789,98.0,94.10099792480469,98.0,27340
2011-08-23,96.8219985961914,96.8219985961914,97.0,95.0,96.4000015258789,22230
2011-08-24,95.05000305175781,95.05000305175781,97.5,95.0,96.25,23300
2011-08-25,93.41999816894531,93.41999816894531,95.9000015258789,93.0999984741211,95.5,134500
2011-08-26,91.56600189208984,91.56600189208984,95.0,89.21499633789062,89.21499633789062,24040
2011-08-29,95.31900024414062,95.31900024414062,95.5,92.5999984741211,93.0,18530
2011-08-30,95.9000015258789,95.9000015258789,97.01000213623047,95.37999725341797,96.5,9200
2011-09-02,96.9020004272461,96.9020004272461,97.375,96.1500015258789,96.98400115966797,3630
2011-09-05,97.11199951171875,97.11199951171875,97.5,95.31999969482422,97.0,6020
2011-09-06,97.8499984741211,97.8499984741211,98.80000305175781,95.5,96.4000015258789,10850
2011-09-07,100.00800323486328,100.00800323486328,100.8499984741211,97.76499938964844,97.76799774169922,19700
2011-09-08,100.54199981689453,100.54199981689453,100.80000305175781,98.4000015258789,100.4000015258789,13150
2011-09-09,98.86499786376953,98.86499786376953,101.0,98.5,100.8479995727539,4110
2011-09-12,95.73999786376953,95.73999786376953,98.0,95.0,98.0,21630
2011-09-13,95.04900360107422,95.04900360107422,97.19999694824219,94.5999984741211,95.88400268554688,12310
2011-09-14,96.56700134277344,96.56700134277344,96.8499984741211,94.50499725341797,95.5,2850
2011-09-15,97.33200073242188,97.33200073242188,97.9000015258789,95.4000015258789,96.8499984741211,10660
2011-09-16,98.28299713134766,98.28299713134766,99.5999984741211,96.66600036621094,97.87999725341797,19310
2011-09-19,96.677001953125,96.677001953125,98.19999694824219,96.50499725341797,98.19999694824219,3280
2011-09-20,98.80699920654297,98.80699920654297,99.9000015258789,96.38400268554688,97.8499984741211,8590
2011-09-21,99.85299682617188,99.85299682617188,100.02999877929688,91.09200286865234,98.91000366210938,9910
2011-09-22,97.1520004272461,97.1520004272461,98.94999694824219,96.80000305175781,97.75,10730
2011-09-23,95.86299896240234,95.86299896240234,97.80000305175781,93.5999984741211,96.80000305175781,16190
2011-09-26,96.3290023803711,96.3290023803711,96.69499969482422,93.69999694824219,95.5,25060
2011-09-27,97.71499633789062,97.71499633789062,98.5999984741211,96.58399963378906,97.69999694824219,10830
2011-09-28,96.99800109863281,96.99800109863281,97.0,96.00499725341797,96.96499633789062,6020
2011-09-29,96.38099670410156,96.38099670410156,97.30000305175781,94.0,94.0,81170
2011-09-30,96.427001953125,96.427001953125,98.5999984741211,95.30000305175781,96.05999755859375,61370
2011-10-03,93.5530014038086,93.5530014038086,94.5999984741211,93.44000244140625,94.5999984741211,21140
2011-10-04,91.0719985961914,91.0719985961914,93.9990005493164,90.0,92.65799713134766,42600
2011-10-05,90.94400024414062,90.94400024414062,91.58999633789062,89.62999725341797,90.19999694824219,15430
2011-10-07,91.28399658203125,91.28399658203125,93.19999694824219,91.00499725341797,93.0,53580
2011-10-10,92.32499694824219,92.32499694824219,92.69999694824219,90.76000213623047,90.80000305175781,34070
2011-10-11,93.24400329589844,93.24400329589844,94.28399658203125,92.86499786376953,93.5,8140
2011-10-12,95.42900085449219,95.42900085449219,96.4000015258789,92.50499725341797,93.0,24070
2011-10-13,96.72200012207031,96.72200012207031,98.4800033569336,95.98999786376953,96.54000091552734,18000
2011-10-14,97.08999633789062,97.08999633789062,97.59500122070312,96.23999786376953,97.19999694824219,7820
2011-10-17,97.96299743652344,97.96299743652344,98.48400115966797,97.29499816894531,97.76000213623047,8180
2011-10-18,96.3010025024414,96.3010025024414,96.99500274658203,92.08399963378906,92.08399963378906,3950
2011-10-19,98.85199737548828,98.85199737548828,99.30000305175781,97.33499908447266,97.33499908447266,93870
2011-10-20,97.96399688720703,97.96399688720703,98.69000244140625,96.86000061035156,98.69000244140625,15280
2011-10-21,97.47799682617188,97.47799682617188,98.49500274658203,97.4000015258789,98.3499984741211,18820
2011-10-24,98.29000091552734,98.29000091552734,100.0,97.01000213623047,100.0,15610
2011-10-25,95.58599853515625,95.58599853515625,107.68399810791016,95.0999984741211,100.0,39220
2011-10-28,99.63500213623047,99.63500213623047,100.0,98.81999969482422,99.98400115966797,14330
2011-10-31,100.94300079345703,100.94300079345703,101.87999725341797,98.69999694824219,100.5,21610
2011-11-01,99.13099670410156,99.13099670410156,101.49500274658203,98.56500244140625,101.08399963378906,15450
2011-11-02,99.08300018310547,99.08300018310547,100.0,98.00499725341797,98.9800033569336,5200
2011-11-03,98.34400177001953,98.34400177001953,99.5999984741211,98.0999984741211,98.5,9150
2011-11-04,98.99700164794922,98.99700164794922,100.58399963378906,98.69999694824219,100.55000305175781,7540
2011-11-08,99.7969970703125,99.7969970703125,100.3479995727539,98.5,100.3479995727539,8200
2011-11-09,97.56800079345703,97.56800079345703,100.52799987792969,96.61199951171875,99.79000091552734,9860
2011-11-11,94.60099792480469,94.60099792480469,97.19499969482422,93.9000015258789,97.02999877929688,15420
2011-11-14,94.43900299072266,94.43900299072266,96.05999755859375,94.00499725341797,96.05999755859375,15410
2011-11-15,91.81800079345703,91.81800079345703,94.25,91.30000305175781,94.25,13860
2011-11-16,91.99800109863281,91.99800109863281,92.61000061035156,90.98999786376953,91.9000015258789,5310
2011-11-17,90.99600219726562,90.99600219726562,92.65499877929688,90.80000305175781,92.65499877929688,32370
2011-11-18,89.28500366210938,89.28500366210938,98.80000305175781,88.62000274658203,95.0,38550
2011-11-21,87.30500030517578,87.30500030517578,89.22000122070312,86.90499877929688,88.5,29070
2011-11-22,86.51799774169922,86.51799774169922,87.65399932861328,85.98799896240234,87.30500030517578,30590
2011-11-23,85.4990005493164,85.4990005493164,87.0,84.33999633789062,87.0,24280
2011-11-24,85.36299896240234,85.36299896240234,85.8499984741211,84.0,84.37000274658203,26560
2011-11-25,85.9469985961914,85.9469985961914,87.01000213623047,84.5,84.5,7270
2011-11-28,88.66799926757812,88.66799926757812,89.09500122070312,86.7699966430664,87.8499984741211,7230
2011-11-29,88.552001953125,88.552001953125,89.25499725341797,87.5,88.22000122070312,74730
2011-11-30,86.8479995727539,86.8479995727539,87.9990005493164,86.5,87.5,366970
2011-12-01,90.14199829101562,90.14199829101562,91.5,86.9000015258789,86.9000015258789,19510
2011-12-02,92.1719970703125,92.1719970703125,92.9000015258789,89.19999694824219,89.19999694824219,14980
2011-12-05,92.5250015258789,92.5250015258789,93.30000305175781,91.9000015258789,92.98999786376953,218450
2011-12-07,92.91300201416016,92.91300201416016,93.94999694824219,92.5999984741211,93.80000305175781,13180
2011-12-08,90.72100067138672,90.72100067138672,93.12999725341797,90.56500244140625,91.40499877929688,8040
2011-12-09,89.21399688720703,89.21399688720703,90.0,87.99500274658203,89.0,20630
2011-12-12,87.13400268554688,87.13400268554688,90.0,86.79499816894531,89.9000015258789,10080
2011-12-13,86.25499725341797,86.25499725341797,86.91999816894531,85.5,86.0999984741211,12250
2011-12-14,86.54499816894531,86.54499816894531,88.44999694824219,85.9000015258789,86.5,5200
2011-12-15,86.11199951171875,86.11199951171875,86.88400268554688,85.18399810791016,85.18399810791016,21220
2011-12-16,83.44100189208984,83.44100189208984,87.51499938964844,83.01000213623047,86.21499633789062,22570
2011-12-19,80.34700012207031,80.34700012207031,83.5,79.0,83.0999984741211,199510
2011-12-20,79.08599853515625,79.08599853515625,81.80000305175781,78.71499633789062,79.5,65510
2011-12-21,81.86799621582031,81.86799621582031,84.5,80.0,84.0,260890
2011-12-22,84.00199890136719,84.00199890136719,84.19999694824219,81.0,82.5,24870
2011-12-23,83.26899719238281,83.26899719238281,85.0250015258789,83.0,84.1050033569336,26970
2011-12-26,83.99500274658203,83.99500274658203,84.5,83.6500015258789,84.0,13750
2011-12-27,83.21099853515625,83.21099853515625,84.75,82.80000305175781,83.5,27140
2011-12-28,81.54900360107422,81.54900360107422,82.4000015258789,80.87999725341797,82.4000015258789,8930
2011-12-29,80.89900207519531,80.89900207519531,82.0,80.30000305175781,82.0,16690
2011-12-30,80.21199798583984,80.21199798583984,82.2699966430664,79.80000305175781,80.5999984741211,20440
2012-01-02,80.60900115966797,80.60900115966797,81.0,79.42500305175781,79.69999694824219,16990
2012-01-03,83.69200134277344,83.69200134277344,84.0,81.2300033569336,82.0,46510
2012-01-04,84.41999816894531,84.41999816894531,84.80000305175781,83.5,83.69999694824219,18710
2012-01-05,84.53500366210938,84.53500366210938,85.5,84.23500061035156,84.80000305175781,9390
2012-01-06,85.2750015258789,85.2750015258789,86.33499908447266,83.5,84.5,17490
2012-01-09,85.18699645996094,85.18699645996094,85.5,83.70500183105469,85.19999694824219,13760
2012-01-10,88.5719985961914,88.5719985961914,89.0009994506836,86.0,86.0,62760
2012-01-11,88.54399871826172,88.54399871826172,89.19999694824219,87.82499694824219,88.5,13270
2012-01-12,90.19499969482422,90.19499969482422,90.7699966430664,88.4000015258789,88.5,19460
2012-01-13,90.1729965209961,90.1729965209961,91.67500305175781,89.33999633789062,90.69000244140625,19370
2012-01-16,90.16400146484375,90.16400146484375,91.19999694824219,88.76000213623047,91.19999694824219,10490
2012-01-17,91.15499877929688,91.15499877929688,92.0,90.70500183105469,91.0,5080
2012-01-18,90.6520004272461,90.6520004272461,90.9000015258789,89.48500061035156,90.4749984741211,6720
2012-01-19,92.15799713134766,92.15799713134766,92.5,91.58000183105469,91.58000183105469,6640
2012-01-20,94.86000061035156,94.86000061035156,95.9000015258789,92.80000305175781,92.80000305175781,39730
2012-01-23,95.2300033569336,95.2300033569336,97.49500274658203,95.0,95.4800033569336,30670
2012-01-24,98.56099700927734,98.56099700927734,99.5,95.08399963378906,96.19999694824219,62580
2012-01-25,98.57499694824219,98.57499694824219,99.55999755859375,97.82499694824219,99.55999755859375,38130
2012-01-27,98.23400115966797,98.23400115966797,99.48400115966797,97.0999984741211,99.48400115966797,37180
2012-01-30,96.48100280761719,96.48100280761719,97.90799713134766,96.30000305175781,97.19499969482422,22370
2012-01-31,99.65899658203125,99.65899658203125,100.44999694824219,97.3499984741211,97.48400115966797,29640
2012-02-01,99.7040023803711,99.7040023803711,100.0,98.00499725341797,99.4000015258789,22570
2012-02-02,100.78800201416016,100.78800201416016,101.5,98.05999755859375,99.9000015258789,52910
2012-02-03,101.54199981689453,101.54199981689453,101.9000015258789,99.80000305175781,100.09500122070312,10610
2012-02-06,102.84700012207031,102.84700012207031,104.71499633789062,102.5,102.69999694824219,13290
2012-02-07,103.93499755859375,103.93499755859375,105.57499694824219,102.73999786376953,103.5,41470
2012-02-08,103.35399627685547,103.35399627685547,104.5,103.0,103.51100158691406,5650
2012-02-09,105.65599822998047,105.65599822998047,106.5,103.37000274658203,103.45500183105469,10520
2012-02-10,105.62899780273438,105.62899780273438,106.80000305175781,105.0,105.0,8950
2012-02-13,105.3479995727539,105.3479995727539,106.4990005493164,104.0,105.54499816894531,6220
2012-02-14,106.35099792480469,106.35099792480469,106.5999984741211,104.5,105.0,17820
2012-02-15,109.62699890136719,109.62699890136719,110.0,106.9000015258789,106.9000015258789,43710
2012-02-16,109.31099700927734,109.31099700927734,109.94999694824219,106.65499877929688,109.94999694824219,16010
2012-02-17,110.99500274658203,110.99500274658203,112.3949966430664,110.0,110.0,55500
2012-02-21,111.95500183105469,111.95500183105469,113.0,110.9000015258789,110.9000015258789,27090
2012-02-22,108.73229217529297,108.73229217529297,108.73229217529297,108.73229217529297,108.73229217529297,0
2012-02-23,108.38919830322266,108.38919830322266,108.38919830322266,108.38919830322266,108.38919830322266,0
2012-02-24,106.30081176757812,106.30081176757812,106.30081176757812,106.30081176757812,106.30081176757812,0
2012-02-27,102.22532653808594,102.22532653808594,102.22532653808594,102.22532653808594,102.22532653808594,0
2012-02-28,106.0648193359375,106.0648193359375,106.0648193359375,106.0648193359375,106.0648193359375,0
2012-02-29,105.35796356201172,105.35796356201172,105.35796356201172,105.35796356201172,105.35796356201172,0
2012-03-01,104.09017944335938,104.09017944335938,104.09017944335938,104.09017944335938,104.09017944335938,0
2012-03-02,105.55786895751953,105.55786895751953,105.55786895751953,105.55786895751953,105.55786895751953,0
2012-03-05,102.97245025634766,102.97245025634766,102.97245025634766,102.97245025634766,102.97245025634766,0
2012-03-06,101.75138092041016,101.75138092041016,101.75138092041016,101.75138092041016,101.75138092041016,0
2012-03-07,102.50454711914062,102.50454711914062,102.50454711914062,102.50454711914062,102.50454711914062,0
2012-03-09,106.2688980102539,106.2688980102539,106.2688980102539,106.2688980102539,106.2688980102539,0
2012-03-12,106.3758316040039,106.3758316040039,106.3758316040039,106.3758316040039,106.3758316040039,0
2012-03-13,106.97972106933594,106.97972106933594,106.97972106933594,106.97972106933594,106.97972106933594,0
2012-03-14,109.01302337646484,109.01302337646484,109.01302337646484,109.01302337646484,109.01302337646484,0
2012-03-15,106.0648422241211,106.0648422241211,106.0648422241211,106.0648422241211,106.0648422241211,0
2012-03-16,104.02713012695312,104.02713012695312,104.02713012695312,104.02713012695312,104.02713012695312,0
2012-03-19,101.99813842773438,101.99813842773438,101.99813842773438,101.99813842773438,101.99813842773438,0
2012-03-20,102.92411041259766,102.92411041259766,102.92411041259766,102.92411041259766,102.92411041259766,0
2012-03-21,105.35079956054688,105.35079956054688,105.35079956054688,105.35079956054688,105.35079956054688,0
2012-03-22,101.84072875976562,101.84072875976562,101.84072875976562,101.84072875976562,101.84072875976562,0
2012-03-23,103.04924011230469,103.04924011230469,103.04924011230469,103.04924011230469,103.04924011230469,0
2012-03-26,100.53514862060547,100.53514862060547,100.53514862060547,100.53514862060547,100.53514862060547,0
2012-03-27,101.5870590209961,101.5870590209961,101.5870590209961,101.5870590209961,101.5870590209961,0
2012-03-28,99.70149230957031,99.70149230957031,99.70149230957031,99.70149230957031,99.70149230957031,0
2012-03-29,99.3727035522461,99.3727035522461,99.3727035522461,99.3727035522461,99.3727035522461,0
2012-03-30,102.2295913696289,102.2295913696289,102.2295913696289,102.2295913696289,102.2295913696289,0
2012-04-02,103.1514663696289,103.1514663696289,103.1514663696289,103.1514663696289,103.1514663696289,0
2012-04-03,104.42198181152344,104.42198181152344,104.42198181152344,104.42198181152344,104.42198181152344,0
2012-04-04,103.49604797363281,103.49604797363281,103.49604797363281,103.49604797363281,103.49604797363281,0
2012-04-09,101.40390014648438,101.40390014648438,101.40390014648438,101.40390014648438,101.40390014648438,0
2012-04-10,102.04708862304688,102.04708862304688,102.04708862304688,102.04708862304688,102.04708862304688,0
2012-04-11,102.22760009765625,102.22760009765625,102.22760009765625,102.22760009765625,102.22760009765625,0
2012-04-12,104.09020233154297,104.09020233154297,104.09020233154297,104.09020233154297,104.09020233154297,0
2012-04-13,103.1446533203125,103.1446533203125,103.1446533203125,103.1446533203125,103.1446533203125,0
2012-04-16,104.40447235107422,104.40447235107422,104.40447235107422,104.40447235107422,104.40447235107422,0
2012-04-17,105.27184295654297,105.27184295654297,105.27184295654297,105.27184295654297,105.27184295654297,0
2012-04-18,105.19928741455078,105.19928741455078,105.19928741455078,105.19928741455078,105.19928741455078,0
2012-04-19,105.75244140625,105.75244140625,105.75244140625,105.75244140625,105.75244140625,0
2012-04-20,104.6368179321289,104.6368179321289,104.6368179321289,104.6368179321289,104.6368179321289,0
2012-04-23,102.49919128417969,102.49919128417969,102.49919128417969,102.49919128417969,102.49919128417969,0
2012-04-24,102.21774291992188,102.21774291992188,102.21774291992188,102.21774291992188,102.21774291992188,0
2012-04-25,101.66388702392578,101.66388702392578,101.66388702392578,101.66388702392578,101.66388702392578,0
2012-04-26,101.32256317138672,101.32256317138672,101.32256317138672,101.32256317138672,101.32256317138672,0
2012-04-27,101.52823638916016,101.52823638916016,101.52823638916016,101.52823638916016,101.52823638916016,0
2012-04-30,102.80309295654297,102.80309295654297,102.80309295654297,102.80309295654297,102.80309295654297,0
2012-05-02,103.09744262695312,103.09744262695312,103.09744262695312,103.09744262695312,103.09744262695312,0
2012-05-03,101.29834747314453,101.29834747314453,101.29834747314453,101.29834747314453,101.29834747314453,0
2012-05-04,98.0602035522461,98.0602035522461,98.0602035522461,98.0602035522461,98.0602035522461,0
2012-05-07,98.794921875,98.794921875,98.794921875,98.794921875,98.794921875,0
2012-05-08,95.9218521118164,95.9218521118164,95.9218521118164,95.9218521118164,95.9218521118164,0
2012-05-09,94.08390808105469,94.08390808105469,94.08390808105469,94.08390808105469,94.08390808105469,0
2012-05-10,94.14347839355469,94.14347839355469,94.14347839355469,94.14347839355469,94.14347839355469,0
2012-05-11,94.0140380859375,94.0140380859375,94.0140380859375,94.0140380859375,94.0140380859375,0
2012-05-14,92.60787963867188,92.60787963867188,92.60787963867188,92.60787963867188,92.60787963867188,0
2012-05-15,93.22653198242188,93.22653198242188,93.22653198242188,93.22653198242188,93.22653198242188,0
2012-05-16,91.6728515625,91.6728515625,91.6728515625,91.6728515625,91.6728515625,0
2012-05-17,91.57141876220703,91.57141876220703,91.57141876220703,91.57141876220703,91.57141876220703,0
2012-05-18,93.1280517578125,93.1280517578125,93.1280517578125,93.1280517578125,93.1280517578125,0
2012-05-21,94.14006805419922,94.14006805419922,94.14006805419922,94.14006805419922,94.14006805419922,0
2012-05-22,92.70899963378906,92.70899963378906,92.70899963378906,92.70899963378906,92.70899963378906,0
2012-05-23,92.1196517944336,92.1196517944336,92.1196517944336,92.1196517944336,92.1196517944336,0
2012-05-24,94.64289855957031,94.64289855957031,94.64289855957031,94.64289855957031,94.64289855957031,0
2012-05-25,94.8283462524414,94.8283462524414,94.8283462524414,94.8283462524414,94.8283462524414,0
2012-05-28,97.24063110351562,97.24063110351562,97.24063110351562,97.24063110351562,97.24063110351562,0
2012-05-29,97.33747100830078,97.33747100830078,97.33747100830078,97.33747100830078,97.33747100830078,0
2012-05-30,95.59797668457031,95.59797668457031,95.59797668457031,95.59797668457031,95.59797668457031,0
2012-05-31,95.1957015991211,95.1957015991211,95.1957015991211,95.1957015991211,95.1957015991211,0
2012-06-01,93.46002197265625,93.46002197265625,93.46002197265625,93.46002197265625,93.46002197265625,0
2012-06-04,94.4036636352539,94.4036636352539,94.4036636352539,94.4036636352539,94.4036636352539,0
2012-06-05,95.38070678710938,95.38070678710938,95.38070678710938,95.38070678710938,95.38070678710938,0
2012-06-06,98.20655059814453,98.20655059814453,98.20655059814453,98.20655059814453,98.20655059814453,0
2012-06-07,100.28646850585938,100.28646850585938,100.28646850585938,100.28646850585938,100.28646850585938,0
2012-06-08,100.76548767089844,100.76548767089844,100.76548767089844,100.76548767089844,100.76548767089844,0
2012-06-11,100.46401977539062,100.46401977539062,100.46401977539062,100.46401977539062,100.46401977539062,0
2012-06-12,102.16786193847656,102.16786193847656,102.16786193847656,102.16786193847656,102.16786193847656,0
2012-06-13,102.05560302734375,102.05560302734375,102.05560302734375,102.05560302734375,102.05560302734375,0
2012-06-14,99.46415710449219,99.46415710449219,99.46415710449219,99.46415710449219,99.46415710449219,0
2012-06-15,101.74835968017578,101.74835968017578,101.74835968017578,101.74835968017578,101.74835968017578,0
2012-06-18,98.5855484008789,98.5855484008789,98.5855484008789,98.5855484008789,98.5855484008789,0
2012-06-19,98.95075988769531,98.95075988769531,98.95075988769531,98.95075988769531,98.95075988769531,0
2012-06-20,99.404541015625,99.404541015625,99.404541015625,99.404541015625,99.404541015625,0
2012-06-21,101.5145263671875,101.5145263671875,101.5145263671875,101.5145263671875,101.5145263671875,0
2012-06-22,101.55986022949219,101.55986022949219,101.55986022949219,101.55986022949219,101.55986022949219,0
2012-06-25,100.42649841308594,100.42649841308594,100.42649841308594,100.42649841308594,100.42649841308594,0
2012-06-26,100.86998748779297,100.86998748779297,100.86998748779297,100.86998748779297,100.86998748779297,0
2012-06-27,101.34442901611328,101.34442901611328,101.34442901611328,101.34442901611328,101.34442901611328,0
2012-06-28,101.42093658447266,101.42093658447266,101.42093658447266,101.42093658447266,101.42093658447266,0
2012-06-29,104.81784057617188,104.81784057617188,104.81784057617188,104.81784057617188,104.81784057617188,0
2012-07-02,105.53530883789062,105.53530883789062,105.53530883789062,105.53530883789062,105.53530883789062,0
2012-07-03,106.75691223144531,106.75691223144531,106.75691223144531,106.75691223144531,106.75691223144531,0
2012-07-04,107.240966796875,107.240966796875,107.240966796875,107.240966796875,107.240966796875,0
2012-07-05,108.42333221435547,108.42333221435547,108.42333221435547,108.42333221435547,108.42333221435547,0
2012-07-06,108.56391906738281,108.56391906738281,108.56391906738281,108.56391906738281,108.56391906738281,0
2012-07-09,107.87773132324219,107.87773132324219,107.87773132324219,107.87773132324219,107.87773132324219,0
2012-07-10,109.53147888183594,109.53147888183594,109.53147888183594,109.53147888183594,109.53147888183594,0
2012-07-11,109.14276123046875,109.14276123046875,109.14276123046875,109.14276123046875,109.14276123046875,0
2012-07-12,108.15926361083984,108.15926361083984,108.15926361083984,108.15926361083984,108.15926361083984,0
2012-07-13,107.9361801147461,107.9361801147461,107.9361801147461,107.9361801147461,107.9361801147461,0
2012-07-16,107.66551971435547,107.66551971435547,107.66551971435547,107.66551971435547,107.66551971435547,0
2012-07-17,107.5610122680664,107.5610122680664,107.5610122680664,107.5610122680664,107.5610122680664,0
2012-07-18,108.05689239501953,108.05689239501953,108.05689239501953,108.05689239501953,108.05689239501953,0
2012-07-19,108.20747375488281,108.20747375488281,108.20747375488281,108.20747375488281,108.20747375488281,0
2012-07-20,106.78040313720703,106.78040313720703,106.78040313720703,106.78040313720703,106.78040313720703,0
2012-07-23,104.67582702636719,104.67582702636719,104.67582702636719,104.67582702636719,104.67582702636719,0
2012-07-24,104.92204284667969,104.92204284667969,104.92204284667969,104.92204284667969,104.92204284667969,0
2012-07-25,104.60472106933594,104.60472106933594,104.60472106933594,104.60472106933594,104.60472106933594,0
2012-07-26,102.73551177978516,102.73551177978516,102.73551177978516,102.73551177978516,102.73551177978516,0
2012-07-27,103.3099136352539,103.3099136352539,103.3099136352539,103.3099136352539,103.3099136352539,0
2012-07-30,106.0616226196289,106.0616226196289,106.0616226196289,106.0616226196289,106.0616226196289,0
2012-07-31,105.77549743652344,105.77549743652344,105.77549743652344,105.77549743652344,105.77549743652344,0
2012-08-01,106.13752746582031,106.13752746582031,106.13752746582031,106.13752746582031,106.13752746582031,0
2012-08-02,105.72686004638672,105.72686004638672,105.72686004638672,105.72686004638672,105.72686004638672,0
2012-08-03,105.07557678222656,105.07557678222656,105.07557678222656,105.07557678222656,105.07557678222656,0
2012-08-06,106.56365203857422,106.56365203857422,106.56365203857422,106.56365203857422,106.56365203857422,0
2012-08-07,107.87870788574219,107.87870788574219,107.87870788574219,107.87870788574219,107.87870788574219,0
2012-08-08,107.239990234375,107.239990234375,107.239990234375,107.239990234375,107.239990234375,0
2012-08-09,106.39112854003906,106.39112854003906,106.39112854003906,106.39112854003906,106.39112854003906,0
2012-08-10,105.50460815429688,105.50460815429688,105.50460815429688,105.50460815429688,105.50460815429688,0
2012-08-13,105.93049621582031,105.93049621582031,105.93049621582031,105.93049621582031,105.93049621582031,0
2012-08-14,107.12700653076172,107.12700653076172,107.12700653076172,107.12700653076172,107.12700653076172,0
2012-08-16,106.18476104736328,106.18476104736328,106.18476104736328,106.18476104736328,106.18476104736328,0
2012-08-17,106.09371185302734,106.09371185302734,106.09371185302734,106.09371185302734,106.09371185302734,0
2012-08-21,106.61234283447266,106.61234283447266,106.61234283447266,106.61234283447266,106.61234283447266,0
2012-08-22,106.6384506225586,106.6384506225586,106.6384506225586,106.6384506225586,106.6384506225586,0
2012-08-23,106.48966217041016,106.48966217041016,106.48966217041016,106.48966217041016,106.48966217041016,0
2012-08-24,105.2188491821289,105.2188491821289,105.2188491821289,105.2188491821289,105.2188491821289,0
2012-08-27,103.35965728759766,103.35965728759766,103.35965728759766,103.35965728759766,103.35965728759766,0
2012-08-28,102.43292999267578,102.43292999267578,102.43292999267578,102.43292999267578,102.43292999267578,0
2012-08-29,101.94873809814453,101.94873809814453,101.94873809814453,101.94873809814453,101.94873809814453,0
2012-08-30,102.69243621826172,102.69243621826172,102.69243621826172,102.69243621826172,102.69243621826172,0
2012-08-31,101.72836303710938,101.72836303710938,101.72836303710938,101.72836303710938,101.72836303710938,0
2012-09-03,101.44439697265625,101.44439697265625,101.44439697265625,101.44439697265625,101.44439697265625,0
2012-09-04,102.02925109863281,102.02925109863281,102.02925109863281,102.02925109863281,102.02925109863281,0
2012-09-05,100.06857299804688,100.06857299804688,100.06857299804688,100.06857299804688,100.06857299804688,0
2012-09-06,100.73033142089844,100.73033142089844,100.73033142089844,100.73033142089844,100.73033142089844,0
2012-09-07,103.05567169189453,103.05567169189453,103.05567169189453,103.05567169189453,103.05567169189453,0
2012-09-10,102.5208511352539,102.5208511352539,102.5208511352539,102.5208511352539,102.5208511352539,0
2012-09-11,103.1913070678711,103.1913070678711,103.1913070678711,103.1913070678711,103.1913070678711,0
2012-09-12,103.67314910888672,103.67314910888672,103.67314910888672,103.67314910888672,103.67314910888672,0
2012-09-13,103.91925811767578,103.91925811767578,103.91925811767578,103.91925811767578,103.91925811767578,0
2012-09-14,108.34130096435547,108.34130096435547,108.34130096435547,108.34130096435547,108.34130096435547,0
2012-09-17,111.78064727783203,111.78064727783203,111.78064727783203,111.78064727783203,111.78064727783203,0
2012-09-18,112.40750885009766,112.40750885009766,112.40750885009766,112.40750885009766,112.40750885009766,0
2012-09-20,111.15727996826172,111.15727996826172,111.15727996826172,111.15727996826172,111.15727996826172,0
2012-09-21,115.6056137084961,115.6056137084961,115.6056137084961,115.6056137084961,115.6056137084961,0
2012-09-24,116.26171112060547,116.26171112060547,116.26171112060547,116.26171112060547,116.26171112060547,0
2012-09-25,116.23200988769531,116.23200988769531,116.23200988769531,116.23200988769531,116.23200988769531,0
2012-09-26,116.29622650146484,116.29622650146484,116.29622650146484,116.29622650146484,116.29622650146484,0
2012-09-27,116.21568298339844,116.21568298339844,116.21568298339844,116.21568298339844,116.21568298339844,0
2012-09-28,116.59361267089844,116.59361267089844,116.59361267089844,116.59361267089844,116.59361267089844,0
2012-10-01,116.21917724609375,116.21917724609375,116.21917724609375,116.21917724609375,116.21917724609375,0
2012-10-03,116.16000366210938,116.16000366210938,116.16000366210938,116.16000366210938,116.16000366210938,0
2012-10-04,118.40614318847656,118.40614318847656,118.40614318847656,118.40614318847656,118.40614318847656,0
2012-10-05,117.13717651367188,117.13717651367188,117.13717651367188,117.13717651367188,117.13717651367188,0
2012-10-08,115.6150131225586,115.6150131225586,115.6150131225586,115.6150131225586,115.6150131225586,0
2012-10-09,116.46623229980469,116.46623229980469,116.46623229980469,116.46623229980469,116.46623229980469,0
2012-10-10,114.89276885986328,114.89276885986328,114.89276885986328,114.89276885986328,114.89276885986328,0
2012-10-11,116.31243133544922,116.31243133544922,116.31243133544922,116.31243133544922,116.31243133544922,0
2012-10-12,115.87484741210938,115.87484741210938,115.87484741210938,115.87484741210938,115.87484741210938,0
2012-10-15,116.41239929199219,116.41239929199219,116.41239929199219,116.41239929199219,116.41239929199219,0
2012-10-16,115.45712280273438,115.45712280273438,115.45712280273438,115.45712280273438,115.45712280273438,0
2012-10-17,115.55973815917969,115.55973815917969,115.55973815917969,115.55973815917969,115.55973815917969,0
2012-10-18,117.87666320800781,117.87666320800781,117.87666320800781,117.87666320800781,117.87666320800781,0
2012-10-19,116.90766906738281,116.90766906738281,116.90766906738281,116.90766906738281,116.90766906738281,0
2012-10-22,118.083740234375,118.083740234375,118.083740234375,118.083740234375,118.083740234375,0
2012-10-23,117.78473663330078,117.78473663330078,117.78473663330078,117.78473663330078,117.78473663330078,0
2012-10-25,118.1509780883789,118.1509780883789,118.1509780883789,118.1509780883789,118.1509780883789,0
2012-10-29,116.69661712646484,116.69661712646484,116.69661712646484,116.69661712646484,116.69661712646484,0
2012-10-30,113.95884704589844,113.95884704589844,113.95884704589844,113.95884704589844,113.95884704589844,0
2012-10-31,114.62586212158203,114.62586212158203,114.62586212158203,114.62586212158203,114.62586212158203,0
2012-11-01,115.09420776367188,115.09420776367188,115.09420776367188,115.09420776367188,115.09420776367188,0
2012-11-02,116.57079315185547,116.57079315185547,116.57079315185547,116.57079315185547,116.57079315185547,0
2012-11-05,116.7152328491211,116.7152328491211,116.7152328491211,116.7152328491211,116.7152328491211,0
2012-11-06,117.3631591796875,117.3631591796875,117.3631591796875,117.3631591796875,117.3631591796875,0
2012-11-07,118.64695739746094,118.64695739746094,118.64695739746094,118.64695739746094,118.64695739746094,0
2012-11-08,118.11685180664062,118.11685180664062,118.11685180664062,118.11685180664062,118.11685180664062,0
2012-11-09,116.71176147460938,116.71176147460938,116.71176147460938,116.71176147460938,116.71176147460938,0
2012-11-12,117.80594635009766,117.80594635009766,117.80594635009766,117.80594635009766,117.80594635009766,0
2012-11-15,117.1663589477539,117.1663589477539,117.1663589477539,117.1663589477539,117.1663589477539,0
2012-11-16,115.27632904052734,115.27632904052734,115.27632904052734,115.27632904052734,115.27632904052734,0
2012-11-19,114.98101043701172,114.98101043701172,114.98101043701172,114.98101043701172,114.98101043701172,0
2012-11-20,115.09465026855469,115.09465026855469,115.09465026855469,115.09465026855469,115.09465026855469,0
2012-11-21,116.58709716796875,116.58709716796875,116.58709716796875,116.58709716796875,116.58709716796875,0
2012-11-22,117.02191162109375,117.02191162109375,117.02191162109375,117.02191162109375,117.02191162109375,0
2012-11-23,116.68971252441406,116.68971252441406,116.68971252441406,116.68971252441406,116.68971252441406,0
2012-11-26,116.2441635131836,116.2441635131836,116.2441635131836,116.2441635131836,116.2441635131836,0
2012-11-27,118.52745819091797,118.52745819091797,118.52745819091797,118.52745819091797,118.52745819091797,0
2012-11-29,121.93135070800781,121.93135070800781,121.93135070800781,121.93135070800781,121.93135070800781,0
2012-11-30,123.61659240722656,123.61659240722656,123.61659240722656,123.61659240722656,123.61659240722656,0
2012-12-03,123.05268096923828,123.05268096923828,123.05268096923828,123.05268096923828,123.05268096923828,0
2012-12-04,123.9981689453125,123.9981689453125,123.9981689453125,123.9981689453125,123.9981689453125,0
2012-12-05,124.8544692993164,124.8544692993164,124.8544692993164,124.8544692993164,124.8544692993164,0
2012-12-06,126.3350601196289,126.3350601196289,126.3350601196289,126.3350601196289,126.3350601196289,0
2012-12-07,125.68477630615234,125.68477630615234,125.68477630615234,125.68477630615234,125.68477630615234,0
2012-12-10,125.86138916015625,125.86138916015625,125.86138916015625,125.86138916015625,125.86138916015625,0
2012-12-11,125.4831314086914,125.4831314086914,125.4831314086914,125.4831314086914,125.4831314086914,0
2012-12-12,125.04547882080078,125.04547882080078,125.04547882080078,125.04547882080078,125.04547882080078,0
2012-12-13,124.71308898925781,124.71308898925781,124.71308898925781,124.71308898925781,124.71308898925781,0
2012-12-14,126.28897857666016,126.28897857666016,126.28897857666016,126.28897857666016,126.28897857666016,0
2012-12-17,126.31096649169922,126.31096649169922,126.31096649169922,126.31096649169922,126.31096649169922,0
2012-12-18,126.81378173828125,126.81378173828125,126.81378173828125,126.81378173828125,126.81378173828125,0
2012-12-19,127.14804077148438,127.14804077148438,127.14804077148438,127.14804077148438,127.14804077148438,0
2012-12-20,126.9052734375,126.9052734375,126.9052734375,126.9052734375,126.9052734375,0
2012-12-21,125.16226959228516,125.16226959228516,125.16226959228516,125.16226959228516,125.16226959228516,0
2012-12-24,125.18385314941406,125.18385314941406,125.18385314941406,125.18385314941406,125.18385314941406,0
2012-12-26,126.82256317138672,126.82256317138672,126.82256317138672,126.82256317138672,126.82256317138672,0
2012-12-27,126.62006378173828,126.62006378173828,126.62006378173828,126.62006378173828,126.62006378173828,0
2012-12-28,126.60250091552734,126.60250091552734,126.60250091552734,126.60250091552734,126.60250091552734,0
2012-12-31,126.7602767944336,126.7602767944336,126.7602767944336,126.7602767944336,126.7602767944336,0
2013-01-01,128.58575439453125,128.58575439453125,128.58575439453125,128.58575439453125,128.58575439453125,0
2013-01-02,129.93138122558594,129.93138122558594,129.93138122558594,129.93138122558594,129.93138122558594,0
2013-01-03,129.8410186767578,129.8410186767578,129.8410186767578,129.8410186767578,129.8410186767578,0
2013-01-04,129.93243408203125,129.93243408203125,129.93243408203125,129.93243408203125,129.93243408203125,0
2013-01-07,129.12826538085938,129.12826538085938,129.12826538085938,129.12826538085938,129.12826538085938,0
2013-01-08,129.29681396484375,129.29681396484375,129.29681396484375,129.29681396484375,129.29681396484375,0
2013-01-09,129.21884155273438,129.21884155273438,129.21884155273438,129.21884155273438,129.21884155273438,0
2013-01-10,130.07229614257812,130.07229614257812,130.07229614257812,130.07229614257812,130.07229614257812,0
2013-01-11,128.19769287109375,128.19769287109375,128.19769287109375,128.19769287109375,128.19769287109375,0
2013-01-14,129.6222381591797,129.6222381591797,129.6222381591797,129.6222381591797,129.6222381591797,0
2013-01-15,130.60086059570312,130.60086059570312,130.60086059570312,130.60086059570312,130.60086059570312,0
2013-01-16,128.39739990234375,128.39739990234375,128.39739990234375,128.39739990234375,128.39739990234375,0
2013-01-17,128.50865173339844,128.50865173339844,128.50865173339844,128.50865173339844,128.50865173339844,0
2013-01-18,128.81515502929688,128.81515502929688,128.81515502929688,128.81515502929688,128.81515502929688,0
2013-01-21,128.51870727539062,128.51870727539062,128.51870727539062,128.51870727539062,128.51870727539062,0
2013-01-22,127.7351303100586,127.7351303100586,127.7351303100586,127.7351303100586,127.7351303100586,0
2013-01-23,128.35116577148438,128.35116577148438,128.35116577148438,128.35116577148438,128.35116577148438,0
2013-01-24,127.5998764038086,127.5998764038086,127.5998764038086,127.5998764038086,127.5998764038086,0
2013-01-25,128.93617248535156,128.93617248535156,128.93617248535156,128.93617248535156,128.93617248535156,0
2013-01-28,129.82472229003906,129.82472229003906,129.82472229003906,129.82472229003906,129.82472229003906,0
2013-01-29,129.2283935546875,129.2283935546875,129.2283935546875,129.2283935546875,129.2283935546875,0
2013-01-30,129.68038940429688,129.68038940429688,129.68038940429688,129.68038940429688,129.68038940429688,0
2013-01-31,129.0810089111328,129.0810089111328,129.0810089111328,129.0810089111328,129.0810089111328,0
2013-02-01,128.039794921875,128.039794921875,128.039794921875,128.039794921875,128.039794921875,0
2013-02-04,127.44686126708984,127.44686126708984,127.44686126708984,127.44686126708984,127.44686126708984,0
2013-02-05,126.62679290771484,126.62679290771484,126.62679290771484,126.62679290771484,126.62679290771484,0
2013-02-06,126.11685943603516,126.11685943603516,126.11685943603516,126.11685943603516,126.11685943603516,0
2013-02-07,125.42083740234375,125.42083740234375,125.42083740234375,125.42083740234375,125.42083740234375,0
2013-02-08,124.71656799316406,124.71656799316406,124.71656799316406,124.71656799316406,124.71656799316406,0
2013-02-11,125.2468490600586,125.2468490600586,125.2468490600586,125.2468490600586,125.2468490600586,0
2013-02-12,125.97789001464844,125.97789001464844,125.97789001464844,125.97789001464844,125.97789001464844,0
2013-02-13,125.7715835571289,125.7715835571289,125.7715835571289,125.7715835571289,125.7715835571289,0
2013-02-14,125.02115631103516,125.02115631103516,125.02115631103516,125.02115631103516,125.02115631103516,0
2013-02-15,125.27208709716797,125.27208709716797,125.27208709716797,125.27208709716797,125.27208709716797,0
2013-02-18,125.37460327148438,125.37460327148438,125.37460327148438,125.37460327148438,125.37460327148438,0
2013-02-19,126.0461196899414,126.0461196899414,126.0461196899414,126.0461196899414,126.0461196899414,0
2013-02-20,125.5379867553711,125.5379867553711,125.5379867553711,125.5379867553711,125.5379867553711,0
2013-02-21,122.41060638427734,122.41060638427734,122.41060638427734,122.41060638427734,122.41060638427734,0
2013-02-22,122.54521179199219,122.54521179199219,122.54521179199219,122.54521179199219,122.54521179199219,0
2013-02-25,122.21907806396484,122.21907806396484,122.21907806396484,122.21907806396484,122.21907806396484,0
2013-02-26,120.2655029296875,120.2655029296875,120.2655029296875,120.2655029296875,120.2655029296875,0
2013-02-27,121.1321792602539,121.1321792602539,121.1321792602539,121.1321792602539,121.1321792602539,0
2013-02-28,116.63678741455078,116.63678741455078,116.63678741455078,116.63678741455078,116.63678741455078,0
2013-03-01,117.1697006225586,117.1697006225586,117.1697006225586,117.1697006225586,117.1697006225586,0
2013-03-04,117.52458190917969,117.52458190917969,117.52458190917969,117.52458190917969,117.52458190917969,0
2013-03-05,119.71819305419922,119.71819305419922,119.71819305419922,119.71819305419922,119.71819305419922,0
2013-03-06,120.56964111328125,120.56964111328125,120.56964111328125,120.56964111328125,120.56964111328125,0
2013-03-07,121.52172088623047,121.52172088623047,121.52172088623047,121.52172088623047,121.52172088623047,0
2013-03-08,123.82160949707031,123.82160949707031,123.82160949707031,123.82160949707031,123.82160949707031,0
2013-03-11,123.49347686767578,123.49347686767578,123.49347686767578,123.49347686767578,123.49347686767578,0
2013-03-12,122.36675262451172,122.36675262451172,122.36675262451172,122.36675262451172,122.36675262451172,0
2013-03-13,119.55615997314453,119.55615997314453,119.55615997314453,119.55615997314453,119.55615997314453,0
2013-03-14,120.21858978271484,120.21858978271484,120.21858978271484,120.21858978271484,120.21858978271484,0
2013-03-15,118.17769622802734,118.17769622802734,118.17769622802734,118.17769622802734,118.17769622802734,0
2013-03-18,117.3634033203125,117.3634033203125,117.3634033203125,117.3634033203125,117.3634033203125,0
2013-03-19,115.09034729003906,115.09034729003906,115.09034729003906,115.09034729003906,115.09034729003906,0
2013-03-20,112.56041717529297,112.56041717529297,112.56041717529297,112.56041717529297,112.56041717529297,0
2013-03-21,112.39385223388672,112.39385223388672,112.39385223388672,112.39385223388672,112.39385223388672,0
2013-03-22,112.04985809326172,112.04985809326172,112.04985809326172,112.04985809326172,112.04985809326172,0
2013-03-25,111.26220703125,111.26220703125,111.26220703125,111.26220703125,111.26220703125,0
2013-03-26,111.63784790039062,111.63784790039062,111.63784790039062,111.63784790039062,111.63784790039062,0
2013-03-28,113.61576080322266,113.61576080322266,113.61576080322266,113.61576080322266,113.61576080322266,0
2013-04-01,114.24519348144531,114.24519348144531,114.24519348144531,114.24519348144531,114.24519348144531,0
2013-04-02,115.22035217285156,115.22035217285156,115.22035217285156,115.22035217285156,115.22035217285156,0
2013-04-03,113.42864227294922,113.42864227294922,113.42864227294922,113.42864227294922,113.42864227294922,0
2013-04-04,111.25163269042969,111.25163269042969,111.25163269042969,111.25163269042969,111.25163269042969,0
2013-04-05,110.97698211669922,110.97698211669922,110.97698211669922,110.97698211669922,110.97698211669922,0
2013-04-08,110.1103286743164,110.1103286743164,110.1103286743164,110.1103286743164,110.1103286743164,0
2013-04-09,109.27528381347656,109.27528381347656,109.27528381347656,109.27528381347656,109.27528381347656,0
2013-04-10,111.20157623291016,111.20157623291016,111.20157623291016,111.20157623291016,111.20157623291016,0
2013-04-11,113.0395736694336,113.0395736694336,113.0395736694336,113.0395736694336,113.0395736694336,0
2013-04-12,114.07247924804688,114.07247924804688,114.07247924804688,114.07247924804688,114.07247924804688,0
2013-04-15,115.22725677490234,115.22725677490234,115.22725677490234,115.22725677490234,115.22725677490234,0
2013-04-16,118.67415618896484,118.67415618896484,118.67415618896484,118.67415618896484,118.67415618896484,0
2013-04-17,119.76506042480469,119.76506042480469,119.76506042480469,119.76506042480469,119.76506042480469,0
2013-04-18,122.83126068115234,122.83126068115234,122.83126068115234,122.83126068115234,122.83126068115234,0
2013-04-22,125.69914245605469,125.69914245605469,125.69914245605469,125.69914245605469,125.69914245605469,0
2013-04-23,125.36988830566406,125.36988830566406,125.36988830566406,125.36988830566406,125.36988830566406,0
2013-04-25,127.19776153564453,127.19776153564453,127.19776153564453,127.19776153564453,127.19776153564453,0
2013-04-26,125.26113891601562,125.26113891601562,125.26113891601562,125.26113891601562,125.26113891601562,0
2013-04-29,126.0137710571289,126.0137710571289,126.0137710571289,126.0137710571289,126.0137710571289,0
2013-04-30,125.53717041015625,125.53717041015625,125.53717041015625,125.53717041015625,125.53717041015625,0
2013-05-02,127.0140380859375,127.0140380859375,127.0140380859375,127.0140380859375,127.0140380859375,0
2013-05-03,123.85552978515625,123.85552978515625,123.85552978515625,123.85552978515625,123.85552978515625,0
2013-05-06,123.87821197509766,123.87821197509766,123.87821197509766,123.87821197509766,123.87821197509766,0
2013-05-07,126.2219467163086,126.2219467163086,126.2219467163086,126.2219467163086,126.2219467163086,0
2013-05-08,126.33538055419922,126.33538055419922,126.33538055419922,126.33538055419922,126.33538055419922,0
2013-05-09,125.86705780029297,125.86705780029297,125.86705780029297,125.86705780029297,125.86705780029297,0
2013-05-10,127.4221420288086,127.4221420288086,127.4221420288086,127.4221420288086,127.4221420288086,0
2013-05-13,125.58202362060547,125.58202362060547,125.58202362060547,125.58202362060547,125.58202362060547,0
2013-05-14,125.72718811035156,125.72718811035156,125.72718811035156,125.72718811035156,125.72718811035156,0
2013-05-15,130.65768432617188,130.65768432617188,130.65768432617188,130.65768432617188,130.65768432617188,0
2013-05-16,132.26791381835938,132.26791381835938,132.26791381835938,132.26791381835938,132.26791381835938,0
2013-05-17,133.0406494140625,133.0406494140625,133.0406494140625,133.0406494140625,133.0406494140625,0
2013-05-20,131.6815948486328,131.6815948486328,131.6815948486328,131.6815948486328,131.6815948486328,0
2013-05-21,130.5325927734375,130.5325927734375,130.5325927734375,130.5325927734375,130.5325927734375,0
2013-05-22,129.94944763183594,129.94944763183594,129.94944763183594,129.94944763183594,129.94944763183594,0
2013-05-23,126.28082275390625,126.28082275390625,126.28082275390625,126.28082275390625,126.28082275390625,0
2013-05-24,127.60455322265625,127.60455322265625,127.60455322265625,127.60455322265625,127.60455322265625,0
2013-05-27,129.51678466796875,129.51678466796875,129.51678466796875,129.51678466796875,129.51678466796875,0
2013-05-28,129.6862335205078,129.6862335205078,129.6862335205078,129.6862335205078,129.6862335205078,0
2013-05-29,128.71841430664062,128.71841430664062,128.71841430664062,128.71841430664062,128.71841430664062,0
2013-05-30,128.86288452148438,128.86288452148438,128.86288452148438,128.86288452148438,128.86288452148438,0
2013-05-31,125.56564331054688,125.56564331054688,125.56564331054688,125.56564331054688,125.56564331054688,0
2013-06-03,124.82621002197266,124.82621002197266,124.82621002197266,124.82621002197266,124.82621002197266,0
2013-06-04,123.55708312988281,123.55708312988281,123.55708312988281,123.55708312988281,123.55708312988281,0
2013-06-05,123.69747924804688,123.69747924804688,123.69747924804688,123.69747924804688,123.69747924804688,0
2013-06-06,124.78353118896484,124.78353118896484,124.78353118896484,124.78353118896484,124.78353118896484,0
2013-06-07,123.11595916748047,123.11595916748047,123.11595916748047,123.11595916748047,123.11595916748047,0
2013-06-10,121.66751098632812,121.66751098632812,121.66751098632812,121.66751098632812,121.66751098632812,0
2013-06-11,119.00332641601562,119.00332641601562,119.00332641601562,119.00332641601562,119.00332641601562,0
2013-06-12,118.9451675415039,118.9451675415039,118.9451675415039,118.9451675415039,118.9451675415039,0
2013-06-13,118.15010070800781,118.15010070800781,118.15010070800781,118.15010070800781,118.15010070800781,0
2013-06-14,120.50689697265625,120.50689697265625,120.50689697265625,120.50689697265625,120.50689697265625,0
2013-06-17,121.01699829101562,121.01699829101562,121.01699829101562,121.01699829101562,121.01699829101562,0
2013-06-18,119.51606750488281,119.51606750488281,119.51606750488281,119.51606750488281,119.51606750488281,0
2013-06-19,119.8307876586914,119.8307876586914,119.8307876586914,119.8307876586914,119.8307876586914,0
2013-06-20,115.17298126220703,115.17298126220703,115.17298126220703,115.17298126220703,115.17298126220703,0
2013-06-21,114.81934356689453,114.81934356689453,114.81934356689453,114.81934356689453,114.81934356689453,0
2013-06-24,114.02300262451172,114.02300262451172,118.0,113.19999694824219,118.0,42570
2013-06-25,113.90399932861328,113.90399932861328,115.0,111.26499938964844,114.9990005493164,34300
2013-06-26,112.6719970703125,112.6719970703125,114.5,112.19000244140625,114.0,3610
2013-06-27,113.18199157714844,113.18199157714844,115.49500274658203,111.9990005493164,113.00199890136719,28830
2013-06-28,116.2020034790039,116.2020034790039,116.72000122070312,112.33000183105469,115.5,15720
2013-07-01,118.09200286865234,118.09200286865234,118.4000015258789,116.13500213623047,116.9990005493164,14870
2013-07-02,117.86199951171875,117.86199951171875,118.30000305175781,116.9000015258789,118.19999694824219,10310
2013-07-03,115.30999755859375,115.30999755859375,116.4000015258789,114.98999786376953,116.0999984741211,10830
2013-07-04,115.96800994873047,115.96800994873047,116.79900360107422,114.5,116.0,4010
2013-07-05,115.75601196289062,115.75601196289062,116.69999694824219,115.5999984741211,116.0,3160
2013-07-08,114.66699981689453,114.66699981689453,122.0,113.5,122.0,9390
2013-07-09,115.5250015258789,115.5250015258789,115.9990005493164,114.82499694824219,115.9990005493164,1660
2013-07-10,115.67900085449219,115.67900085449219,116.73999786376953,115.21600341796875,115.69999694824219,4820
2013-07-11,117.39301300048828,117.39301300048828,117.98999786376953,117.0,117.5,8070
2013-07-12,118.10698699951172,118.10698699951172,118.99800109863281,117.0,117.0,3200
2013-07-15,119.32499694824219,119.32499694824219,119.48999786376953,116.0199966430664,117.9000015258789,8310
2013-07-16,113.1969985961914,113.1969985961914,117.5,112.80000305175781,116.5,54900
2013-07-17,113.24500274658203,113.24500274658203,113.98999786376953,111.26499938964844,113.5,15810
2013-07-18,113.0999984741211,113.0999984741211,116.5,111.85900115966797,116.5,21810
2013-07-19,111.71099853515625,111.71099853515625,115.5,111.1449966430664,115.5,38900
2013-07-22,111.38899993896484,111.38899993896484,113.0,111.0,113.0,22200
2013-07-23,113.11100006103516,113.11100006103516,113.83999633789062,112.5,112.5,5240
2013-07-24,109.08000183105469,109.08000183105469,112.5,108.30000305175781,112.5,62640
2013-07-25,108.63999938964844,108.63999938964844,109.30899810791016,108.0,108.5,12100
2013-07-26,107.77999877929688,107.77999877929688,111.87999725341797,106.5,111.79900360107422,28120
2013-07-29,104.52200317382812,104.52200317382812,111.5,104.41500091552734,111.5,94880
2013-07-30,104.02100372314453,104.02100372314453,106.30000305175781,103.19999694824219,104.99500274658203,24200
2013-07-31,106.34200286865234,106.34200286865234,106.99500274658203,101.0,104.0999984741211,30980
2013-08-01,106.7770004272461,106.7770004272461,108.0,105.00499725341797,105.01000213623047,8020
2013-08-02,108.70999908447266,108.70999908447266,110.0,106.4000015258789,108.4000015258789,8480
2013-08-05,107.2229995727539,107.2229995727539,110.0,105.27200317382812,110.0,9680
2013-08-06,105.947998046875,105.947998046875,107.89900207519531,104.5,105.00199890136719,13500
2013-08-07,101.93099975585938,101.93099975585938,107.4000015258789,100.30000305175781,105.94499969482422,44980
2013-08-08,102.20500183105469,102.20500183105469,102.8499984741211,101.11000061035156,101.51100158691406,12140
2013-08-12,100.19100189208984,100.19100189208984,103.5,99.80000305175781,103.5,23690
2013-08-13,101.45099639892578,101.45099639892578,101.94999694824219,99.80000305175781,100.10099792480469,15870
2013-08-14,101.86199951171875,101.86199951171875,102.3499984741211,100.80000305175781,101.0,9010
2013-08-16,98.66699981689453,98.66699981689453,104.0,98.05000305175781,104.0,51890
2013-08-19,95.87799835205078,95.87799835205078,100.0,95.5,97.5,52890
2013-08-20,94.5469970703125,94.5469970703125,95.4000015258789,93.5,95.12999725341797,42070
2013-08-21,94.92500305175781,94.92500305175781,99.08499908447266,94.30000305175781,99.08499908447266,48350
2013-08-22,95.50499725341797,95.50499725341797,96.89800262451172,93.0,94.5,39760
2013-08-23,97.09400177001953,97.09400177001953,100.55000305175781,95.5009994506836,100.55000305175781,5480
2013-08-26,96.49700164794922,96.49700164794922,101.0,96.20800018310547,97.99400329589844,21810
2013-08-27,91.67900085449219,91.67900085449219,95.5009994506836,91.16500091552734,95.5009994506836,72590
2013-08-28,90.04399871826172,90.04399871826172,91.69999694824219,87.75,91.69999694824219,63720
2013-08-29,91.9990005493164,91.9990005493164,93.5,90.0999984741211,90.0999984741211,40830
2013-08-30,91.53199768066406,91.53199768066406,93.9000015258789,90.5,91.5,18580
2013-09-02,93.05500030517578,93.05500030517578,94.0,91.9990005493164,91.9990005493164,25710
2013-09-03,89.16699981689453,89.16699981689453,93.48999786376953,88.80000305175781,93.48999786376953,44370
2013-09-04,90.48400115966797,90.48400115966797,91.89900207519531,88.5,91.89900207519531,17680
2013-09-05,97.9489974975586,97.9489974975586,98.5,92.0999984741211,92.0999984741211,80460
2013-09-06,100.72200012207031,100.72200012207031,101.71700286865234,96.58499908447266,98.4990005493164,71240
2013-09-10,102.6520004272461,102.6520004272461,104.80000305175781,100.11599731445312,102.0,48860
2013-09-11,104.66400146484375,104.66400146484375,105.0,100.0,100.0,33490
2013-09-12,102.74700164794922,102.74700164794922,104.0,101.55000305175781,103.5,13840
2013-09-13,103.4530029296875,103.4530029296875,104.5,101.91400146484375,102.73999786376953,11740
2013-09-16,104.875,104.875,106.87999725341797,103.21600341796875,104.5,27990
2013-09-17,103.77999877929688,103.77999877929688,104.69999694824219,102.61100006103516,104.11499786376953,7960
2013-09-18,105.37000274658203,105.37000274658203,105.69999694824219,103.58999633789062,104.92900085449219,14590
2013-09-19,112.8290023803711,112.8290023803711,113.9800033569336,107.80000305175781,108.0,230430
2013-09-20,108.68000030517578,108.68000030517578,112.80000305175781,105.01000213623047,112.7699966430664,60760
2013-09-23,104.71399688720703,104.71399688720703,106.10099792480469,103.63999938964844,106.10099792480469,27750
2013-09-24,104.43699645996094,104.43699645996094,105.5,102.0,104.69999694824219,11900
2013-09-25,103.60399627685547,103.60399627685547,104.13999938964844,102.5,104.0,11610
2013-09-26,103.40299987792969,103.40299987792969,106.94999694824219,103.0009994506836,106.94999694824219,3330
2013-09-27,101.46199798583984,101.46199798583984,103.5,101.0009994506836,103.5,17670
2013-09-30,98.24400329589844,98.24400329589844,101.0,98.0,101.0,35270
2013-10-01,99.91100311279297,99.91100311279297,100.5,97.9000015258789,98.4000015258789,13040
2013-10-03,103.08300018310547,103.08300018310547,103.48899841308594,100.69999694824219,100.69999694824219,18250
2013-10-04,103.15399932861328,103.15399932861328,104.19999694824219,102.00499725341797,102.80000305175781,28860
2013-10-07,101.43299865722656,101.43299865722656,103.9990005493164,100.12699890136719,102.5,22740
2013-10-08,102.23500061035156,102.23500061035156,106.79900360107422,101.13500213623047,104.5,48750
2013-10-09,103.3290023803711,103.3290023803711,103.5999984741211,100.99500274658203,101.5999984741211,54110
2013-10-10,103.95700073242188,103.95700073242188,104.5,103.0250015258789,103.4990005493164,44540
2013-10-11,107.06199645996094,107.06199645996094,107.4739990234375,104.16500091552734,104.5009994506836,73780
2013-10-14,107.84600067138672,107.84600067138672,108.49800109863281,106.0,106.0,48270
2013-10-15,105.00199890136719,105.00199890136719,108.39399719238281,104.5,107.9000015258789,18190
2013-10-17,104.927001953125,104.927001953125,105.4000015258789,104.10099792480469,105.01000213623047,40770
2013-10-18,108.86799621582031,108.86799621582031,109.80000305175781,105.4010009765625,105.98999786376953,28780
2013-10-21,109.01200103759766,109.01200103759766,109.80000305175781,108.13700103759766,109.0,37800
2013-10-22,109.26300048828125,109.26300048828125,110.2979965209961,108.3010025024414,108.5,10690
2013-10-23,109.822998046875,109.822998046875,110.19000244140625,108.60600280761719,108.69999694824219,17130
2013-10-24,110.3010025024414,110.3010025024414,111.75,109.5,110.0,16730
2013-10-25,110.47200012207031,110.47200012207031,110.75,109.19999694824219,109.9000015258789,10920
2013-10-28,108.93900299072266,108.93900299072266,110.98899841308594,107.0009994506836,108.0,12990
2013-10-29,113.30999755859375,113.30999755859375,113.51000213623047,107.81099700927734,108.00199890136719,65610
2013-10-30,113.20999908447266,113.20999908447266,114.78700256347656,112.69999694824219,113.9990005493164,31120
2013-10-31,115.71099853515625,115.71099853515625,116.05000305175781,112.5250015258789,113.20999908447266,43960
2013-11-01,117.5780029296875,117.5780029296875,118.0999984741211,113.0009994506836,115.4990005493164,33330
2013-11-05,116.20800018310547,116.20800018310547,118.45899963378906,115.86599731445312,116.74500274658203,18260
2013-11-06,113.98899841308594,113.98899841308594,116.6780014038086,113.53199768066406,115.60199737548828,13600
2013-11-07,111.9229965209961,111.9229965209961,115.29900360107422,111.51200103759766,114.0,53950
2013-11-08,110.38800048828125,110.38800048828125,111.97899627685547,109.80000305175781,111.0,38320
2013-11-11,109.10700225830078,109.10700225830078,110.49500274658203,108.01000213623047,109.99500274658203,20290
2013-11-12,107.36599731445312,107.36599731445312,118.0,107.0,118.0,12460
2013-11-13,106.51499938964844,106.51499938964844,109.99500274658203,105.5999984741211,109.99500274658203,13200
2013-11-14,109.8010025024414,109.8010025024414,113.0,109.0,113.0,10990
2013-11-18,112.39600372314453,112.39600372314453,112.69999694824219,110.66500091552734,111.0,18980
2013-11-19,113.00199890136719,113.00199890136719,113.43000030517578,112.0009994506836,112.0009994506836,9340
2013-11-20,111.09500122070312,111.09500122070312,113.0,110.5,113.0,9710
2013-11-21,108.51699829101562,108.51699829101562,112.0,108.0999984741211,112.0,13870
2013-11-22,107.99199676513672,107.99199676513672,110.0,107.5009994506836,110.0,11360
2013-11-25,111.70099639892578,111.70099639892578,111.97899627685547,108.99700164794922,108.99700164794922,8040
2013-11-26,110.44499969482422,110.44499969482422,112.49400329589844,110.19999694824219,110.5009994506836,7490
2013-11-27,110.00299835205078,110.00299835205078,113.9800033569336,109.5999984741211,113.9800033569336,599270
2013-11-28,109.95999908447266,109.95999908447266,111.9000015258789,109.10800170898438,110.5,5620
2013-11-29,112.85199737548828,112.85199737548828,113.0,110.6259994506836,111.88800048828125,8330
2013-12-02,113.99400329589844,113.99400329589844,114.5,112.9000015258789,112.9000015258789,25890
2013-12-03,113.09200286865234,113.09200286865234,113.9000015258789,112.69999694824219,113.0,4090
2013-12-04,112.7699966430664,112.7699966430664,113.37000274658203,104.0,104.0,8300
2013-12-05,117.4260025024414,117.4260025024414,117.98999786376953,115.0,115.0,80210
2013-12-06,118.88500213623047,118.88500213623047,119.0,117.5,117.5,11570
2013-12-09,121.9489974975586,121.9489974975586,123.0,120.51000213623047,120.51000213623047,63250
2013-12-10,120.18199920654297,120.18199920654297,123.0,118.6520004272461,123.0,16510
2013-12-11,119.04000091552734,119.04000091552734,119.48799896240234,117.51100158691406,117.51100158691406,5340
2013-12-12,117.50499725341797,117.50499725341797,119.39900207519531,117.20999908447266,119.39900207519531,9480
2013-12-13,115.41100311279297,115.41100311279297,117.0,114.16000366210938,114.16000366210938,8180
2013-12-16,117.6709976196289,117.6709976196289,129.88499450683594,113.4000015258789,114.00499725341797,11720
2013-12-17,115.1449966430664,115.1449966430664,117.0,114.66100311279297,115.0,6310
2013-12-18,114.99800109863281,114.99800109863281,116.99500274658203,113.41100311279297,114.79900360107422,28500
2013-12-19,112.2959976196289,112.2959976196289,115.99800109863281,112.19999694824219,115.99800109863281,52200
2013-12-20,113.95099639892578,113.95099639892578,114.29499816894531,112.3010025024414,112.4990005493164,5910
2013-12-23,115.40299987792969,115.40299987792969,117.93000030517578,114.0,114.0,23060
2013-12-24,114.875,114.875,115.1989974975586,114.0,114.9000015258789,7750
2013-12-26,115.40699005126953,115.40699005126953,115.5,114.26100158691406,114.5,59570
2013-12-27,115.8270034790039,115.8270034790039,116.49800109863281,115.61100006103516,115.79900360107422,5160
2013-12-30,115.03600311279297,115.03600311279297,116.4990005493164,114.6500015258789,116.0999984741211,10400
2013-12-31,115.0999984741211,115.0999984741211,115.4990005493164,114.3010025024414,115.0999984741211,2430
2014-01-01,115.29900360107422,115.29900360107422,115.6989974975586,114.0999984741211,115.01599884033203,5240
2014-01-02,113.08799743652344,113.08799743652344,116.80899810791016,112.5999984741211,115.19999694824219,25940
2014-01-03,113.11199951171875,113.11199951171875,113.89900207519531,111.53900146484375,112.08000183105469,15660
2014-01-06,111.3239974975586,111.3239974975586,112.8270034790039,111.30000305175781,112.8270034790039,9010
2014-01-07,111.11100006103516,111.11100006103516,112.49800109863281,110.0009994506836,112.4000015258789,17240
2014-01-08,111.68299865722656,111.68299865722656,112.29499816894531,111.30999755859375,111.30999755859375,64150
2014-01-09,110.6760025024414,110.6760025024414,111.6969985961914,110.30000305175781,111.6510009765625,57530
2014-01-10,109.08200073242188,109.08200073242188,111.69499969482422,108.80000305175781,110.35299682617188,29750
2014-01-13,111.25499725341797,111.25499725341797,111.5,109.0999984741211,109.0999984741211,18380
2014-01-14,110.6259994506836,110.6259994506836,111.5,110.36000061035156,111.30000305175781,69250
2014-01-15,112.21600341796875,112.21600341796875,112.68000030517578,110.73899841308594,110.73899841308594,11770
2014-01-16,112.44100189208984,112.44100189208984,113.20099639892578,110.5999984741211,111.31999969482422,80430
2014-01-17,110.99099731445312,110.99099731445312,112.5,110.79499816894531,112.0,4380
2014-01-20,111.36699676513672,111.36699676513672,111.5,110.0999984741211,111.5,11700
2014-01-21,112.65399932861328,112.65399932861328,112.8949966430664,111.61599731445312,112.19999694824219,12900
2014-01-22,113.53299713134766,113.53299713134766,114.0,112.22699737548828,112.79499816894531,52280
2014-01-23,113.41400146484375,113.41400146484375,113.44999694824219,112.26499938964844,112.60099792480469,8870
2014-01-24,111.20899963378906,111.20899963378906,112.58999633789062,111.0,112.4000015258789,16420
2014-01-27,106.89199829101562,106.89199829101562,109.31999969482422,100.19999694824219,100.19999694824219,41190
2014-01-28,106.81700134277344,106.81700134277344,108.4990005493164,104.5999984741211,107.80000305175781,74070
2014-01-29,106.35900115966797,106.35900115966797,107.69999694824219,106.19999694824219,107.18599700927734,27050
2014-01-30,103.22000122070312,103.22000122070312,106.0,102.80000305175781,106.0,29110
2014-01-31,103.95600128173828,103.95600128173828,106.5,103.0,106.5,15480
2014-02-03,102.4000015258789,102.4000015258789,104.0989990234375,102.0,103.00499725341797,18860
2014-02-04,103.802001953125,103.802001953125,103.9800033569336,101.10099792480469,102.0,25450
2014-02-05,103.33699798583984,103.33699798583984,103.80000305175781,102.51000213623047,103.20899963378906,5540
2014-02-06,103.36299896240234,103.36299896240234,104.49800109863281,102.31999969482422,104.49800109863281,16210
2014-02-07,103.3499984741211,103.3499984741211,105.37999725341797,103.0,104.0999984741211,43340
2014-02-10,103.32499694824219,103.32499694824219,103.9000015258789,103.30000305175781,103.89900207519531,6950
2014-02-11,103.30400085449219,103.30400085449219,104.83999633789062,102.87000274658203,102.87200164794922,5820
2014-02-12,104.32599639892578,104.32599639892578,105.0009994506836,103.65499877929688,103.70099639892578,7750
2014-02-13,102.77100372314453,102.77100372314453,104.79900360107422,102.5,104.79900360107422,9750
2014-02-14,103.12300109863281,103.12300109863281,103.25,101.69999694824219,102.5009994506836,11180
2014-02-17,104.11100006103516,104.11100006103516,104.44999694824219,103.3010025024414,103.63700103759766,7260
2014-02-18,107.06500244140625,107.06500244140625,107.19999694824219,103.80000305175781,104.4000015258789,14090
2014-02-19,107.51100158691406,107.51100158691406,107.9000015258789,106.33000183105469,106.5009994506836,6380
2014-02-20,105.73100280761719,105.73100280761719,106.80000305175781,105.23999786376953,105.23999786376953,49500
2014-02-21,106.58499908447266,106.58499908447266,106.79900360107422,105.49500274658203,105.49500274658203,42690
2014-02-24,107.36599731445312,107.36599731445312,113.9000015258789,103.01000213623047,113.9000015258789,31370
2014-02-25,107.70899963378906,107.70899963378906,108.80000305175781,107.32499694824219,107.6989974975586,34340
2014-02-26,108.2750015258789,108.2750015258789,108.5,107.0999984741211,107.0999984741211,9620
2014-02-28,108.7020034790039,108.7020034790039,108.80000305175781,108.0250015258789,108.30000305175781,33990
2014-03-03,107.71900177001953,107.71900177001953,109.78700256347656,107.30000305175781,108.2249984741211,44860
2014-03-04,110.58599853515625,110.58599853515625,111.0,107.5999984741211,107.69499969482422,15410
2014-03-05,112.5250015258789,112.5250015258789,112.9000015258789,110.30000305175781,110.69999694824219,21570
2014-03-06,114.11299896240234,114.11299896240234,114.45500183105469,112.5,113.0999984741211,14330
2014-03-07,119.80799865722656,119.80799865722656,120.5,114.0999984741211,114.0999984741211,122610
2014-03-10,121.13500213623047,121.13500213623047,121.94000244140625,117.5999984741211,117.5999984741211,48360
2014-03-11,120.9280014038086,120.9280014038086,123.0,119.87000274658203,121.6989974975586,48050
2014-03-12,120.52200317382812,120.52200317382812,121.30000305175781,118.0,118.0,33790
2014-03-13,121.58999633789062,121.58999633789062,123.44000244140625,120.55999755859375,120.9990005493164,69320
2014-03-14,120.64398956298828,120.64398956298828,121.4000015258789,119.10099792480469,120.80000305175781,17110
2014-03-18,122.36599731445312,122.36599731445312,123.0,120.98500061035156,120.98500061035156,32320
2014-03-19,121.72000122070312,121.72000122070312,122.98500061035156,121.4020004272461,121.55000305175781,6900
2014-03-20,120.78700256347656,120.78700256347656,121.5999984741211,120.5,121.51000213623047,3180
2014-03-21,122.91500091552734,122.91500091552734,123.0,119.5009994506836,120.5,13590
2014-03-24,124.23200225830078,124.23200225830078,124.4000015258789,122.5,122.5,50500
2014-03-25,124.76200103759766,124.76200103759766,125.05000305175781,124.1989974975586,124.1989974975586,59840
2014-03-26,125.24700164794922,125.24700164794922,125.75,124.10099792480469,124.10099792480469,48400
2014-03-27,125.89299774169922,125.89299774169922,126.5,125.0,125.4000015258789,123760
2014-03-28,127.01599884033203,127.01599884033203,127.31999969482422,126.0,126.69999694824219,88530
2014-03-31,126.78101348876953,126.78101348876953,128.5,126.2239990234375,127.5,46890
2014-04-01,125.21499633789062,125.21499633789062,127.31099700927734,124.0,127.31099700927734,20600
2014-04-02,127.23400115966797,127.23400115966797,127.5,125.0,126.0,107460
2014-04-03,125.80500030517578,125.80500030517578,126.80000305175781,125.51000213623047,126.80000305175781,60320
2014-04-04,125.72699737548828,125.72699737548828,126.79900360107422,124.51000213623047,125.69999694824219,11650
2014-04-07,125.25800323486328,125.25800323486328,126.4800033569336,124.69999694824219,125.9000015258789,20820
2014-04-09,129.31500244140625,129.31500244140625,129.6999969482422,125.54000091552734,126.0999984741211,55160
2014-04-10,129.16700744628906,129.16700744628906,130.6999969482422,128.56300354003906,129.02499389648438,55630
2014-04-11,128.66000366210938,128.66000366210938,129.50999450683594,127.54499816894531,127.54499816894531,73960
2014-04-15,126.25299835205078,126.25299835205078,127.69999694824219,125.2509994506836,127.5,37240
2014-04-16,125.74800109863281,125.74800109863281,127.5,125.4000015258789,127.0,35060
2014-04-17,128.32200622558594,128.32200622558594,128.5,125.31099700927734,126.0009994506836,17350
2014-04-21,129.72300720214844,129.72300720214844,129.89500427246094,128.10000610351562,128.10000610351562,43660
2014-04-22,129.88900756835938,129.88900756835938,130.13999938964844,128.64999389648438,128.64999389648438,32460
2014-04-23,130.93101501464844,130.93101501464844,131.5,129.60000610351562,129.60000610351562,35740
2014-04-25,130.81100463867188,130.81100463867188,131.99000549316406,129.77000427246094,130.5,70380
2014-04-28,131.29100036621094,131.29100036621094,131.8000030517578,129.60000610351562,130.8000030517578,11640
2014-04-29,130.53799438476562,130.53799438476562,131.3000030517578,129.3000030517578,131.3000030517578,11900
2014-04-30,130.32000732421875,130.32000732421875,131.88900756835938,128.4250030517578,130.39999389648438,31720
2014-05-02,129.031982421875,129.031982421875,131.0,128.6020050048828,130.1009979248047,5340
2014-05-05,129.5240020751953,129.5240020751953,130.3990020751953,129.00100708007812,129.5,21920
2014-05-06,130.43199157714844,130.43199157714844,130.9949951171875,129.1999969482422,130.0,6540
2014-05-07,129.093017578125,129.093017578125,130.99400329589844,128.25,129.89999389648438,20230
2014-05-08,130.8560028076172,130.8560028076172,131.0,129.55099487304688,130.5,12530
2014-05-09,137.94000244140625,137.94000244140625,139.49899291992188,130.50100708007812,130.89999389648438,44260
2014-05-12,141.14300537109375,141.14300537109375,143.49000549316406,138.60000610351562,138.60000610351562,135700
2014-05-13,141.69000244140625,141.69000244140625,143.8990020751953,141.0,142.5,96010
2014-05-14,142.7480010986328,142.7480010986328,143.49899291992188,140.25999450683594,140.8000030517578,399560
2014-05-15,142.31399536132812,142.31399536132812,143.6999969482422,141.22500610351562,142.8699951171875,30160
2014-05-16,148.322998046875,148.322998046875,169.5,145.11000061035156,169.5,182170
2014-05-19,152.62600708007812,152.62600708007812,157.8800048828125,150.30999755859375,153.0,44360
2014-05-20,152.54800415039062,152.54800415039062,154.67999267578125,151.1999969482422,154.67999267578125,107240
2014-05-21,150.2259979248047,150.2259979248047,152.7740020751953,149.5,152.5,64220
2014-05-22,151.76100158691406,151.76100158691406,153.6300048828125,150.10000610351562,151.0,25820
2014-05-23,153.2239990234375,153.2239990234375,154.0,150.9250030517578,151.5,39660
2014-05-26,151.68899536132812,151.68899536132812,156.10000610351562,147.5,147.5,22770
2014-05-27,150.9969940185547,150.9969940185547,152.8939971923828,148.99000549316406,151.52999877929688,40860
2014-05-28,151.08299255371094,151.08299255371094,151.6300048828125,150.2100067138672,151.40199279785156,8120
2014-05-29,150.4510040283203,150.4510040283203,152.39599609375,150.0,151.0,16090
2014-05-30,148.18600463867188,148.18600463867188,150.5,146.16000366210938,149.89999389648438,54940
2014-06-02,152.8820037841797,152.8820037841797,153.85000610351562,148.5,150.49899291992188,16290
2014-06-03,152.25601196289062,152.25601196289062,154.47999572753906,152.0,154.0,42210
2014-06-04,153.2010040283203,153.2010040283203,154.0,151.7969970703125,152.25999450683594,11100
2014-06-05,153.90199279785156,153.90199279785156,154.0,152.00999450683594,152.322998046875,8650
2014-06-06,155.56500244140625,155.56500244140625,155.8800048828125,153.80099487304688,154.60000610351562,20210
2014-06-09,156.0050048828125,156.0050048828125,158.72999572753906,156.0,157.0,16170
2014-06-10,155.04400634765625,155.04400634765625,157.67999267578125,153.72500610351562,156.0749969482422,25900
2014-06-11,154.5570068359375,154.5570068359375,165.0,154.10499572753906,156.0,16010
2014-06-12,154.85899353027344,154.85899353027344,155.49899291992188,153.72000122070312,153.89999389648438,352870
2014-06-13,153.11399841308594,153.11399841308594,156.69900512695312,152.1060028076172,155.5,23650
2014-06-16,152.3040008544922,152.3040008544922,152.68800354003906,149.00999450683594,152.68800354003906,12500
2014-06-17,155.2169952392578,155.2169952392578,156.0,151.0,151.65499877929688,5200
2014-06-18,154.125,154.125,157.2449951171875,152.5,155.0,10220
2014-06-19,152.83799743652344,152.83799743652344,155.58999633789062,151.50100708007812,155.58999633789062,12180
2014-06-20,152.30099487304688,152.30099487304688,153.875,151.5050048828125,152.3000030517578,5690
2014-06-23,152.49200439453125,152.49200439453125,154.1999969482422,152.00100708007812,152.5,110900
2014-06-24,154.7729949951172,154.7729949951172,155.57000732421875,153.2010040283203,153.6999969482422,40030
2014-06-25,154.552001953125,154.552001953125,154.93899536132812,154.0,154.5,3310
2014-06-26,156.281005859375,156.281005859375,157.2550048828125,154.60000610351562,154.99899291992188,7080
2014-06-27,156.7169952392578,156.7169952392578,158.0,152.7050018310547,156.0,9460
2014-06-30,161.76600646972656,161.76600646972656,164.39999389648438,155.5,156.8000030517578,26050
2014-07-01,156.22500610351562,156.22500610351562,163.0,155.55499267578125,160.0,27950
2014-07-02,157.0780029296875,157.0780029296875,157.69900512695312,156.5019989013672,157.00100708007812,35790
2014-07-03,156.13699340820312,156.13699340820312,157.1999969482422,156.0,157.11000061035156,16130
2014-07-04,156.9320068359375,156.9320068359375,157.5,154.5,156.99000549316406,38310
2014-07-07,155.031005859375,155.031005859375,157.5,154.51499938964844,157.5,22770
2014-07-08,151.5070037841797,151.5070037841797,158.8800048828125,150.0,155.0,25760
2014-07-09,150.0019989013672,150.0019989013672,153.49899291992188,147.70700073242188,153.49899291992188,11730
2014-07-10,151.1959991455078,151.1959991455078,154.9949951171875,148.0,151.697998046875,41590
2014-07-11,146.81399536132812,146.81399536132812,151.2989959716797,146.1999969482422,149.10000610351562,14640
2014-07-14,147.01699829101562,147.01699829101562,147.8000030517578,145.5,147.5,10660
2014-07-15,149.97999572753906,149.97999572753906,150.3990020751953,148.0,148.3000030517578,52280
2014-07-16,153.79400634765625,153.79400634765625,154.47999572753906,150.0,150.0,15610
2014-07-17,153.86300659179688,153.86300659179688,154.0,153.0,153.1009979248047,9890
2014-07-18,155.1009979248047,155.1009979248047,156.8800048828125,152.5,153.00100708007812,20890
2014-07-21,154.625,154.625,160.0,154.02099609375,157.10000610351562,20250
2014-07-22,154.9149932861328,154.9149932861328,155.6999969482422,151.00100708007812,151.00100708007812,6780
2014-07-23,156.1999969482422,156.1999969482422,156.8000030517578,155.14100646972656,155.1999969482422,37360
2014-07-24,156.125,156.125,157.33999633789062,154.7100067138672,154.7100067138672,7560
2014-07-25,155.24099731445312,155.24099731445312,158.3489990234375,154.30099487304688,155.0,12420
2014-07-28,154.6269989013672,154.6269989013672,156.0,152.12600708007812,156.0,22060
2014-07-30,155.20399475097656,155.20399475097656,156.8000030517578,153.0,153.0,11740
2014-07-31,153.98599243164062,153.98599243164062,156.3990020751953,153.6999969482422,155.5,5210
2014-08-01,152.6699981689453,152.6699981689453,155.8990020751953,152.12100219726562,152.1999969482422,9150
2014-08-04,154.19400024414062,154.19400024414062,154.4949951171875,153.2100067138672,153.39999389648438,13620
2014-08-05,153.8719940185547,153.8719940185547,154.87899780273438,153.41000366210938,154.3300018310547,9370
2014-08-06,152.16799926757812,152.16799926757812,154.39999389648438,151.55499267578125,153.10000610351562,10400
2014-08-07,152.30799865722656,152.30799865722656,152.99899291992188,151.0260009765625,152.99899291992188,6400
2014-08-08,148.8800048828125,148.8800048828125,150.1009979248047,148.51499938964844,150.1009979248047,13130
2014-08-11,149.94200134277344,149.94200134277344,151.0,149.5050048828125,151.0,2920
2014-08-12,151.343994140625,151.343994140625,151.5,149.60000610351562,150.89999389648438,13090
2014-08-13,150.09500122070312,150.09500122070312,152.10000610351562,149.60000610351562,151.10000610351562,8880
2014-08-14,152.17799377441406,152.17799377441406,152.36000061035156,150.2209930419922,151.89999389648438,23320
2014-08-18,155.19200134277344,155.19200134277344,158.34500122070312,152.1999969482422,152.5,45390
2014-08-19,156.35400390625,156.35400390625,157.10000610351562,155.6699981689453,156.00999450683594,15880
2014-08-20,156.2689971923828,156.2689971923828,159.89999389648438,155.4199981689453,156.0,14000
2014-08-21,157.55999755859375,157.55999755859375,158.39999389648438,155.60000610351562,155.60000610351562,20790
2014-08-22,159.2760009765625,159.2760009765625,159.6199951171875,154.02999877929688,158.0,109280
2014-08-25,157.7449951171875,157.7449951171875,160.6999969482422,157.375,159.3000030517578,43750
2014-08-26,157.39599609375,157.39599609375,157.7449951171875,156.1999969482422,157.7449951171875,20380
2014-08-27,158.41000366210938,158.41000366210938,158.8300018310547,157.75,158.1999969482422,13160
2014-08-28,158.92599487304688,158.92599487304688,159.39999389648438,158.302001953125,158.6999969482422,16680
2014-09-01,161.48899841308594,161.48899841308594,162.0,159.5,160.0,18360
2014-09-02,162.68499755859375,162.68499755859375,169.41000366210938,161.0,162.39999389648438,24770
2014-09-03,162.38800048828125,162.38800048828125,163.1999969482422,161.75999450683594,162.39999389648438,54840
2014-09-04,161.97000122070312,161.97000122070312,162.1999969482422,160.01199340820312,162.0,17900
2014-09-05,160.98599243164062,160.98599243164062,162.5449981689453,160.5,161.89999389648438,17220
2014-09-08,163.11500549316406,163.11500549316406,163.49899291992188,161.8000030517578,162.0,23900
2014-09-09,163.11500549316406,163.11500549316406,163.11500549316406,162.2550048828125,163.10000610351562,3950
2014-09-10,163.10000610351562,163.10000610351562,163.47999572753906,160.10000610351562,160.10000610351562,14280
2014-09-11,163.61599731445312,163.61599731445312,164.44000244140625,162.11500549316406,163.5,17170
2014-09-12,164.11599731445312,164.11599731445312,164.23500061035156,162.58999633789062,163.5,4740
2014-09-15,163.1060028076172,163.1060028076172,163.86000061035156,162.5,163.0,13020
2014-09-16,160.0279998779297,160.0279998779297,163.00999450683594,159.6999969482422,162.60000610351562,8020
2014-09-17,159.78500366210938,159.78500366210938,160.84500122070312,159.02999877929688,160.84500122070312,18170
2014-09-18,162.58299255371094,162.58299255371094,164.83999633789062,159.5,159.60000610351562,29060
2014-09-19,162.66400146484375,162.66400146484375,163.0,162.0,162.60000610351562,11030
2014-09-22,163.14199829101562,163.14199829101562,163.49899291992188,159.52499389648438,162.10000610351562,9030
2014-09-23,160.46400451660156,160.46400451660156,163.35000610351562,159.8000030517578,162.5,6840
2014-09-24,159.03799438476562,159.03799438476562,160.5800018310547,158.0,160.0,12940
2014-09-25,154.66700744628906,154.66700744628906,158.75,154.03500366210938,158.5,35920
2014-09-26,158.5489959716797,158.5489959716797,158.88999938964844,153.60000610351562,154.6999969482422,17000
2014-09-29,156.63900756835938,156.63900756835938,162.5,154.3699951171875,158.5500030517578,81410
2014-09-30,155.31399536132812,155.31399536132812,158.0,155.1999969482422,158.0,7530
2014-10-01,155.4949951171875,155.4949951171875,156.5,154.88499450683594,154.9250030517578,12480
2014-10-07,155.60000610351562,155.60000610351562,157.60000610351562,154.52499389648438,155.8000030517578,23420
2014-10-08,154.76300048828125,154.76300048828125,156.5,154.1999969482422,155.60000610351562,49650
2014-10-09,158.6020050048828,158.6020050048828,159.66000366210938,155.5050048828125,156.5,22180
2014-10-10,156.19500732421875,156.19500732421875,157.99899291992188,155.30499267578125,157.52499389648438,10640
2014-10-13,158.48199462890625,158.48199462890625,158.8800048828125,154.00999450683594,155.0,20120
2014-10-14,158.59300231933594,158.59300231933594,159.97500610351562,157.50100708007812,159.39999389648438,20420
2014-10-16,156.32899475097656,156.32899475097656,159.5,155.5050048828125,158.0,18250
2014-10-17,160.8179931640625,160.8179931640625,161.8000030517578,157.39999389648438,157.39999389648438,63440
2014-10-20,162.90699768066406,162.90699768066406,163.84800720214844,161.5,161.5,31530
2014-10-21,164.96600341796875,164.96600341796875,165.49899291992188,163.0,163.5,39750
2014-10-22,165.25900268554688,165.25900268554688,167.0,165.0500030517578,166.5,22170
2014-10-27,167.2969970703125,167.2969970703125,168.3000030517578,162.3000030517578,166.60000610351562,49450
2014-10-28,167.97900390625,167.97900390625,168.39999389648438,167.2100067138672,167.5,11130
2014-10-29,168.031005859375,168.031005859375,170.99899291992188,167.32000732421875,168.33999633789062,21980
2014-10-30,168.51800537109375,168.51800537109375,169.50999450683594,166.8000030517578,166.8000030517578,4950
2014-10-31,172.49099731445312,172.49099731445312,173.10000610351562,169.01100158691406,169.99899291992188,24670
2014-11-03,175.77200317382812,175.77200317382812,176.65499877929688,172.4199981689453,172.49099731445312,8280
2014-11-05,175.64199829101562,175.64199829101562,177.99400329589844,174.54100036621094,175.61500549316406,106820
2014-11-07,174.72799682617188,174.72799682617188,176.4949951171875,173.8000030517578,175.6999969482422,13480
2014-11-10,174.0,174.0,175.49899291992188,173.5989990234375,175.13499450683594,26490
2014-11-11,176.01100158691406,176.01100158691406,176.83900451660156,173.90499877929688,174.7949981689453,22830
2014-11-12,177.21499633789062,177.21499633789062,177.99000549316406,175.0,175.0,9830
2014-11-13,175.7519989013672,175.7519989013672,178.0,175.3000030517578,178.0,30240
2014-11-14,177.99600219726562,177.99600219726562,178.2050018310547,175.28500366210938,175.6300048828125,40760
2014-11-17,178.27699279785156,178.27699279785156,178.6999969482422,175.8000030517578,177.5,12720
2014-11-18,178.59800720214844,178.59800720214844,179.2989959716797,176.63499450683594,176.63499450683594,11700
2014-11-19,177.85299682617188,177.85299682617188,178.88999938964844,177.5,178.60000610351562,10200
2014-11-20,178.32899475097656,178.32899475097656,179.72999572753906,177.0050048828125,178.49899291992188,15090
2014-11-21,183.41299438476562,183.41299438476562,184.47900390625,178.5,179.0,31140
2014-11-24,185.61900329589844,185.61900329589844,186.0,182.5,182.5,9920
2014-11-25,182.34500122070312,182.34500122070312,185.7989959716797,180.41000366210938,185.7989959716797,33290
2014-11-26,181.968994140625,181.968994140625,183.5,180.56100463867188,182.5,14900
2014-11-27,181.54800415039062,181.54800415039062,183.3000030517578,180.50599670410156,182.0,28710
2014-11-28,187.0189971923828,187.0189971923828,188.0,183.8000030517578,184.0,39860
2014-12-01,187.7790069580078,187.7790069580078,196.0,187.1009979248047,196.0,45690
2014-12-02,187.18099975585938,187.18099975585938,187.8489990234375,185.00100708007812,187.0,22460
2014-12-03,188.54299926757812,188.54299926757812,189.5,187.00999450683594,187.8000030517578,12590
2014-12-04,190.15699768066406,190.15699768066406,194.8000030517578,188.0,189.60000610351562,67010
2014-12-05,190.18699645996094,190.18699645996094,190.9949951171875,189.5,190.5,8140
2014-12-08,187.6439971923828,187.6439971923828,190.9949951171875,187.0,190.36500549316406,21530
2014-12-09,184.78799438476562,184.78799438476562,187.5,184.3699951171875,187.1009979248047,23860
2014-12-10,186.89599609375,186.89599609375,187.39999389648438,183.1999969482422,183.1999969482422,18210
2014-12-11,185.2259979248047,185.2259979248047,186.8000030517578,184.0,186.5,62820
2014-12-12,184.39599609375,184.39599609375,187.43499755859375,184.1649932861328,186.3249969482422,35780
2014-12-15,186.62899780273438,186.62899780273438,186.99000549316406,181.00999450683594,182.89999389648438,22120
2014-12-16,180.8070068359375,180.8070068359375,186.5050048828125,180.1999969482422,186.0,53540
2014-12-17,180.86700439453125,180.86700439453125,182.88999938964844,177.1300048828125,181.0,28170
2014-12-18,185.322998046875,185.322998046875,185.7449951171875,181.0,181.0,27190
2014-12-19,186.1959991455078,186.1959991455078,187.4949951171875,185.80499267578125,186.47500610351562,15580
2014-12-22,188.73800659179688,188.73800659179688,189.5,186.21499633789062,187.08999633789062,53650
2014-12-23,187.96600341796875,187.96600341796875,190.8350067138672,187.5,189.07000732421875,22990
2014-12-24,189.01699829101562,189.01699829101562,190.0,187.5,187.5800018310547,38530
2014-12-26,187.7729949951172,187.7729949951172,189.8800048828125,187.0,189.69900512695312,16300
2014-12-29,187.54200744628906,187.54200744628906,189.6999969482422,186.9199981689453,188.6999969482422,13720
2014-12-30,188.86599731445312,188.86599731445312,189.44000244140625,186.60499572753906,187.1999969482422,10490
2014-12-31,189.8459930419922,189.8459930419922,189.97999572753906,188.80499267578125,189.38999938964844,8720
2015-01-01,189.5659942626953,189.5659942626953,190.0,189.0,189.97999572753906,34500
2015-01-02,192.5030059814453,192.5030059814453,193.23500061035156,187.6699981689453,187.6699981689453,45880
2015-01-05,192.26400756835938,192.26400756835938,196.9980010986328,191.6999969482422,192.5,33950
2015-01-06,186.3070068359375,186.3070068359375,191.0,185.5050048828125,191.0,73520
2015-01-07,184.75900268554688,184.75900268554688,188.0,184.10000610351562,187.0,34490
2015-01-08,188.34500122070312,188.34500122070312,188.8000030517578,186.5,186.5,36920
2015-01-09,187.46299743652344,187.46299743652344,194.0,186.8000030517578,190.5,26630
2015-01-12,189.43899536132812,189.43899536132812,194.89999389648438,187.0500030517578,194.89999389648438,18040
2015-01-13,188.11300659179688,188.11300659179688,190.8000030517578,187.0050048828125,188.10000610351562,27580
2015-01-14,187.51199340820312,187.51199340820312,189.2989959716797,186.5500030517578,188.39999389648438,24000
2015-01-15,194.0229949951172,194.0229949951172,197.2449951171875,190.00999450683594,197.0,50900
2015-01-16,193.61300659179688,193.61300659179688,194.93899536132812,190.8000030517578,190.8000030517578,8620
2015-01-19,195.406005859375,195.406005859375,196.0,193.24000549316406,193.2449951171875,15950
2015-01-20,198.41900634765625,198.41900634765625,199.2449951171875,195.39999389648438,195.39999389648438,26530
2015-01-21,200.7550048828125,200.7550048828125,201.1999969482422,198.0,198.0050048828125,18360
2015-01-22,200.58200073242188,200.58200073242188,201.0800018310547,199.1999969482422,201.0,14120
2015-01-23,202.25599670410156,202.25599670410156,203.0,201.5,201.5,19350
2015-01-27,206.46800231933594,206.46800231933594,206.99000549316406,201.21499633789062,202.5,50360
2015-01-28,206.197998046875,206.197998046875,209.88499450683594,205.40499877929688,206.36000061035156,33590
2015-01-29,206.2779998779297,206.2779998779297,206.5050048828125,204.60000610351562,206.0,48400
2015-01-30,200.9250030517578,200.9250030517578,207.86900329589844,199.5,206.1999969482422,48610
2015-02-02,202.99099731445312,202.99099731445312,206.36000061035156,198.32000732421875,200.10000610351562,61630
2015-02-03,196.177001953125,196.177001953125,206.3990020751953,195.10000610351562,204.09500122070312,58200
2015-02-04,194.0570068359375,194.0570068359375,196.19500732421875,193.25999450683594,196.17999267578125,41380
2015-02-05,192.61900329589844,192.61900329589844,196.69000244140625,191.60000610351562,194.17999267578125,69980
2015-02-06,190.11599731445312,190.11599731445312,192.99000549316406,189.5,192.60000610351562,41980
2015-02-09,186.42100524902344,186.42100524902344,190.0,186.11000061035156,190.0,34230
2015-02-10,189.572998046875,189.572998046875,191.5,185.0,185.0,1299710
2015-02-11,191.38499450683594,191.38499450683594,193.5,190.10000610351562,190.5,60280
2015-02-12,193.47900390625,193.47900390625,194.35000610351562,189.4949951171875,191.4550018310547,44660
2015-02-13,196.12399291992188,196.12399291992188,196.93499755859375,193.2050018310547,193.2050018310547,32950
2015-02-16,194.75,194.75,197.78500366210938,193.66000366210938,196.0,27970
2015-02-18,195.33900451660156,195.33900451660156,196.02499389648438,193.0,195.0,57860
2015-02-19,192.42599487304688,192.42599487304688,196.2449951171875,189.6999969482422,195.0,220790
2015-02-20,191.9600067138672,191.9600067138672,193.98500061035156,190.10499572753906,192.0,1642070
2015-02-23,190.3280029296875,190.3280029296875,192.6999969482422,189.0,192.05499267578125,5040130
2015-02-24,189.87899780273438,189.87899780273438,190.6999969482422,187.66600036621094,189.0,5051200
2015-02-25,188.20700073242188,188.20700073242188,191.4949951171875,187.60000610351562,191.1999969482422,740370
2015-02-26,186.38499450683594,186.38499450683594,188.5,186.0,188.5,5041640
2015-02-27,191.3520050048828,191.3520050048828,192.0,187.5050048828125,188.0,645320
2015-02-28,197.158935546875,197.158935546875,197.158935546875,197.158935546875,197.158935546875,0
2015-03-02,200.50900268554688,200.50900268554688,201.0,197.89999389648438,199.5850067138672,79610
2015-03-03,199.94900512695312,199.94900512695312,200.4949951171875,198.30999755859375,200.0,31480
2015-03-04,196.50799560546875,196.50799560546875,207.0050048828125,195.6699981689453,204.0,82100
2015-03-05,197.9810028076172,197.9810028076172,199.7689971923828,194.50100708007812,196.89999389648438,50340
2015-03-09,192.1529998779297,192.1529998779297,197.6999969482422,191.5030059814453,197.6999969482422,55460
2015-03-10,190.76199340820312,190.76199340820312,193.3990020751953,189.64500427246094,192.0,1243370
2015-03-11,191.11599731445312,191.11599731445312,192.88499450683594,189.8000030517578,191.5,19970
2015-03-12,192.09100341796875,192.09100341796875,193.0,191.5,191.5,11170
2015-03-13,188.48800659179688,188.48800659179688,193.8000030517578,187.27000427246094,192.84500122070312,45520
2015-03-16,189.19400024414062,189.19400024414062,189.8990020751953,187.5,189.8990020751953,29500
2015-03-17,191.5279998779297,191.5279998779297,199.39999389648438,187.90499877929688,192.0,4301570
2015-03-18,191.55599975585938,191.55599975585938,192.99899291992188,190.2050018310547,190.6009979248047,18420
2015-03-19,189.16700744628906,189.16700744628906,193.8990020751953,187.10000610351562,193.5,2020750
2015-03-20,186.91700744628906,186.91700744628906,188.99899291992188,185.8000030517578,187.10000610351562,29700
2015-03-23,184.63699340820312,184.63699340820312,188.13999938964844,184.10000610351562,188.13999938964844,1248140
2015-03-24,184.0570068359375,184.0570068359375,187.3699951171875,181.97999572753906,183.88999938964844,27390
2015-03-25,183.78599548339844,183.78599548339844,184.8000030517578,181.97999572753906,183.88999938964844,80190
2015-03-26,180.18600463867188,180.18600463867188,183.0,179.29800415039062,183.0,1933810
2015-03-27,181.02499389648438,181.02499389648438,182.02499389648438,177.6999969482422,182.0050048828125,1565590
2015-03-30,183.20700073242188,183.20700073242188,184.0,180.50100708007812,181.50100708007812,23420
2015-03-31,181.34500122070312,181.34500122070312,184.97900390625,181.1999969482422,184.0,33720
2015-04-01,185.97799682617188,185.97799682617188,186.3000030517578,180.6999969482422,181.34500122070312,190710
2015-04-06,185.7050018310547,185.7050018310547,186.39999389648438,184.00100708007812,185.0,42070
2015-04-07,184.62399291992188,184.62399291992188,186.6999969482422,183.5,186.6999969482422,64390
2015-04-08,184.06500244140625,184.06500244140625,185.5,183.00999450683594,184.44000244140625,21390
2015-04-09,188.23199462890625,188.23199462890625,188.63900756835938,183.9949951171875,185.0,72320
2015-04-10,187.96400451660156,187.96400451660156,188.89999389648438,186.97500610351562,188.1999969482422,4944670
2015-04-13,188.1020050048828,188.1020050048828,189.2949981689453,187.0970001220703,187.5,48710
2015-04-15,187.25399780273438,187.25399780273438,190.55999755859375,186.03500366210938,187.10000610351562,49770
2015-04-16,187.30499267578125,187.30499267578125,187.30999755859375,184.6649932861328,187.25,2527580
2015-04-17,183.7519989013672,183.7519989013672,187.3000030517578,183.1999969482422,187.3000030517578,20310
2015-04-20,181.21400451660156,181.21400451660156,185.3000030517578,180.5,183.8000030517578,26970
2015-04-21,181.47000122070312,181.47000122070312,184.33999633789062,180.2010040283203,181.99000549316406,43210
2015-04-22,182.5189971923828,182.5189971923828,183.40499877929688,178.6999969482422,181.60000610351562,26790
2015-04-23,182.2760009765625,182.2760009765625,186.39999389648438,181.50100708007812,185.8000030517578,24950
2015-04-24,180.16700744628906,180.16700744628906,182.3000030517578,179.5,182.3000030517578,7681060
2015-04-27,177.6699981689453,177.6699981689453,181.89999389648438,177.41000366210938,181.89999389648438,72370
2015-04-28,182.3769989013672,182.3769989013672,182.89999389648438,178.11500549316406,179.8800048828125,41510
2015-04-29,182.71600341796875,182.71600341796875,184.0,181.5050048828125,181.5050048828125,23010
2015-04-30,184.13800048828125,184.13800048828125,184.49000549316406,181.6999969482422,182.60499572753906,48410
2015-05-04,185.1540069580078,185.1540069580078,186.82000732421875,183.4600067138672,184.9949951171875,58990
2015-05-05,184.49400329589844,184.49400329589844,185.8000030517578,183.88099670410156,184.80999755859375,285270
2015-05-06,178.6479949951172,178.6479949951172,184.5,177.25999450683594,184.5,912910
2015-05-07,173.76499938964844,173.76499938964844,179.99000549316406,172.8000030517578,179.0,75770
2015-05-08,177.0709991455078,177.0709991455078,178.79800415039062,175.08999633789062,175.08999633789062,1101010
2015-05-11,181.4530029296875,181.4530029296875,181.94500732421875,177.5,178.99899291992188,1145860
2015-05-12,176.33200073242188,176.33200073242188,181.89999389648438,175.5,181.89999389648438,50700
2015-05-13,180.86599731445312,180.86599731445312,186.35000610351562,176.6649932861328,177.5,77490
2015-05-14,180.906005859375,180.906005859375,181.47500610351562,178.3000030517578,178.3000030517578,28780
2015-05-15,181.95899963378906,181.95899963378906,182.82000732421875,179.25999450683594,181.85000610351562,1638480
2015-05-18,183.82899475097656,183.82899475097656,184.19500732421875,180.10000610351562,183.9949951171875,9440
2015-05-19,183.47799682617188,183.47799682617188,185.0,182.6999969482422,183.0449981689453,90150
2015-05-20,185.0189971923828,185.0189971923828,185.7989959716797,182.5,183.83999633789062,17080
2015-05-21,185.09300231933594,185.09300231933594,185.5,183.5,185.49899291992188,17860
2015-05-22,183.7480010986328,183.7480010986328,187.0,182.8000030517578,184.99899291992188,24550
2015-05-25,183.2310028076172,183.2310028076172,184.6999969482422,182.80999755859375,182.9199981689453,11090
2015-05-26,183.0749969482422,183.0749969482422,183.84800720214844,181.89999389648438,183.49400329589844,12510
2015-05-27,185.052001953125,185.052001953125,185.6999969482422,182.10000610351562,182.8000030517578,12050
2015-05-28,185.75599670410156,185.75599670410156,187.63400268554688,184.08999633789062,184.08999633789062,10310
2015-05-29,187.18600463867188,187.18600463867188,187.78500366210938,185.81500244140625,186.47900390625,42060
2015-06-01,186.1739959716797,186.1739959716797,188.89999389648438,186.0,187.18499755859375,19120
2015-06-02,180.7570037841797,180.7570037841797,200.0,180.1999969482422,188.6999969482422,52790
2015-06-03,177.51800537109375,177.51800537109375,181.0,176.0,181.0,1664270
2015-06-04,177.44900512695312,177.44900512695312,178.7899932861328,175.19500732421875,177.52499389648438,43220
2015-06-05,175.54200744628906,175.54200744628906,179.0,175.10000610351562,178.5,19860
2015-06-08,174.8470001220703,174.8470001220703,176.49899291992188,174.0,176.49899291992188,23840
2015-06-09,176.5489959716797,176.5489959716797,177.35299682617188,174.39999389648438,174.89999389648438,5298520
2015-06-10,178.8979949951172,178.8979949951172,179.3000030517578,177.50999450683594,178.0,11070
2015-06-11,174.71600341796875,174.71600341796875,179.5,174.0,178.25,24040
2015-06-12,175.91299438476562,175.91299438476562,176.36900329589844,172.8249969482422,175.0,34080
2015-06-15,175.2989959716797,175.2989959716797,176.4199981689453,174.60000610351562,174.8000030517578,10330
2015-06-16,176.96099853515625,176.96099853515625,178.0,174.5,175.8000030517578,15270
2015-06-17,177.05999755859375,177.05999755859375,177.9499969482422,176.8000030517578,177.89999389648438,11740
2015-06-18,178.50900268554688,178.50900268554688,178.8990020751953,176.5,176.5,8360
2015-06-19,179.64500427246094,179.64500427246094,180.02000427246094,178.125,178.5,8890
2015-06-22,183.8300018310547,183.8300018310547,184.69500732421875,180.10000610351562,180.60000610351562,33890
2015-06-23,184.44700622558594,184.44700622558594,185.61000061035156,182.10000610351562,184.60000610351562,21340
2015-06-24,184.56300354003906,184.56300354003906,185.6999969482422,183.5,185.39999389648438,136370
2015-06-25,185.29100036621094,185.29100036621094,185.67999267578125,183.5,183.8990020751953,17800
2015-06-26,184.781005859375,184.781005859375,185.25,183.0,185.0,506300
2015-06-29,182.68499755859375,182.68499755859375,183.5,178.56500244140625,183.5,41640
2015-06-30,184.33299255371094,184.33299255371094,184.8000030517578,176.3699951171875,180.02499389648438,14830
2015-07-01,186.23899841308594,186.23899841308594,187.49000549316406,184.3000030517578,184.39999389648438,87850
2015-07-02,187.1739959716797,187.1739959716797,188.0500030517578,185.5,185.5,4970
2015-07-03,187.9530029296875,187.9530029296875,188.55999755859375,186.64999389648438,187.0989990234375,18980
2015-07-06,190.19700622558594,190.19700622558594,191.1999969482422,182.80999755859375,183.82000732421875,26150
2015-07-07,189.42999267578125,189.42999267578125,191.60000610351562,189.0,190.8990020751953,63490
2015-07-08,186.73800659179688,186.73800659179688,189.0,185.3000030517578,188.5,62990
2015-07-09,186.8280029296875,186.8280029296875,187.89999389648438,185.26499938964844,187.89999389648438,7850
2015-07-10,188.531005859375,188.531005859375,189.0,186.7100067138672,187.89999389648438,7620
2015-07-13,190.79100036621094,190.79100036621094,191.27000427246094,188.80099487304688,189.5,35150
2015-07-14,190.33999633789062,190.33999633789062,192.0,189.60000610351562,189.60000610351562,25780
2015-07-15,190.3990020751953,190.3990020751953,191.4010009765625,190.0989990234375,190.6999969482422,4660
2015-07-16,194.3209991455078,194.3209991455078,194.72999572753906,190.50100708007812,190.89999389648438,50280
2015-07-17,193.49000549316406,193.49000549316406,194.0,191.6009979248047,191.6009979248047,16440
2015-07-20,192.04600524902344,192.04600524902344,193.5,190.0800018310547,193.2010040283203,2294770
2015-07-21,189.10000610351562,189.10000610351562,192.60000610351562,188.9499969482422,192.60000610351562,14280
2015-07-22,191.66299438476562,191.66299438476562,192.3000030517578,187.60000610351562,189.6999969482422,1512050
2015-07-23,190.27099609375,190.27099609375,193.61000061035156,189.80499267578125,192.5,387860
2015-07-24,187.802001953125,187.802001953125,193.88999938964844,187.1999969482422,190.1999969482422,13100
2015-07-27,184.375,184.375,187.0449981689453,183.8000030517578,186.39999389648438,728120
2015-07-28,184.60299682617188,184.60299682617188,185.60000610351562,184.0,184.39999389648438,41000
2015-07-29,185.01499938964844,185.01499938964844,185.75,184.60000610351562,185.6999969482422,5840
2015-07-30,185.98699951171875,185.98699951171875,186.99000549316406,185.0,185.59800720214844,4790
2015-07-31,189.6790008544922,189.6790008544922,189.89999389648438,184.8000030517578,184.8000030517578,43290
2015-08-03,190.55999755859375,190.55999755859375,191.2949981689453,189.5,189.5,22430
2015-08-04,191.23300170898438,191.23300170898438,191.6999969482422,189.01400756835938,191.0,17650
2015-08-05,190.5050048828125,190.5050048828125,192.39999389648438,190.0,191.99899291992188,12110
2015-08-06,191.60699462890625,191.60699462890625,192.10000610351562,190.0,191.25900268554688,14640
2015-08-07,190.30099487304688,190.30099487304688,191.7989959716797,189.60000610351562,191.7989959716797,167840
2015-08-10,190.6219940185547,190.6219940185547,192.5,189.02499389648438,189.02499389648438,12560
2015-08-11,187.80599975585938,187.80599975585938,191.5,187.39999389648438,191.5,15680
2015-08-12,182.01199340820312,182.01199340820312,187.22999572753906,181.73500061035156,187.22999572753906,72220
2015-08-13,182.9429931640625,182.9429931640625,185.0,182.1230010986328,184.0,137850
2015-08-14,188.86900329589844,188.86900329589844,189.72999572753906,183.5,184.8000030517578,97840
2015-08-17,189.40499877929688,189.40499877929688,190.01499938964844,186.5,189.72999572753906,26040
2015-08-18,189.08200073242188,189.08200073242188,190.2790069580078,187.83999633789062,189.5,8270
2015-08-19,188.1540069580078,188.1540069580078,189.58900451660156,187.60000610351562,188.99400329589844,75520
2015-08-20,184.5800018310547,184.5800018310547,188.5,183.6999969482422,188.10000610351562,32870
2015-08-21,182.32200622558594,182.32200622558594,184.0,180.17999267578125,184.0,34180
2015-08-24,170.04100036621094,170.04100036621094,180.0,168.6999969482422,180.0,206510
2015-08-25,173.46400451660156,173.46400451660156,175.0,169.0,170.89999389648438,117550
2015-08-26,171.61000061035156,171.61000061035156,173.3000030517578,169.97500610351562,172.1999969482422,30940
2015-08-27,173.75399780273438,173.75399780273438,174.5,172.00100708007812,173.5,31970
2015-08-28,174.1439971923828,174.1439971923828,177.5,172.85000610351562,177.5,62600
2015-08-31,173.45199584960938,173.45199584960938,175.0,154.7100067138672,171.10000610351562,97920
2015-09-01,167.6999969482422,167.6999969482422,170.89999389648438,166.66000366210938,170.0,85910
2015-09-02,164.85299682617188,164.85299682617188,170.9499969482422,164.1999969482422,167.6999969482422,72290
2015-09-03,167.34800720214844,167.34800720214844,170.89999389648438,165.6009979248047,167.5,51410
2015-09-04,163.81399536132812,163.81399536132812,165.99000549316406,161.5,165.99000549316406,415340
2015-09-07,160.04400634765625,160.04400634765625,165.92999267578125,159.30099487304688,165.92999267578125,416780
2015-09-08,165.3719940185547,165.3719940185547,166.3000030517578,161.0,161.80099487304688,618590
2015-09-09,167.13699340820312,167.13699340820312,168.6999969482422,165.8000030517578,168.42999267578125,86790
2015-09-10,167.6439971923828,167.6439971923828,168.5,161.11000061035156,166.89999389648438,123410
2015-09-11,167.35400390625,167.35400390625,169.66000366210938,166.625,168.0,25630
2015-09-14,170.18899536132812,170.18899536132812,170.8000030517578,167.0,168.99899291992188,24480
2015-09-15,169.26699829101562,169.26699829101562,170.6490020751953,168.50100708007812,169.85000610351562,25700
2015-09-16,171.00999450683594,171.00999450683594,171.68499755859375,169.47000122070312,169.99899291992188,14120
2015-09-18,175.32000732421875,175.32000732421875,177.30999755859375,165.02999877929688,167.52999877929688,84260
2015-09-21,176.80499267578125,176.80499267578125,176.9499969482422,172.0,174.5,29730
2015-09-22,170.8000030517578,170.8000030517578,178.0,170.8000030517578,177.1999969482422,46980
2015-09-23,174.2480010986328,174.2480010986328,174.64999389648438,168.2030029296875,170.89999389648438,32840
2015-09-24,174.0189971923828,174.0189971923828,174.24000549316406,172.60000610351562,172.6999969482422,16060
2015-09-28,172.8159942626953,172.8159942626953,175.47000122070312,172.10499572753906,175.0,30250
2015-09-29,174.21099853515625,174.21099853515625,176.10000610351562,168.3000030517578,170.50999450683594,158440
2015-09-30,173.7220001220703,173.7220001220703,191.97000122070312,172.89999389648438,177.0,51630
2015-10-01,172.91799926757812,172.91799926757812,175.39999389648438,172.7259979248047,175.39999389648438,24030
2015-10-05,177.8459930419922,177.8459930419922,178.0,174.63499450683594,174.63499450683594,78910
2015-10-06,177.48500061035156,177.48500061035156,178.58900451660156,176.48800659179688,178.42999267578125,54300
2015-10-07,177.47000122070312,177.47000122070312,177.97999572753906,175.96200561523438,176.47000122070312,16470
2015-10-08,176.0749969482422,176.0749969482422,177.1999969482422,175.39999389648438,177.1999969482422,31850
2015-10-09,177.50599670410156,177.50599670410156,179.02499389648438,176.5,177.5,1042200
2015-10-12,176.91600036621094,176.91600036621094,178.64999389648438,176.5659942626953,178.0,15910
2015-10-13,177.01499938964844,177.01499938964844,177.75999450683594,176.0,177.75399780273438,24290
2015-10-14,176.67999267578125,176.67999267578125,177.35000610351562,176.23899841308594,176.99899291992188,25860
2015-10-15,178.0850067138672,178.0850067138672,178.8000030517578,177.0,177.0,27930
2015-10-16,181.01400756835938,181.01400756835938,181.33999633789062,177.3000030517578,177.5,60120
2015-10-19,179.86399841308594,179.86399841308594,185.0,179.60699462890625,182.0,18900
2015-10-20,179.7209930419922,179.7209930419922,180.6699981689453,178.85499572753906,180.0,9100
2015-10-21,178.13600158691406,178.13600158691406,180.39999389648438,176.75,180.218994140625,18660
2015-10-23,180.1479949951172,180.1479949951172,181.10000610351562,179.3509979248047,179.60000610351562,56860
2015-10-26,179.3780059814453,179.3780059814453,180.8990020751953,179.031005859375,180.8990020751953,29960
2015-10-27,179.64300537109375,179.64300537109375,179.802001953125,178.3000030517578,179.00900268554688,6060
2015-10-28,175.4550018310547,175.4550018310547,179.0,174.72000122070312,178.3000030517578,38270
2015-10-29,174.22500610351562,174.22500610351562,175.5050048828125,173.58999633789062,175.5050048828125,39050
2015-10-30,174.66000366210938,174.66000366210938,175.85000610351562,173.2480010986328,174.0500030517578,26400
2015-11-02,174.41299438476562,174.41299438476562,175.32000732421875,173.10000610351562,174.85000610351562,28200
2015-11-03,174.49099731445312,174.49099731445312,176.0,173.8000030517578,176.0,60260
2015-11-04,173.48699951171875,173.48699951171875,176.18699645996094,169.25999450683594,172.52999877929688,25010
2015-11-05,171.31700134277344,171.31700134277344,173.37399291992188,171.0,173.0,46460
2015-11-06,172.38800048828125,172.38800048828125,172.64999389648438,171.0019989013672,171.218994140625,19830
2015-11-09,171.71499633789062,171.71499633789062,172.25,168.0,170.10000610351562,62790
2015-11-10,169.77099609375,169.77099609375,171.60000610351562,169.35000610351562,171.00999450683594,29250
2015-11-13,170.18099975585938,170.18099975585938,171.0,157.39500427246094,157.39500427246094,16600
2015-11-16,172.89199829101562,172.89199829101562,173.5,170.74000549316406,170.8939971923828,701540
2015-11-17,172.44500732421875,172.44500732421875,173.93299865722656,171.71099853515625,173.49000549316406,81680
2015-11-18,169.0449981689453,169.0449981689453,172.91600036621094,168.8249969482422,172.0,50130
2015-11-19,171.69200134277344,171.69200134277344,171.98399353027344,168.39999389648438,168.39999389648438,27250
2015-11-20,171.55599975585938,171.55599975585938,173.83999633789062,170.41600036621094,171.67599487304688,114480
2015-11-23,171.53599548339844,171.53599548339844,172.31399536132812,170.88499450683594,171.91400146484375,23420
2015-11-24,170.6439971923828,170.6439971923828,172.0,170.60000610351562,171.62600708007812,2544870
2015-11-26,171.82000732421875,171.82000732421875,172.69500732421875,170.8520050048828,171.0,24080
2015-11-27,174.5679931640625,174.5679931640625,174.89999389648438,172.3419952392578,172.3419952392578,49360
2015-11-30,175.2469940185547,175.2469940185547,175.7899932861328,174.52999877929688,174.52999877929688,43940
2015-12-01,175.02099609375,175.02099609375,176.10000610351562,174.55499267578125,175.35499572753906,69450
2015-12-02,173.4340057373047,173.4340057373047,175.6999969482422,173.0,175.6999969482422,17930
2015-12-03,172.4669952392578,172.4669952392578,173.5,172.1999969482422,173.29400634765625,5370
2015-12-04,169.68499755859375,169.68499755859375,171.572998046875,169.67999267578125,171.572998046875,6018040
2015-12-07,170.7830047607422,170.7830047607422,171.5,170.1999969482422,171.5,8210
2015-12-08,169.01400756835938,169.01400756835938,170.9600067138672,168.85000610351562,170.75,34800
2015-12-09,167.83999633789062,167.83999633789062,170.25900268554688,167.42999267578125,169.73399353027344,17850
2015-12-10,167.86000061035156,167.86000061035156,168.95399475097656,167.08799743652344,168.7480010986328,55350
2015-12-11,164.56900024414062,164.56900024414062,168.6490020751953,163.52499389648438,168.6490020751953,64700
2015-12-14,164.74899291992188,164.74899291992188,165.6999969482422,163.6999969482422,164.09300231933594,86990
2015-12-15,165.6820068359375,165.6820068359375,166.0,162.5,164.85000610351562,60150
2015-12-16,166.62600708007812,166.62600708007812,191.97000122070312,165.00100708007812,191.97000122070312,44810
2015-12-17,168.27099609375,168.27099609375,168.66000366210938,166.50999450683594,168.0,151030
2015-12-18,167.19200134277344,167.19200134277344,168.39999389648438,166.9149932861328,168.39999389648438,23220
2015-12-21,168.84500122070312,168.84500122070312,169.25,167.60000610351562,167.7310028076172,21040
2015-12-22,168.0959930419922,168.0959930419922,170.08200073242188,165.4810028076172,165.4810028076172,64280
2015-12-23,169.11900329589844,169.11900329589844,169.82000732421875,169.06500244140625,169.24600219726562,8960
2015-12-24,169.61199951171875,169.61199951171875,170.92999267578125,168.4010009765625,170.92999267578125,9330
2015-12-28,170.43299865722656,170.43299865722656,170.9499969482422,169.42100524902344,169.5,4092770
2015-12-29,170.58099365234375,170.58099365234375,171.5,169.8699951171875,170.5,8134260
2015-12-30,169.8719940185547,169.8719940185547,175.5,169.8000030517578,173.99000549316406,129170
2015-12-31,170.25999450683594,170.25999450683594,170.8699951171875,170.0,170.3000030517578,6750
2016-01-01,171.3470001220703,171.3470001220703,171.8000030517578,169.25999450683594,170.1999969482422,75270
2016-01-04,167.2949981689453,167.2949981689453,170.39999389648438,167.01499938964844,170.35000610351562,67670
2016-01-05,166.81399536132812,166.81399536132812,167.75,166.25100708007812,167.5,35430
2016-01-06,165.12399291992188,165.12399291992188,167.1999969482422,165.10000610351562,166.8000030517578,94420
2016-01-07,161.97999572753906,161.97999572753906,165.0,161.60000610351562,165.0,1622460
2016-01-08,162.26800537109375,162.26800537109375,163.89999389648438,162.1999969482422,163.88900756835938,172750
2016-01-11,161.52099609375,161.52099609375,162.67999267578125,159.8000030517578,161.0,38460
2016-01-12,159.21800231933594,159.21800231933594,161.54200744628906,158.55999755859375,160.91600036621094,55860
2016-01-13,160.38099670410156,160.38099670410156,160.65499877929688,157.10000610351562,160.0,56190
2016-01-14,157.13099670410156,157.13099670410156,159.5,156.13499450683594,158.00399780273438,67970
2016-01-15,154.15699768066406,154.15699768066406,157.97000122070312,153.4600067138672,156.2760009765625,109250
2016-01-18,151.61399841308594,151.61399841308594,154.58999633789062,151.07000732421875,153.9219970703125,119690
2016-01-19,153.56399536132812,153.56399536132812,154.5,152.3000030517578,153.24400329589844,31460
2016-01-20,150.22500610351562,150.22500610351562,152.42999267578125,148.50999450683594,152.42999267578125,100040
2016-01-21,151.65499877929688,151.65499877929688,154.60000610351562,150.125,152.10000610351562,343790
2016-01-22,156.0279998779297,156.0279998779297,157.07899475097656,153.36900329589844,153.93600463867188,274190
2016-01-25,156.2779998779297,156.2779998779297,157.61500549316406,155.64599609375,157.0,84730
2016-01-27,156.18699645996094,156.18699645996094,157.1999969482422,155.2729949951172,155.60000610351562,28190
2016-01-28,155.4290008544922,155.4290008544922,156.49899291992188,155.1009979248047,156.39500427246094,17430
2016-01-29,156.16299438476562,156.16299438476562,156.39999389648438,152.6999969482422,155.0,30620
2016-02-01,154.68499755859375,154.68499755859375,156.82000732421875,154.1699981689453,156.06199645996094,40780
2016-02-02,152.22000122070312,152.22000122070312,155.6999969482422,151.72799682617188,154.8090057373047,54050
2016-02-03,149.54299926757812,149.54299926757812,150.77099609375,149.0,150.3300018310547,58250
2016-02-04,150.00900268554688,150.00900268554688,151.2790069580078,149.0,150.63999938964844,26640
2016-02-05,152.76300048828125,152.76300048828125,153.39999389648438,150.0970001220703,150.0970001220703,30690
2016-02-08,151.45599365234375,151.45599365234375,154.63999938964844,150.6999969482422,152.6999969482422,47620
2016-02-09,149.98399353027344,149.98399353027344,150.96499633789062,148.5330047607422,149.92999267578125,19320
2016-02-10,147.11700439453125,147.11700439453125,149.14999389648438,145.60000610351562,149.0,449610
2016-02-11,141.36399841308594,141.36399841308594,146.31300354003906,140.8000030517578,146.1199951171875,171380
2016-02-12,141.3470001220703,141.3470001220703,144.83999633789062,139.3000030517578,141.91099548339844,63390
2016-02-15,145.7949981689453,145.7949981689453,146.58999633789062,142.35000610351562,143.2050018310547,38940
2016-02-16,142.50100708007812,142.50100708007812,145.8000030517578,142.20700073242188,145.8000030517578,188830
2016-02-17,142.76199340820312,142.76199340820312,143.53500366210938,139.8000030517578,141.6999969482422,71260
2016-02-18,143.97900390625,143.97900390625,144.5,142.5679931640625,143.77000427246094,14530
2016-02-19,144.38499450683594,144.38499450683594,144.97500610351562,143.10000610351562,143.57000732421875,18340
2016-02-22,144.5970001220703,144.5970001220703,145.38499450683594,144.24000549316406,145.0,19000
2016-02-23,141.2519989013672,141.2519989013672,144.38800048828125,140.9199981689453,144.38800048828125,15700
2016-02-24,139.25599670410156,139.25599670410156,140.63800048828125,139.0050048828125,140.63800048828125,19660
2016-02-25,136.99099731445312,136.99099731445312,140.10000610351562,136.51100158691406,139.84500122070312,57160
2016-02-26,139.60800170898438,139.60800170898438,140.1909942626953,137.06500244140625,138.0,32440
2016-02-29,140.80499267578125,140.80499267578125,143.0,135.4949951171875,140.5850067138672,71260
2016-03-01,145.1929931640625,145.1929931640625,145.60000610351562,141.88099670410156,142.32000732421875,45790
2016-03-02,151.9219970703125,151.9219970703125,152.5,146.6999969482422,146.6999969482422,86090
2016-03-03,152.718994140625,152.718994140625,153.3699951171875,151.16299438476562,151.2480010986328,87650
2016-03-04,154.8179931640625,154.8179931640625,155.94000244140625,151.0,151.58700561523438,37430
2016-03-08,152.6790008544922,152.6790008544922,154.39999389648438,151.7790069580078,153.6909942626953,16440
2016-03-09,154.46400451660156,154.46400451660156,154.67999267578125,151.1999969482422,152.0,19290
2016-03-10,153.5749969482422,153.5749969482422,154.8000030517578,152.5850067138672,154.3159942626953,27310
2016-03-11,152.94000244140625,152.94000244140625,154.60000610351562,151.5,153.0,26380
2016-03-14,154.2790069580078,154.2790069580078,155.3000030517578,153.7899932861328,155.0,24080
2016-03-15,154.6280059814453,154.6280059814453,154.97500610351562,153.843994140625,153.97500610351562,12080
2016-03-16,155.39199829101562,155.39199829101562,155.60000610351562,152.60000610351562,154.3419952392578,347950
2016-03-17,154.47000122070312,154.47000122070312,157.51600646972656,153.8000030517578,157.15699768066406,486380
2016-03-18,157.16600036621094,157.16600036621094,157.47999572753906,155.3000030517578,155.46800231933594,23060
2016-03-21,160.1230010986328,160.1230010986328,160.38999938964844,157.86000061035156,157.86000061035156,119760
2016-03-22,160.25100708007812,160.25100708007812,160.42999267578125,158.41000366210938,160.09800720214844,17210
2016-03-23,159.56700134277344,159.56700134277344,160.03199768066406,158.8489990234375,159.8000030517578,17550
2016-03-28,156.97999572753906,156.97999572753906,159.80799865722656,156.4010009765625,159.80799865722656,551700
2016-03-29,157.2480010986328,157.2480010986328,158.3990020751953,156.89999389648438,157.6439971923828,644870
2016-03-30,162.06900024414062,162.06900024414062,162.1999969482422,158.02999877929688,158.83999633789062,68960
2016-03-31,162.53599548339844,162.53599548339844,163.55999755859375,161.4550018310547,162.0,97420
2016-04-01,162.63600158691406,162.63600158691406,163.0,160.86000061035156,162.39999389648438,556370
2016-04-04,162.85299682617188,162.85299682617188,163.5,161.5,163.0,22340
2016-04-05,157.51400756835938,157.51400756835938,162.39999389648438,157.1999969482422,162.19900512695312,140600
2016-04-06,156.9709930419922,156.9709930419922,158.50999450683594,156.5,157.89999389648438,62920
2016-04-07,156.3419952392578,156.3419952392578,158.2790069580078,155.24000549316406,156.89999389648438,36630
2016-04-08,156.63900756835938,156.63900756835938,157.33900451660156,155.18600463867188,156.0,13720
2016-04-11,158.68899536132812,158.68899536132812,159.1999969482422,154.85000610351562,156.83999633789062,29620
2016-04-12,159.47300720214844,159.47300720214844,159.85000610351562,158.5,159.25999450683594,13650
2016-04-13,163.16200256347656,163.16200256347656,163.99000549316406,161.22799682617188,161.22799682617188,123800
2016-04-18,162.73599243164062,162.73599243164062,163.4530029296875,160.41000366210938,161.1699981689453,49130
2016-04-20,164.0050048828125,164.0050048828125,164.3000030517578,162.1999969482422,162.2899932861328,64540
2016-04-21,167.05999755859375,167.05999755859375,168.17999267578125,165.25,165.25,141660
2016-04-22,167.68600463867188,167.68600463867188,168.0,166.02499389648438,166.22999572753906,25260
2016-04-25,167.15199279785156,167.15199279785156,168.47000122070312,166.88999938964844,168.10000610351562,16800
2016-04-26,170.72999572753906,170.72999572753906,170.95899963378906,166.30999755859375,167.39999389648438,66300
2016-04-27,169.36300659179688,169.36300659179688,171.4199981689453,169.1750030517578,171.1999969482422,28240
2016-04-28,168.3260040283203,168.3260040283203,170.822998046875,168.0,169.77000427246094,64490
2016-04-29,168.54400634765625,168.54400634765625,169.89999389648438,166.0,166.7429962158203,40400
2016-05-02,166.4459991455078,166.4459991455078,168.0,165.96299743652344,167.88699340820312,385540
2016-05-03,164.68499755859375,164.68499755859375,167.97999572753906,164.19900512695312,166.5,766810
2016-05-04,163.48899841308594,163.48899841308594,165.3000030517578,163.18499755859375,164.0,23620
2016-05-05,163.81500244140625,163.81500244140625,164.60000610351562,162.89999389648438,163.74000549316406,30890
2016-05-06,163.56100463867188,163.56100463867188,164.0,162.6699981689453,163.66700744628906,94570
2016-05-09,167.7100067138672,167.7100067138672,167.97999572753906,164.3000030517578,164.89199829101562,93270
2016-05-10,169.02200317382812,169.02200317382812,169.4499969482422,166.85299682617188,166.85299682617188,4205860
2016-05-11,168.63099670410156,168.63099670410156,170.0,166.8990020751953,166.8990020751953,742860
2016-05-12,170.32000732421875,170.32000732421875,170.5,168.8000030517578,168.91000366210938,29020
2016-05-13,168.00100708007812,168.00100708007812,169.5590057373047,166.80099487304688,169.0,33850
2016-05-16,168.67799377441406,168.67799377441406,168.9550018310547,165.1999969482422,167.0,58910
2016-05-17,168.75799560546875,168.75799560546875,169.85000610351562,168.33299255371094,169.74899291992188,146610
2016-05-18,167.9770050048828,167.9770050048828,168.4499969482422,166.20799255371094,166.5659942626953,13100
2016-05-19,166.1280059814453,166.1280059814453,168.0,165.8000030517578,166.8350067138672,30400
2016-05-20,165.1479949951172,165.1479949951172,167.10000610351562,165.05999755859375,166.9550018310547,1851970
2016-05-23,164.6230010986328,164.6230010986328,166.39999389648438,164.3000030517578,165.4010009765625,46820
2016-05-24,165.16799926757812,165.16799926757812,165.64500427246094,164.26100158691406,164.5659942626953,757250
2016-05-25,170.28700256347656,170.28700256347656,170.97999572753906,166.8000030517578,166.80099487304688,202220
2016-05-26,173.9199981689453,173.9199981689453,174.8000030517578,169.66000366210938,170.6999969482422,98340
2016-05-27,175.5489959716797,175.5489959716797,176.0,173.9199981689453,174.14599609375,40540
2016-05-30,175.73899841308594,175.73899841308594,179.5,175.5,176.0,130340
2016-05-31,176.76499938964844,176.76499938964844,177.0,175.29100036621094,176.23199462890625,55650
2016-06-01,175.44000244140625,175.44000244140625,177.44200134277344,175.0,176.85000610351562,154880
2016-06-02,176.41000366210938,176.41000366210938,176.60000610351562,174.5,175.53500366210938,43590
2016-06-03,177.39199829101562,177.39199829101562,178.35000610351562,176.6510009765625,177.5,21600
2016-06-06,177.61900329589844,177.61900329589844,178.3090057373047,176.77099609375,177.3000030517578,17720
2016-06-07,180.2310028076172,180.2310028076172,180.82000732421875,177.93499755859375,178.64999389648438,43800
2016-06-08,180.59500122070312,180.59500122070312,184.89999389648438,179.2100067138672,179.9550018310547,112880
2016-06-09,179.87100219726562,179.87100219726562,180.58399963378906,179.0,180.5,20730
2016-06-10,179.28799438476562,179.28799438476562,181.34500122070312,179.0,179.55099487304688,17270
2016-06-13,177.1439971923828,177.1439971923828,178.91900634765625,176.8000030517578,178.91900634765625,14900
2016-06-14,178.38499450683594,178.38499450683594,181.0,176.3000030517578,181.0,8380
2016-06-15,179.85699462890625,179.85699462890625,180.14999389648438,177.8249969482422,178.5,15380
2016-06-16,178.86900329589844,178.86900329589844,179.5,177.9499969482422,179.0,11180
2016-06-17,178.35000610351562,178.35000610351562,180.0,170.50999450683594,171.7100067138672,28550
2016-06-20,179.02099609375,179.02099609375,179.6999969482422,176.1999969482422,177.0,24180
2016-06-21,178.10400390625,178.10400390625,178.8990020751953,177.5,178.64999389648438,30230
2016-06-22,177.89599609375,177.89599609375,178.89500427246094,177.01100158691406,178.0,13330
2016-06-23,180.34100341796875,180.34100341796875,180.6999969482422,177.47500610351562,178.0,330830
2016-06-24,176.2550048828125,176.2550048828125,176.5,171.89999389648438,176.24899291992188,249810
2016-06-27,176.79299926757812,176.79299926757812,177.64999389648438,176.0,176.0,38550
2016-06-28,177.18699645996094,177.18699645996094,178.22999572753906,176.77099609375,177.10000610351562,145840
2016-06-29,178.83599853515625,178.83599853515625,179.1999969482422,177.1999969482422,177.6999969482422,58350
2016-06-30,181.51400756835938,181.51400756835938,181.84500122070312,179.0,180.0,40470
2016-07-01,182.2830047607422,182.2830047607422,182.89999389648438,181.60000610351562,181.60000610351562,39390
2016-07-04,182.9980010986328,182.9980010986328,183.4600067138672,182.49099731445312,182.49099731445312,36190
2016-07-05,182.5489959716797,182.5489959716797,183.49200439453125,182.1999969482422,183.0,9160
2016-07-07,183.20199584960938,183.20199584960938,183.6750030517578,182.2480010986328,183.5,16320
2016-07-08,182.63999938964844,182.63999938964844,184.29400634765625,182.0500030517578,183.5,88330
2016-07-11,186.24099731445312,186.24099731445312,186.69000244140625,182.64999389648438,182.64999389648438,676310
2016-07-12,188.7429962158203,188.7429962158203,188.99000549316406,186.5989990234375,187.0,42100
2016-07-13,188.8800048828125,188.8800048828125,189.29200744628906,187.8000030517578,188.8000030517578,14360
2016-07-14,190.66299438476562,190.66299438476562,191.19000244140625,187.48399353027344,188.05099487304688,23320
2016-07-15,191.49600219726562,191.49600219726562,192.0,190.00100708007812,190.6009979248047,553690
2016-07-18,192.01199340820312,192.01199340820312,193.95899963378906,191.6999969482422,191.9949951171875,30680
2016-07-19,191.531005859375,191.531005859375,192.48899841308594,190.35499572753906,192.0,22840
2016-07-20,192.12100219726562,192.12100219726562,192.60000610351562,191.36500549316406,191.9980010986328,9110
2016-07-21,189.4459991455078,189.4459991455078,192.08399963378906,188.7480010986328,191.7220001220703,31310
2016-07-22,189.0970001220703,189.0970001220703,189.60000610351562,188.39999389648438,189.27000427246094,8110
2016-07-25,192.31500244140625,192.31500244140625,192.6999969482422,188.11000061035156,188.89999389648438,45060
2016-07-26,191.10800170898438,191.10800170898438,192.4499969482422,190.8000030517578,192.3489990234375,13240
2016-07-27,192.26199340820312,192.26199340820312,193.14999389648438,190.7899932861328,192.0,13820
2016-07-28,192.60499572753906,192.60499572753906,194.24000549316406,191.97500610351562,192.5,44130
2016-07-29,191.9149932861328,191.9149932861328,192.78900146484375,191.281005859375,191.7570037841797,9420
2016-08-01,190.74200439453125,190.74200439453125,193.10000610351562,189.0,192.8000030517578,45470
2016-08-02,190.03199768066406,190.03199768066406,191.5,189.69900512695312,191.49099731445312,537670
2016-08-03,189.0070037841797,189.0070037841797,190.13800048828125,188.31500244140625,189.72500610351562,13770
2016-08-04,188.447998046875,188.447998046875,189.20799255371094,186.80499267578125,188.8000030517578,18190
2016-08-05,191.60400390625,191.60400390625,192.0,190.02000427246094,190.09300231933594,20360
2016-08-08,191.9720001220703,191.9720001220703,192.10000610351562,191.36500549316406,191.93099975585938,18380
2016-08-09,191.43099975585938,191.43099975585938,192.1510009765625,190.3350067138672,191.6999969482422,10930
2016-08-10,189.71299743652344,189.71299743652344,192.73300170898438,188.8249969482422,191.77200317382812,7930
2016-08-11,189.01300048828125,189.01300048828125,189.57000732421875,187.48500061035156,188.42799377441406,20780
2016-08-12,191.4980010986328,191.4980010986328,191.86399841308594,189.0,189.14599609375,17610
2016-08-16,192.10899353027344,192.10899353027344,192.69900512695312,190.59500122070312,191.75,15510
2016-08-17,192.86900329589844,192.86900329589844,193.5,191.58399963378906,192.25,20620
2016-08-18,197.16700744628906,197.16700744628906,199.42999267578125,193.3350067138672,193.7989959716797,1899910
2016-08-19,196.96099853515625,196.96099853515625,197.2949981689453,196.0,197.0,9680
2016-08-22,195.72500610351562,195.72500610351562,197.5,194.93099975585938,197.02499389648438,13370
2016-08-23,195.69400024414062,195.69400024414062,196.34800720214844,194.8509979248047,196.0,7240
2016-08-24,195.5229949951172,195.5229949951172,196.38900756835938,195.0,196.1199951171875,6500
2016-08-25,195.41099548339844,195.41099548339844,196.7989959716797,190.5,192.5,6520
2016-08-26,194.36599731445312,194.36599731445312,196.19700622558594,193.5500030517578,195.2469940185547,5370
2016-08-29,194.28399658203125,194.28399658203125,194.85000610351562,193.5500030517578,194.85000610351562,4190
2016-08-30,197.41799926757812,197.41799926757812,197.52499389648438,195.3000030517578,195.3000030517578,16880
2016-08-31,199.7270050048828,199.7270050048828,200.4199981689453,198.0,198.0,51460
2016-09-01,199.9709930419922,199.9709930419922,207.72000122070312,199.61000061035156,203.72000122070312,73740
2016-09-02,201.4459991455078,201.4459991455078,201.64999389648438,199.6999969482422,199.94000244140625,23220
2016-09-06,206.40899658203125,206.40899658203125,206.9199981689453,201.5,201.5,510370
2016-09-07,206.86700439453125,206.86700439453125,208.73699951171875,206.2899932861328,207.0,48810
2016-09-08,206.86099243164062,206.86099243164062,207.375,206.0,207.08999633789062,1061740
2016-09-09,205.00399780273438,205.00399780273438,206.99000549316406,204.00100708007812,206.98899841308594,1534840
2016-09-12,200.7969970703125,200.7969970703125,202.7100067138672,199.4530029296875,202.7100067138672,46530
2016-09-14,201.65199279785156,201.65199279785156,202.35000610351562,200.66299438476562,201.4550018310547,13610
2016-09-15,201.18800354003906,201.18800354003906,209.72000122070312,200.06500244140625,205.69000244140625,35160
2016-09-16,201.7030029296875,201.7030029296875,204.875,200.3699951171875,202.75,49850
2016-09-19,202.0,202.0,202.4499969482422,201.13499450683594,201.6999969482422,4339300
2016-09-20,200.8560028076172,200.8560028076172,201.76100158691406,200.53799438476562,201.76100158691406,30030
2016-09-21,200.86900329589844,200.86900329589844,202.17999267578125,200.5,201.30999755859375,45590
2016-09-22,203.8260040283203,203.8260040283203,205.4770050048828,202.2010040283203,204.60000610351562,19240
2016-09-23,201.86399841308594,201.86399841308594,203.19400024414062,201.10000610351562,203.1699981689453,31640
2016-09-26,199.02200317382812,199.02200317382812,200.98500061035156,198.5,200.98500061035156,20930
2016-09-27,198.03599548339844,198.03599548339844,199.84500122070312,197.60499572753906,199.84500122070312,12040
2016-09-28,199.08700561523438,199.08700561523438,199.35000610351562,197.0500030517578,198.03599548339844,4490
2016-09-29,194.95199584960938,194.95199584960938,200.6790008544922,194.0,200.1490020751953,60940
2016-09-30,195.82000732421875,195.82000732421875,196.1280059814453,194.0,196.1280059814453,19270
2016-10-03,198.08999633789062,198.08999633789062,198.42999267578125,196.44000244140625,197.3990020751953,27690
2016-10-04,199.0469970703125,199.0469970703125,199.63999938964844,197.32000732421875,198.25,9760
2016-10-05,198.2830047607422,198.2830047607422,200.8280029296875,197.0,199.69400024414062,10360
2016-10-06,196.68800354003906,196.68800354003906,197.99899291992188,195.5749969482422,197.1510009765625,30870
2016-10-07,196.34300231933594,196.34300231933594,197.10899353027344,195.6750030517578,196.74099731445312,913470
2016-10-10,197.04200744628906,197.04200744628906,197.85000610351562,196.35000610351562,197.36900329589844,4290
2016-10-13,192.10899353027344,192.10899353027344,197.5,191.14999389648438,194.90899658203125,31160
2016-10-14,192.4029998779297,192.4029998779297,192.75,191.9040069580078,192.57000732421875,10820
2016-10-17,192.70700073242188,192.70700073242188,194.48500061035156,192.1999969482422,192.8000030517578,10460
2016-10-18,196.7169952392578,196.7169952392578,197.14500427246094,193.5030059814453,193.88499450683594,12860
2016-10-19,196.13699340820312,196.13699340820312,197.25,195.625,197.25,9700
2016-10-20,198.42799377441406,198.42799377441406,199.1999969482422,197.27000427246094,197.39999389648438,20210
2016-10-21,199.05799865722656,199.05799865722656,199.8000030517578,197.41799926757812,198.25999450683594,3970
2016-10-24,200.02999877929688,200.02999877929688,201.0,199.53500366210938,199.8990020751953,11970
2016-10-25,200.35400390625,200.35400390625,200.77999877929688,199.22500610351562,200.77999877929688,1460
2016-10-26,197.44500732421875,197.44500732421875,199.27999877929688,196.75,198.60000610351562,17810
2016-10-27,197.5760040283203,197.5760040283203,197.89999389648438,195.5,197.10000610351562,15250
2016-10-28,197.3979949951172,197.3979949951172,198.5500030517578,196.8249969482422,197.4080047607422,2650
2016-11-01,196.7969970703125,196.7969970703125,198.10000610351562,196.6999969482422,198.0989990234375,14570
2016-11-02,194.5469970703125,194.5469970703125,195.25,193.7449951171875,194.90199279785156,30680
2016-11-03,194.0019989013672,194.0019989013672,195.4499969482422,193.7550048828125,194.9499969482422,22780
2016-11-04,192.5189971923828,192.5189971923828,194.13999938964844,192.0,194.0,18850
2016-11-07,195.781005859375,195.781005859375,196.23199462890625,194.27099609375,194.30299377441406,18000
2016-11-08,196.9550018310547,196.9550018310547,197.3000030517578,195.01499938964844,195.72300720214844,31120
2016-11-09,198.45799255371094,198.45799255371094,198.8000030517578,185.9600067138672,185.9600067138672,496630
2016-11-10,206.01699829101562,206.01699829101562,207.5,200.0,200.0,115850
2016-11-11,200.61099243164062,200.61099243164062,205.5,200.11700439453125,204.51199340820312,83440
2016-11-15,196.39500427246094,196.39500427246094,201.37899780273438,195.69900512695312,200.0,194200
2016-11-16,193.6790008544922,193.6790008544922,198.0,193.39999389648438,198.0,50400
2016-11-17,193.45700073242188,193.45700073242188,201.42999267578125,192.89999389648438,197.5500030517578,25640
2016-11-18,192.25900268554688,192.25900268554688,193.98500061035156,191.78500366210938,193.8000030517578,24700
2016-11-21,187.3179931640625,187.3179931640625,192.50100708007812,186.61000061035156,192.50100708007812,87500
2016-11-22,187.72500610351562,187.72500610351562,189.5,185.9550018310547,189.5,206080
2016-11-23,187.13600158691406,187.13600158691406,188.37399291992188,187.0,188.00100708007812,16810
2016-11-24,185.9429931640625,185.9429931640625,187.0,182.125,185.56500244140625,15930
2016-11-25,187.3489990234375,187.3489990234375,187.74899291992188,185.2570037841797,186.93899536132812,28610
2016-11-28,185.38499450683594,185.38499450683594,187.1999969482422,184.0,184.0,33590
2016-11-29,184.7469940185547,184.7469940185547,186.8350067138672,184.47500610351562,185.5,19860
2016-11-30,188.5070037841797,188.5070037841797,188.75,184.9250030517578,185.6999969482422,22330
2016-12-01,186.5050048828125,186.5050048828125,189.69900512695312,186.0760040283203,188.5,1479520
2016-12-02,185.4600067138672,185.4600067138672,187.0500030517578,184.3000030517578,185.5,152230
2016-12-05,186.45700073242188,186.45700073242188,186.64999389648438,184.3000030517578,185.60000610351562,77070
2016-12-06,186.2220001220703,186.2220001220703,187.802001953125,185.9429931640625,187.802001953125,1393860
2016-12-07,184.15499877929688,184.15499877929688,187.8350067138672,181.65499877929688,186.97799682617188,52570
2016-12-08,187.02999877929688,187.02999877929688,187.5,185.38699340820312,185.47999572753906,26540
2016-12-09,188.48199462890625,188.48199462890625,189.1490020751953,186.33900451660156,186.89999389648438,61430
2016-12-12,185.82200622558594,185.82200622558594,188.2689971923828,185.5,188.2689971923828,21530
2016-12-13,186.73899841308594,186.73899841308594,186.89999389648438,185.0,185.58900451660156,7510
2016-12-14,185.41099548339844,185.41099548339844,186.28900146484375,185.10000610351562,185.61399841308594,14230
2016-12-15,185.61099243164062,185.61099243164062,186.89599609375,183.8000030517578,185.10000610351562,23810
2016-12-16,185.04200744628906,185.04200744628906,185.5,184.75,185.5,8080
2016-12-19,184.7270050048828,184.7270050048828,185.44200134277344,184.35000610351562,184.53799438476562,11870
2016-12-20,182.56700134277344,182.56700134277344,184.88299560546875,182.1580047607422,184.8560028076172,40270
2016-12-21,182.8990020751953,182.8990020751953,183.77499389648438,182.68800354003906,183.10000610351562,17400
2016-12-22,180.9409942626953,180.9409942626953,182.3489990234375,180.39999389648438,182.3489990234375,18510
2016-12-23,180.7830047607422,180.7830047607422,181.39999389648438,180.4040069580078,180.5,8690
2016-12-26,178.48300170898438,178.48300170898438,180.34500122070312,177.8000030517578,180.1790008544922,25800
2016-12-27,180.23399353027344,180.23399353027344,180.77999877929688,178.2010040283203,179.01400756835938,30100
2016-12-28,180.4980010986328,180.4980010986328,182.3509979248047,180.02000427246094,180.5500030517578,60170
2016-12-29,181.98300170898438,181.98300170898438,182.47999572753906,180.16600036621094,180.45399475097656,11310
2016-12-30,183.4320068359375,183.4320068359375,184.0,182.0,182.0,17390
2017-01-02,181.55799865722656,181.55799865722656,183.6580047607422,180.8000030517578,183.2209930419922,45590
2017-01-03,181.875,181.875,182.9980010986328,180.35800170898438,181.4600067138672,25100
2017-01-04,181.10000610351562,181.10000610351562,182.72999572753906,181.10000610351562,182.72999572753906,2570
2017-01-05,182.73599243164062,182.73599243164062,183.19900512695312,182.0,182.0,7100
2017-01-06,185.38999938964844,185.38999938964844,185.9499969482422,183.8000030517578,183.85499572753906,209720
2017-01-09,185.6490020751953,185.6490020751953,185.77000427246094,184.7760009765625,185.10000610351562,179520
2017-01-10,186.27699279785156,186.27699279785156,186.8699951171875,185.21499633789062,185.6490020751953,12950
2017-01-11,189.93899536132812,189.93899536132812,190.5449981689453,187.0500030517578,187.39999389648438,32240
2017-01-12,191.27999877929688,191.27999877929688,191.75,190.18600463867188,190.39999389648438,59180
2017-01-13,191.54600524902344,191.54600524902344,191.74899291992188,190.55299377441406,191.61700439453125,21130
2017-01-16,193.23699951171875,193.23699951171875,193.60000610351562,190.74400329589844,190.74400329589844,36460
2017-01-17,192.99099731445312,192.99099731445312,195.0,192.1999969482422,195.0,43240
2017-01-18,193.91700744628906,193.91700744628906,195.0800018310547,193.35000610351562,193.35000610351562,24610
2017-01-19,193.2429962158203,193.2429962158203,194.0189971923828,192.74000549316406,193.8000030517578,4000
2017-01-20,190.6529998779297,190.6529998779297,193.2899932861328,190.39999389648438,192.95399475097656,8140
2017-01-23,190.5229949951172,190.5229949951172,191.5,189.50999450683594,190.22000122070312,10920
2017-01-24,192.52499389648438,192.52499389648438,192.67999267578125,191.50100708007812,192.0749969482422,67450
2017-01-25,196.322998046875,196.322998046875,196.8000030517578,193.0,193.0,206550
2017-01-27,199.2779998779297,199.2779998779297,199.6999969482422,197.0,197.0,149660
2017-01-30,198.09500122070312,198.09500122070312,199.625,197.94000244140625,198.11000061035156,10700
2017-01-31,197.07400512695312,197.07400512695312,198.05499267578125,196.44200134277344,197.8000030517578,30980
2017-02-01,202.65899658203125,202.65899658203125,203.11500549316406,197.0500030517578,197.11700439453125,192320
2017-02-02,203.2969970703125,203.2969970703125,204.0,201.47500610351562,201.8159942626953,128380
2017-02-03,203.86599731445312,203.86599731445312,204.63499450683594,202.43499755859375,203.51499938964844,306590
2017-02-06,205.69900512695312,205.69900512695312,206.3419952392578,205.0,206.3419952392578,22760
2017-02-07,205.43600463867188,205.43600463867188,205.97500610351562,204.60000610351562,204.8260040283203,14530
2017-02-08,204.16000366210938,204.16000366210938,205.6999969482422,203.0260009765625,204.88699340820312,42010
2017-02-09,203.53799438476562,203.53799438476562,206.14199829101562,202.0050048828125,205.53199768066406,30570
2017-02-10,204.26499938964844,204.26499938964844,205.0399932861328,203.4499969482422,204.2570037841797,44690
2017-02-13,204.91799926757812,204.91799926757812,204.99899291992188,202.54100036621094,204.63299560546875,34250
2017-02-14,204.56100463867188,204.56100463867188,205.0,203.4720001220703,205.0,493290
2017-02-15,203.43600463867188,203.43600463867188,205.60000610351562,203.36700439453125,204.6999969482422,18350
2017-02-16,204.3459930419922,204.3459930419922,204.86599731445312,202.89999389648438,203.5,31800
2017-02-17,207.39500427246094,207.39500427246094,212.0,206.0260009765625,208.42999267578125,464170
2017-02-20,208.7899932861328,208.7899932861328,209.17999267578125,206.98300170898438,207.49899291992188,10150
2017-02-21,210.54600524902344,210.54600524902344,210.9980010986328,208.06199645996094,208.06199645996094,42560
2017-02-22,210.66900634765625,210.66900634765625,211.58999633789062,210.33999633789062,210.7899932861328,26840
2017-02-23,210.51199340820312,210.51199340820312,211.94500732421875,210.23399353027344,210.23399353027344,25690
2017-02-27,208.5540008544922,208.5540008544922,210.9080047607422,208.29200744628906,210.9080047607422,11880
2017-02-28,208.35499572753906,208.35499572753906,209.27999877929688,208.02000427246094,208.5,7550
2017-03-01,210.46099853515625,210.46099853515625,211.00100708007812,208.8560028076172,209.01400756835938,122490
2017-03-02,207.86099243164062,207.86099243164062,211.0,207.5050048828125,210.41099548339844,18310
2017-03-03,207.28599548339844,207.28599548339844,207.625,206.5,207.5989990234375,14300
2017-03-06,208.5240020751953,208.5240020751953,209.5,208.17100524902344,208.24099731445312,134750
2017-03-07,208.5800018310547,208.5800018310547,208.5800018310547,208.10000610351562,208.5,11360
2017-03-08,208.58299255371094,208.58299255371094,209.0,207.5,208.5800018310547,54960
2017-03-09,209.3260040283203,209.3260040283203,209.8000030517578,208.19000244140625,208.3800048828125,22680
2017-03-10,209.38600158691406,209.38600158691406,211.3300018310547,208.9499969482422,210.0,65700
2017-03-14,212.9759979248047,212.9759979248047,213.96800231933594,212.5,213.61099243164062,34630
2017-03-15,213.4320068359375,213.4320068359375,214.5659942626953,213.0,213.63499450683594,143290
2017-03-16,214.5279998779297,214.5279998779297,214.72000122070312,213.70199584960938,214.07000732421875,980450
2017-03-17,213.64500427246094,213.64500427246094,214.28199768066406,213.1999969482422,214.281005859375,2561350
2017-03-20,213.38800048828125,213.38800048828125,214.13999938964844,212.73699951171875,213.14999389648438,627710
2017-03-21,212.90199279785156,212.90199279785156,213.64999389648438,212.07000732421875,213.39999389648438,656200
2017-03-22,210.0989990234375,210.0989990234375,211.64999389648438,209.9499969482422,211.64999389648438,30370
2017-03-23,211.5959930419922,211.5959930419922,212.00100708007812,209.87399291992188,210.28700256347656,489000
2017-03-24,213.63400268554688,213.63400268554688,214.427001953125,211.38400268554688,211.8489990234375,797660
2017-03-27,212.73800659179688,212.73800659179688,213.64999389648438,212.3350067138672,213.25,81570
2017-03-28,214.64700317382812,214.64700317382812,214.8990020751953,213.0399932861328,213.68099975585938,22590
2017-03-29,216.0780029296875,216.0780029296875,216.49000549316406,213.80599975585938,213.99899291992188,22560
2017-03-30,217.20599365234375,217.20599365234375,217.6999969482422,216.11500549316406,216.11500549316406,255290
2017-03-31,216.85699462890625,216.85699462890625,225.88999938964844,216.65499877929688,221.5500030517578,8210
2017-04-03,217.43099975585938,217.43099975585938,225.88999938964844,216.64999389648438,225.88999938964844,82700
2017-04-05,218.5489959716797,218.5489959716797,219.0,217.10000610351562,217.1009979248047,41310
2017-04-06,218.29800415039062,218.29800415039062,219.1009979248047,217.26199340820312,217.26199340820312,75330
2017-04-07,216.625,216.625,218.15899658203125,216.35000610351562,218.1280059814453,11290
2017-04-10,217.36900329589844,217.36900329589844,217.63299560546875,216.14999389648438,217.07000732421875,4750
2017-04-11,219.26100158691406,219.26100158691406,219.5500030517578,217.14700317382812,217.75,34450
2017-04-12,218.6719970703125,218.6719970703125,220.0,217.87600708007812,219.21099853515625,35770
2017-04-13,219.0760040283203,219.0760040283203,219.64999389648438,218.47500610351562,218.47500610351562,57270
2017-04-17,218.57699584960938,218.57699584960938,219.54800415039062,218.0,219.3000030517578,12510
2017-04-18,219.34800720214844,219.34800720214844,221.3800048828125,218.66600036621094,218.66600036621094,1619420
2017-04-19,218.3990020751953,218.3990020751953,219.0,217.5500030517578,219.0,15830
2017-04-20,217.48500061035156,217.48500061035156,217.99600219726562,216.62100219726562,217.5500030517578,44680
2017-04-21,217.4320068359375,217.4320068359375,218.3769989013672,216.10000610351562,218.33700561523438,50840
2017-04-24,220.80799865722656,220.80799865722656,220.97000122070312,218.0,218.0,31840
2017-04-25,222.9320068359375,222.9320068359375,223.5,220.8249969482422,220.89999389648438,987240
2017-04-26,224.7239990234375,224.7239990234375,225.0469970703125,223.33700561523438,223.33700561523438,44200
2017-04-27,225.2030029296875,225.2030029296875,225.7449951171875,224.0,224.40199279785156,41990
2017-04-28,225.75100708007812,225.75100708007812,225.9720001220703,224.40499877929688,225.0,125430
2017-05-02,226.07200622558594,226.07200622558594,227.1840057373047,225.2949981689453,225.6999969482422,257200
2017-05-03,224.9250030517578,224.9250030517578,226.75,224.6479949951172,226.75,552100
2017-05-04,229.36300659179688,229.36300659179688,229.45399475097656,226.04100036621094,227.03799438476562,201290
2017-05-05,228.22999572753906,228.22999572753906,229.89999389648438,227.64999389648438,229.5500030517578,22970
2017-05-08,230.0050048828125,230.0050048828125,230.47000122070312,228.41000366210938,229.0489959716797,18000
2017-05-09,229.06900024414062,229.06900024414062,230.3000030517578,228.85000610351562,230.10000610351562,35740
2017-05-10,230.11500549316406,230.11500549316406,230.61000061035156,229.15499877929688,229.37399291992188,49450
2017-05-11,229.78799438476562,229.78799438476562,231.5500030517578,229.73599243164062,230.58799743652344,70180
2017-05-12,228.61500549316406,228.61500549316406,230.35000610351562,227.83900451660156,230.03900146484375,53410
2017-05-15,230.1840057373047,230.1840057373047,230.5500030517578,229.35000610351562,229.35000610351562,547740
2017-05-16,231.22799682617188,231.22799682617188,231.4149932861328,229.43600463867188,230.17999267578125,46550
2017-05-17,231.11300659179688,231.11300659179688,231.5500030517578,230.36500549316406,231.0679931640625,360790
2017-05-18,229.13800048828125,229.13800048828125,230.2689971923828,229.00999450683594,230.02000427246094,45750
2017-05-19,229.91900634765625,229.91900634765625,230.89599609375,228.50999450683594,229.5500030517578,19370
2017-05-22,228.843994140625,228.843994140625,235.0,228.75,235.0,29240
2017-05-23,227.9600067138672,227.9600067138672,229.4499969482422,226.9499969482422,228.50999450683594,134640
2017-05-24,227.3209991455078,227.3209991455078,228.69000244140625,226.9499969482422,227.89999389648438,17300
2017-05-25,233.69900512695312,233.69900512695312,234.4499969482422,227.87899780273438,228.1999969482422,198330
2017-05-26,236.7429962158203,236.7429962158203,240.7100067138672,233.0500030517578,238.3699951171875,817750
2017-05-29,234.71499633789062,234.71499633789062,237.0500030517578,234.5,236.5,26150
2017-05-30,235.95199584960938,235.95199584960938,236.00999450683594,234.50999450683594,234.50999450683594,60220
2017-05-31,236.89500427246094,236.89500427246094,237.24000549316406,235.35000610351562,236.01499938964844,17630
2017-06-01,235.6909942626953,235.6909942626953,236.4499969482422,235.0,236.08799743652344,11280
2017-06-02,236.38900756835938,236.38900756835938,236.99000549316406,235.9810028076172,236.6750030517578,73690
2017-06-05,237.45599365234375,237.45599365234375,241.1199951171875,236.21099853515625,241.1199951171875,46520
2017-06-06,236.90199279785156,236.90199279785156,237.33900451660156,236.5,237.28799438476562,3670
2017-06-07,238.1479949951172,238.1479949951172,239.0050048828125,237.04100036621094,237.3990020751953,83240
2017-06-08,238.3560028076172,238.3560028076172,238.9600067138672,238.14999389648438,238.76300048828125,227780
2017-06-09,239.68899536132812,239.68899536132812,240.0,237.5500030517578,238.156005859375,17850
2017-06-12,237.87100219726562,237.87100219726562,239.35000610351562,237.48599243164062,239.10000610351562,32690
2017-06-13,237.7570037841797,237.7570037841797,238.49899291992188,237.50999450683594,237.88999938964844,3710
2017-06-14,237.31199645996094,237.31199645996094,238.0449981689453,236.6649932861328,238.0449981689453,8510
2017-06-15,236.4459991455078,236.4459991455078,237.02999877929688,235.85000610351562,236.9499969482422,3880
2017-06-16,237.36300659179688,237.36300659179688,237.7949981689453,236.75,236.75,6660
2017-06-19,240.76600646972656,240.76600646972656,241.0,237.8000030517578,237.8000030517578,349150
2017-06-20,240.2689971923828,240.2689971923828,240.85000610351562,236.60000610351562,236.60000610351562,14190
2017-06-21,240.0500030517578,240.0500030517578,240.5500030517578,239.02099609375,239.02099609375,6830
2017-06-22,241.28199768066406,241.28199768066406,242.42999267578125,240.35000610351562,240.35000610351562,1674950
2017-06-23,238.08299255371094,238.08299255371094,240.80499267578125,237.9499969482422,240.80499267578125,665950
2017-06-27,234.7310028076172,234.7310028076172,239.14999389648438,232.9499969482422,238.11500549316406,1389910
2017-06-28,235.48800659179688,235.48800659179688,235.57200622558594,233.59100341796875,234.18899536132812,81060
2017-06-29,235.5449981689453,235.5449981689453,237.64999389648438,234.4499969482422,236.0500030517578,63820
2017-06-30,234.9969940185547,234.9969940185547,235.59300231933594,233.4499969482422,235.36900329589844,13350
2017-07-03,235.76499938964844,235.76499938964844,236.3730010986328,235.0,235.0,102630
2017-07-04,235.95399475097656,235.95399475097656,236.64999389648438,235.0,236.35000610351562,8910
2017-07-05,236.71099853515625,236.71099853515625,236.89999389648438,235.39599609375,235.9499969482422,6670
2017-07-06,238.04400634765625,238.04400634765625,238.60000610351562,237.00999450683594,237.00999450683594,9020
2017-07-07,237.90899658203125,237.90899658203125,238.57899475097656,237.4040069580078,238.5780029296875,5640
2017-07-10,239.5590057373047,239.5590057373047,239.89999389648438,237.25,238.10000610351562,3040
2017-07-11,239.8560028076172,239.8560028076172,240.7830047607422,239.0,239.0,862720
2017-07-12,240.38299560546875,240.38299560546875,240.6300048828125,238.8000030517578,238.8000030517578,12520
2017-07-13,242.54100036621094,242.54100036621094,242.72999572753906,240.0,240.0,83140
2017-07-14,242.31199645996094,242.31199645996094,242.7570037841797,241.3300018310547,242.52499389648438,777660
2017-07-17,243.375,243.375,244.0749969482422,242.5,242.61399841308594,1310220
2017-07-18,243.57200622558594,243.57200622558594,244.6999969482422,243.2100067138672,243.6999969482422,79440
2017-07-19,245.20700073242188,245.20700073242188,245.4499969482422,243.8000030517578,243.89999389648438,6160
2017-07-20,245.88900756835938,245.88900756835938,246.2830047607422,245.37100219726562,245.97000122070312,3340
2017-07-21,245.88699340820312,245.88699340820312,246.05099487304688,244.48500061035156,245.3979949951172,23860
2017-07-24,247.63999938964844,247.63999938964844,250.8000030517578,246.25,250.8000030517578,16980
2017-07-25,249.09300231933594,249.09300231933594,249.3000030517578,247.5,247.5,12560
2017-07-26,250.10899353027344,250.10899353027344,250.5,248.72000122070312,249.48800659179688,10010
2017-07-27,252.97300720214844,252.97300720214844,253.85000610351562,250.8000030517578,250.8000030517578,110570
2017-07-28,251.19400024414062,251.19400024414062,252.5,250.41799926757812,252.5,14680
2017-07-31,254.49200439453125,254.49200439453125,254.97999572753906,251.39199829101562,251.39199829101562,90220
2017-08-01,255.41900634765625,255.41900634765625,256.239990234375,254.41000366210938,254.8000030517578,133560
2017-08-02,254.2550048828125,254.2550048828125,256.46099853515625,250.0,250.0,453510
2017-08-03,250.60000610351562,250.60000610351562,253.93499755859375,250.0,253.73500061035156,80690
2017-08-04,252.21400451660156,252.21400451660156,252.4499969482422,249.31500244140625,250.44000244140625,464790
2017-08-07,253.04400634765625,253.04400634765625,253.47999572753906,252.0,252.0,33240
2017-08-08,249.75900268554688,249.75900268554688,253.13999938964844,249.00999450683594,253.13999938964844,118950
2017-08-09,248.13699340820312,248.13699340820312,249.04600524902344,247.61000061035156,249.04600524902344,8530
2017-08-10,246.16000366210938,246.16000366210938,247.27699279785156,245.0,247.18800354003906,18670
2017-08-11,242.9550018310547,242.9550018310547,245.0500030517578,242.2270050048828,243.5659942626953,43640
2017-08-14,245.0489959716797,245.0489959716797,245.4499969482422,243.88499450683594,243.906005859375,51280
2017-08-16,247.88499450683594,247.88499450683594,248.35000610351562,243.4499969482422,245.10400390625,105790
2017-08-17,246.75100708007812,246.75100708007812,248.52499389648438,245.63499450683594,247.2550048828125,7860
2017-08-18,245.11000061035156,245.11000061035156,245.22500610351562,243.4499969482422,244.8000030517578,45590
2017-08-21,243.6219940185547,243.6219940185547,246.0500030517578,243.33700561523438,245.11000061035156,48550
2017-08-22,244.12600708007812,244.12600708007812,244.9499969482422,242.5500030517578,244.1320037841797,96600
2017-08-23,246.91600036621094,246.91600036621094,247.0,244.8000030517578,244.9499969482422,97590
2017-08-24,246.61300659179688,246.61300659179688,247.4499969482422,245.92599487304688,246.5070037841797,12170
2017-08-28,247.78500366210938,247.78500366210938,247.85699462890625,247.0399932861328,247.04200744628906,4930
2017-08-29,245.1269989013672,245.1269989013672,246.8280029296875,244.72500610351562,246.56199645996094,8430
2017-08-30,246.93099975585938,246.93099975585938,247.5919952392578,245.89700317382812,245.91799926757812,5630
2017-08-31,246.85499572753906,246.85499572753906,247.36500549316406,245.75,246.88299560546875,4250
2017-09-01,247.77200317382812,247.77200317382812,248.5540008544922,246.96499633789062,247.0,31460
2017-09-04,246.24099731445312,246.24099731445312,247.91000366210938,245.2949981689453,247.8000030517578,28210
2017-09-05,247.26499938964844,247.26499938964844,251.1699981689453,246.74000549316406,247.89999389648438,4680
2017-09-06,246.33399963378906,246.33399963378906,246.86500549316406,245.35000610351562,245.8350067138672,6430
2017-09-07,246.50799560546875,246.50799560546875,247.75,246.44500732421875,246.85000610351562,43800
2017-09-08,247.20700073242188,247.20700073242188,247.52999877929688,246.4499969482422,247.52999877929688,6090
2017-09-11,250.35299682617188,250.35299682617188,250.57000732421875,247.7830047607422,247.81900024414062,145070
2017-09-12,251.23800659179688,251.23800659179688,251.60000610351562,250.28900146484375,251.06100463867188,14900
2017-09-13,251.77999877929688,251.77999877929688,252.77000427246094,251.031005859375,251.51800537109375,11490
2017-09-14,252.8070068359375,252.8070068359375,253.31900024414062,251.97000122070312,251.97000122070312,44800
2017-09-15,252.13499450683594,252.13499450683594,252.60000610351562,251.71499633789062,251.88900756835938,78840
2017-09-18,253.98500061035156,253.98500061035156,254.4499969482422,253.39999389648438,253.552001953125,24420
2017-09-19,253.78500366210938,253.78500366210938,254.35499572753906,253.593994140625,253.67100524902344,69460
2017-09-20,253.63299560546875,253.63299560546875,254.1750030517578,253.25,254.0500030517578,5470
2017-09-21,251.51199340820312,251.51199340820312,253.48500061035156,250.66400146484375,253.48500061035156,9920
2017-09-22,247.83799743652344,247.83799743652344,250.22000122070312,247.44000244140625,250.0590057373047,15630
2017-09-25,245.71499633789062,245.71499633789062,247.1479949951172,244.39999389648438,247.1479949951172,230890
2017-09-26,246.1540069580078,246.1540069580078,246.75999450683594,244.4550018310547,244.81300354003906,172820
2017-09-27,242.79400634765625,242.79400634765625,247.2689971923828,242.0,247.14599609375,316890
2017-09-28,242.95399475097656,242.95399475097656,243.60899353027344,241.0,241.60000610351562,178830
2017-09-29,244.85899353027344,244.85899353027344,246.58399963378906,244.0,244.0,61730
2017-10-03,244.71499633789062,244.71499633789062,246.08399963378906,244.14999389648438,245.28799438476562,36130
2017-10-04,245.1750030517578,245.1750030517578,246.14999389648438,244.72500610351562,245.01100158691406,15140
2017-10-05,244.75399780273438,244.75399780273438,246.06399536132812,244.41700744628906,245.1999969482422,41780
2017-10-06,246.2169952392578,246.2169952392578,246.6999969482422,245.4499969482422,245.4499969482422,565260
2017-10-09,246.11000061035156,246.11000061035156,247.16000366210938,245.4969940185547,246.64999389648438,171150
2017-10-10,246.70199584960938,246.70199584960938,247.0,246.2100067138672,246.47500610351562,29550
2017-10-11,244.1269989013672,244.1269989013672,248.19500732421875,244.0,247.12100219726562,31950
2017-10-12,246.73399353027344,246.73399353027344,246.8820037841797,243.072998046875,244.2480010986328,269160
2017-10-13,250.4080047607422,250.4080047607422,251.14999389648438,247.01699829101562,247.05999755859375,117010
2017-10-16,250.28399658203125,250.28399658203125,251.64999389648438,248.64999389648438,251.4459991455078,375380
2017-10-17,249.72799682617188,249.72799682617188,251.4550018310547,249.0500030517578,250.3000030517578,48870
2017-10-18,246.78700256347656,246.78700256347656,248.8489990234375,246.1929931640625,248.3260040283203,23460
2017-10-19,244.1269989013672,244.1269989013672,246.34800720214844,242.6219940185547,246.34800720214844,15590
2017-10-23,244.2519989013672,244.2519989013672,244.58999633789062,242.81900024414062,244.1999969482422,23660
2017-10-24,245.3280029296875,245.3280029296875,246.0,244.5229949951172,245.5500030517578,74430
2017-10-25,253.88499450683594,253.88499450683594,254.25,249.00999450683594,249.5,378200
2017-10-26,253.74000549316406,253.74000549316406,255.0500030517578,252.79100036621094,253.64300537109375,22060
2017-10-27,252.125,252.125,253.74000549316406,252.0,253.38400268554688,27520
2017-10-30,254.28700256347656,254.28700256347656,254.43499755859375,252.1999969482422,252.1999969482422,169920
2017-10-31,254.53900146484375,254.53900146484375,254.9759979248047,253.82699584960938,254.35000610351562,33770
2017-11-01,258.15301513671875,258.15301513671875,258.70001220703125,255.58799743652344,255.60299682617188,344310
2017-11-02,257.906005859375,257.906005859375,259.2449951171875,257.54998779296875,257.8500061035156,28630
2017-11-03,259.9679870605469,259.9679870605469,260.55999755859375,257.8500061035156,258.54998779296875,8410
2017-11-06,259.53399658203125,259.53399658203125,260.3450012207031,259.12200927734375,259.9079895019531,66630
2017-11-07,256.4360046386719,256.4360046386719,260.25,256.2359924316406,259.9259948730469,1517570
2017-11-08,255.39999389648438,255.39999389648438,257.54998779296875,255.1719970703125,256.75,32490
2017-11-09,256.44000244140625,256.44000244140625,257.1499938964844,255.22500610351562,256.25,28080
2017-11-10,257.85400390625,257.85400390625,259.29998779296875,255.9040069580078,256.10699462890625,131130
2017-11-13,257.7959899902344,257.7959899902344,260.0,257.5920104980469,258.3699951171875,19950
2017-11-14,256.7539978027344,256.7539978027344,257.95001220703125,256.3500061035156,257.70001220703125,5460
2017-11-15,256.45098876953125,256.45098876953125,257.3500061035156,255.77999877929688,256.7489929199219,4700
2017-11-16,257.80499267578125,257.80499267578125,258.29998779296875,256.5,256.95001220703125,4500
2017-11-17,261.6830139160156,261.6830139160156,263.0,261.1499938964844,261.4580078125,15370
2017-11-20,261.6969909667969,261.6969909667969,261.9949951171875,260.75,261.0799865722656,1680
2017-11-21,261.5150146484375,261.5150146484375,262.7200012207031,261.3900146484375,261.92498779296875,34960
2017-11-22,261.1029968261719,261.1029968261719,261.75,260.2650146484375,261.75,8590
2017-11-23,260.9429931640625,260.9429931640625,261.3999938964844,259.79998779296875,261.0,17260
2017-11-24,261.9700012207031,261.9700012207031,262.5589904785156,261.0249938964844,261.0249938964844,50340
2017-11-27,262.76300048828125,262.76300048828125,263.22900390625,260.9049987792969,261.3689880371094,9390
2017-11-28,262.2869873046875,262.2869873046875,263.52801513671875,261.8500061035156,261.89300537109375,3420
2017-11-29,261.6109924316406,261.6109924316406,262.54998779296875,261.54998779296875,262.04998779296875,63500
2017-11-30,257.3330078125,257.3330078125,261.20001220703125,256.9880065917969,261.20001220703125,46150
2017-12-01,255.66099548339844,255.66099548339844,257.9570007324219,255.15699768066406,257.3599853515625,29600
2017-12-04,255.46400451660156,255.46400451660156,256.8689880371094,253.8249969482422,256.8689880371094,43290
2017-12-05,255.58799743652344,255.58799743652344,256.1319885253906,253.45399475097656,255.01400756835938,15050
2017-12-06,252.8820037841797,252.8820037841797,254.92999267578125,252.5030059814453,254.7100067138672,136210
2017-12-07,254.76400756835938,254.76400756835938,255.33999633789062,252.80499267578125,253.3249969482422,51300
2017-12-08,256.4939880371094,256.4939880371094,257.04998779296875,255.35000610351562,255.35000610351562,95970
2017-12-11,257.385986328125,257.385986328125,258.0299987792969,256.95001220703125,257.3949890136719,5860
2017-12-12,255.06500244140625,255.06500244140625,256.6499938964844,254.8249969482422,256.6499938964844,23350
2017-12-13,253.5500030517578,253.5500030517578,260.1700134277344,252.85000610351562,260.1700134277344,60300
2017-12-14,255.11399841308594,255.11399841308594,255.77499389648438,252.50999450683594,254.2790069580078,22780
2017-12-15,259.1499938964844,259.1499938964844,259.260009765625,257.5719909667969,257.5979919433594,394140
2017-12-18,259.3590087890625,259.3590087890625,261.3399963378906,247.90499877929688,256.14898681640625,148060
2017-12-19,260.5979919433594,260.5979919433594,260.95001220703125,259.8760070800781,260.25,120230
2017-12-20,260.0190124511719,260.0190124511719,261.54998779296875,259.8550109863281,259.8550109863281,11730
2017-12-21,259.6340026855469,259.6340026855469,260.8999938964844,259.29998779296875,260.1499938964844,5670
2017-12-22,260.14599609375,260.14599609375,260.7300109863281,259.5150146484375,259.57501220703125,22960
2017-12-26,260.2449951171875,260.2449951171875,260.6400146484375,259.5,260.05499267578125,12960
2017-12-27,259.0710144042969,259.0710144042969,261.2799987792969,258.5299987792969,260.0,9340
2017-12-28,258.47198486328125,258.47198486328125,259.3949890136719,258.114990234375,259.3949890136719,9180
2017-12-29,259.6520080566406,259.6520080566406,259.8320007324219,258.20599365234375,258.5,6610
2018-01-01,257.7820129394531,257.7820129394531,259.7099914550781,257.1000061035156,259.6099853515625,51370
2018-01-02,257.17401123046875,257.17401123046875,258.2449951171875,256.55499267578125,258.0,5400
2018-01-03,257.6419982910156,257.6419982910156,258.5199890136719,257.489990234375,257.5050048828125,331120
2018-01-04,259.10699462890625,259.10699462890625,259.3429870605469,257.2550048828125,257.8999938964844,55730
2018-01-05,260.7279968261719,260.7279968261719,260.8590087890625,258.95001220703125,258.95001220703125,64310
2018-01-08,261.114990234375,261.114990234375,261.75,260.5799865722656,260.5799865722656,10580
2018-01-09,260.9649963378906,260.9649963378906,261.42498779296875,260.5,261.0,7020
2018-01-10,260.1029968261719,260.1029968261719,261.0,259.75,260.9100036621094,10110
2018-01-11,260.5270080566406,260.5270080566406,260.9519958496094,259.5,259.54998779296875,9120
2018-01-12,261.1109924316406,261.1109924316406,261.5,259.3320007324219,260.9700012207031,5440
2018-01-15,264.47198486328125,264.47198486328125,264.7200012207031,261.5,261.5,15250
2018-01-16,264.2409973144531,264.2409973144531,264.82501220703125,263.6499938964844,264.5,76880
2018-01-17,267.0069885253906,267.0069885253906,267.2850036621094,263.3320007324219,263.6499938964844,9960
2018-01-18,268.73699951171875,268.73699951171875,272.0,268.0,269.239013671875,19940
2018-01-19,273.4599914550781,273.4599914550781,273.8999938964844,269.0,269.0,13530
2018-01-22,274.1579895019531,274.1579895019531,274.45001220703125,272.5,273.3999938964844,14060
2018-01-23,277.7149963378906,277.7149963378906,278.18499755859375,274.6499938964844,275.1400146484375,38410
2018-01-24,277.614990234375,277.614990234375,278.9020080566406,276.6000061035156,277.70001220703125,102780
2018-01-25,277.9289855957031,277.9289855957031,281.8800048828125,275.5220031738281,281.8800048828125,103910
2018-01-29,278.6889953613281,278.6889953613281,280.3800048828125,278.4100036621094,278.89898681640625,455130
2018-01-30,276.52301025390625,276.52301025390625,278.0,276.1499938964844,277.8160095214844,20870
2018-01-31,277.15301513671875,277.15301513671875,278.1499938964844,275.04998779296875,276.635009765625,85200
2018-02-01,275.9989929199219,275.9989929199219,279.5,274.6499938964844,277.1000061035156,61600
2018-02-02,268.2380065917969,268.2380065917969,273.7929992675781,267.0,273.57598876953125,1027670
2018-02-05,265.3370056152344,265.3370056152344,266.1000061035156,260.5249938964844,260.5249938964844,103460
2018-02-06,262.8059997558594,262.8059997558594,265.45001220703125,254.14999389648438,256.0150146484375,281030
2018-02-07,260.6919860839844,260.6919860839844,265.0369873046875,260.20001220703125,265.0369873046875,171710
2018-02-08,263.6940002441406,263.6940002441406,265.25,260.5,261.0899963378906,58200
2018-02-09,259.1929931640625,259.1929931640625,260.427001953125,258.1499938964844,259.5190124511719,192430
2018-02-12,261.5920104980469,261.5920104980469,261.88800048828125,259.20001220703125,259.20001220703125,99750
2018-02-14,258.1759948730469,258.1759948730469,261.8489990234375,256.9620056152344,259.25,650370
2018-02-15,258.5539855957031,258.5539855957031,259.8500061035156,256.8349914550781,257.7090148925781,59830
2018-02-16,256.42401123046875,256.42401123046875,260.4070129394531,255.60000610351562,257.0,698820
2018-02-19,254.23500061035156,254.23500061035156,256.25,252.5500030517578,256.25,88940
2018-02-20,253.0489959716797,253.0489959716797,255.4949951171875,252.78500366210938,254.60000610351562,8310
2018-02-21,253.12399291992188,253.12399291992188,253.90899658203125,251.75,253.6999969482422,66290
2018-02-22,253.74099731445312,253.74099731445312,253.88400268554688,252.02499389648438,252.4499969482422,55900
2018-02-23,256.7409973144531,256.7409973144531,257.1499938964844,254.5,254.5,30500
2018-02-26,260.9880065917969,260.9880065917969,261.29998779296875,258.25,258.7099914550781,29480
2018-02-27,258.2380065917969,258.2380065917969,261.0509948730469,257.95001220703125,261.02398681640625,102540
2018-02-28,254.60000610351562,254.60000610351562,256.02398681640625,252.8000030517578,256.02398681640625,1346360
2018-03-01,252.13499450683594,252.13499450683594,255.64999389648438,251.6439971923828,254.47999572753906,39530
2018-03-05,251.72799682617188,251.72799682617188,252.27999877929688,250.125,251.5,47770
2018-03-06,248.32200622558594,248.32200622558594,253.85000610351562,247.5,252.625,12030
2018-03-07,245.27099609375,245.27099609375,247.63999938964844,244.89999389648438,247.5,103850
2018-03-08,247.90699768066406,247.90699768066406,248.5500030517578,244.0,245.86399841308594,39980
2018-03-09,246.531005859375,246.531005859375,248.5500030517578,245.8509979248047,248.1999969482422,13900
2018-03-12,249.8769989013672,249.8769989013672,250.29400634765625,246.7899932861328,246.83700561523438,65840
2018-03-13,250.83700561523438,250.83700561523438,253.4499969482422,249.0500030517578,249.6999969482422,164740
2018-03-14,251.47500610351562,251.47500610351562,252.07400512695312,248.10000610351562,249.75,125230
2018-03-15,251.06500244140625,251.06500244140625,252.6999969482422,250.58200073242188,251.95799255371094,63500
2018-03-16,248.9530029296875,248.9530029296875,251.25,248.5500030517578,250.25,103580
2018-03-19,245.99400329589844,245.99400329589844,249.61700439453125,245.50100708007812,249.61700439453125,20660
2018-03-20,244.822998046875,244.822998046875,247.0,244.10000610351562,245.00100708007812,40490
2018-03-21,246.1699981689453,246.1699981689453,248.2449951171875,245.6020050048828,246.99899291992188,36800
2018-03-22,245.04800415039062,245.04800415039062,246.64500427246094,244.0,246.2949981689453,36320
2018-03-23,240.51199340820312,240.51199340820312,241.82000732421875,239.6999969482422,241.36099243164062,109220
2018-03-26,246.00900268554688,246.00900268554688,246.5500030517578,240.00100708007812,240.00100708007812,95060
2018-03-27,247.2169952392578,247.2169952392578,248.2550048828125,246.5500030517578,246.8209991455078,23420
2018-03-28,246.56199645996094,246.56199645996094,247.14999389648438,245.4499969482422,246.0,9050
2018-04-02,245.9550018310547,245.9550018310547,246.85000610351562,244.4600067138672,245.9510040283203,441240
2018-04-03,248.13900756835938,248.13900756835938,248.35000610351562,245.85400390625,245.89999389648438,24590
2018-04-04,244.14500427246094,244.14500427246094,249.48800659179688,243.8000030517578,248.1540069580078,69740
2018-04-05,250.8040008544922,250.8040008544922,251.39999389648438,246.7899932861328,246.7899932861328,36940
2018-04-06,252.0399932861328,252.0399932861328,252.6999969482422,249.47500610351562,250.39999389648438,55060
2018-04-09,253.68600463867188,253.68600463867188,254.4499969482422,252.5,252.8260040283203,13360
2018-04-10,255.73800659179688,255.73800659179688,256.20001220703125,254.5,254.5,184290
2018-04-11,254.65499877929688,254.65499877929688,255.1199951171875,253.1999969482422,254.8000030517578,66160
2018-04-12,255.3280029296875,255.3280029296875,255.83999633789062,253.65499877929688,254.06399536132812,22380
2018-04-13,256.0799865722656,256.0799865722656,257.5,254.7100067138672,255.5,26140
2018-04-16,256.7510070800781,256.7510070800781,257.1199951171875,254.41200256347656,254.85000610351562,15880
2018-04-17,257.0580139160156,257.0580139160156,257.54998779296875,255.85499572753906,256.260986328125,7390
2018-04-18,254.33399963378906,254.33399963378906,257.5150146484375,254.0850067138672,256.8380126953125,805080
2018-04-19,254.97000122070312,254.97000122070312,256.79998779296875,254.10000610351562,256.79998779296875,22400
2018-04-20,253.4499969482422,253.4499969482422,254.5489959716797,252.1999969482422,254.25,12260
2018-04-23,252.85400390625,252.85400390625,254.40499877929688,251.1179962158203,253.5,26600
2018-04-24,254.10400390625,254.10400390625,254.28500366210938,252.8000030517578,252.85400390625,1519740
2018-04-25,251.3070068359375,251.3070068359375,253.50799560546875,250.9499969482422,252.85000610351562,21220
2018-04-26,252.76499938964844,252.76499938964844,253.6999969482422,250.8820037841797,250.8820037841797,9620
2018-04-27,256.98199462890625,256.98199462890625,257.8900146484375,253.36099243164062,253.36099243164062,355810
2018-04-30,259.8269958496094,259.8269958496094,260.8290100097656,258.25,258.25,229270
2018-05-02,259.8370056152344,259.8370056152344,261.52801513671875,259.0010070800781,259.79998779296875,378410
2018-05-03,260.1889953613281,260.1889953613281,260.2950134277344,258.74700927734375,259.4989929199219,83180
2018-05-04,259.9549865722656,259.9549865722656,260.4150085449219,259.0,260.25,3730
2018-05-07,261.39599609375,261.39599609375,261.95001220703125,260.2900085449219,260.8500061035156,24940
2018-05-08,264.16400146484375,264.16400146484375,264.54998779296875,262.8900146484375,263.25,11360
2018-05-09,264.8219909667969,264.8219909667969,265.0050048828125,262.8389892578125,262.8389892578125,53370
2018-05-10,264.66400146484375,264.66400146484375,266.04998779296875,264.2120056152344,265.489990234375,14530
2018-05-11,267.2510070800781,267.2510070800781,267.70001220703125,264.64898681640625,265.45001220703125,29020
2018-05-14,268.39300537109375,268.39300537109375,268.94500732421875,267.25,267.2699890136719,18640
2018-05-15,268.6830139160156,268.6830139160156,272.885009765625,267.8500061035156,268.22100830078125,29590
2018-05-16,265.6860046386719,265.6860046386719,267.8500061035156,264.75,266.09100341796875,15910
2018-05-17,264.3819885253906,264.3819885253906,266.4490051269531,264.0,266.3500061035156,12230
2018-05-18,262.3450012207031,262.3450012207031,263.9700012207031,262.0,263.9700012207031,29090
2018-05-21,260.614990234375,260.614990234375,263.7950134277344,260.2340087890625,263.2250061035156,51440
2018-05-22,261.0920104980469,261.0920104980469,262.6700134277344,260.3999938964844,260.70001220703125,19170
2018-05-23,260.5260009765625,260.5260009765625,263.32501220703125,260.0,260.0,1555390
2018-05-24,263.3479919433594,263.3479919433594,263.9049987792969,260.3349914550781,260.57598876953125,12360
2018-05-25,266.33599853515625,266.33599853515625,266.6499938964844,263.99798583984375,264.04901123046875,6740
2018-05-28,269.8349914550781,269.8349914550781,270.5,267.5,267.5,28160
2018-05-29,266.83599853515625,266.83599853515625,269.3999938964844,266.25,269.1700134277344,11600
2018-05-30,266.37799072265625,266.37799072265625,267.8500061035156,264.1499938964844,265.3819885253906,31200
2018-05-31,272.9259948730469,272.9259948730469,275.20001220703125,267.67498779296875,268.8500061035156,85400
2018-06-01,271.9949951171875,271.9949951171875,274.04998779296875,271.0639953613281,272.5690002441406,57930
2018-06-04,267.3949890136719,267.3949890136719,273.45001220703125,267.10699462890625,273.25799560546875,15370
2018-06-05,267.2040100097656,267.2040100097656,268.2460021972656,265.8500061035156,266.5,8280
2018-06-06,268.02801513671875,268.02801513671875,268.8940124511719,266.0,266.8810119628906,31770
2018-06-07,270.3550109863281,270.3550109863281,272.5,269.6499938964844,269.6499938964844,18310
2018-06-08,269.2619934082031,269.2619934082031,269.54998779296875,267.75,269.4700012207031,33510
2018-06-11,269.4169921875,269.4169921875,271.1499938964844,268.1409912109375,269.4590148925781,8190
2018-06-12,270.7380065917969,270.7380065917969,271.5,269.5350036621094,270.3760070800781,43400
2018-06-13,270.7950134277344,270.7950134277344,272.25,270.29998779296875,270.5299987792969,11560
2018-06-14,270.18798828125,270.18798828125,270.739990234375,269.47601318359375,270.20001220703125,39220
2018-06-15,269.1719970703125,269.1719970703125,270.8500061035156,268.1099853515625,270.25,740560
2018-06-18,269.25799560546875,269.25799560546875,269.75799560546875,268.20001220703125,268.81500244140625,721420
2018-06-19,267.9010009765625,267.9010009765625,268.739990234375,267.0050048828125,268.468994140625,14580
2018-06-20,270.7959899902344,270.7959899902344,270.9070129394531,268.0,268.1990051269531,48680
2018-06-21,269.55499267578125,269.55499267578125,271.9339904785156,269.05499267578125,271.2489929199219,5050
2018-06-22,271.8330078125,271.8330078125,272.6499938964844,268.20001220703125,268.635986328125,8340
2018-06-25,271.1289978027344,271.1289978027344,272.54998779296875,252.98899841308594,268.29998779296875,100950
2018-06-26,270.45098876953125,270.45098876953125,273.0,270.04998779296875,273.0,15620
2018-06-27,269.32000732421875,269.32000732421875,270.67999267578125,268.6000061035156,270.20001220703125,231910
2018-06-28,267.00201416015625,267.00201416015625,269.2950134277344,266.3500061035156,268.79998779296875,263490
2018-06-29,268.60101318359375,268.60101318359375,269.1910095214844,267.79998779296875,268.04998779296875,5220
2018-07-02,266.260986328125,266.260986328125,268.54901123046875,264.989990234375,268.0,851760
2018-07-03,266.2820129394531,266.2820129394531,267.3500061035156,265.6000061035156,266.260986328125,43820
2018-07-04,269.1239929199219,269.1239929199219,269.32000732421875,265.3160095214844,266.05999755859375,492120
2018-07-05,269.0469970703125,269.0469970703125,270.0,268.33099365234375,269.197998046875,44480
2018-07-06,269.7550048828125,269.7550048828125,270.0350036621094,269.25,269.25,7870
2018-07-09,271.8290100097656,271.8290100097656,272.20001220703125,270.20001220703125,270.20001220703125,356740
2018-07-10,274.2149963378906,274.2149963378906,275.0,272.5,273.0,292250
2018-07-11,273.1860046386719,273.1860046386719,275.0,272.06500244140625,274.1990051269531,21720
2018-07-12,275.30499267578125,275.30499267578125,276.72601318359375,273.6000061035156,273.6000061035156,908500
2018-07-13,274.49700927734375,274.49700927734375,275.6499938964844,273.989990234375,274.79998779296875,6280
2018-07-16,272.0150146484375,272.0150146484375,274.07000732421875,271.70001220703125,274.07000732421875,188520
2018-07-17,274.60400390625,274.60400390625,274.79998779296875,271.70001220703125,271.80999755859375,35210
2018-07-18,273.99200439453125,273.99200439453125,276.0,273.1499938964844,275.0,218280
2018-07-19,272.9580078125,272.9580078125,274.75,272.6499938964844,273.9100036621094,8430
2018-07-20,273.9939880371094,273.9939880371094,274.1650085449219,273.0,273.0,7220
2018-07-23,274.0069885253906,274.0069885253906,274.9949951171875,273.04998779296875,273.5,1091840
2018-07-24,274.1830139160156,274.1830139160156,275.20001220703125,272.75,274.79901123046875,83520
2018-07-25,274.22698974609375,274.22698974609375,275.1499938964844,273.7200012207031,274.6000061035156,49340
2018-07-26,279.41900634765625,279.41900634765625,279.8500061035156,274.3900146484375,274.3900146484375,1170400
2018-07-27,280.8009948730469,280.8009948730469,281.25,279.4460144042969,279.8500061035156,28900
2018-07-30,283.9960021972656,283.9960021972656,284.1400146484375,280.7489929199219,281.8500061035156,370300
2018-07-31,282.4460144042969,282.4460144042969,283.4150085449219,281.9070129394531,282.9989929199219,404310
2018-08-01,279.9939880371094,279.9939880371094,283.4599914550781,279.010009765625,280.0,676000
2018-08-02,279.2070007324219,279.2070007324219,280.0,278.3500061035156,280.0,418050
2018-08-03,281.5509948730469,281.5509948730469,281.75,280.0,280.04901123046875,7170
2018-08-06,284.6659851074219,284.6659851074219,284.8500061035156,282.4129943847656,282.4129943847656,115570
2018-08-07,284.10198974609375,284.10198974609375,285.0,282.8999938964844,285.0,83620
2018-08-08,285.6080017089844,285.6080017089844,286.17999267578125,283.5,284.2250061035156,15550
2018-08-09,288.5929870605469,288.5929870605469,289.072998046875,286.0,286.0,746960
2018-08-10,286.81298828125,286.81298828125,289.20001220703125,286.54998779296875,288.0880126953125,358620
2018-08-13,283.1319885253906,283.1319885253906,285.79998779296875,282.95001220703125,285.0,12980
2018-08-14,285.0119934082031,285.0119934082031,285.3999938964844,283.0,283.0,8440
2018-08-16,283.8909912109375,283.8909912109375,285.2619934082031,283.25,284.0509948730469,9520
2018-08-17,285.79998779296875,285.79998779296875,286.25,284.5050048828125,284.510986328125,3950
2018-08-20,288.3429870605469,288.3429870605469,288.82000732421875,286.5,286.5,330050
2018-08-21,288.2619934082031,288.2619934082031,288.8999938964844,287.04998779296875,288.79998779296875,317080
2018-08-23,285.1210021972656,285.1210021972656,288.0190124511719,284.760009765625,286.6000061035156,316350
2018-08-24,283.16400146484375,283.16400146484375,286.1499938964844,282.7300109863281,285.0,230580
2018-08-27,288.3479919433594,288.3479919433594,288.7950134277344,284.9750061035156,285.25,555350
2018-08-28,288.71099853515625,288.71099853515625,289.5,287.5,289.4939880371094,584760
2018-08-29,288.2330017089844,288.2330017089844,289.3999938964844,282.8599853515625,287.25,661550
2018-08-30,286.4590148925781,286.4590148925781,288.2330017089844,285.510009765625,288.2330017089844,631230
2018-08-31,286.2929992675781,286.2929992675781,287.0,285.0,285.91900634765625,269530
2018-09-03,283.6679992675781,283.6679992675781,286.79400634765625,283.510009765625,286.29998779296875,29850
2018-09-04,279.93701171875,279.93701171875,284.0,279.2850036621094,284.0,221940
2018-09-05,278.7699890136719,278.7699890136719,291.1300048828125,275.9020080566406,285.5400085449219,387740
2018-09-06,278.83599853515625,278.83599853515625,279.94500732421875,277.54998779296875,278.79998779296875,67570
2018-09-07,279.3420104980469,279.3420104980469,279.80999755859375,277.0,278.29998779296875,17380
2018-09-10,277.0159912109375,277.0159912109375,280.0,276.5,278.510009765625,20440
2018-09-11,272.26800537109375,272.26800537109375,278.4540100097656,272.1510009765625,276.2969970703125,181660
2018-09-12,273.4639892578125,273.4639892578125,274.2820129394531,270.1000061035156,271.4280090332031,671430
2018-09-14,276.8970031738281,276.8970031738281,277.2300109863281,274.0,274.0,405680
2018-09-17,273.4490051269531,273.4490051269531,274.8500061035156,272.8500061035156,274.8500061035156,18760
2018-09-18,268.5830078125,268.5830078125,274.3030090332031,268.4309997558594,274.3030090332031,1216970
2018-09-19,267.22698974609375,267.22698974609375,270.1510009765625,266.8999938964844,269.20098876953125,21280
2018-09-21,262.010986328125,262.010986328125,269.3900146484375,255.0,268.5,705170
2018-09-24,254.1820068359375,254.1820068359375,260.1189880371094,253.5019989013672,260.0,77640
2018-09-25,258.98199462890625,258.98199462890625,259.4800109863281,252.0,253.0,477950
2018-09-26,258.0190124511719,258.0190124511719,260.0780029296875,256.635009765625,260.0,21430
2018-09-27,255.4199981689453,255.4199981689453,259.0450134277344,254.75,258.4339904785156,18990
2018-09-28,255.71600341796875,255.71600341796875,257.8500061035156,253.0,257.5190124511719,747170
2018-10-01,258.31201171875,258.31201171875,259.177001953125,251.92999267578125,254.5,852270
2018-10-03,255.41900634765625,255.41900634765625,259.45001220703125,254.89999389648438,256.0400085449219,204810
2018-10-04,253.11500549316406,253.11500549316406,255.0,250.0500030517578,255.0,52290
2018-10-05,250.56100463867188,250.56100463867188,255.5,248.0,253.10000610351562,237310
2018-10-08,251.7239990234375,251.7239990234375,252.39999389648438,245.0,245.5500030517578,60870
2018-10-09,249.2689971923828,249.2689971923828,252.30499267578125,248.92300415039062,252.0,107940
2018-10-10,258.5719909667969,258.5719909667969,258.95599365234375,250.10000610351562,250.10000610351562,235280
2018-10-11,252.875,252.875,254.0500030517578,249.8000030517578,251.72000122070312,63330
2018-10-12,259.0299987792969,259.0299987792969,259.8500061035156,256.2040100097656,256.2040100097656,82590
2018-10-15,258.7090148925781,258.7090148925781,259.0799865722656,256.25,258.0,15920
2018-10-16,261.2829895019531,261.2829895019531,261.75,258.218994140625,258.4989929199219,1249970
2018-10-17,256.48199462890625,256.48199462890625,263.84698486328125,255.5850067138672,263.0,55230
2018-10-19,255.73699951171875,255.73699951171875,257.489990234375,254.0,255.89999389648438,25450
2018-10-22,255.14999389648438,255.14999389648438,259.1000061035156,255.0,257.5,86920
2018-10-23,253.8730010986328,253.8730010986328,255.64999389648438,252.59100341796875,254.8000030517578,23600
2018-10-24,255.0290069580078,255.0290069580078,257.0,253.8000030517578,255.8070068359375,12980
2018-10-25,252.9720001220703,252.9720001220703,255.0,252.10000610351562,253.1959991455078,70070
2018-10-26,249.13499450683594,249.13499450683594,252.58999633789062,248.5,252.58999633789062,24240
2018-10-29,254.2729949951172,254.2729949951172,254.75,249.0,249.9010009765625,14360
2018-10-30,252.5330047607422,252.5330047607422,255.69000244140625,248.0,252.0,11460
2018-10-31,256.34600830078125,256.34600830078125,256.45001220703125,249.97999572753906,253.3000030517578,211740
2018-11-01,258.78900146484375,258.78900146484375,259.40399169921875,255.3070068359375,256.0,1525270
2018-11-02,262.177001953125,262.177001953125,263.1499938964844,259.5,259.5,67360
2018-11-05,262.4200134277344,262.4200134277344,270.0,259.6099853515625,267.4200134277344,28160
2018-11-06,260.57000732421875,260.57000732421875,263.8949890136719,260.5,263.49700927734375,13470
2018-11-07,262.39300537109375,262.39300537109375,263.0,262.0,262.6000061035156,2160
2018-11-09,263.093994140625,263.093994140625,263.4840087890625,261.5,261.9169921875,690210
2018-11-12,260.8340148925781,260.8340148925781,264.3500061035156,260.1000061035156,263.8500061035156,1315780
2018-11-13,262.7250061035156,262.7250061035156,263.0,258.614990234375,260.1059875488281,4110
2018-11-14,264.50201416015625,264.50201416015625,265.5,263.218994140625,264.6000061035156,676030
2018-11-15,266.90301513671875,266.90301513671875,267.0,263.6000061035156,265.19500732421875,141050
2018-11-16,268.2170104980469,268.2170104980469,268.47601318359375,266.1000061035156,266.1000061035156,5796500
2018-11-19,268.7770080566406,268.7770080566406,268.8299865722656,266.4219970703125,266.4219970703125,131150
2018-11-20,266.7749938964844,266.7749938964844,267.9599914550781,266.1520080566406,267.5769958496094,1347940
2018-11-21,267.7699890136719,267.7699890136719,268.45001220703125,266.0,266.8999938964844,527130
2018-11-22,264.3559875488281,264.3559875488281,268.28399658203125,264.0,268.2099914550781,16540
2018-11-26,269.35400390625,269.35400390625,269.54998779296875,265.0,265.0,2976430
2018-11-27,270.1780090332031,270.1780090332031,270.30999755859375,268.04998779296875,268.8500061035156,2074200
2018-11-28,269.97198486328125,269.97198486328125,271.0480041503906,268.4360046386719,268.4360046386719,806480
2018-11-29,275.07598876953125,275.07598876953125,275.4939880371094,269.94500732421875,271.3380126953125,212770
2018-11-30,273.6809997558594,273.6809997558594,276.1300048828125,272.92498779296875,275.0,57160
2018-12-03,273.9700012207031,273.9700012207031,275.2229919433594,273.4100036621094,275.0,61210
2018-12-04,271.7460021972656,271.7460021972656,273.8489990234375,271.05999755859375,273.8489990234375,21220
2018-12-05,268.93499755859375,268.93499755859375,271.447998046875,268.6789855957031,271.447998046875,438930
2018-12-06,266.0830078125,266.0830078125,268.0,265.70001220703125,268.0,78400
2018-12-07,271.0530090332031,271.0530090332031,272.1000061035156,266.65899658203125,267.6419982910156,179950
2018-12-10,266.31500244140625,266.31500244140625,268.5,265.92498779296875,267.75,60040
2018-12-11,267.0090026855469,267.0090026855469,267.7139892578125,261.1400146484375,264.0,3518050
2018-12-12,271.17498779296875,271.17498779296875,271.9779968261719,267.78399658203125,267.79998779296875,85700
2018-12-13,273.3330078125,273.3330078125,274.82000732421875,271.75,272.5,24020
2018-12-14,273.75299072265625,273.75299072265625,274.04998779296875,272.0,272.010009765625,132230
2018-12-17,274.47601318359375,274.47601318359375,274.8349914550781,273.75,274.0,48870
2018-12-18,275.9519958496094,275.9519958496094,276.5,273.25,273.25,20530
2018-12-19,277.39300537109375,277.39300537109375,277.8500061035156,276.6600036621094,276.88299560546875,33840
2018-12-20,276.68798828125,276.68798828125,277.25,275.5,275.9599914550781,19890
2018-12-21,273.8580017089844,273.8580017089844,278.6499938964844,271.8599853515625,277.3900146484375,29050
2018-12-24,272.73699951171875,272.73699951171875,274.3900146484375,272.19500732421875,274.0,1239670
2018-12-26,275.5799865722656,275.5799865722656,275.8399963378906,269.0,271.20001220703125,595870
2018-12-27,274.197998046875,274.197998046875,277.0559997558594,273.25,275.7349853515625,881670
2018-12-28,276.88299560546875,276.88299560546875,277.4530029296875,275.29400634765625,275.7489929199219,1167030
2018-12-31,276.8890075683594,276.8890075683594,278.0979919433594,276.0,277.70001220703125,93880
2019-01-01,279.3900146484375,279.3900146484375,279.7879943847656,275.04998779296875,278.0,45390
2019-01-02,277.1960144042969,277.1960144042969,279.46099853515625,276.29998779296875,279.29998779296875,72270
2019-01-03,274.9460144042969,274.9460144042969,277.2170104980469,274.67498779296875,277.1199951171875,134290
2019-01-04,277.4750061035156,277.4750061035156,278.0,274.2850036621094,275.7950134277344,36250
2019-01-07,278.7439880371094,278.7439880371094,279.75,277.5350036621094,279.6499938964844,33660
2019-01-08,280.77398681640625,280.77398681640625,280.989013671875,276.4100036621094,278.56500244140625,143780
2019-01-09,282.8030090332031,282.8030090332031,282.95001220703125,279.95001220703125,281.3999938964844,7001220
2019-01-10,281.0150146484375,281.0150146484375,282.1499938964844,280.38299560546875,281.54998779296875,27730
2019-01-11,279.8800048828125,279.8800048828125,281.6180114746094,279.29998779296875,281.4599914550781,32130
2019-01-14,277.9519958496094,277.9519958496094,279.8800048828125,277.10400390625,279.8800048828125,16530
2019-01-15,279.572998046875,279.572998046875,279.98199462890625,278.20001220703125,278.20001220703125,1019750
2019-01-16,280.46600341796875,280.46600341796875,281.1000061035156,279.5,280.19500732421875,4619580
2019-01-17,280.62701416015625,280.62701416015625,281.5,278.8219909667969,280.70001220703125,2126170
2019-01-18,279.843994140625,279.843994140625,281.1780090332031,279.635009765625,281.1780090332031,17270
2019-01-21,279.6109924316406,279.6109924316406,284.8999938964844,278.1050109863281,284.8999938964844,126360
2019-01-22,279.34600830078125,279.34600830078125,279.8550109863281,278.5150146484375,278.5150146484375,22730
2019-01-23,277.8869934082031,277.8869934082031,290.5199890136719,275.1050109863281,284.92999267578125,29220
2019-01-24,277.4849853515625,277.4849853515625,278.3999938964844,276.2449951171875,278.0,423480
2019-01-25,276.114013671875,276.114013671875,279.04998779296875,275.6000061035156,278.5,11670
2019-01-28,271.0820007324219,271.0820007324219,276.07598876953125,270.2760009765625,276.07598876953125,822740
2019-01-29,271.5840148925781,271.5840148925781,272.2120056152344,268.864990234375,270.1700134277344,30600
2019-01-30,273.4630126953125,273.4630126953125,274.43701171875,271.5,272.20001220703125,322720
2019-01-31,277.9219970703125,277.9219970703125,278.25,272.8800048828125,277.0,266490
2019-02-01,276.49700927734375,276.49700927734375,289.0400085449219,274.75,283.4800109863281,416070
2019-02-04,276.1199951171875,276.1199951171875,287.55999755859375,273.79998779296875,282.0299987792969,125120
2019-02-05,277.3009948730469,277.3009948730469,277.94500732421875,276.5,277.45001220703125,9020
2019-02-06,278.0299987792969,278.0299987792969,278.8999938964844,276.5,276.5,1485440
2019-02-07,278.51300048828125,278.51300048828125,280.0790100097656,278.1499938964844,278.4150085449219,105430
2019-02-08,276.8399963378906,276.8399963378906,279.6000061035156,272.489990234375,272.94000244140625,71750
2019-02-11,276.93701171875,276.93701171875,277.5,276.2510070800781,276.5,77370
2019-02-12,274.9830017089844,274.9830017089844,278.02099609375,274.5,278.0069885253906,25390
2019-02-14,274.00299072265625,274.00299072265625,274.94500732421875,272.70001220703125,273.70001220703125,12080
2019-02-15,272.4909973144531,272.4909973144531,274.4580078125,270.5780029296875,274.4580078125,9830
2019-02-18,271.81298828125,271.81298828125,274.7699890136719,271.4909973144531,274.7699890136719,573430
2019-02-19,271.40399169921875,271.40399169921875,275.0150146484375,270.79998779296875,275.0150146484375,173130
2019-02-20,273.86199951171875,273.86199951171875,274.27899169921875,272.25,273.1990051269531,53230
2019-02-21,274.7699890136719,274.7699890136719,284.82000732421875,274.2149963378906,284.82000732421875,7050
2019-02-22,273.2919921875,273.2919921875,275.0299987792969,272.79400634765625,274.20001220703125,4730
2019-02-25,275.93798828125,275.93798828125,276.8169860839844,274.1000061035156,274.45001220703125,15670
2019-02-26,274.82000732421875,274.82000732421875,276.75,272.3500061035156,273.20001220703125,1169580
2019-02-27,272.8340148925781,272.8340148925781,276.45001220703125,272.3999938964844,276.45001220703125,8270
2019-02-28,273.5660095214844,273.5660095214844,274.4949951171875,273.22601318359375,274.4490051269531,345050
2019-03-01,275.0679931640625,275.0679931640625,275.4540100097656,274.2030029296875,274.2330017089844,93260
2019-03-05,279.8399963378906,279.8399963378906,280.17999267578125,273.99200439453125,275.1000061035156,111770
2019-03-06,280.5840148925781,280.5840148925781,281.3999938964844,279.54998779296875,279.54998779296875,52960
2019-03-07,282.052001953125,282.052001953125,282.45001220703125,280.0,280.5,34260
2019-03-08,282.1029968261719,282.1029968261719,282.6000061035156,280.8030090332031,280.8030090332031,16630
2019-03-11,284.77899169921875,284.77899169921875,285.2900085449219,280.06500244140625,280.06500244140625,20380
2019-03-12,290.00799560546875,290.00799560546875,290.1830139160156,273.3900146484375,279.0799865722656,69050
2019-03-13,293.4280090332031,293.4280090332031,293.8500061035156,288.4200134277344,288.8699951171875,30410
2019-03-14,293.8840026855469,293.8840026855469,295.29998779296875,293.010009765625,293.44000244140625,154860
2019-03-15,299.14599609375,299.14599609375,300.2300109863281,294.33099365234375,294.4309997558594,318770
2019-03-18,299.8800048828125,299.8800048828125,305.1300048828125,298.54998779296875,305.1300048828125,636300
2019-03-19,302.69500732421875,302.69500732421875,303.0,299.5,299.5,24730
2019-03-20,302.9469909667969,302.9469909667969,303.50799560546875,301.1000061035156,302.3890075683594,1206670
2019-03-22,301.802001953125,301.802001953125,304.8429870605469,301.0,303.8500061035156,195830
2019-03-25,298.5329895019531,298.5329895019531,299.5050048828125,296.8699951171875,299.5050048828125,1047880
2019-03-26,305.00201416015625,305.00201416015625,310.4700012207031,298.2550048828125,304.5,1559230
2019-03-27,307.05499267578125,307.05499267578125,310.0,292.79998779296875,305.8999938964844,407570
2019-03-28,311.3590087890625,311.3590087890625,312.0,306.60101318359375,310.0,201160
2019-04-01,309.6310119628906,309.6310119628906,312.760986328125,308.54998779296875,312.20001220703125,133610
2019-04-02,307.1180114746094,307.1180114746094,310.0,306.66900634765625,310.0,594020
2019-04-03,306.885986328125,306.885986328125,310.6000061035156,306.42999267578125,308.760009765625,59510
2019-04-04,304.5010070800781,304.5010070800781,308.0,303.80499267578125,308.0,491200
2019-04-05,306.01300048828125,306.01300048828125,307.0,303.8999938964844,304.5249938964844,533840
2019-04-08,303.9570007324219,303.9570007324219,308.3500061035156,303.2439880371094,307.25,24410
2019-04-09,307.531005859375,307.531005859375,307.8080139160156,303.02801513671875,304.2099914550781,1020720
2019-04-10,304.06201171875,304.06201171875,307.6499938964844,302.7690124511719,307.6499938964844,505740
2019-04-11,303.63299560546875,303.63299560546875,303.99798583984375,302.1499938964844,303.8420104980469,10160
2019-04-12,304.5769958496094,304.5769958496094,305.45001220703125,302.8500061035156,303.7250061035156,8310
2019-04-15,306.35101318359375,306.35101318359375,306.95001220703125,304.29998779296875,304.70001220703125,27520
2019-04-16,310.2120056152344,310.2120056152344,311.0899963378906,306.65301513671875,306.65301513671875,31050
2019-04-18,308.2430114746094,308.2430114746094,311.8399963378906,307.5400085449219,311.0,40750
2019-04-22,302.0249938964844,302.0249938964844,307.8550109863281,300.70001220703125,307.8550109863281,1456640
2019-04-23,300.2669982910156,300.2669982910156,304.8999938964844,300.0260009765625,302.5,624340
2019-04-24,303.9219970703125,303.9219970703125,312.2799987792969,299.8500061035156,306.2699890136719,15200
2019-04-25,302.24798583984375,302.24798583984375,305.0950012207031,300.69500732421875,304.3999938964844,6110
2019-04-26,304.8760070800781,304.8760070800781,305.25,300.8699951171875,300.8699951171875,15880
2019-04-30,302.6289978027344,302.6289978027344,304.6000061035156,300.3999938964844,304.6000061035156,629480
2019-05-02,301.7909851074219,301.7909851074219,303.93798828125,301.0,301.5,37400
2019-05-03,305.1440124511719,305.1440124511719,306.2950134277344,301.9209899902344,302.04998779296875,150920
2019-05-06,301.8380126953125,301.8380126953125,310.5,301.20001220703125,310.5,46120
2019-05-07,298.44000244140625,298.44000244140625,304.0,297.57000732421875,304.0,15370
2019-05-08,294.1960144042969,294.1960144042969,298.0,294.0,297.5,500540
2019-05-09,293.6889953613281,293.6889953613281,304.9880065917969,290.05999755859375,304.9880065917969,52240
2019-05-10,295.968994140625,295.968994140625,297.3999938964844,290.0050048828125,293.6000061035156,516240
2019-05-13,292.0849914550781,292.0849914550781,295.6000061035156,291.3399963378906,295.6000061035156,10570
2019-05-14,293.0350036621094,293.0350036621094,295.04998779296875,291.2560119628906,292.3949890136719,36770
2019-05-15,291.5979919433594,291.5979919433594,295.1499938964844,291.2250061035156,294.1700134277344,19050
2019-05-16,294.72198486328125,294.72198486328125,295.406005859375,290.8699951171875,291.2250061035156,340030
2019-05-17,300.5199890136719,300.5199890136719,301.25,292.89801025390625,294.0,804500
2019-05-20,313.8089904785156,313.8089904785156,314.0780029296875,304.989990234375,305.2489929199219,463080
2019-05-21,308.9949951171875,308.9949951171875,314.95001220703125,308.54998779296875,311.7120056152344,1080930
2019-05-22,311.718994140625,311.718994140625,312.54998779296875,307.239990234375,309.8999938964844,271740
2019-05-23,310.5530090332031,310.5530090332031,323.1000061035156,308.85101318359375,314.0,1014990
2019-05-24,317.3080139160156,317.3080139160156,318.25,311.1050109863281,311.1050109863281,75760
2019-05-27,321.61199951171875,321.61199951171875,322.0,315.4880065917969,316.8699951171875,31470
2019-05-28,321.9070129394531,321.9070129394531,322.8500061035156,319.45001220703125,319.8999938964844,265530
2019-05-29,318.38299560546875,318.38299560546875,321.29998779296875,317.45001220703125,320.989990234375,35950
2019-05-30,321.2130126953125,321.2130126953125,321.989013671875,316.2149963378906,318.29998779296875,81250
2019-05-31,319.7749938964844,319.7749938964844,323.93701171875,312.614990234375,322.45001220703125,924140
2019-06-03,322.53900146484375,322.53900146484375,325.0,317.75,325.0,337700
2019-06-04,322.2080078125,322.2080078125,329.88800048828125,319.8599853515625,328.989990234375,161440
2019-06-06,314.6090087890625,314.6090087890625,321.4960021972656,314.135009765625,321.1499938964844,2230020
2019-06-07,316.4679870605469,316.4679870605469,316.8500061035156,307.09100341796875,314.7099914550781,722680
2019-06-10,315.49798583984375,315.49798583984375,319.0159912109375,314.05999755859375,317.8999938964844,46690
2019-06-11,318.281005859375,318.281005859375,319.79998779296875,314.89898681640625,317.0,30350
2019-06-12,315.4830017089844,315.4830017089844,317.5,314.6650085449219,316.8699951171875,53810
2019-06-13,315.2699890136719,315.2699890136719,316.135986328125,312.0450134277344,314.0,95480
2019-06-14,311.7950134277344,311.7950134277344,315.6000061035156,310.5,314.29998779296875,26600
2019-06-17,307.7049865722656,307.7049865722656,312.20001220703125,307.5,312.20001220703125,532540
2019-06-18,308.2820129394531,308.2820129394531,310.3500061035156,307.0329895019531,307.29998779296875,82950
2019-06-19,309.36700439453125,309.36700439453125,312.9469909667969,307.6600036621094,308.2850036621094,45910
2019-06-20,313.2439880371094,313.2439880371094,315.8299865722656,307.281005859375,311.29998779296875,347770
2019-06-21,312.64599609375,312.64599609375,315.0,311.2099914550781,315.0,23180
2019-06-24,312.8089904785156,312.8089904785156,314.0,311.75,311.81500244140625,15740
2019-06-25,314.6629943847656,314.6629943847656,315.0299987792969,311.0,313.05499267578125,26380
2019-06-26,317.2760009765625,317.2760009765625,321.0,313.7820129394531,315.6000061035156,18950
2019-06-27,319.6189880371094,319.6189880371094,320.28399658203125,317.364990234375,319.0,52960
2019-06-28,318.7130126953125,318.7130126953125,321.0,317.0199890136719,319.5350036621094,591570
2019-07-01,320.1659851074219,320.1659851074219,321.29998779296875,319.0740051269531,320.0,127650
2019-07-02,319.5480041503906,319.5480041503906,324.0,317.739990234375,324.0,52390
2019-07-03,320.0710144042969,320.0710144042969,320.95001220703125,318.69000244140625,319.2049865722656,23530
2019-07-04,321.52301025390625,321.52301025390625,323.0299987792969,320.0710144042969,320.1050109863281,502530
2019-07-05,321.5769958496094,321.5769958496094,323.5,320.031005859375,323.0,176990
2019-07-08,312.68701171875,312.68701171875,320.0249938964844,312.0,320.0249938964844,83420
2019-07-09,312.3340148925781,312.3340148925781,313.04998779296875,310.25,311.8500061035156,36320
2019-07-10,311.24200439453125,311.24200439453125,313.8590087890625,310.55499267578125,312.8949890136719,62100
2019-07-11,313.635009765625,313.635009765625,314.45001220703125,311.3999938964844,312.8450012207031,20930
2019-07-12,312.6719970703125,312.6719970703125,315.0,312.1499938964844,312.79998779296875,31010
2019-07-15,311.0320129394531,311.0320129394531,313.0050048828125,310.0,313.0050048828125,24720
2019-07-16,312.3970031738281,312.3970031738281,312.56201171875,309.8500061035156,310.0050048828125,11870
2019-07-17,313.0790100097656,313.0790100097656,314.4490051269531,311.3699951171875,312.3999938964844,3306680
2019-07-18,310.010009765625,310.010009765625,313.3340148925781,309.8999938964844,312.5450134277344,40390
2019-07-19,303.15899658203125,303.15899658203125,322.4100036621094,302.82501220703125,316.2099914550781,91730
2019-07-22,298.25299072265625,298.25299072265625,302.739990234375,295.510009765625,298.1000061035156,759030
2019-07-23,296.8919982910156,296.8919982910156,299.5950012207031,295.7120056152344,298.9339904785156,78440
2019-07-24,295.40301513671875,295.40301513671875,298.3999938964844,294.7049865722656,297.29998779296875,49380
2019-07-25,296.0840148925781,296.0840148925781,297.70001220703125,294.3999938964844,295.89300537109375,33970
2019-07-26,299.0790100097656,299.0790100097656,299.3999938964844,295.5050048828125,296.8450012207031,38160
2019-07-29,298.53900146484375,298.53900146484375,299.8999938964844,297.1340026855469,299.1000061035156,24810
2019-07-30,294.3110046386719,294.3110046386719,300.4939880371094,294.0,299.7929992675781,52970
2019-07-31,293.89801025390625,293.89801025390625,294.8999938964844,291.73699951171875,293.3070068359375,102570
2019-08-01,287.76300048828125,287.76300048828125,294.0,287.04998779296875,293.5950012207031,130260
2019-08-02,288.3290100097656,288.3290100097656,291.6499938964844,285.54998779296875,287.79998779296875,118390
2019-08-05,282.45599365234375,282.45599365234375,285.0,280.25,285.0,258500
2019-08-06,286.5119934082031,286.5119934082031,288.0,281.89801025390625,281.8999938964844,268500
2019-08-07,283.3810119628906,283.3810119628906,287.6000061035156,282.5050048828125,286.5,32790
2019-08-08,288.0459899902344,288.0459899902344,288.5050048828125,281.80999755859375,283.5,50400
2019-08-09,290.6969909667969,290.6969909667969,292.3320007324219,288.80999755859375,290.0050048828125,54310
2019-08-13,283.1029968261719,283.1029968261719,291.70001220703125,282.9150085449219,291.70001220703125,79400
2019-08-14,285.09600830078125,285.09600830078125,287.3219909667969,283.3550109863281,283.6000061035156,2051610
2019-08-16,287.8900146484375,287.8900146484375,288.20001220703125,283.1860046386719,285.125,34250
2019-08-19,288.0,288.0,291.0350036621094,287.3999938964844,287.9460144042969,27140
2019-08-20,285.6709899902344,285.6709899902344,288.53900146484375,284.8699951171875,288.3489990234375,20820
2019-08-21,283.6130065917969,283.6130065917969,286.4989929199219,283.0,285.5,19310
2019-08-22,276.8399963378906,276.8399963378906,282.6499938964844,276.1000061035156,282.6499938964844,88160
2019-08-23,275.9129943847656,275.9129943847656,281.260009765625,271.20098876953125,281.260009765625,108790
2019-08-26,285.1579895019531,285.1579895019531,286.95001220703125,274.80999755859375,281.42999267578125,42290
2019-08-27,286.84698486328125,286.84698486328125,288.44000244140625,286.0,286.0,53830
2019-08-28,283.364990234375,283.364990234375,287.0,282.510009765625,286.20001220703125,490000
2019-08-29,279.44500732421875,279.44500732421875,283.5,278.5,283.5,141980
2019-08-30,280.364990234375,280.364990234375,281.74798583984375,276.79998779296875,280.5,165210
2019-09-03,273.42498779296875,273.42498779296875,278.0589904785156,272.5,278.0,216720
2019-09-04,277.7349853515625,277.7349853515625,278.4150085449219,272.5,273.5050048828125,187710
2019-09-05,275.3399963378906,275.3399963378906,278.989990234375,274.0,277.9570007324219,52660
2019-09-06,278.47900390625,278.47900390625,278.9849853515625,276.0150146484375,276.6000061035156,22740
2019-09-09,281.0140075683594,281.0140075683594,281.3999938964844,275.1099853515625,278.3999938964844,40500
2019-09-11,283.4440002441406,283.4440002441406,283.8999938964844,277.5,281.0,18230
2019-09-12,284.0530090332031,284.0530090332031,286.0,282.3999938964844,282.3999938964844,32370
2019-09-13,286.81201171875,286.81201171875,287.7049865722656,282.04998779296875,283.5,53730
2019-09-16,285.1510009765625,285.1510009765625,286.5,283.260009765625,285.0050048828125,61110
2019-09-17,277.53900146484375,277.53900146484375,284.5,277.0,284.5,48710
2019-09-18,277.7929992675781,277.7929992675781,280.06500244140625,276.54998779296875,279.0,43630
2019-09-19,273.4909973144531,273.4909973144531,277.4949951171875,272.70001220703125,276.8699951171875,60440
2019-09-20,296.06500244140625,296.06500244140625,300.79998779296875,273.3999938964844,273.6000061035156,2482640
2019-09-23,313.67498779296875,313.67498779296875,314.20001220703125,300.0,300.0,1583690
2019-09-24,308.7720031738281,308.7720031738281,313.0,305.70001220703125,312.4949951171875,150960
2019-09-25,301.7749938964844,301.7749938964844,308.0,301.010009765625,308.0,136600
2019-09-26,306.57000732421875,306.57000732421875,313.79998779296875,301.739013671875,302.8999938964844,114830
2019-09-27,305.3900146484375,305.3900146484375,312.4880065917969,304.114990234375,312.4880065917969,37970
2019-09-30,298.17498779296875,298.17498779296875,304.42999267578125,296.29998779296875,304.3800048828125,1923760
2019-10-01,293.6719970703125,293.6719970703125,301.3999938964844,287.2250061035156,300.0,333640
2019-10-03,290.3380126953125,290.3380126953125,294.9880065917969,288.70001220703125,294.9880065917969,217760
2019-10-04,283.84600830078125,283.84600830078125,294.0,283.0,294.0,285840
2019-10-07,283.3340148925781,283.3340148925781,288.0,282.0,283.79998779296875,91270
2019-10-09,293.51300048828125,293.51300048828125,294.3999938964844,282.8699951171875,288.7950134277344,169800
2019-10-10,286.3630065917969,286.3630065917969,292.5,285.20001220703125,292.0,87520
2019-10-11,286.90899658203125,286.90899658203125,291.5,283.5150146484375,288.489990234375,200750
2019-10-14,287.2850036621094,287.2850036621094,291.70001220703125,286.1400146484375,288.20001220703125,368000
2019-10-15,292.0050048828125,292.0050048828125,293.0,288.09100341796875,289.54901123046875,42390
2019-10-16,291.9179992675781,291.9179992675781,293.04998779296875,289.70001220703125,291.8999938964844,203970
2019-10-17,296.4259948730469,296.4259948730469,297.29998779296875,290.8999938964844,291.03900146484375,201880
2019-10-18,297.2040100097656,297.2040100097656,298.4389953613281,294.0,296.0,33590
2019-10-22,300.0690002441406,300.0690002441406,303.0,297.26800537109375,297.531005859375,91820
2019-10-23,300.0610046386719,300.0610046386719,302.1000061035156,298.2690124511719,300.0,59880
2019-10-24,297.55999755859375,297.55999755859375,302.6000061035156,296.32501220703125,301.33099365234375,251440
2019-10-25,300.6610107421875,300.6610107421875,301.0,295.70001220703125,299.20001220703125,224550
2019-10-27,301.7349853515625,301.7349853515625,302.5,300.5950012207031,301.5,8710
2019-10-29,304.447998046875,304.447998046875,305.79998779296875,301.0,305.0,60940
2019-10-30,305.48699951171875,305.48699951171875,307.1000061035156,303.5,304.5,53850
2019-10-31,306.85198974609375,306.85198974609375,309.7749938964844,305.8999938964844,306.5299987792969,137630
2019-11-01,309.1449890136719,309.1449890136719,309.79998779296875,305.0,305.0,149350
2019-11-04,310.135986328125,310.135986328125,312.78399658203125,305.0,305.0,115640
2019-11-05,308.5950012207031,308.5950012207031,311.2829895019531,307.7090148925781,310.1000061035156,39850
2019-11-06,312.0090026855469,312.0090026855469,313.0,306.2250061035156,313.0,168240
2019-11-07,312.86700439453125,312.86700439453125,314.1000061035156,311.3999938964844,312.5,94960
2019-11-08,314.1189880371094,314.1189880371094,316.8900146484375,312.0,312.0,91920
2019-11-11,316.4960021972656,316.4960021972656,317.5,313.0,313.5,57310
2019-11-13,311.50201416015625,311.50201416015625,317.3999938964844,311.03399658203125,316.5,604910
2019-11-14,313.2799987792969,313.2799987792969,313.5950012207031,309.48699951171875,311.6000061035156,43760
2019-11-15,317.1510009765625,317.1510009765625,317.9330139160156,314.260009765625,314.4110107421875,205770
2019-11-18,315.7040100097656,315.7040100097656,318.4490051269531,315.3999938964844,316.0,131860
2019-11-19,318.6099853515625,318.6099853515625,318.9989929199219,315.78900146484375,317.9280090332031,39310
2019-11-20,314.5039978027344,314.5039978027344,320.489990234375,308.6300048828125,312.61199951171875,321400
2019-11-21,319.24798583984375,319.24798583984375,320.29998779296875,318.0,318.0,203940
2019-11-22,316.8800048828125,316.8800048828125,319.3059997558594,316.3599853515625,318.3999938964844,48130
2019-11-25,321.4209899902344,321.4209899902344,321.7799987792969,316.5400085449219,316.79998779296875,63070
2019-11-26,323.12701416015625,323.12701416015625,323.9949951171875,320.8999938964844,321.760009765625,139330
2019-11-27,324.4989929199219,324.4989929199219,324.9649963378906,322.1000061035156,322.1000061035156,52190
2019-11-28,327.82598876953125,327.82598876953125,328.3999938964844,324.79998779296875,325.0,558690
2019-11-29,325.60699462890625,325.60699462890625,327.7900085449219,324.3940124511719,327.78900146484375,38490
2019-12-02,324.93499755859375,324.93499755859375,326.20001220703125,323.8280029296875,325.7550048828125,162270
2019-12-03,322.1659851074219,322.1659851074219,324.93499755859375,321.3999938964844,324.93499755859375,113840
2019-12-04,325.97698974609375,325.97698974609375,326.8999938964844,320.0159912109375,321.5,51080
2019-12-05,323.5530090332031,323.5530090332031,327.20001220703125,322.8699951171875,326.9849853515625,103940
2019-12-06,319.843994140625,319.843994140625,325.3389892578125,318.7090148925781,323.57000732421875,171800
2019-12-09,319.8479919433594,319.8479919433594,324.3999938964844,317.70001220703125,324.3999938964844,19360
2019-12-10,317.7359924316406,317.7359924316406,320.1549987792969,317.2359924316406,318.6409912109375,97650
2019-12-11,318.7300109863281,318.7300109863281,319.6199951171875,316.54998779296875,318.19500732421875,21860
2019-12-12,322.447998046875,322.447998046875,322.989013671875,319.5799865722656,319.64599609375,78980
2019-12-13,326.406005859375,326.406005859375,327.2950134277344,323.8500061035156,323.8550109863281,133320
2019-12-16,326.03900146484375,326.03900146484375,327.6000061035156,325.2049865722656,327.43499755859375,26980
2019-12-17,327.6340026855469,327.6340026855469,328.2699890136719,325.9209899902344,326.68499755859375,22680
2019-12-18,328.69500732421875,328.69500732421875,329.1000061035156,326.2049865722656,327.62298583984375,27870
2019-12-19,32.95100021362305,32.95100021362305,33.17499923706055,32.73400115966797,33.16299819946289,308560
2019-12-20,33.090999603271484,33.090999603271484,33.154998779296875,32.94499969482422,32.95500183105469,203370
2019-12-23,330.7099914550781,330.7099914550781,331.70001220703125,329.2200012207031,331.0,17645
2019-12-24,330.3699951171875,330.3699951171875,331.0,329.05999755859375,330.95001220703125,146125
2019-12-26,327.760009765625,327.760009765625,330.29998779296875,327.0,330.29998779296875,57119
2019-12-27,330.739990234375,330.739990234375,331.5,327.0,327.04998779296875,98572
2019-12-30,330.0899963378906,330.0899963378906,332.8999938964844,328.3999938964844,331.3500061035156,974276
2019-12-31,329.0,329.0,330.25,328.0199890136719,330.0,388899
2020-01-01,328.30999755859375,328.30999755859375,330.1000061035156,327.3999938964844,329.20001220703125,18548
2020-01-02,331.92999267578125,331.92999267578125,332.95001220703125,328.510009765625,332.95001220703125,31931
2020-01-03,326.5400085449219,326.5400085449219,330.1000061035156,325.8900146484375,329.1499938964844,1082930
2020-01-06,319.17999267578125,319.17999267578125,325.17999267578125,318.0,325.04998779296875,237648
2020-01-07,320.1700134277344,320.1700134277344,324.79998779296875,318.0799865722656,321.6000061035156,1099389
2020-01-08,319.4700012207031,319.4700012207031,320.3999938964844,315.29998779296875,318.04998779296875,1060588
2020-01-09,327.010009765625,327.010009765625,327.8900146484375,320.04998779296875,320.1099853515625,129898
2020-01-10,327.82000732421875,327.82000732421875,330.1000061035156,326.8599853515625,328.0,369047
2020-01-13,328.6499938964844,328.6499938964844,329.79998779296875,327.6000061035156,328.54998779296875,49028
2020-01-14,327.8299865722656,327.8299865722656,328.67999267578125,326.6300048828125,328.6300048828125,20591
2020-01-15,324.79998779296875,324.79998779296875,328.04998779296875,323.8999938964844,328.04998779296875,89742
2020-01-16,325.1600036621094,325.1600036621094,326.3999938964844,323.6600036621094,325.3800048828125,85986
2020-01-17,322.9100036621094,322.9100036621094,326.3999938964844,322.1600036621094,326.3999938964844,163727
2020-01-20,318.0,318.0,324.6199951171875,317.70001220703125,324.6199951171875,171089
2020-01-21,316.4200134277344,316.4200134277344,318.3999938964844,315.70001220703125,318.0,85599
2020-01-22,313.8500061035156,313.8500061035156,318.8699951171875,313.1700134277344,315.04998779296875,78043
2020-01-23,317.0899963378906,317.0899963378906,317.6000061035156,313.5,314.19000244140625,147834
2020-01-24,319.57000732421875,319.57000732421875,320.2799987792969,315.54998779296875,317.45001220703125,36330
2020-01-27,315.5199890136719,315.5199890136719,319.57000732421875,315.20001220703125,319.57000732421875,61506
2020-01-28,314.1300048828125,314.1300048828125,317.5,312.70001220703125,315.5,390121
2020-01-29,315.5299987792969,315.5299987792969,316.8999938964844,314.54998779296875,314.54998779296875,39598
2020-01-30,312.7099914550781,312.7099914550781,315.6000061035156,312.0,315.6000061035156,199110
2020-01-31,316.8999938964844,316.8999938964844,317.3500061035156,313.5,315.3500061035156,2346565
2020-02-03,306.92999267578125,306.92999267578125,307.7900085449219,302.3599853515625,307.0,296664
2020-02-04,312.8999938964844,312.8999938964844,314.20001220703125,308.2200012207031,308.3399963378906,604382
2020-02-05,316.80999755859375,316.80999755859375,317.0,312.1400146484375,313.239990234375,63958
2020-02-06,319.8299865722656,319.8299865722656,321.8699951171875,315.0,315.5,427816
2020-02-07,318.3399963378906,318.3399963378906,320.79998779296875,317.1700134277344,319.8299865722656,71435
2020-02-10,317.67999267578125,317.67999267578125,318.07000732421875,316.1000061035156,317.760009765625,65043
2020-02-11,319.4700012207031,319.4700012207031,321.0,318.510009765625,318.57000732421875,79858
2020-02-12,321.07000732421875,321.07000732421875,321.989990234375,320.2200012207031,320.3299865722656,256346
2020-02-13,318.2200012207031,318.2200012207031,321.1000061035156,317.7200012207031,321.1000061035156,52112
2020-02-14,314.75,314.75,320.0299987792969,313.8999938964844,318.510009765625,146724
2020-02-17,313.05999755859375,313.05999755859375,316.79998779296875,312.54998779296875,316.79998779296875,156900
2020-02-18,312.2799987792969,312.2799987792969,313.25,309.45001220703125,312.1000061035156,138748
2020-02-19,314.010009765625,314.010009765625,315.25,312.1000061035156,315.0,707865
2020-02-20,315.1199951171875,315.1199951171875,316.6000061035156,312.6000061035156,316.0,314430
2020-02-24,309.6700134277344,309.6700134277344,314.989990234375,309.54998779296875,314.94000244140625,583995
2020-02-25,310.5400085449219,310.5400085449219,315.0,309.3399963378906,315.0,34370
2020-02-26,309.9200134277344,309.9200134277344,311.3999938964844,307.5,309.989990234375,47536
2020-02-27,307.4200134277344,307.4200134277344,311.9800109863281,304.79998779296875,311.9800109863281,905082
2020-02-28,296.7200012207031,296.7200012207031,304.8500061035156,295.7799987792969,303.0,301214
2020-03-02,294.45001220703125,294.45001220703125,302.29998779296875,291.6000061035156,297.5,139338
2020-03-03,298.2699890136719,298.2699890136719,304.0,293.2300109863281,300.29998779296875,609199
2020-03-04,292.70001220703125,292.70001220703125,299.8800048828125,287.5,292.29998779296875,142861
2020-03-05,294.5899963378906,294.5899963378906,297.3999938964844,291.0400085449219,293.3500061035156,77804
2020-03-06,284.7699890136719,284.7699890136719,292.989990234375,280.0,292.989990234375,894919
2020-03-09,271.6099853515625,271.6099853515625,283.489990234375,265.54998779296875,278.05999755859375,502996
2020-03-11,270.6199951171875,270.6199951171875,274.17999267578125,268.5,273.5,166022
2020-03-12,244.88999938964844,244.88999938964844,281.3999938964844,242.10000610351562,276.0,672887
2020-03-13,257.760009765625,257.760009765625,264.5,225.77999877929688,238.0,533514
2020-03-16,239.97000122070312,239.97000122070312,256.489990234375,239.0,256.489990234375,551723
2020-03-17,226.35000610351562,226.35000610351562,245.89999389648438,225.0,237.0500030517578,279242
2020-03-18,210.1199951171875,210.1199951171875,231.85000610351562,206.9199981689453,230.89999389648438,913987
2020-03-19,203.57000732421875,203.57000732421875,212.5,195.0,208.99000549316406,444518
2020-03-20,204.25,204.25,211.39999389648438,196.8000030517578,203.0,1795349
2020-03-23,174.77999877929688,174.77999877929688,196.0,172.1999969482422,195.0500030517578,1012347
2020-03-24,174.0500030517578,174.0500030517578,184.0,169.5500030517578,180.0,355305
2020-03-25,186.86000061035156,186.86000061035156,189.0,172.5500030517578,173.89999389648438,290843
2020-03-26,197.88999938964844,197.88999938964844,204.75,186.86000061035156,189.0,410333
2020-03-27,201.1999969482422,201.1999969482422,215.0,195.0,201.8000030517578,572079
2020-03-30,191.6199951171875,191.6199951171875,199.5,190.60000610351562,199.3000030517578,239075
2020-03-31,194.57000732421875,194.57000732421875,199.0,191.4600067138672,196.0,570830
2020-04-01,187.02000427246094,187.02000427246094,195.0,185.5,195.0,266075
2020-04-03,174.8300018310547,174.8300018310547,190.0,174.0,187.07000732421875,1073664
2020-04-07,192.1199951171875,192.1199951171875,193.02000427246094,181.0,181.0,630879
2020-04-08,191.27999877929688,191.27999877929688,205.39999389648438,186.05999755859375,190.0,676832
2020-04-09,198.5800018310547,198.5800018310547,199.5,192.10000610351562,195.0,516093
2020-04-13,196.44000244140625,196.44000244140625,199.8000030517578,193.5500030517578,199.49000549316406,294712
2020-04-15,191.35000610351562,191.35000610351562,202.3300018310547,188.8000030517578,199.0,536399
2020-04-16,195.47999572753906,195.47999572753906,196.5,188.0,191.35000610351562,329730
2020-04-17,210.32000732421875,210.32000732421875,225.89999389648438,197.75,199.89999389648438,1523181
2020-04-20,206.89999389648438,206.89999389648438,218.8000030517578,205.0,205.0,497436
2020-04-21,198.22999572753906,198.22999572753906,205.0,195.00999450683594,202.11000061035156,537204
2020-04-22,199.17999267578125,199.17999267578125,199.99000549316406,192.1199951171875,198.3000030517578,589057
2020-04-23,203.52999877929688,203.52999877929688,204.64999389648438,197.82000732421875,199.9199981689453,592107
2020-04-24,196.89999389648438,196.89999389648438,202.4199981689453,195.6300048828125,202.4199981689453,2150237
2020-04-27,201.60000610351562,201.60000610351562,203.07000732421875,198.5,199.88999938964844,580279
2020-04-28,207.10000610351562,207.10000610351562,207.9499969482422,203.0,203.0,1039793
2020-04-29,211.86000061035156,211.86000061035156,214.0,204.10000610351562,210.0,1159469
2020-04-30,215.3300018310547,215.3300018310547,219.99000549316406,209.8000030517578,209.8000030517578,1078439
2020-05-04,199.1999969482422,199.1999969482422,213.39999389648438,198.10000610351562,213.39999389648438,707935
2020-05-05,195.1199951171875,195.1199951171875,203.2899932861328,194.50999450683594,199.1999969482422,517420
2020-05-06,199.27999877929688,199.27999877929688,200.2100067138672,191.1999969482422,195.5,1350845
2020-05-07,197.25,197.25,200.4600067138672,195.8000030517578,199.0,454368
2020-05-08,195.3000030517578,195.3000030517578,201.39999389648438,195.0,199.97999572753906,302901
2020-05-11,191.4199981689453,191.4199981689453,199.9499969482422,190.9199981689453,199.9499969482422,526579
2020-05-12,190.27000427246094,190.27000427246094,191.6199951171875,184.60000610351562,191.39999389648438,992421
2020-05-13,197.77999877929688,197.77999877929688,202.8000030517578,194.5,194.5,716077
2020-05-14,192.4199981689453,192.4199981689453,197.0,191.5800018310547,197.0,702970
2020-05-15,190.0500030517578,190.0500030517578,193.9499969482422,188.5,193.9499969482422,523067
2020-05-18,177.6300048828125,177.6300048828125,190.0500030517578,177.0,190.0500030517578,1605600
2020-05-19,175.8699951171875,175.8699951171875,182.89999389648438,175.0500030517578,180.0,1149907
2020-05-20,179.0399932861328,179.0399932861328,181.10000610351562,175.3000030517578,177.6999969482422,697048
2020-05-21,178.27000427246094,178.27000427246094,182.75,177.60000610351562,180.0,715150
2020-05-22,173.75999450683594,173.75999450683594,180.0,172.5,176.75,1523636
2020-05-26,175.82000732421875,175.82000732421875,182.0,174.61000061035156,180.0,813743
2020-05-27,187.7899932861328,187.7899932861328,188.6999969482422,175.82000732421875,175.82000732421875,1949897
2020-05-28,192.2100067138672,192.2100067138672,195.0,188.6999969482422,189.0,1721459
2020-05-29,193.67999267578125,193.67999267578125,194.8800048828125,188.27000427246094,191.0,1675134
2020-06-01,200.52999877929688,200.52999877929688,203.63999938964844,195.11000061035156,195.11000061035156,1480053
2020-06-02,206.39999389648438,206.39999389648438,207.4600067138672,199.3000030517578,201.5,995348
2020-06-03,210.6699981689453,210.6699981689453,217.64999389648438,207.6999969482422,209.0,1708132
2020-06-04,205.39999389648438,205.39999389648438,212.83999633789062,204.6199951171875,210.0,1624052
2020-06-05,211.9600067138672,211.9600067138672,213.63999938964844,205.0,206.85000610351562,1753032
2020-06-08,214.02000427246094,214.02000427246094,219.22999572753906,211.55999755859375,215.0,2971717
2020-06-09,208.55999755859375,208.55999755859375,217.44000244140625,207.83999633789062,215.0,1751280
2020-06-10,213.17999267578125,213.17999267578125,214.6999969482422,206.6999969482422,210.0,921313
2020-06-11,206.77000427246094,206.77000427246094,213.99000549316406,206.0,212.25,1457053
2020-06-12,207.74000549316406,207.74000549316406,208.5500030517578,198.0,204.49000549316406,1892745
2020-06-15,200.74000549316406,200.74000549316406,207.4499969482422,199.0,207.4499969482422,1427728
2020-06-16,203.88999938964844,203.88999938964844,208.3300018310547,196.4199981689453,204.0,10350896
2020-06-17,202.94000244140625,202.94000244140625,207.42999267578125,200.0,202.99000549316406,1620930
2020-06-18,210.97000122070312,210.97000122070312,211.77000427246094,201.60000610351562,203.89999389648438,2426597
2020-06-19,215.07000732421875,215.07000732421875,216.13999938964844,210.0800018310547,211.97000122070312,2292363
2020-06-22,218.5,218.5,222.3000030517578,215.0,216.3000030517578,2314863
2020-06-23,224.5800018310547,224.5800018310547,238.1999969482422,217.85000610351562,223.89999389648438,1723130
2020-06-24,215.85000610351562,215.85000610351562,226.1300048828125,215.0,225.11000061035156,1912816
2020-06-25,216.3000030517578,216.3000030517578,217.86000061035156,211.10000610351562,215.0,1710730
2020-06-26,216.82000732421875,216.82000732421875,219.0,214.0,217.0,1750131
2020-06-29,215.30999755859375,215.30999755859375,216.1199951171875,212.0,215.77000427246094,1286696
2020-06-30,215.41000366210938,215.41000366210938,218.39999389648438,213.8000030517578,218.35000610351562,969269
2020-07-01,221.24000549316406,221.24000549316406,221.82000732421875,213.5,215.60000610351562,1996813
2020-07-02,221.50999450683594,221.50999450683594,224.66000366210938,220.52000427246094,222.99000549316406,1659984
2020-07-03,220.4600067138672,220.4600067138672,224.1999969482422,219.57000732421875,224.1999969482422,1130108
2020-07-06,223.6699981689453,223.6699981689453,225.5,223.0,223.97999572753906,1638520
2020-07-07,227.35000610351562,227.35000610351562,227.8800048828125,221.74000549316406,224.0,1339073
2020-07-08,228.5,228.5,232.64999389648438,227.0,228.0,2303495
2020-07-09,231.08999633789062,231.08999633789062,231.85000610351562,227.89999389648438,230.0,1204795
2020-07-10,226.0399932861328,226.0399932861328,231.1999969482422,225.13999938964844,229.0,1233686
2020-07-13,222.50999450683594,222.50999450683594,229.14999389648438,221.8000030517578,226.0399932861328,2148475
2020-07-14,215.38999938964844,215.38999938964844,222.99000549316406,213.6199951171875,221.89999389648438,1380141
2020-07-15,214.13999938964844,214.13999938964844,220.25,213.27000427246094,218.19000244140625,2011773
2020-07-16,216.6699981689453,216.6699981689453,217.72999572753906,211.25,216.0,1009381
2020-07-17,220.6999969482422,220.6999969482422,221.77999877929688,216.36000061035156,217.89999389648438,824191
2020-07-20,224.38999938964844,224.38999938964844,225.99000549316406,221.16000366210938,224.89999389648438,1480850
2020-07-21,229.32000732421875,229.32000732421875,230.0,222.39999389648438,225.38999938964844,913481
2020-07-22,229.72000122070312,229.72000122070312,232.0,227.3000030517578,230.00999450683594,934255
2020-07-23,231.99000549316406,231.99000549316406,232.5,228.11000061035156,231.0,736475
2020-07-24,227.74000549316406,227.74000549316406,231.10000610351562,225.3000030517578,231.10000610351562,898314
2020-07-27,220.1199951171875,220.1199951171875,232.0,219.75,228.88999938964844,1361904
2020-07-28,222.6699981689453,222.6699981689453,223.8699951171875,217.9199981689453,221.99000549316406,914800
2020-07-29,222.13999938964844,222.13999938964844,225.0,220.60000610351562,221.00999450683594,711637
2020-07-30,217.38999938964844,217.38999938964844,223.6199951171875,216.6999969482422,222.49000549316406,1466325
2020-07-31,217.88999938964844,217.88999938964844,221.38999938964844,215.3000030517578,217.41000366210938,880454
2020-08-03,212.6199951171875,212.6199951171875,219.77999877929688,212.10000610351562,219.77999877929688,1001050
2020-08-04,215.97000122070312,215.97000122070312,216.9199981689453,212.10000610351562,214.74000549316406,976337
2020-08-05,216.08999633789062,216.08999633789062,220.2100067138672,215.50999450683594,216.9499969482422,882947
2020-08-06,217.22000122070312,217.22000122070312,220.0500030517578,214.6300048828125,217.89999389648438,974467
2020-08-07,218.2100067138672,218.2100067138672,218.85000610351562,215.00999450683594,218.8300018310547,840700
2020-08-10,220.0500030517578,220.0500030517578,221.5,217.0,219.89999389648438,887180
2020-08-11,224.0399932861328,224.0399932861328,224.36000061035156,221.0,221.0,1773293
2020-08-12,224.32000732421875,224.32000732421875,225.0,221.1999969482422,224.88999938964844,785899
2020-08-13,223.16000366210938,223.16000366210938,226.55999755859375,222.6300048828125,225.47999572753906,442704
2020-08-14,217.85000610351562,217.85000610351562,225.0,216.27000427246094,224.99000549316406,900320
2020-08-17,218.66000366210938,218.66000366210938,220.1999969482422,215.60000610351562,220.1999969482422,536483
2020-08-18,223.3699951171875,223.3699951171875,223.83999633789062,213.0500030517578,218.0,689248
2020-08-19,224.1699981689453,224.1699981689453,225.66000366210938,223.5,224.88999938964844,624275
2020-08-20,221.13999938964844,221.13999938964844,223.0,220.0,222.9499969482422,496977
2020-08-21,223.9499969482422,223.9499969482422,225.1999969482422,221.25,225.1999969482422,423462
2020-08-24,229.30999755859375,229.30999755859375,230.0,225.0,228.89999389648438,965844
2020-08-25,231.99000549316406,231.99000549316406,232.60000610351562,229.30999755859375,231.8000030517578,906262
2020-08-26,235.63999938964844,235.63999938964844,255.0,231.38999938964844,255.0,660114
2020-08-27,237.35000610351562,237.35000610351562,238.13999938964844,235.63999938964844,237.1999969482422,371482
2020-08-28,247.24000549316406,247.24000549316406,248.39999389648438,238.0,244.89999389648438,1679441
2020-08-31,239.57000732421875,239.57000732421875,284.29998779296875,235.50999450683594,284.29998779296875,1981443
2020-09-01,239.97999572753906,239.97999572753906,264.8800048828125,236.6999969482422,264.8800048828125,1482744
2020-09-02,240.64999389648438,240.64999389648438,249.30999755859375,236.6199951171875,249.30999755859375,1032804
2020-09-03,237.1199951171875,237.1199951171875,244.64999389648438,236.1199951171875,244.64999389648438,758147
2020-09-04,231.89999389648438,231.89999389648438,235.6699981689453,230.1999969482422,234.0,1002478
2020-09-07,231.3699951171875,231.3699951171875,233.9499969482422,228.61000061035156,233.9499969482422,532971
2020-09-08,229.00999450683594,229.00999450683594,232.44000244140625,228.10000610351562,231.10000610351562,414381
2020-09-09,224.24000549316406,224.24000549316406,229.0,222.07000732421875,229.0,962978
2020-09-10,226.36000061035156,226.36000061035156,228.36000061035156,223.75999450683594,227.9499969482422,499351
2020-09-11,226.57000732421875,226.57000732421875,227.99000549316406,223.60000610351562,226.39999389648438,599632
2020-09-14,222.75,222.75,229.14999389648438,222.00999450683594,224.0500030517578,849543
2020-09-15,226.24000549316406,226.24000549316406,230.0,222.10000610351562,227.0,1117515
2020-09-16,227.25999450683594,227.25999450683594,229.5,221.10000610351562,228.0,513153
2020-09-17,224.32000732421875,224.32000732421875,226.88999938964844,223.89999389648438,226.88999938964844,1149829
2020-09-18,221.3300018310547,221.3300018310547,227.9499969482422,218.60000610351562,227.9499969482422,924967
2020-09-21,215.07000732421875,215.07000732421875,222.0,214.07000732421875,221.9499969482422,1038594
2020-09-22,213.11000061035156,213.11000061035156,219.88999938964844,211.22000122070312,218.0,1001417
2020-09-23,213.5800018310547,213.5800018310547,219.0,209.86000061035156,217.0,687996
2020-09-24,206.8000030517578,206.8000030517578,245.0,206.16000366210938,245.0,1182866
2020-09-25,211.10000610351562,211.10000610351562,219.0,205.86000061035156,219.0,631334
2020-09-28,218.14999389648438,218.14999389648438,218.72999572753906,209.10000610351562,209.10000610351562,881259
2020-09-29,215.74000549316406,215.74000549316406,219.39999389648438,214.2100067138672,219.39999389648438,758527
2020-09-30,215.94000244140625,215.94000244140625,217.0,212.8000030517578,216.89999389648438,603486
2020-10-01,223.7100067138672,223.7100067138672,224.1699981689453,217.0,217.10000610351562,1201294
2020-10-05,224.67999267578125,224.67999267578125,228.6199951171875,223.25,224.0,1191415
2020-10-06,229.3300018310547,229.3300018310547,229.72999572753906,225.5,226.52000427246094,861896
2020-10-07,230.33999633789062,230.33999633789062,231.17999267578125,226.9600067138672,229.9499969482422,1085499
2020-10-08,232.8699951171875,232.8699951171875,235.1999969482422,231.3000030517578,231.83999633789062,1997972
2020-10-09,239.4199981689453,239.4199981689453,240.0,232.0,235.83999633789062,1344608
2020-10-12,238.27000427246094,238.27000427246094,242.64999389648438,236.55999755859375,239.5,1128714
2020-10-13,236.50999450683594,236.50999450683594,242.0,235.25,242.0,849425
2020-10-14,240.16000366210938,240.16000366210938,244.39999389648438,232.3000030517578,244.39999389648438,825756
2020-10-15,231.92999267578125,231.92999267578125,241.8000030517578,231.0,240.16000366210938,1012835
2020-10-16,236.5,236.5,237.69000244140625,232.66000366210938,233.7899932861328,769741
2020-10-19,243.89999389648438,243.89999389648438,244.39999389648438,235.5500030517578,236.0,1320129
2020-10-20,244.11000061035156,244.11000061035156,244.9499969482422,241.5,244.89999389648438,818043
2020-10-21,247.27999877929688,247.27999877929688,249.25,241.82000732421875,244.9499969482422,1375659
2020-10-22,246.10000610351562,246.10000610351562,248.9499969482422,241.35000610351562,248.0,735432
2020-10-23,246.49000549316406,246.49000549316406,248.4600067138672,244.66000366210938,247.5500030517578,889495
2020-10-26,242.42999267578125,242.42999267578125,247.35000610351562,240.39999389648438,246.49000549316406,821271
2020-10-27,248.50999450683594,248.50999450683594,248.89999389648438,240.19000244140625,241.97999572753906,874582
2020-10-28,243.77000427246094,243.77000427246094,248.89999389648438,242.0500030517578,248.49000549316406,864336
2020-10-29,242.44000244140625,242.44000244140625,247.0,239.8000030517578,247.0,794652
2020-10-30,240.64999389648438,240.64999389648438,247.0,237.75,247.0,779043
2020-11-02,250.1300048828125,250.1300048828125,252.2899932861328,240.64999389648438,243.5,1885847
2020-11-03,257.7200012207031,257.7200012207031,258.6000061035156,250.0,251.9499969482422,1005633
2020-11-04,259.739990234375,259.739990234375,260.42999267578125,253.17999267578125,257.7200012207031,2792153
2020-11-05,264.0400085449219,264.0400085449219,264.8800048828125,260.1099853515625,264.0,1184351
2020-11-06,268.8699951171875,268.8699951171875,269.4599914550781,261.0,261.0,1069929
2020-11-09,277.3999938964844,277.3999938964844,278.1499938964844,268.989990234375,268.989990234375,2299584
2020-11-10,288.1400146484375,288.1400146484375,289.8500061035156,279.1099853515625,279.3999938964844,2369396
2020-11-11,290.7099914550781,290.7099914550781,293.0,284.20001220703125,293.0,2370667
2020-11-12,284.7699890136719,284.7699890136719,293.0,282.8999938964844,290.0,957846
2020-11-13,286.42999267578125,286.42999267578125,286.989990234375,279.0199890136719,286.9700012207031,977385
2020-11-14,287.1300048828125,287.1300048828125,288.8900146484375,285.69000244140625,287.5,254458
2020-11-17,293.5799865722656,293.5799865722656,294.0,285.70001220703125,290.70001220703125,1530445
2020-11-18,299.7799987792969,299.7799987792969,300.0,292.1600036621094,299.75,1731073
2020-11-19,290.7900085449219,290.7900085449219,299.489990234375,289.5,299.0,2356738
2020-11-20,294.6300048828125,294.6300048828125,295.6700134277344,287.6099853515625,294.79998779296875,1054856
2020-11-23,292.1199951171875,292.1199951171875,297.0,289.5299987792969,295.0,1314013
2020-11-24,298.5899963378906,298.5899963378906,299.0,293.0,293.0,811654
2020-11-25,293.7900085449219,293.7900085449219,303.1400146484375,293.20001220703125,300.0,1245657
2020-11-26,297.1099853515625,297.1099853515625,298.5,291.3500061035156,298.5,845562
2020-11-27,297.05999755859375,297.05999755859375,299.0,295.29998779296875,297.1099853515625,1427619
2020-12-01,299.42999267578125,299.42999267578125,300.3800048828125,293.0,299.70001220703125,888026
2020-12-02,296.67999267578125,296.67999267578125,299.8999938964844,293.260009765625,299.7900085449219,732057
2020-12-03,296.19000244140625,296.19000244140625,299.70001220703125,295.5,299.0899963378906,515936
2020-12-04,301.9200134277344,301.9200134277344,302.989990234375,296.25,297.3599853515625,935581
2020-12-07,303.1300048828125,303.1300048828125,304.5400085449219,299.20001220703125,304.1000061035156,791376
2020-12-08,303.45001220703125,303.45001220703125,309.0,301.3699951171875,305.0,666544
2020-12-09,308.4100036621094,308.4100036621094,309.29998779296875,303.45001220703125,303.45001220703125,848733
2020-12-10,306.7799987792969,306.7799987792969,309.5,302.1000061035156,302.1000061035156,587328
2020-12-11,307.989990234375,307.989990234375,309.70001220703125,304.7799987792969,307.79998779296875,1086922
2020-12-14,309.2200012207031,309.2200012207031,310.489990234375,307.79998779296875,308.5,618838
2020-12-15,308.42999267578125,308.42999267578125,310.0,305.20001220703125,309.2200012207031,528202
2020-12-16,309.010009765625,309.010009765625,310.5400085449219,307.7099914550781,308.42999267578125,379184
2020-12-17,309.989990234375,309.989990234375,311.20001220703125,307.6000061035156,309.2900085449219,558799
2020-12-18,309.1700134277344,309.1700134277344,312.8999938964844,305.67999267578125,310.95001220703125,586892
2020-12-21,296.2200012207031,296.2200012207031,309.1099853515625,294.25,307.8800048828125,1152653
2020-12-22,297.7799987792969,297.7799987792969,303.8999938964844,291.5,302.95001220703125,1469175
2020-12-23,300.04998779296875,300.04998779296875,300.7099914550781,296.1000061035156,297.3800048828125,494437
2020-12-24,305.2799987792969,305.2799987792969,306.4599914550781,301.0,301.79998779296875,629002
2020-12-28,310.1000061035156,310.1000061035156,312.0,306.0,306.0,814598
2020-12-29,314.1099853515625,314.1099853515625,314.45001220703125,311.1099853515625,311.239990234375,763394
2020-12-30,313.94000244140625,313.94000244140625,316.0,311.2099914550781,315.4700012207031,806142
2020-12-31,313.5400085449219,313.5400085449219,314.79998779296875,311.5,313.8500061035156,1492506
2021-01-01,313.6499938964844,313.6499938964844,315.0,312.5400085449219,314.3500061035156,308206
2021-01-04,314.1199951171875,314.1199951171875,316.7300109863281,310.30999755859375,316.0,737195
2021-01-05,318.7300109863281,318.7300109863281,319.4800109863281,311.1300048828125,313.2099914550781,770683
2021-01-06,319.6700134277344,319.6700134277344,321.260009765625,317.3999938964844,320.6400146484375,608840
2021-01-07,321.0799865722656,321.0799865722656,325.0,320.0,325.0,748450
2021-01-08,321.82000732421875,321.82000732421875,324.1000061035156,321.20001220703125,324.1000061035156,635337
2021-01-11,321.3900146484375,321.3900146484375,329.6000061035156,319.260009765625,329.6000061035156,1125619
2021-01-12,325.239990234375,325.239990234375,325.7900085449219,318.739990234375,319.5199890136719,678102
2021-01-13,327.8299865722656,327.8299865722656,328.29998779296875,323.760009765625,327.4800109863281,837336
2021-01-14,327.25,327.25,329.0,326.5,328.0,391995
2021-01-15,324.30999755859375,324.30999755859375,327.25,322.70001220703125,327.25,672447
2021-01-18,320.0299987792969,320.0299987792969,326.95001220703125,318.5,326.95001220703125,859507
2021-01-19,326.4200134277344,326.4200134277344,326.79998779296875,321.1000061035156,322.1099853515625,426376
2021-01-20,326.9700012207031,326.9700012207031,327.760009765625,325.04998779296875,326.0,361447
2021-01-21,323.2099914550781,323.2099914550781,329.7099914550781,321.32000732421875,329.0,595444
2021-01-22,314.0799865722656,314.0799865722656,329.0,313.5,329.0,1400714
2021-01-25,314.1499938964844,314.1499938964844,320.0,311.8399963378906,319.0,618075
2021-01-27,304.80999755859375,304.80999755859375,317.95001220703125,304.010009765625,317.95001220703125,1472589
2021-01-28,304.1300048828125,304.1300048828125,306.0,298.1199951171875,306.0,2031707
2021-01-29,307.05999755859375,307.05999755859375,343.70001220703125,303.4800109863281,343.70001220703125,815471
2021-02-01,332.9700012207031,332.9700012207031,335.0,307.1099853515625,310.7200012207031,3243094
2021-02-02,343.9599914550781,343.9599914550781,347.67999267578125,333.510009765625,335.0,1715233
2021-02-03,348.510009765625,348.510009765625,350.20001220703125,341.239990234375,342.0,1109640
2021-02-04,354.2099914550781,354.2099914550781,355.0,344.0,346.7799987792969,1137575
2021-02-05,357.80999755859375,357.80999755859375,367.0,355.0,355.0,1661040
2021-02-08,361.2799987792969,361.2799987792969,365.6199951171875,357.80999755859375,361.79998779296875,796390
2021-02-09,362.0199890136719,362.0199890136719,366.0,357.70001220703125,362.3800048828125,947209
2021-02-10,360.25,360.25,363.95001220703125,356.3999938964844,361.739990234375,942002
2021-02-11,359.6600036621094,359.6600036621094,362.0799865722656,358.1000061035156,359.54998779296875,403675
2021-02-12,363.7799987792969,363.7799987792969,364.79998779296875,358.6600036621094,360.260009765625,804281
2021-02-15,376.70001220703125,376.70001220703125,379.32000732421875,366.0199890136719,366.7699890136719,1789598
2021-02-16,373.5,373.5,379.7900085449219,370.29998779296875,379.489990234375,1913952
2021-02-17,371.57000732421875,371.57000732421875,378.8999938964844,370.0,378.8999938964844,883944
2021-02-18,368.3699951171875,368.3699951171875,373.510009765625,366.3500061035156,372.20001220703125,712378
2021-02-19,360.94000244140625,360.94000244140625,374.0,358.6000061035156,374.0,926431
2021-02-22,354.5799865722656,354.5799865722656,366.989990234375,353.5,360.94000244140625,909782
2021-02-23,353.760009765625,353.760009765625,369.0,352.29998779296875,359.0,882389
2021-02-24,366.9200134277344,366.9200134277344,367.95001220703125,345.1499938964844,356.95001220703125,628880
2021-02-25,368.05999755859375,368.05999755859375,375.0,367.5899963378906,375.0,1038463
2021-02-26,351.260009765625,351.260009765625,365.0,349.20001220703125,365.0,2037097
2021-03-01,354.9599914550781,354.9599914550781,359.0,352.239990234375,359.0,847397
2021-03-02,355.4200134277344,355.4200134277344,358.92999267578125,350.0,355.1499938964844,805201
2021-03-03,366.1099853515625,366.1099853515625,366.8500061035156,358.3999938964844,358.3999938964844,1125422
2021-03-04,360.6000061035156,360.6000061035156,365.5,357.0,358.3999938964844,894776
2021-03-05,354.57000732421875,354.57000732421875,358.4800109863281,351.4700012207031,357.6600036621094,971954
2021-03-08,354.7200012207031,354.7200012207031,360.3500061035156,353.2900085449219,357.45001220703125,1031928
2021-03-09,360.2699890136719,360.2699890136719,363.0,356.42999267578125,363.0,870415
2021-03-10,361.3900146484375,361.3900146484375,363.3900146484375,359.260009765625,362.4800109863281,632061
2021-03-12,356.1600036621094,356.1600036621094,368.6700134277344,353.42999267578125,365.0,1202996
2021-03-15,354.07000732421875,354.07000732421875,356.4800109863281,346.79998779296875,356.4800109863281,1469697
2021-03-16,350.0199890136719,350.0199890136719,357.0,349.20001220703125,357.0,1255725
2021-03-17,344.8500061035156,344.8500061035156,355.989990234375,343.6400146484375,353.0,946299
2021-03-18,339.80999755859375,339.80999755859375,349.2099914550781,337.6400146484375,348.6400146484375,1607307
2021-03-19,342.5400085449219,342.5400085449219,346.0,335.0,340.54998779296875,1783113
2021-03-22,337.9100036621094,337.9100036621094,345.0,335.54998779296875,342.5400085449219,929759
2021-03-23,343.4599914550781,343.4599914550781,345.0,337.79998779296875,339.0,936877
2021-03-24,335.2900085449219,335.2900085449219,346.8999938964844,334.7799987792969,343.45001220703125,1146168
2021-03-25,333.0400085449219,333.0400085449219,338.0,326.7699890136719,336.1400146484375,1714479
2021-03-26,335.7699890136719,335.7699890136719,343.0,333.8299865722656,339.989990234375,863585
2021-03-30,339.7300109863281,339.7300109863281,342.0,337.0400085449219,338.989990234375,959834
2021-03-31,334.92999267578125,334.92999267578125,341.6000061035156,333.6499938964844,339.5299987792969,716491
2021-04-01,341.5199890136719,341.5199890136719,342.25,334.5,339.0199890136719,1272684
2021-04-05,328.9700012207031,328.9700012207031,342.45001220703125,325.5199890136719,341.5199890136719,2048803
2021-04-06,326.75,326.75,337.95001220703125,325.239990234375,334.29998779296875,1667971
2021-04-07,331.6199951171875,331.6199951171875,343.70001220703125,323.3999938964844,327.5,855740
2021-04-08,330.0,330.0,336.04998779296875,326.3999938964844,332.5,711373
2021-04-09,326.7099914550781,326.7099914550781,332.0,325.20001220703125,330.5,863431
2021-04-12,309.67999267578125,309.67999267578125,326.5,307.0,326.5,3328197
2021-04-13,319.44000244140625,319.44000244140625,320.7300109863281,309.67999267578125,313.0,1183497
2021-04-15,323.80999755859375,323.80999755859375,324.8500061035156,316.3999938964844,319.44000244140625,3432574
2021-04-16,322.3900146484375,322.3900146484375,325.2799987792969,320.989990234375,324.79998779296875,3212413
2021-04-19,314.0400085449219,314.0400085449219,320.45001220703125,306.67999267578125,320.45001220703125,1917865
2021-04-20,313.0899963378906,313.0899963378906,326.79998779296875,311.010009765625,326.79998779296875,884747
2021-04-22,318.9100036621094,318.9100036621094,319.4200134277344,307.2099914550781,310.0,1218749
2021-04-23,318.1000061035156,318.1000061035156,322.4599914550781,315.0,319.5299987792969,1286802
2021-04-26,323.8999938964844,323.8999938964844,326.79998779296875,318.04998779296875,318.04998779296875,1136376
2021-04-27,328.3500061035156,328.3500061035156,328.9599914550781,322.82000732421875,324.95001220703125,797722
2021-04-28,338.3900146484375,338.3900146484375,338.9700012207031,328.8500061035156,330.70001220703125,1822413
2021-04-29,337.7900085449219,337.7900085449219,343.79998779296875,334.20001220703125,338.79998779296875,1410461
2021-04-30,328.4700012207031,328.4700012207031,351.29998779296875,324.29998779296875,336.79998779296875,2423544
2021-05-03,326.32000732421875,326.32000732421875,327.4599914550781,320.20001220703125,326.3999938964844,1472465
2021-05-04,324.04998779296875,324.04998779296875,332.0,323.1300048828125,326.0,1098339
2021-05-05,329.3900146484375,329.3900146484375,330.989990234375,322.17999267578125,327.0,875599
2021-05-06,329.1300048828125,329.1300048828125,339.1000061035156,326.79998779296875,339.1000061035156,655060
2021-05-07,329.9800109863281,329.9800109863281,333.2900085449219,328.6499938964844,331.54998779296875,630961
2021-05-10,332.3800048828125,332.3800048828125,334.0,330.0,330.29998779296875,786410
2021-05-11,329.29998779296875,329.29998779296875,335.0,327.4800109863281,335.0,615429
2021-05-12,325.510009765625,325.510009765625,329.44000244140625,324.510009765625,329.44000244140625,894768
2021-05-14,322.989990234375,322.989990234375,327.0899963378906,322.5,326.3900146484375,811789
2021-05-17,335.3800048828125,335.3800048828125,335.92999267578125,324.0799865722656,331.0,1256128
2021-05-18,340.82000732421875,340.82000732421875,342.0,336.0,336.0,2135356
2021-05-19,338.1400146484375,338.1400146484375,340.79998779296875,337.19000244140625,340.79998779296875,760856
2021-05-20,334.75,334.75,341.95001220703125,334.32000732421875,338.6300048828125,677159
2021-05-21,347.30999755859375,347.30999755859375,350.0,336.6000061035156,337.95001220703125,1266754
2021-05-24,350.79998779296875,350.79998779296875,353.6099853515625,345.0,345.0,2293395
2021-05-25,348.5899963378906,348.5899963378906,354.95001220703125,346.0,354.95001220703125,900894
2021-05-26,348.8999938964844,348.8999938964844,351.0,346.5,351.0,901516
2021-05-27,352.5899963378906,352.5899963378906,353.6000061035156,347.1400146484375,351.8999938964844,756801
2021-05-28,353.6000061035156,353.6000061035156,357.3999938964844,352.1000061035156,355.0,1215524
2021-05-31,356.1199951171875,356.1199951171875,357.95001220703125,351.0,357.95001220703125,842942
2021-06-01,355.4700012207031,355.4700012207031,359.0,354.20001220703125,357.8999938964844,1457045
2021-06-02,355.6300048828125,355.6300048828125,356.0,352.79998779296875,355.0,429743
2021-06-03,357.9200134277344,357.9200134277344,363.8999938964844,356.0,358.95001220703125,536303
2021-06-04,354.7099914550781,354.7099914550781,369.0,354.04998779296875,369.0,977349
2021-06-07,356.0199890136719,356.0199890136719,357.260009765625,355.1099853515625,356.79998779296875,482275
2021-06-08,352.1300048828125,352.1300048828125,357.79998779296875,351.3999938964844,357.0,1010369
2021-06-09,349.42999267578125,349.42999267578125,359.79998779296875,347.8800048828125,359.79998779296875,687234
2021-06-10,352.6300048828125,352.6300048828125,354.95001220703125,348.6000061035156,354.95001220703125,545589
2021-06-11,351.5899963378906,351.5899963378906,354.5,350.45001220703125,354.5,574514
2021-06-14,350.7799987792969,350.7799987792969,357.8999938964844,345.1000061035156,357.8999938964844,532218
2021-06-15,353.5899963378906,353.5899963378906,354.6000061035156,349.239990234375,354.6000061035156,546256
2021-06-16,351.30999755859375,351.30999755859375,356.0,350.75,356.0,366922
2021-06-17,347.2300109863281,347.2300109863281,356.0,345.82000732421875,356.0,574282
2021-06-18,347.0799865722656,347.0799865722656,348.9700012207031,340.7200012207031,348.25,928938
2021-06-21,350.1300048828125,350.1300048828125,350.510009765625,341.0199890136719,346.3999938964844,685830
2021-06-22,349.0400085449219,349.0400085449219,353.75,348.30999755859375,350.6000061035156,696117
2021-06-23,347.8399963378906,347.8399963378906,353.3500061035156,347.3999938964844,353.3500061035156,345042
2021-06-24,350.4200134277344,350.4200134277344,358.0,347.010009765625,358.0,286785
2021-06-25,354.989990234375,354.989990234375,356.45001220703125,350.0,350.989990234375,766342
2021-06-28,355.239990234375,355.239990234375,357.2200012207031,353.8599853515625,357.0,378989
2021-06-29,352.7300109863281,352.7300109863281,364.8999938964844,351.6199951171875,364.8999938964844,662256
2021-06-30,350.2900085449219,350.2900085449219,355.79998779296875,340.1000061035156,340.1000061035156,437179
2021-07-01,349.6600036621094,349.6600036621094,359.0,349.04998779296875,355.0,542743
2021-07-02,350.5299987792969,350.5299987792969,354.79998779296875,349.04998779296875,354.79998779296875,315134
2021-07-05,353.8999938964844,353.8999938964844,354.0,350.79998779296875,352.5299987792969,487665
2021-07-06,357.42999267578125,357.42999267578125,359.510009765625,353.6099853515625,354.1199951171875,844197
2021-07-07,359.20001220703125,359.20001220703125,360.0,355.82000732421875,360.0,353620
2021-07-08,355.20001220703125,355.20001220703125,361.0,354.0,360.0,502101
2021-07-09,353.5,353.5,357.0,351.3399963378906,356.5,559107
2021-07-12,354.17999267578125,354.17999267578125,357.0,352.94000244140625,356.95001220703125,258079
2021-07-13,358.3800048828125,358.3800048828125,359.95001220703125,355.1400146484375,359.95001220703125,412512
2021-07-14,358.57000732421875,358.57000732421875,359.95001220703125,356.55999755859375,359.95001220703125,296183
2021-07-15,361.2900085449219,361.2900085449219,361.75,356.1499938964844,358.5,703281
2021-07-16,360.05999755859375,360.05999755859375,362.45001220703125,359.239990234375,362.45001220703125,313957
2021-07-19,353.79998779296875,353.79998779296875,392.5,352.010009765625,392.5,685844
2021-07-20,347.1300048828125,347.1300048828125,359.0,346.67999267578125,359.0,925403
2021-07-22,349.42999267578125,349.42999267578125,357.0,348.29998779296875,357.0,331839
2021-07-23,352.30999755859375,352.30999755859375,352.79998779296875,346.7300109863281,350.3699951171875,413998
2021-07-26,351.5199890136719,351.5199890136719,355.0,349.0899963378906,355.0,316537
2021-07-27,350.05999755859375,350.05999755859375,353.6600036621094,349.3699951171875,351.5199890136719,315958
2021-07-28,348.260009765625,348.260009765625,352.0,344.0799865722656,352.0,610006
2021-07-29,349.2099914550781,349.2099914550781,350.8999938964844,347.8599853515625,350.8999938964844,534485
2021-07-30,348.2900085449219,348.2900085449219,352.0,347.17999267578125,352.0,507848
2021-08-02,349.29998779296875,349.29998779296875,351.6000061035156,348.20001220703125,348.5,387561
2021-08-03,353.94000244140625,353.94000244140625,364.57000732421875,348.010009765625,364.57000732421875,435420
2021-08-04,362.1600036621094,362.1600036621094,363.9599914550781,354.0,356.0,1227900
2021-08-05,361.0799865722656,361.0799865722656,364.0,358.79998779296875,364.0,733643
2021-08-06,361.25,361.25,363.6000061035156,360.239990234375,363.0,833554
2021-08-09,362.010009765625,362.010009765625,364.1000061035156,360.239990234375,363.79998779296875,1213161
2021-08-10,362.55999755859375,362.55999755859375,364.8900146484375,360.1000061035156,362.05999755859375,881659
2021-08-11,360.54998779296875,360.54998779296875,364.0799865722656,358.32000732421875,364.0,415259
2021-08-12,361.92999267578125,361.92999267578125,417.0,359.760009765625,417.0,236068
2021-08-13,363.7799987792969,363.7799987792969,379.0,361.2099914550781,379.0,348529
2021-08-16,363.1300048828125,363.1300048828125,366.05999755859375,361.260009765625,366.05999755859375,201858
2021-08-17,361.3599853515625,361.3599853515625,379.0,359.3299865722656,379.0,363529
2021-08-18,358.57000732421875,358.57000732421875,364.79998779296875,357.3500061035156,361.55999755859375,344407
2021-08-20,352.95001220703125,352.95001220703125,358.0,352.44000244140625,358.0,971238
2021-08-23,354.04998779296875,354.04998779296875,357.0,351.010009765625,357.0,323998
2021-08-24,359.5400085449219,359.5400085449219,362.3699951171875,353.5,362.3699951171875,426333
2021-08-25,358.54998779296875,358.54998779296875,362.0,358.0,362.0,217459
2021-08-26,359.42999267578125,359.42999267578125,360.20001220703125,356.20001220703125,359.3999938964844,348877
2021-08-27,359.9700012207031,359.9700012207031,360.8999938964844,356.9200134277344,360.1000061035156,2531688
2021-08-30,366.45001220703125,366.45001220703125,388.8800048828125,359.9700012207031,388.8800048828125,897041
2021-08-31,367.1600036621094,367.1600036621094,378.010009765625,365.0,378.010009765625,631973
2021-09-01,369.4700012207031,369.4700012207031,374.95001220703125,367.1400146484375,367.1600036621094,1066861
2021-09-02,371.2900085449219,371.2900085449219,372.0,366.510009765625,371.3999938964844,416634
2021-09-03,370.95001220703125,370.95001220703125,374.8800048828125,369.1700134277344,374.8800048828125,787495
2021-09-06,369.42999267578125,369.42999267578125,393.20001220703125,369.05999755859375,393.20001220703125,315226
2021-09-07,367.4800109863281,367.4800109863281,377.8800048828125,364.6600036621094,377.8800048828125,508270
2021-09-08,370.239990234375,370.239990234375,370.8999938964844,366.4700012207031,370.0,326534
2021-09-09,368.9599914550781,368.9599914550781,372.5,366.94000244140625,372.5,204843
2021-09-13,367.25,367.25,399.8800048828125,365.67999267578125,399.8800048828125,292249
2021-09-14,368.4100036621094,368.4100036621094,369.989990234375,367.82000732421875,369.989990234375,175962
2021-09-15,370.9599914550781,370.9599914550781,371.8399963378906,367.6000061035156,369.0,295895
2021-09-16,378.9100036621094,378.9100036621094,379.70001220703125,370.9599914550781,370.9599914550781,742315
2021-09-17,379.57000732421875,379.57000732421875,383.29998779296875,376.25,378.8999938964844,967226
2021-09-20,374.07000732421875,374.07000732421875,413.70001220703125,373.3999938964844,413.70001220703125,748123
2021-09-21,374.9800109863281,374.9800109863281,378.8999938964844,368.6099853515625,378.8999938964844,692127
2021-09-22,372.75,372.75,408.70001220703125,371.79998779296875,408.70001220703125,265355
2021-09-23,379.9599914550781,379.9599914550781,380.5,365.25,365.25,514544
2021-09-24,380.5400085449219,380.5400085449219,399.0,379.1199951171875,399.0,472233
2021-09-27,383.8299865722656,383.8299865722656,385.5,380.79998779296875,382.29998779296875,371127
2021-09-28,382.8500061035156,382.8500061035156,386.6000061035156,376.6499938964844,386.6000061035156,600507
2021-09-29,381.1000061035156,381.1000061035156,382.79998779296875,376.3999938964844,382.79998779296875,586786
2021-09-30,377.4599914550781,377.4599914550781,382.0,376.8999938964844,382.0,377420
2021-10-01,375.260009765625,375.260009765625,382.8800048828125,372.4800109863281,382.8800048828125,507184
2021-10-04,379.1199951171875,379.1199951171875,381.0,374.9700012207031,381.0,248568
2021-10-05,380.5299987792969,380.5299987792969,381.3999938964844,356.3999938964844,379.1199951171875,381322
2021-10-06,377.5799865722656,377.5799865722656,383.760009765625,370.0,370.0,725133
2021-10-07,380.0400085449219,380.0400085449219,389.0,377.5799865722656,377.5799865722656,195059
2021-10-08,380.25,380.25,389.79998779296875,379.19000244140625,389.79998779296875,303056
2021-10-11,384.82000732421875,384.82000732421875,386.82000732421875,380.25,384.0,502915
2021-10-12,387.25,387.25,387.9700012207031,383.4200134277344,385.0,263994
2021-10-13,388.17999267578125,388.17999267578125,389.5,387.25,387.25,274440
2021-10-14,395.989990234375,395.989990234375,396.2099914550781,388.0,388.55999755859375,1077706
2021-10-18,400.3900146484375,400.3900146484375,416.8800048828125,386.260009765625,416.8800048828125,875557
2021-10-19,399.0799865722656,399.0799865722656,402.8999938964844,396.82000732421875,400.79998779296875,856049
2021-10-20,398.6199951171875,398.6199951171875,409.8800048828125,396.8800048828125,409.8800048828125,287494
2021-10-21,403.6000061035156,403.6000061035156,410.44000244140625,397.5,410.44000244140625,373800
2021-10-22,406.1400146484375,406.1400146484375,408.0899963378906,404.04998779296875,405.0,698364
2021-10-25,414.6300048828125,414.6300048828125,434.8800048828125,400.25,434.8800048828125,681508
2021-10-26,413.7200012207031,413.7200012207031,417.79998779296875,410.82000732421875,415.0,588315
2021-10-27,411.6700134277344,411.6700134277344,415.9200134277344,410.5,415.0,325997
2021-10-28,398.0,398.0,420.0,396.3599853515625,420.0,973640
2021-10-29,394.6199951171875,394.6199951171875,406.1400146484375,388.1000061035156,401.6000061035156,891391
2021-11-01,400.9800109863281,400.9800109863281,402.1499938964844,388.1099853515625,401.0,521794
2021-11-02,402.5,402.5,403.94000244140625,398.0,400.9800109863281,230990
2021-11-03,395.95001220703125,395.95001220703125,404.5,395.010009765625,402.5,947620
2021-11-04,397.69000244140625,397.69000244140625,407.489990234375,396.5,407.489990234375,88085
2021-11-08,397.4800109863281,397.4800109863281,404.8800048828125,392.0799865722656,404.8800048828125,565984
2021-11-09,396.2099914550781,396.2099914550781,399.5,394.6400146484375,399.5,171897
2021-11-10,392.20001220703125,392.20001220703125,396.0,391.42999267578125,396.0,616105
2021-11-11,388.6099853515625,388.6099853515625,395.3999938964844,386.4599914550781,395.3999938964844,445432
2021-11-12,390.0899963378906,390.0899963378906,391.3999938964844,387.6099853515625,391.0,315140
2021-11-15,389.7900085449219,389.7900085449219,394.3999938964844,389.0,394.3999938964844,216010
2021-11-16,385.5899963378906,385.5899963378906,390.3999938964844,384.70001220703125,388.25,445011
2021-11-17,383.8299865722656,383.8299865722656,387.3500061035156,382.5,385.5,344000
2021-11-18,382.82000732421875,382.82000732421875,386.79998779296875,380.6499938964844,386.79998779296875,448081
2021-11-22,374.57000732421875,374.57000732421875,384.0,370.0,382.82000732421875,1258958
2021-11-23,374.9200134277344,374.9200134277344,377.3999938964844,369.0199890136719,377.3999938964844,726958
2021-11-24,376.42999267578125,376.42999267578125,380.5899963378906,373.0,375.8999938964844,344427
2021-11-25,376.6400146484375,376.6400146484375,389.8800048828125,373.8399963378906,389.8800048828125,322969
2021-11-26,363.30999755859375,363.30999755859375,384.5,362.4599914550781,384.5,1864459
2021-11-29,362.67999267578125,362.67999267578125,384.8800048828125,356.5199890136719,384.8800048828125,638384
2021-11-30,359.6099853515625,359.6099853515625,369.8599853515625,358.1000061035156,363.0,926883
2021-12-01,366.5299987792969,366.5299987792969,367.0,360.1099853515625,360.3999938964844,439209
2021-12-02,367.9800109863281,367.9800109863281,389.8800048828125,364.45001220703125,389.8800048828125,464721
2021-12-03,365.1600036621094,365.1600036621094,375.0,363.4599914550781,375.0,506463
2021-12-06,360.5799865722656,360.5799865722656,368.0,360.20001220703125,368.0,390227
2021-12-07,369.79998779296875,369.79998779296875,375.0,360.5799865722656,366.0,2942661
2021-12-08,376.2300109863281,376.2300109863281,376.7900085449219,370.29998779296875,375.0,489267
2021-12-09,374.1499938964844,374.1499938964844,377.3999938964844,372.2900085449219,376.989990234375,475271
2021-12-10,374.4100036621094,374.4100036621094,374.739990234375,370.3999938964844,370.3999938964844,440155
2021-12-13,372.8599853515625,372.8599853515625,378.79998779296875,372.3299865722656,378.0,678416
2021-12-14,372.1400146484375,372.1400146484375,374.2099914550781,368.6000061035156,374.2099914550781,554214
2021-12-15,371.17999267578125,371.17999267578125,380.0,370.6000061035156,380.0,409318
2021-12-16,368.2799987792969,368.2799987792969,376.0,366.989990234375,376.0,613516
2021-12-17,358.6700134277344,358.6700134277344,370.5,358.04998779296875,368.29998779296875,1667930
2021-12-20,348.1499938964844,348.1499938964844,359.8999938964844,343.2799987792969,359.5,2100516
2021-12-21,348.3500061035156,348.3500061035156,353.5,346.260009765625,351.0,833671
2021-12-22,352.8900146484375,352.8900146484375,353.7300109863281,349.5199890136719,351.2799987792969,353754
2021-12-23,353.9700012207031,353.9700012207031,357.489990234375,352.0,355.79998779296875,421938
2021-12-24,350.07000732421875,350.07000732421875,356.7900085449219,348.20001220703125,355.79998779296875,734325
2021-12-27,352.44000244140625,352.44000244140625,353.1600036621094,344.239990234375,352.79998779296875,525423
2021-12-28,354.3800048828125,354.3800048828125,355.9200134277344,352.239990234375,355.0,754987
2021-12-29,353.05999755859375,353.05999755859375,357.29998779296875,351.6499938964844,357.29998779296875,313258
2021-12-30,354.0400085449219,354.0400085449219,354.8900146484375,350.1400146484375,351.54998779296875,1464818
2021-12-31,357.510009765625,357.510009765625,358.3999938964844,351.54998779296875,356.0,441397
2022-01-03,366.82000732421875,366.82000732421875,367.5,356.7099914550781,356.989990234375,504185
2022-01-04,370.8500061035156,370.8500061035156,371.3399963378906,366.3299865722656,368.45001220703125,601885
2022-01-05,379.0899963378906,379.0899963378906,380.69000244140625,367.70001220703125,369.44000244140625,976199
2022-01-06,378.19000244140625,378.19000244140625,380.1099853515625,371.0,378.70001220703125,1151719
2022-01-07,380.30999755859375,380.30999755859375,383.8599853515625,377.30999755859375,377.30999755859375,1003991
2022-01-10,385.7099914550781,385.7099914550781,429.79998779296875,380.54998779296875,429.79998779296875,832719
2022-01-11,386.42999267578125,386.42999267578125,387.44000244140625,383.1099853515625,384.4599914550781,523980
2022-01-12,389.69000244140625,389.69000244140625,390.3999938964844,387.79998779296875,388.0,552550
2022-01-13,387.2900085449219,387.2900085449219,390.010009765625,386.2300109863281,389.69000244140625,735835
2022-01-14,386.80999755859375,386.80999755859375,387.3999938964844,382.9599914550781,387.2900085449219,617743
2022-01-17,385.29998779296875,385.29998779296875,398.0,363.6000061035156,398.0,263462
2022-01-18,384.6700134277344,384.6700134277344,391.2900085449219,383.510009765625,388.489990234375,397609
2022-01-19,383.17999267578125,383.17999267578125,387.760009765625,380.5,387.760009765625,433727
2022-01-20,381.4800109863281,381.4800109863281,389.3999938964844,379.0,389.3999938964844,1063315
2022-01-21,377.8800048828125,377.8800048828125,381.0,375.0,381.0,1067276
2022-01-24,372.1499938964844,372.1499938964844,379.9800109863281,366.1000061035156,379.9800109863281,828346
2022-01-25,380.3999938964844,380.3999938964844,381.1499938964844,364.0,364.0,1045352
2022-01-27,381.7699890136719,381.7699890136719,384.5,373.3399963378906,379.489990234375,1098066
2022-01-28,379.8500061035156,379.8500061035156,394.8800048828125,379.1000061035156,394.8800048828125,618761
2022-01-31,382.8999938964844,382.8999938964844,384.95001220703125,379.4800109863281,381.30999755859375,371886
2022-02-01,387.4100036621094,387.4100036621094,390.44000244140625,380.3399963378906,386.989990234375,2056125
2022-02-02,395.9200134277344,395.9200134277344,396.1499938964844,387.5,387.5,1283509
2022-02-03,393.6600036621094,393.6600036621094,398.9200134277344,388.0,396.8999938964844,1286553
2022-02-04,390.8399963378906,390.8399963378906,395.3999938964844,388.6600036621094,393.6600036621094,733357
2022-02-07,383.05999755859375,383.05999755859375,394.75,381.20001220703125,394.75,556462
2022-02-08,383.29998779296875,383.29998779296875,390.0,376.3399963378906,390.0,587194
2022-02-09,389.2300109863281,389.2300109863281,389.5299987792969,380.0,385.0,450132
2022-02-10,393.32000732421875,393.32000732421875,395.0,388.0199890136719,390.489990234375,1521851
2022-02-11,388.0,388.0,392.70001220703125,386.510009765625,392.0,771155
2022-02-14,372.20001220703125,372.20001220703125,387.0,371.239990234375,382.0,1808412
2022-02-15,384.2799987792969,384.2799987792969,385.0,369.7699890136719,375.489990234375,831057
2022-02-16,381.54998779296875,381.54998779296875,386.70001220703125,380.5,383.6000061035156,621344
2022-02-17,377.92999267578125,377.92999267578125,385.0,377.010009765625,385.0,540092
2022-02-18,378.8800048828125,378.8800048828125,380.7200012207031,375.17999267578125,377.989990234375,324693
2022-02-21,379.510009765625,379.510009765625,382.67999267578125,374.6400146484375,378.489990234375,642733
2022-02-22,377.010009765625,377.010009765625,379.1199951171875,372.010009765625,374.8999938964844,1908183
2022-02-23,377.260009765625,377.260009765625,380.3399963378906,376.44000244140625,380.0,454000
2022-02-24,359.5899963378906,359.5899963378906,374.0,356.3999938964844,374.0,3317476
2022-02-25,367.6499938964844,367.6499938964844,374.70001220703125,362.0,364.70001220703125,993838
2022-02-28,364.8900146484375,364.8900146484375,373.8399963378906,359.3299865722656,372.5,1002089
2022-03-02,356.3800048828125,356.3800048828125,362.989990234375,352.1000061035156,362.8900146484375,2554091
2022-03-03,350.75,350.75,362.989990234375,348.9200134277344,360.0,2989112
2022-03-04,346.739990234375,346.739990234375,353.0899963378906,344.0,347.5,1588441
2022-03-07,332.4200134277344,332.4200134277344,343.489990234375,328.6000061035156,343.489990234375,3513604
2022-03-08,334.1600036621094,334.1600036621094,335.0,324.5,331.70001220703125,2557685
2022-03-09,341.05999755859375,341.05999755859375,342.0,332.1000061035156,338.0,1420942
2022-03-10,347.0899963378906,347.0899963378906,357.489990234375,343.760009765625,351.489990234375,2166227
2022-03-11,347.75,347.75,350.94000244140625,343.44000244140625,346.989990234375,1287429
2022-03-14,354.8399963378906,354.8399963378906,355.9200134277344,347.75,355.0,1122188
2022-03-15,351.8599853515625,351.8599853515625,360.0,349.0,360.0,1151116
2022-03-16,359.489990234375,359.489990234375,359.95001220703125,354.510009765625,354.95001220703125,963329
2022-03-17,366.07000732421875,366.07000732421875,368.0,362.8999938964844,368.0,1743409
2022-03-21,362.8800048828125,362.8800048828125,368.94000244140625,361.5,368.1000061035156,658463
2022-03-22,365.95001220703125,365.95001220703125,378.0,356.70001220703125,378.0,1305369
2022-03-23,363.3800048828125,363.3800048828125,372.5,362.6099853515625,372.5,888066
2022-03-24,358.20001220703125,358.20001220703125,362.0,357.239990234375,360.0,1070111
2022-03-25,356.8999938964844,356.8999938964844,365.0,354.6700134277344,365.0,879962
2022-03-28,359.75,359.75,360.25,352.75,358.989990234375,983259
2022-03-29,360.8800048828125,360.8800048828125,365.0,357.4800109863281,365.0,757772
2022-03-30,364.989990234375,364.989990234375,365.5,362.4100036621094,364.8800048828125,837598
2022-03-31,365.510009765625,365.510009765625,367.5,364.32000732421875,366.75,892376
2022-04-01,372.8500061035156,372.8500061035156,373.4700012207031,362.25,363.1199951171875,1225284
2022-04-04,387.7900085449219,387.7900085449219,388.44000244140625,374.0,374.0,2749580
2022-04-05,383.1199951171875,383.1199951171875,389.0,381.6000061035156,389.0,1074527
2022-04-06,379.1300048828125,379.1300048828125,383.25,378.29998779296875,383.0,811405
2022-04-07,378.55999755859375,378.55999755859375,382.8900146484375,376.6499938964844,380.0,1006034
2022-04-08,380.489990234375,380.489990234375,381.69000244140625,377.1000061035156,379.0,838622
2022-04-11,378.5299987792969,378.5299987792969,385.0,375.6000061035156,385.0,507879
2022-04-12,379.82000732421875,379.82000732421875,381.1000061035156,375.0,376.0,641270
2022-04-13,376.9599914550781,376.9599914550781,382.0,376.20001220703125,380.6600036621094,523624
2022-04-18,370.45001220703125,370.45001220703125,376.9599914550781,367.25,376.9599914550781,1171079
2022-04-19,365.57000732421875,365.57000732421875,378.8800048828125,362.0299987792969,378.8800048828125,763979
2022-04-20,365.8299865722656,365.8299865722656,369.1400146484375,364.1300048828125,369.1400146484375,1223101
2022-04-21,370.6400146484375,370.6400146484375,378.8800048828125,366.6000061035156,378.8800048828125,420905
2022-04-22,363.3599853515625,363.3599853515625,369.489990234375,363.0,369.489990234375,761405
2022-04-25,363.4100036621094,363.4100036621094,364.9599914550781,352.6000061035156,363.0,554248
2022-04-26,366.29998779296875,366.29998779296875,367.760009765625,364.79998779296875,366.5,529646
2022-04-27,363.1099853515625,363.1099853515625,366.25,360.5,366.25,852336
2022-04-28,366.760009765625,366.760009765625,367.69000244140625,362.1300048828125,365.3999938964844,478794
2022-04-29,363.82000732421875,363.82000732421875,369.5,362.5,366.25,621390
2022-05-02,364.1099853515625,364.1099853515625,364.54998779296875,358.1000061035156,363.1000061035156,765126
2022-05-04,355.55999755859375,355.55999755859375,365.67999267578125,354.2200012207031,365.0,960927
2022-05-05,354.5899963378906,354.5899963378906,361.45001220703125,353.3500061035156,357.5,708431
2022-05-06,348.5799865722656,348.5799865722656,354.2200012207031,346.29998779296875,354.2200012207031,1951542
2022-05-09,345.4700012207031,345.4700012207031,353.989990234375,342.0199890136719,353.989990234375,785411
2022-05-10,346.6400146484375,346.6400146484375,349.7300109863281,345.04998779296875,345.489990234375,623289
2022-05-11,348.5,348.5,350.0,344.04998779296875,350.0,792613
2022-05-12,338.19000244140625,338.19000244140625,346.489990234375,337.04998779296875,346.489990234375,1811255
2022-05-13,335.010009765625,335.010009765625,343.1000061035156,334.0,340.0,894298
2022-05-16,338.79998779296875,338.79998779296875,342.489990234375,333.6000061035156,336.8900146484375,535888
2022-05-17,345.6000061035156,345.6000061035156,346.20001220703125,339.45001220703125,341.75,670609
2022-05-18,345.1099853515625,345.1099853515625,357.489990234375,343.75,357.489990234375,955375
2022-05-19,336.4200134277344,336.4200134277344,354.8800048828125,335.6000061035156,354.8800048828125,1160037
2022-05-20,345.2799987792969,345.2799987792969,346.0,337.1000061035156,337.1000061035156,727852
2022-05-23,345.0,345.0,351.0799865722656,343.6499938964844,346.75,903287
2022-05-24,345.42999267578125,345.42999267578125,348.94000244140625,343.6000061035156,346.989990234375,546345
2022-05-25,346.6000061035156,346.6000061035156,349.95001220703125,346.0799865722656,347.0,596553
2022-05-26,354.0400085449219,354.0400085449219,355.0,347.30999755859375,349.0,697486
2022-05-27,359.0799865722656,359.0799865722656,359.760009765625,355.1000061035156,356.989990234375,853921
2022-05-30,361.42999267578125,361.42999267578125,364.8500061035156,360.0,360.0,906051
2022-05-31,357.6199951171875,357.6199951171875,363.989990234375,356.010009765625,363.989990234375,465014
2022-06-01,359.510009765625,359.510009765625,363.3399963378906,356.0,363.3399963378906,525744
2022-06-02,359.489990234375,359.489990234375,360.04998779296875,357.1000061035156,358.70001220703125,449810
2022-06-03,356.010009765625,356.010009765625,363.3399963378906,355.04998779296875,361.8999938964844,571854
2022-06-06,356.4700012207031,356.4700012207031,357.3999938964844,354.0,356.0,387862
2022-06-07,353.3900146484375,353.3900146484375,354.8999938964844,351.8999938964844,354.8999938964844,429433
2022-06-08,352.6099853515625,352.6099853515625,357.79998779296875,351.54998779296875,355.94000244140625,406632
2022-06-09,353.5799865722656,353.5799865722656,354.45001220703125,350.25,351.70001220703125,405764
2022-06-10,348.6099853515625,348.6099853515625,355.7799987792969,346.92999267578125,355.7799987792969,686536
2022-06-13,338.3599853515625,338.3599853515625,347.989990234375,336.5,347.989990234375,1686939
2022-06-14,337.1600036621094,337.1600036621094,340.25,335.5400085449219,336.8999938964844,620757
2022-06-15,336.54998779296875,336.54998779296875,340.25,336.010009765625,338.75,1797141
2022-06-16,329.4100036621094,329.4100036621094,340.3999938964844,328.6000061035156,338.5,1350985
2022-06-17,330.739990234375,330.739990234375,332.0,326.25,328.989990234375,1597824
2022-06-20,329.989990234375,329.989990234375,332.8999938964844,327.5199890136719,332.739990234375,627889
2022-06-21,335.2300109863281,335.2300109863281,338.79998779296875,331.04998779296875,334.9800109863281,730973
2022-06-22,331.6400146484375,331.6400146484375,341.8500061035156,330.6300048828125,341.8500061035156,500705
2022-06-23,334.7699890136719,334.7699890136719,337.239990234375,329.80999755859375,332.5,655616
2022-06-24,339.69000244140625,339.69000244140625,340.5,334.7699890136719,334.7699890136719,587079
2022-06-27,341.3999938964844,341.3999938964844,344.3500061035156,340.760009765625,342.67999267578125,564464
2022-06-28,339.8900146484375,339.8900146484375,340.6199951171875,338.45001220703125,340.0,422285
2022-06-29,336.0899963378906,336.0899963378906,337.79998779296875,335.3299865722656,337.79998779296875,326356
2022-06-30,337.3399963378906,337.3399963378906,339.6000061035156,335.3699951171875,339.44000244140625,328948
2022-07-01,339.30999755859375,339.30999755859375,340.17999267578125,334.010009765625,336.79998779296875,439990
2022-07-04,342.739990234375,342.739990234375,343.3399963378906,336.29998779296875,336.29998779296875,372116
2022-07-05,341.42999267578125,341.42999267578125,346.70001220703125,340.8599853515625,345.0,862379
2022-07-06,347.20001220703125,347.20001220703125,348.0,342.0,342.29998779296875,995857
2022-07-07,352.9599914550781,352.9599914550781,354.75,348.25,351.0,922929
2022-07-08,354.6499938964844,354.6499938964844,364.8800048828125,353.25,364.8800048828125,615899
2022-07-11,358.739990234375,358.739990234375,359.3999938964844,351.75,354.6499938964844,915584
2022-07-12,355.010009765625,355.010009765625,357.8399963378906,354.3999938964844,357.3999938964844,301594
2022-07-13,352.3299865722656,352.3299865722656,357.989990234375,351.75,355.25,285076
2022-07-14,351.0899963378906,351.0899963378906,356.25,350.1000061035156,353.989990234375,772420
2022-07-15,351.05999755859375,351.05999755859375,352.989990234375,348.760009765625,352.989990234375,267436
2022-07-18,357.54998779296875,357.54998779296875,357.95001220703125,351.5,351.989990234375,510412
2022-07-19,360.8399963378906,360.8399963378906,361.5,354.0,355.0,842646
2022-07-20,362.9700012207031,362.9700012207031,365.20001220703125,361.75,362.0,1228576
2022-07-21,365.30999755859375,365.30999755859375,367.0,362.0,367.0,854175
2022-07-22,370.8999938964844,370.8999938964844,371.760009765625,365.6499938964844,366.0,1372644
2022-07-25,370.29998779296875,370.29998779296875,373.5,368.20001220703125,371.0,1221953
2022-07-26,367.7799987792969,367.7799987792969,371.29998779296875,367.1000061035156,369.739990234375,839663
2022-07-27,372.2200012207031,372.2200012207031,372.5,366.4800109863281,367.1000061035156,866520
2022-07-28,377.0,377.0,377.79998779296875,372.17999267578125,373.0,2203182
2022-07-29,378.0400085449219,378.0400085449219,380.8999938964844,375.760009765625,379.0,1505350
2022-08-01,382.5299987792969,382.5299987792969,382.95001220703125,377.54998779296875,378.0400085449219,819496
2022-08-02,384.2799987792969,384.2799987792969,385.3800048828125,379.25,381.75,1409672
2022-08-03,383.3999938964844,383.3999938964844,384.3800048828125,380.6499938964844,383.489990234375,627243
2022-08-04,380.8399963378906,380.8399963378906,385.6199951171875,376.32000732421875,383.75,1057738
2022-08-05,382.739990234375,382.739990234375,385.1000061035156,381.17999267578125,381.20001220703125,627773
2022-08-08,386.4599914550781,386.4599914550781,387.1000061035156,381.0400085449219,383.489990234375,597051
2022-08-10,386.8399963378906,386.8399963378906,388.0799865722656,385.04998779296875,386.4599914550781,842350
2022-08-11,393.2200012207031,393.2200012207031,393.8399963378906,387.8999938964844,387.8999938964844,1095930
2022-08-12,394.8999938964844,394.8999938964844,395.1000061035156,391.79998779296875,393.2200012207031,815182
2022-08-16,397.05999755859375,397.05999755859375,399.04998779296875,395.8800048828125,397.010009765625,1264025
2022-08-17,399.07000732421875,399.07000732421875,399.3399963378906,396.70001220703125,397.6000061035156,446128
2022-08-18,401.1000061035156,401.1000061035156,401.5,397.510009765625,398.5899963378906,672145
2022-08-19,393.79998779296875,393.79998779296875,402.489990234375,393.0,401.75,1435659
2022-08-22,387.3800048828125,387.3800048828125,393.79998779296875,387.0,393.79998779296875,1010023
2022-08-23,391.7200012207031,391.7200012207031,393.6099853515625,383.0,386.489990234375,542328
2022-08-24,394.8699951171875,394.8699951171875,395.69000244140625,390.8500061035156,391.989990234375,368179
2022-08-25,394.260009765625,394.260009765625,399.3500061035156,392.3500061035156,395.5,569843
2022-08-26,394.8500061035156,394.8500061035156,397.8999938964844,393.0400085449219,395.2300109863281,592748
2022-08-29,387.7799987792969,387.7799987792969,394.8500061035156,384.29998779296875,394.8500061035156,897772
2022-08-30,399.95001220703125,399.95001220703125,400.5,389.6600036621094,391.0,840348
2022-09-01,398.1099853515625,398.1099853515625,401.20001220703125,394.20001220703125,394.489990234375,764498
2022-09-02,398.7699890136719,398.7699890136719,418.20001220703125,396.9800109863281,418.20001220703125,525146
2022-09-05,402.7900085449219,402.7900085449219,403.25,388.0,400.70001220703125,928545
2022-09-06,401.25,401.25,405.0,400.3500061035156,403.8800048828125,1043837
2022-09-07,399.2799987792969,399.2799987792969,400.30999755859375,397.1099853515625,400.0,359823
2022-09-08,406.4700012207031,406.4700012207031,407.45001220703125,400.0199890136719,407.45001220703125,1081465
2022-09-09,408.82000732421875,408.82000732421875,411.1499938964844,407.55999755859375,407.8900146484375,764401
2022-09-12,410.2200012207031,410.2200012207031,412.6000061035156,408.29998779296875,408.82000732421875,455752
2022-09-13,412.9599914550781,412.9599914550781,413.54998779296875,411.25,413.4800109863281,1692456
2022-09-14,419.2900085449219,419.2900085449219,420.79998779296875,403.5,412.489990234375,1492417
2022-09-15,417.5299987792969,417.5299987792969,423.20001220703125,416.2799987792969,417.3999938964844,814781
2022-09-16,412.3299865722656,412.3299865722656,417.79998779296875,410.04998779296875,416.489990234375,911549
2022-09-19,413.3500061035156,413.3500061035156,416.67999267578125,358.70001220703125,412.489990234375,539841
2022-09-20,419.07000732421875,419.07000732421875,421.17999267578125,413.9599914550781,414.95001220703125,584156
2022-09-21,416.5199890136719,416.5199890136719,420.79998779296875,413.8500061035156,419.0,591794
2022-09-22,411.6700134277344,411.6700134277344,422.45001220703125,409.54998779296875,422.45001220703125,872943
2022-09-23,401.5899963378906,401.5899963378906,411.6700134277344,400.20001220703125,411.6700134277344,1225888
2022-09-26,391.5400085449219,391.5400085449219,401.25,390.0,401.25,1388029
2022-09-27,388.7200012207031,388.7200012207031,399.6499938964844,387.3900146484375,392.010009765625,746553
2022-09-28,383.1700134277344,383.1700134277344,389.0,381.94000244140625,387.2099914550781,821712
2022-09-29,382.0199890136719,382.0199890136719,388.20001220703125,380.8999938964844,385.5,541877
2022-09-30,391.04998779296875,391.04998779296875,392.8500061035156,377.0,379.010009765625,851327
2022-10-03,385.8800048828125,385.8800048828125,393.0,385.0,393.0,546097
2022-10-04,395.5199890136719,395.5199890136719,396.0,389.6600036621094,389.6600036621094,587897
2022-10-06,397.32000732421875,397.32000732421875,400.7900085449219,396.1099853515625,399.3800048828125,585005
2022-10-07,396.3500061035156,396.3500061035156,397.0,392.5,397.0,681188
2022-10-10,395.5799865722656,395.5799865722656,397.5,385.0,394.0,667536
2022-10-11,392.0,392.0,404.8800048828125,391.42999267578125,404.8800048828125,399524
2022-10-12,395.8699951171875,395.8699951171875,399.8800048828125,390.1099853515625,399.8800048828125,318566
2022-10-13,391.6099853515625,391.6099853515625,395.489990234375,389.8599853515625,393.510009765625,562508
2022-10-14,397.8599853515625,397.8599853515625,400.5,396.0,396.0,1007152
2022-10-17,403.6499938964844,403.6499938964844,404.20001220703125,396.0,398.0,808586
2022-10-18,407.2099914550781,407.2099914550781,408.4200134277344,405.510009765625,407.989990234375,860035
2022-10-19,408.010009765625,408.010009765625,410.3999938964844,406.3999938964844,407.2099914550781,907095
2022-10-20,405.9599914550781,405.9599914550781,407.0,403.6099853515625,407.0,526309
2022-10-21,412.1199951171875,412.1199951171875,414.54998779296875,405.9800109863281,405.9800109863281,1111727
2022-10-24,416.70001220703125,416.70001220703125,418.25,413.6000061035156,416.0,322881
2022-10-25,415.3900146484375,415.3900146484375,420.0,414.5899963378906,417.510009765625,734938
2022-10-27,416.94000244140625,416.94000244140625,422.489990234375,416.1300048828125,422.489990234375,1886866
2022-10-28,414.17999267578125,414.17999267578125,419.1099853515625,413.0,418.989990234375,731290
2022-10-31,417.25,417.25,421.2900085449219,415.5,421.2900085449219,706209
2022-11-01,417.3999938964844,417.3999938964844,421.0,416.42999267578125,417.260009765625,649256
2022-11-02,415.8599853515625,415.8599853515625,419.489990234375,415.260009765625,418.989990234375,751675
2022-11-03,417.3800048828125,417.3800048828125,419.489990234375,413.3999938964844,419.489990234375,1265401
2022-11-04,417.0,417.0,421.0,415.20001220703125,418.989990234375,478743
2022-11-07,421.1600036621094,421.1600036621094,421.79998779296875,418.0,419.2099914550781,618412
2022-11-09,422.2900085449219,422.2900085449219,423.70001220703125,421.3399963378906,421.989990234375,563083
2022-11-10,420.57000732421875,420.57000732421875,421.989990234375,413.3999938964844,420.489990234375,396634
2022-11-11,425.92999267578125,425.92999267578125,427.6000061035156,421.75,423.44000244140625,748926
2022-11-14,425.6499938964844,425.6499938964844,427.489990234375,424.70001220703125,427.489990234375,618255
2022-11-15,428.510009765625,428.510009765625,429.489990234375,425.8500061035156,427.5899963378906,449138
2022-11-16,429.8699951171875,429.8699951171875,430.5,427.6199951171875,428.5199890136719,415571
2022-11-17,429.54998779296875,429.54998779296875,432.489990234375,427.9800109863281,432.489990234375,579960
2022-11-18,429.45001220703125,429.45001220703125,430.989990234375,427.3599853515625,428.05999755859375,329168
2022-11-21,428.04998779296875,428.04998779296875,429.3999938964844,425.8599853515625,429.3999938964844,336162
2022-11-22,428.95001220703125,428.95001220703125,429.44000244140625,428.05999755859375,429.44000244140625,287970
2022-11-23,431.80999755859375,431.80999755859375,433.25,424.0,429.0199890136719,371400
2022-11-24,435.1600036621094,435.1600036621094,436.1000061035156,432.32000732421875,433.9800109863281,558326
2022-11-25,435.1600036621094,435.1600036621094,437.989990234375,434.29998779296875,435.04998779296875,422987
2022-11-28,435.30999755859375,435.30999755859375,436.8399963378906,433.010009765625,435.0,353813
2022-11-29,435.8999938964844,435.8999938964844,437.29998779296875,435.0,435.75,477555
2022-11-30,436.92999267578125,436.92999267578125,437.7900085449219,434.20001220703125,437.739990234375,340763
2022-12-01,436.70001220703125,436.70001220703125,439.6199951171875,434.7099914550781,434.7099914550781,429520
2022-12-02,435.6099853515625,435.6099853515625,436.5899963378906,434.5,434.7099914550781,433677
2022-12-05,437.8999938964844,437.8999938964844,438.489990234375,434.7300109863281,438.489990234375,383813
2022-12-06,436.7699890136719,436.7699890136719,437.95001220703125,436.2099914550781,436.8900146484375,285733
2022-12-07,435.3399963378906,435.3399963378906,438.4800109863281,434.3800048828125,436.0,358745
2022-12-08,440.5,440.5,441.20001220703125,435.2099914550781,439.0,1319595
2022-12-09,440.9800109863281,440.9800109863281,443.20001220703125,438.5,441.95001220703125,420455
2022-12-12,441.7699890136719,441.7699890136719,442.7300109863281,438.6000061035156,440.489990234375,279931
2022-12-13,444.7099914550781,444.7099914550781,445.8399963378906,442.3299865722656,443.1199951171875,1316405
2022-12-14,444.8399963378906,444.8399963378906,446.1600036621094,444.5,445.6199951171875,923423
2022-12-15,439.69000244140625,439.69000244140625,445.7799987792969,438.1199951171875,444.989990234375,710951
2022-12-16,436.8500061035156,436.8500061035156,441.70001220703125,435.44000244140625,441.70001220703125,405322
2022-12-19,439.1400146484375,439.1400146484375,439.989990234375,436.0,439.9800109863281,246030
2022-12-20,440.0199890136719,440.0199890136719,440.4200134277344,435.75,439.1499938964844,671504
2022-12-21,432.05999755859375,432.05999755859375,441.20001220703125,429.3800048828125,440.0299987792969,487161
2022-12-22,430.3599853515625,430.3599853515625,435.989990234375,427.92999267578125,435.989990234375,777203
2022-12-23,421.3800048828125,421.3800048828125,430.3599853515625,420.54998779296875,430.3599853515625,1959887
2022-12-26,430.8800048828125,430.8800048828125,432.9200134277344,419.989990234375,422.510009765625,719576
2022-12-27,433.17999267578125,433.17999267578125,433.79998779296875,428.69000244140625,433.1000061035156,489609
2022-12-28,432.69000244140625,432.69000244140625,445.0,431.0,433.8500061035156,326543
2022-12-29,436.92999267578125,436.92999267578125,437.8999938964844,429.8999938964844,433.6000061035156,296990
2022-12-30,435.4800109863281,435.4800109863281,440.0,433.92999267578125,438.19000244140625,384369
2023-01-02,437.17999267578125,437.17999267578125,438.69000244140625,435.1400146484375,436.989990234375,477841
2023-01-03,439.2300109863281,439.2300109863281,439.75,436.5799865722656,437.25,402022
2023-01-04,435.32000732421875,435.32000732421875,440.5,434.0,439.94000244140625,643875
2023-01-05,431.6300048828125,431.6300048828125,437.989990234375,428.7900085449219,437.75,2930741
2023-01-06,427.4100036621094,427.4100036621094,433.489990234375,424.5,433.489990234375,1754863
2023-01-09,430.82000732421875,430.82000732421875,431.739990234375,427.1400146484375,427.5199890136719,1640448
2023-01-10,426.0899963378906,426.0899963378906,431.489990234375,424.260009765625,430.8299865722656,980108
2023-01-11,428.0,428.0,429.04998779296875,423.3399963378906,427.9800109863281,727957
2023-01-12,426.29998779296875,426.29998779296875,429.5199890136719,423.1000061035156,428.54998779296875,515836
2023-01-13,429.239990234375,429.239990234375,429.95001220703125,424.2799987792969,426.4200134277344,329874
2023-01-16,427.6700134277344,427.6700134277344,432.0,426.69000244140625,429.3800048828125,669640
2023-01-17,428.0400085449219,428.0400085449219,429.45001220703125,424.70001220703125,429.19000244140625,653481
2023-01-18,430.010009765625,430.010009765625,430.69000244140625,427.010009765625,428.2699890136719,245217
2023-01-19,428.6700134277344,428.6700134277344,431.989990234375,428.0,430.010009765625,227779
2023-01-20,430.5899963378906,430.5899963378906,431.739990234375,429.1499938964844,429.5899963378906,297481
2023-01-23,433.57000732421875,433.57000732421875,435.0,430.6199951171875,430.6199951171875,299221
2023-01-24,432.6600036621094,432.6600036621094,435.989990234375,431.760009765625,433.8800048828125,258615
2023-01-25,422.4100036621094,422.4100036621094,434.8900146484375,421.0,434.8900146484375,1953555
2023-01-27,409.3399963378906,409.3399963378906,424.79998779296875,407.4100036621094,424.75,2286148
2023-01-30,409.3800048828125,409.3800048828125,415.989990234375,400.0199890136719,411.5299987792969,1828530
2023-01-31,412.3800048828125,412.3800048828125,413.79998779296875,407.3999938964844,410.9800109863281,1178997
2023-02-01,410.4200134277344,410.4200134277344,424.70001220703125,400.4200134277344,415.0,2045348
2023-02-02,412.3299865722656,412.3299865722656,417.8800048828125,403.25,417.8800048828125,998248
2023-02-03,419.1400146484375,419.1400146484375,419.5,410.0,414.989990234375,921193
2023-02-06,418.30999755859375,418.30999755859375,421.54998779296875,417.3900146484375,419.1499938964844,577216
2023-02-07,419.3699951171875,419.3699951171875,420.3999938964844,415.79998779296875,419.989990234375,553457
2023-02-08,419.760009765625,419.760009765625,422.989990234375,418.6000061035156,422.989990234375,520379
2023-02-09,420.2300109863281,420.2300109863281,421.8900146484375,417.1099853515625,421.8900146484375,491242
2023-02-10,420.05999755859375,420.05999755859375,421.010009765625,418.6199951171875,421.010009765625,366925
2023-02-13,417.3399963378906,417.3399963378906,424.3900146484375,416.3599853515625,424.3900146484375,376704
2023-02-14,420.6000061035156,420.6000061035156,421.3900146484375,416.489990234375,417.510009765625,372657
2023-02-15,421.69000244140625,421.69000244140625,422.5400085449219,419.0,422.5400085449219,371232
2023-02-16,421.2799987792969,421.2799987792969,423.989990234375,419.75,421.5,443603
2023-02-17,416.30999755859375,416.30999755859375,424.6000061035156,414.3399963378906,424.6000061035156,779199
2023-02-20,412.8399963378906,412.8399963378906,418.739990234375,411.45001220703125,418.7300109863281,692669
2023-02-21,411.8999938964844,411.8999938964844,415.989990234375,410.6000061035156,414.69000244140625,406270
2023-02-22,405.8999938964844,405.8999938964844,410.70001220703125,404.7099914550781,410.69000244140625,1030418
2023-02-23,405.80999755859375,405.80999755859375,407.0899963378906,401.75,407.0899963378906,846187
2023-02-24,404.67999267578125,404.67999267578125,409.69000244140625,403.9599914550781,409.69000244140625,483602
2023-02-27,408.3599853515625,408.3599853515625,409.0,403.0,405.8399963378906,482266
2023-02-28,408.05999755859375,408.05999755859375,409.3399963378906,406.04998779296875,409.0,319882
2023-03-01,412.3699951171875,412.3699951171875,412.5,408.0899963378906,408.0899963378906,416789
2023-03-02,409.5299987792969,409.5299987792969,413.3900146484375,409.04998779296875,412.3699951171875,269401
2023-03-03,416.9599914550781,416.9599914550781,418.0299987792969,410.7799987792969,412.3500061035156,778110
2023-03-06,417.8399963378906,417.8399963378906,420.8500061035156,417.010009765625,419.489990234375,746212
2023-03-08,419.9100036621094,419.9100036621094,420.3800048828125,413.0,416.70001220703125,614455
2023-03-09,417.1300048828125,417.1300048828125,420.7200012207031,416.5899963378906,419.760009765625,414516
2023-03-10,410.0,410.0,415.19000244140625,408.8399963378906,415.19000244140625,763977
2023-03-13,401.2099914550781,401.2099914550781,414.19000244140625,400.20001220703125,414.19000244140625,1322521
2023-03-14,399.739990234375,399.739990234375,405.1000061035156,396.8500061035156,401.2099914550781,1142808
2023-03-15,395.80999755859375,395.80999755859375,404.510009765625,394.8900146484375,403.05999755859375,894828
2023-03-16,396.3699951171875,396.3699951171875,399.0,391.7099914550781,391.8500061035156,1727119
2023-03-17,399.760009765625,399.760009765625,401.0,394.489990234375,397.30999755859375,1145847
2023-03-20,397.4599914550781,397.4599914550781,399.5,393.6000061035156,399.5,1862977
2023-03-21,402.95001220703125,402.95001220703125,404.989990234375,397.6099853515625,404.989990234375,1076920
2023-03-22,403.9599914550781,403.9599914550781,404.8500061035156,402.489990234375,403.1099853515625,497156
2023-03-23,400.2200012207031,400.2200012207031,405.9800109863281,399.5,404.0,1043364
2023-03-24,397.7300109863281,397.7300109863281,403.5199890136719,396.8299865722656,403.5199890136719,675298
2023-03-27,398.45001220703125,398.45001220703125,401.1600036621094,397.04998779296875,399.489990234375,723033
2023-03-28,400.0199890136719,400.0199890136719,400.5199890136719,397.70001220703125,399.8900146484375,635142
2023-03-29,404.010009765625,404.010009765625,404.8299865722656,400.0,404.44000244140625,555287
2023-03-31,410.54998779296875,410.54998779296875,411.20001220703125,404.7699890136719,404.7699890136719,852274
2023-04-03,412.3699951171875,412.3699951171875,412.9800109863281,409.8999938964844,412.54998779296875,557479
2023-04-05,414.0899963378906,414.0899963378906,414.95001220703125,412.239990234375,412.9700012207031,535026
2023-04-06,414.80999755859375,414.80999755859375,416.95001220703125,412.57000732421875,414.1000061035156,810027
2023-04-10,413.1300048828125,413.1300048828125,419.8800048828125,409.0,419.8800048828125,450018
2023-04-11,418.1300048828125,418.1300048828125,418.5,414.57000732421875,415.2200012207031,657382
2023-04-12,420.42999267578125,420.42999267578125,420.8399963378906,417.9599914550781,417.989990234375,1026832
2023-04-13,425.3999938964844,425.3999938964844,426.1000061035156,419.69000244140625,420.70001220703125,1201682
2023-04-17,427.04998779296875,427.04998779296875,428.3900146484375,417.1499938964844,426.010009765625,769372
2023-04-18,426.9100036621094,426.9100036621094,429.489990234375,423.0,423.0,720159
2023-04-19,425.8599853515625,425.8599853515625,428.3900146484375,424.6099853515625,428.3900146484375,334938
2023-04-20,427.05999755859375,427.05999755859375,427.9800109863281,425.5,425.5,357357
2023-04-21,425.6400146484375,425.6400146484375,429.44000244140625,424.3999938964844,429.44000244140625,351820
2023-04-24,431.0899963378906,431.0899963378906,435.0,425.6300048828125,435.0,1994763
2023-04-25,431.19000244140625,431.19000244140625,432.75,430.6099853515625,431.239990234375,1630605
2023-04-26,432.6499938964844,432.6499938964844,433.0,429.0,432.989990234375,1727290
2023-04-27,434.4200134277344,434.4200134277344,434.82000732421875,431.0,433.0400085449219,970501
2023-04-28,436.6000061035156,436.6000061035156,437.4700012207031,431.0,434.4200134277344,684590
2023-05-02,437.8500061035156,437.8500061035156,439.29998779296875,436.80999755859375,438.3999938964844,627641
2023-05-03,437.7200012207031,437.7200012207031,437.9599914550781,435.3699951171875,437.82000732421875,391510
2023-05-04,441.17999267578125,441.17999267578125,441.79998779296875,436.70001220703125,439.4200134277344,519481
2023-05-05,432.1400146484375,432.1400146484375,440.489990234375,430.9599914550781,439.79998779296875,882377
2023-05-08,437.5400085449219,437.5400085449219,438.67999267578125,433.4599914550781,433.8999938964844,568655
2023-05-09,436.2900085449219,436.2900085449219,441.1499938964844,435.5400085449219,441.1499938964844,450692
2023-05-10,437.2200012207031,437.2200012207031,439.8900146484375,433.0,439.8900146484375,526925
2023-05-11,439.3900146484375,439.3900146484375,441.010009765625,437.2300109863281,439.5899963378906,517801
2023-05-12,442.5899963378906,442.5899963378906,443.4100036621094,438.0,439.69000244140625,611319
2023-05-15,445.19000244140625,445.19000244140625,445.9200134277344,438.05999755859375,441.5400085449219,573049
2023-05-16,444.9700012207031,444.9700012207031,447.0,444.1000061035156,445.989990234375,1287166
2023-05-17,442.8599853515625,442.8599853515625,445.57000732421875,440.5400085449219,444.9100036621094,486812
2023-05-18,443.7900085449219,443.7900085449219,446.5,443.2200012207031,443.260009765625,554322
2023-05-19,445.57000732421875,445.57000732421875,446.0,441.4700012207031,443.010009765625,287544
2023-05-22,445.2699890136719,445.2699890136719,446.0,443.6000061035156,445.57000732421875,455168
2023-05-23,445.3699951171875,445.3699951171875,446.8500061035156,444.92999267578125,446.1499938964844,367423
2023-05-24,443.2900085449219,443.2900085449219,446.0,443.0,445.989990234375,285475
2023-05-25,442.9100036621094,442.9100036621094,444.8900146484375,440.6000061035156,444.8900146484375,332830
2023-05-26,446.1499938964844,446.1499938964844,446.6199951171875,442.2099914550781,443.6700134277344,366976
2023-05-29,449.92999267578125,449.92999267578125,450.75,447.3599853515625,447.3599853515625,777404
2023-05-30,450.80999755859375,450.80999755859375,451.29998779296875,448.989990234375,449.92999267578125,269298
2023-05-31,448.75,448.75,452.0,446.32000732421875,451.0,612867
2023-06-01,445.7699890136719,445.7699890136719,449.2900085449219,445.0,449.2900085449219,324345
2023-06-02,447.6400146484375,447.6400146484375,449.25,446.19000244140625,448.70001220703125,838984
2023-06-05,449.239990234375,449.239990234375,450.489990234375,449.0,449.1499938964844,280291
2023-06-06,449.8500061035156,449.8500061035156,451.7900085449219,448.2099914550781,451.7900085449219,203138
2023-06-07,450.3399963378906,450.3399963378906,451.8399963378906,449.489990234375,451.8399963378906,213953
2023-06-08,447.8800048828125,447.8800048828125,451.8999938964844,447.010009765625,450.80999755859375,377238
2023-06-09,447.75,447.75,449.7200012207031,447.1000061035156,449.7200012207031,246230
2023-06-12,447.5299987792969,447.5299987792969,450.8900146484375,446.54998779296875,450.8900146484375,153376
2023-06-13,448.6099853515625,448.6099853515625,449.010009765625,447.2200012207031,447.7900085449219,191433
2023-06-14,447.8900146484375,447.8900146484375,450.989990234375,447.0,450.989990234375,158235
2023-06-15,442.2200012207031,442.2200012207031,448.510009765625,441.75,448.29998779296875,525315
2023-06-16,446.9100036621094,446.9100036621094,448.44000244140625,422.8999938964844,442.5,250533
2023-06-19,444.04998779296875,444.04998779296875,448.45001220703125,442.95001220703125,446.9100036621094,354242
2023-06-20,444.79998779296875,444.79998779296875,445.3399963378906,441.20001220703125,444.0,397028
2023-06-21,445.5400085449219,445.5400085449219,446.42999267578125,444.0,445.7900085449219,275567
2023-06-22,444.45001220703125,444.45001220703125,447.29998779296875,443.8699951171875,445.4200134277344,314478
2023-06-23,443.4700012207031,443.4700012207031,445.92999267578125,442.489990234375,445.92999267578125,291802
2023-06-26,443.4599914550781,443.4599914550781,446.95001220703125,442.6000061035156,443.9700012207031,460952
2023-06-27,448.3599853515625,448.3599853515625,449.0,443.0,445.239990234375,351279
2023-06-28,450.80999755859375,450.80999755859375,452.30999755859375,448.7699890136719,448.989990234375,575779
2023-06-30,454.4800109863281,454.4800109863281,454.8999938964844,451.55999755859375,454.489990234375,396161
2023-07-03,459.7300109863281,459.7300109863281,467.0,454.30999755859375,454.4700012207031,839108
2023-07-04,462.2300109863281,462.2300109863281,464.5,455.0,459.7200012207031,954438
2023-07-05,459.989990234375,459.989990234375,463.67999267578125,459.29998779296875,463.67999267578125,287724
2023-07-06,461.6400146484375,461.6400146484375,462.489990234375,458.6099853515625,462.489990234375,676516
2023-07-07,457.8800048828125,457.8800048828125,461.6300048828125,456.5400085449219,461.6300048828125,449846
2023-07-10,456.6099853515625,456.6099853515625,459.8800048828125,455.57000732421875,459.8800048828125,232229
2023-07-11,456.07000732421875,456.07000732421875,460.010009765625,455.1199951171875,458.989990234375,329690
2023-07-12,454.8999938964844,454.8999938964844,458.4800109863281,454.1000061035156,458.2200012207031,464179
2023-07-13,454.9800109863281,454.9800109863281,458.44000244140625,454.5,456.1199951171875,222310
2023-07-14,456.2300109863281,456.2300109863281,457.7900085449219,454.0,455.5,224836
2023-07-17,462.17999267578125,462.17999267578125,463.0799865722656,455.239990234375,458.8900146484375,700381
2023-07-18,461.4599914550781,461.4599914550781,466.3900146484375,460.5,465.0,489486
2023-07-19,464.0199890136719,464.0199890136719,464.5899963378906,461.4599914550781,463.44000244140625,266873
2023-07-20,469.1499938964844,469.1499938964844,469.79998779296875,463.3299865722656,464.1000061035156,548163
2023-07-21,468.69000244140625,468.69000244140625,471.0,467.0,468.0,503511
2023-07-24,467.5299987792969,467.5299987792969,469.67999267578125,466.5,468.94000244140625,244063
2023-07-25,466.80999755859375,466.80999755859375,470.0,464.79998779296875,470.0,266037
2023-07-26,468.6000061035156,468.6000061035156,469.0,465.989990234375,468.8399963378906,171434
2023-07-27,465.70001220703125,465.70001220703125,471.0,464.2900085449219,469.8999938964844,545196
2023-07-28,463.0299987792969,463.0299987792969,467.3299865722656,461.1000061035156,467.3299865722656,515141
2023-07-31,464.5199890136719,464.5199890136719,465.5,461.6499938964844,464.010009765625,206972
2023-08-01,463.5400085449219,463.5400085449219,466.2900085449219,462.69000244140625,463.80999755859375,284951
2023-08-02,458.1199951171875,458.1199951171875,466.8900146484375,455.54998779296875,463.8500061035156,812330
2023-08-03,453.760009765625,453.760009765625,470.0,451.29998779296875,470.0,675734
2023-08-04,456.8800048828125,456.8800048828125,459.0,453.30999755859375,454.1099853515625,409788
2023-08-07,455.9100036621094,455.9100036621094,459.239990234375,455.25,459.239990234375,679192
2023-08-08,457.3299865722656,457.3299865722656,458.8399963378906,455.8999938964844,456.2900085449219,404366
2023-08-09,457.45001220703125,457.45001220703125,458.989990234375,454.29998779296875,458.0,350881
2023-08-10,454.3999938964844,454.3999938964844,457.9800109863281,453.25,457.45001220703125,428370
2023-08-11,451.4100036621094,451.4100036621094,454.5,450.5899963378906,454.5,471258
2023-08-14,449.69000244140625,449.69000244140625,452.8999938964844,447.5,451.9800109863281,668936
2023-08-16,447.6600036621094,447.6600036621094,460.0,445.0,460.0,906181
2023-08-17,446.9800109863281,446.9800109863281,448.989990234375,446.1000061035156,448.9800109863281,1101482
2023-08-18,446.489990234375,446.489990234375,447.6300048828125,444.8999938964844,446.9800109863281,2115634
2023-08-21,448.0400085449219,448.0400085449219,449.3299865722656,446.489990234375,448.989990234375,1766675
2023-08-22,448.0799865722656,448.0799865722656,449.54998779296875,447.5899963378906,448.7099914550781,766308
2023-08-23,452.9100036621094,452.9100036621094,453.2799987792969,437.0,449.7300109863281,460109
2023-08-24,453.3800048828125,453.3800048828125,457.6199951171875,452.8599853515625,453.989990234375,389721
2023-08-25,450.6300048828125,450.6300048828125,453.489990234375,447.7900085449219,452.989990234375,1083046
2023-08-28,453.1499938964844,453.1499938964844,454.2300109863281,450.25,452.010009765625,245958
2023-08-29,453.3399963378906,453.3399963378906,455.0,452.6700134277344,455.0,172747
2023-08-30,450.82000732421875,450.82000732421875,455.79998779296875,450.010009765625,454.8999938964844,362290
2023-08-31,449.20001220703125,449.20001220703125,453.0799865722656,448.4800109863281,452.739990234375,521188
2023-09-01,452.79998779296875,452.79998779296875,454.1499938964844,447.1499938964844,449.9599914550781,565220
2023-09-04,454.25,454.25,454.95001220703125,452.0,454.95001220703125,506817
2023-09-05,454.6700134277344,454.6700134277344,455.29998779296875,453.0,454.25,362899
2023-09-06,453.54998779296875,453.54998779296875,459.0,451.4599914550781,459.0,292824
2023-09-07,457.3599853515625,457.3599853515625,457.70001220703125,452.4700012207031,454.7300109863281,481986
2023-09-08,460.2699890136719,460.2699890136719,462.6400146484375,457.0,457.6400146484375,557997
2023-09-11,464.1099853515625,464.1099853515625,464.489990234375,460.2799987792969,461.0,565394
2023-09-12,463.8599853515625,463.8599853515625,466.510009765625,462.2300109863281,465.0,1205257
2023-09-13,467.510009765625,467.510009765625,468.2300109863281,461.8999938964844,464.989990234375,467845
2023-09-14,468.57000732421875,468.57000732421875,470.0,466.5299987792969,469.739990234375,399241
2023-09-15,470.739990234375,470.739990234375,471.45001220703125,469.0,469.4599914550781,354221
2023-09-18,468.5899963378906,468.5899963378906,471.0,467.7099914550781,470.75,292358
2023-09-20,462.67999267578125,462.67999267578125,468.0400085449219,462.0,468.0400085449219,744962
2023-09-21,454.7799987792969,454.7799987792969,463.75,454.010009765625,463.75,1558908
2023-09-22,455.45001220703125,455.45001220703125,459.20001220703125,454.6000061035156,455.0,1136146
2023-09-25,456.1300048828125,456.1300048828125,459.8900146484375,452.989990234375,459.8900146484375,473618
2023-09-26,454.8599853515625,454.8599853515625,456.3399963378906,453.8800048828125,456.1300048828125,206012
2023-09-27,455.19000244140625,455.19000244140625,455.989990234375,450.510009765625,454.8699951171875,467178
2023-09-28,451.7699890136719,451.7699890136719,457.2300109863281,451.1499938964844,457.2300109863281,893808
2023-09-29,454.4200134277344,454.4200134277344,455.8299865722656,452.1499938964844,452.9800109863281,254442
2023-10-03,452.07000732421875,452.07000732421875,455.489990234375,448.3500061035156,455.4800109863281,425594
2023-10-04,448.3399963378906,448.3399963378906,452.5,447.70001220703125,452.07000732421875,656509
2023-10-05,450.8699951171875,450.8699951171875,452.70001220703125,450.2200012207031,450.7699890136719,326173
2023-10-06,452.6700134277344,452.6700134277344,453.8800048828125,451.0299987792969,452.8599853515625,232630
2023-10-09,448.4800109863281,448.4800109863281,452.5400085449219,446.04998779296875,452.5400085449219,1282708
2023-10-10,453.0299987792969,453.0299987792969,454.1400146484375,449.2099914550781,452.1000061035156,763885
2023-10-11,454.42999267578125,454.42999267578125,455.9800109863281,453.0400085449219,455.0299987792969,320067
2023-10-12,455.2300109863281,455.2300109863281,456.0,454.0,455.9800109863281,252217
2023-10-13,452.260009765625,452.260009765625,454.9800109863281,451.2900085449219,454.9800109863281,551708
2023-10-16,451.54998779296875,451.54998779296875,452.8999938964844,450.0,452.7300109863281,281971
2023-10-17,452.5,452.5,454.8699951171875,452.30999755859375,454.2300109863281,349958
2023-10-18,448.17999267578125,448.17999267578125,453.7300109863281,445.0,450.2200012207031,563644
2023-10-19,446.75,446.75,449.2300109863281,444.17999267578125,447.989990234375,384175
2023-10-20,446.3500061035156,446.3500061035156,460.1499938964844,445.1199951171875,460.1499938964844,332719
2023-10-23,440.8299865722656,440.8299865722656,447.3800048828125,439.8999938964844,447.1400146484375,592546
2023-10-25,437.4100036621094,437.4100036621094,447.989990234375,436.79998779296875,446.8999938964844,649020
2023-10-26,432.2300109863281,432.2300109863281,438.3999938964844,430.1000061035156,437.489990234375,1262360
2023-10-27,436.7300109863281,436.7300109863281,437.5,433.55999755859375,434.239990234375,589516
2023-10-30,439.0799865722656,439.0799865722656,440.0,433.0,436.8999938964844,445577
2023-10-31,437.510009765625,437.510009765625,441.45001220703125,437.1000061035156,440.989990234375,395410
2023-11-01,436.45001220703125,436.45001220703125,438.9599914550781,435.1199951171875,437.510009765625,448327
2023-11-02,439.19000244140625,439.19000244140625,441.45001220703125,437.25,437.989990234375,572110
2023-11-03,442.1000061035156,442.1000061035156,442.510009765625,441.1000061035156,441.5400085449219,181625
2023-11-06,444.79998779296875,444.79998779296875,445.0,443.1199951171875,443.8900146484375,317621
2023-11-07,445.80999755859375,445.80999755859375,446.45001220703125,442.0199890136719,444.79998779296875,233896
2023-11-08,445.3399963378906,445.3399963378906,446.989990234375,444.6000061035156,446.989990234375,260166
2023-11-09,445.5899963378906,445.5899963378906,447.9800109863281,444.3399963378906,447.9800109863281,436519
2023-11-10,446.1099853515625,446.1099853515625,447.0899963378906,441.5899963378906,441.5899963378906,387911
2023-11-13,446.8399963378906,446.8399963378906,448.989990234375,444.7799987792969,448.989990234375,384074
2023-11-15,450.4800109863281,450.4800109863281,451.5299987792969,448.989990234375,448.989990234375,318835
2023-11-16,450.20001220703125,450.20001220703125,452.489990234375,449.5199890136719,451.739990234375,382202
2023-11-17,444.9200134277344,444.9200134277344,449.4800109863281,444.0,449.4800109863281,912217
2023-11-20,444.6199951171875,444.6199951171875,446.989990234375,443.2799987792969,446.989990234375,418512
2023-11-21,445.6499938964844,445.6499938964844,447.989990234375,444.5,447.989990234375,230381
2023-11-22,443.55999755859375,443.55999755859375,445.8500061035156,441.5400085449219,445.6400146484375,661659
2023-11-23,444.2300109863281,444.2300109863281,445.2099914550781,443.5899963378906,444.5400085449219,443771
2023-11-24,445.70001220703125,445.70001220703125,446.0,444.1600036621094,445.989990234375,792259
2023-11-28,447.0199890136719,447.0199890136719,447.5,445.510009765625,446.6000061035156,863913
2023-11-29,453.8299865722656,453.8299865722656,454.8999938964844,446.57000732421875,447.2799987792969,663046
2023-11-30,453.82000732421875,453.82000732421875,458.8299865722656,444.2300109863281,453.0,1814769
2023-12-01,456.5,456.5,457.54998779296875,454.1400146484375,454.489990234375,751616
2023-12-04,473.6000061035156,473.6000061035156,477.04998779296875,459.0,460.0,3667150
2023-12-05,478.760009765625,478.760009765625,487.70001220703125,474.010009765625,474.010009765625,2465859
2023-12-06,476.95001220703125,476.95001220703125,482.8800048828125,476.05999755859375,482.0,1534396
2023-12-07,477.3699951171875,477.3699951171875,477.8999938964844,473.8599853515625,477.6700134277344,468630
2023-12-08,481.4800109863281,481.4800109863281,482.4599914550781,476.760009765625,478.9800109863281,643235
2023-12-11,482.69000244140625,482.69000244140625,484.3999938964844,480.7099914550781,480.989990234375,844025
2023-12-12,480.07000732421875,480.07000732421875,484.7300109863281,479.3800048828125,484.7300109863281,456232
2023-12-13,480.6400146484375,480.6400146484375,481.4200134277344,478.1199951171875,481.4200134277344,498302
2023-12-14,486.7099914550781,486.7099914550781,489.05999755859375,480.6400146484375,482.010009765625,792574
2023-12-15,489.8800048828125,489.8800048828125,490.8599853515625,485.1000061035156,487.0199890136719,764254
2023-12-18,488.1499938964844,488.1499938964844,490.2300109863281,487.3999938964844,489.8800048828125,466762
2023-12-19,488.5899963378906,488.5899963378906,490.0199890136719,486.20001220703125,487.010009765625,803482
2023-12-20,483.2699890136719,483.2699890136719,491.989990234375,481.55999755859375,488.7300109863281,815159
2023-12-21,488.2099914550781,488.2099914550781,489.010009765625,478.1000061035156,486.8800048828125,842146
2023-12-22,483.6000061035156,483.6000061035156,490.7300109863281,482.70001220703125,490.7300109863281,509033
2023-12-26,486.0,486.0,487.3500061035156,482.79998779296875,485.4800109863281,223116
2023-12-27,491.4100036621094,491.4100036621094,492.0,486.69000244140625,487.989990234375,578443
2023-12-28,493.5799865722656,493.5799865722656,495.0,491.3999938964844,491.3999938964844,573622
2023-12-29,492.42999267578125,492.42999267578125,494.010009765625,490.1700134277344,493.9800109863281,537768
2024-01-01,491.6499938964844,491.6499938964844,494.1000061035156,490.010009765625,492.7300109863281,316307
2024-01-02,487.1400146484375,487.1400146484375,492.2300109863281,484.8599853515625,492.2300109863281,1013076
2024-01-03,486.1700134277344,486.1700134277344,488.739990234375,484.5799865722656,487.9800109863281,455706
2024-01-04,491.239990234375,491.239990234375,491.8999938964844,484.010009765625,487.8900146484375,421814
2024-01-05,490.6499938964844,490.6499938964844,492.9800109863281,487.0,492.7300109863281,409614
2024-01-08,483.9100036621094,483.9100036621094,491.989990234375,483.5,491.4800109863281,411590
2024-01-09,481.6199951171875,481.6199951171875,488.4700012207031,481.0,486.9800109863281,598488
2024-01-10,483.4700012207031,483.4700012207031,484.0,480.0,481.989990234375,319581
2024-01-11,483.3999938964844,483.3999938964844,485.6499938964844,481.70001220703125,485.239990234375,396428
2024-01-12,486.2099914550781,486.2099914550781,487.8399963378906,483.3999938964844,483.3999938964844,294106
2024-01-15,490.489990234375,490.489990234375,491.20001220703125,487.010009765625,487.0199890136719,442665
2024-01-16,489.6700134277344,489.6700134277344,491.8800048828125,488.1000061035156,490.9800109863281,1022679
2024-01-17,470.5400085449219,470.5400085449219,484.3999938964844,469.5,479.989990234375,3359314
2024-01-18,466.5899963378906,466.5899963378906,471.17999267578125,461.0,467.989990234375,1932438
2024-01-19,466.1400146484375,466.1400146484375,474.989990234375,465.2099914550781,469.989990234375,1599035
2024-01-23,459.54998779296875,459.54998779296875,474.989990234375,458.5,471.0199890136719,2000433
2024-01-24,460.20001220703125,460.20001220703125,463.9800109863281,455.1499938964844,458.989990234375,1669461
2024-01-25,457.510009765625,457.510009765625,461.4800109863281,453.79998779296875,460.20001220703125,2098424
2024-01-29,464.260009765625,464.260009765625,467.510009765625,458.0,458.0,888912
2024-01-30,462.94000244140625,462.94000244140625,466.9800109863281,461.510009765625,466.9800109863281,655482
2024-01-31,468.760009765625,468.760009765625,469.989990234375,460.3999938964844,463.1499938964844,897307
2024-02-01,470.2799987792969,470.2799987792969,473.989990234375,465.55999755859375,473.989990234375,1503158
2024-02-02,469.239990234375,469.239990234375,477.20001220703125,468.5,471.5899963378906,1326718
2024-02-05,466.3699951171875,466.3699951171875,470.2300109863281,465.1499938964844,470.2300109863281,1244789
2024-02-06,466.1199951171875,466.1199951171875,467.9800109863281,464.0,467.9800109863281,586986
2024-02-07,467.2300109863281,467.2300109863281,469.5,465.5899963378906,468.44000244140625,724274
2024-02-08,459.6000061035156,459.6000061035156,470.4200134277344,458.1199951171875,468.5,1245049
2024-02-09,465.25,465.25,465.989990234375,458.6000061035156,460.489990234375,688299
2024-02-12,458.0899963378906,458.0899963378906,465.55999755859375,455.70001220703125,465.260009765625,1072839
2024-02-13,464.0799865722656,464.0799865722656,466.29998779296875,456.80999755859375,460.0799865722656,697653
2024-02-14,467.1000061035156,467.1000061035156,469.75,457.45001220703125,461.0,1169946
2024-02-15,471.1300048828125,471.1300048828125,472.45001220703125,464.29998779296875,469.2300109863281,1463198
2024-02-16,472.7799987792969,472.7799987792969,476.0,470.79998779296875,472.989990234375,1130342
2024-02-19,473.7300109863281,473.7300109863281,476.1499938964844,472.79998779296875,473.0199890136719,1010248
2024-02-20,479.32000732421875,479.32000732421875,479.75,472.5,474.4800109863281,965575
2024-02-21,478.5,478.5,484.989990234375,477.70001220703125,484.989990234375,979824
2024-02-22,478.3500061035156,478.3500061035156,479.989990234375,474.0,479.4800109863281,761305
2024-02-23,477.5299987792969,477.5299987792969,481.7799987792969,476.510009765625,479.989990234375,644321
2024-02-26,473.92999267578125,473.92999267578125,478.2900085449219,473.5,477.9800109863281,2020838
2024-02-27,474.4200134277344,474.4200134277344,475.25,471.7200012207031,474.9800109863281,455560
2024-02-28,469.07000732421875,469.07000732421875,476.0,468.0,474.4200134277344,932627
2024-02-29,471.0,471.0,472.989990234375,466.010009765625,472.9800109863281,732127
2024-03-01,481.20001220703125,481.20001220703125,481.94000244140625,471.9800109863281,473.20001220703125,1380118
2024-03-04,483.2900085449219,483.2900085449219,483.8900146484375,480.4700012207031,482.1400146484375,844274
2024-03-05,484.6300048828125,484.6300048828125,485.6700134277344,481.05999755859375,483.30999755859375,747475
2024-03-06,488.3399963378906,488.3399963378906,489.9800109863281,483.1300048828125,485.489990234375,1730296
2024-03-07,486.82000732421875,486.82000732421875,489.989990234375,486.04998779296875,489.989990234375,817244
2024-03-11,482.70001220703125,482.70001220703125,487.989990234375,482.0,487.989990234375,535068
2024-03-12,482.07000732421875,482.07000732421875,487.0299987792969,478.70001220703125,484.4800109863281,706440
2024-03-13,477.8399963378906,477.8399963378906,486.45001220703125,477.0,484.4800109863281,636697
2024-03-14,476.70001220703125,476.70001220703125,480.9800109863281,474.3399963378906,478.9800109863281,789472
2024-03-15,474.010009765625,474.010009765625,476.5299987792969,471.79998779296875,475.95001220703125,792340
2024-03-18,474.04998779296875,474.04998779296875,475.989990234375,469.2799987792969,475.989990234375,739267
2024-03-19,472.07000732421875,472.07000732421875,474.489990234375,470.79998779296875,473.9800109863281,479166
2024-03-20,471.510009765625,471.510009765625,474.6000061035156,467.5,473.92999267578125,906375
2024-03-21,475.25,475.25,477.989990234375,474.32000732421875,475.0400085449219,648812
2024-03-22,477.010009765625,477.010009765625,478.05999755859375,474.0,475.739990234375,536471
2024-03-26,475.05999755859375,475.05999755859375,477.489990234375,474.54998779296875,477.489990234375,1330212
2024-03-27,477.1300048828125,477.1300048828125,482.0,475.5,482.0,959947
2024-03-28,480.3900146484375,480.3900146484375,482.6099853515625,477.6499938964844,478.0799865722656,1132936
2024-04-01,485.1000061035156,485.1000061035156,487.8500061035156,481.010009765625,487.8500061035156,1184411
2024-04-02,484.3299865722656,484.3299865722656,486.5,483.0199890136719,485.1000061035156,846065
2024-04-03,485.05999755859375,485.05999755859375,485.5,481.510009765625,484.3299865722656,683222
2024-04-04,489.3999938964844,489.3999938964844,490.75,486.3999938964844,488.989990234375,1271153
2024-04-05,493.3299865722656,493.3299865722656,493.9200134277344,487.6099853515625,489.6000061035156,976433
2024-04-08,494.1000061035156,494.1000061035156,495.5,493.04998779296875,494.8900146484375,715224
2024-04-09,496.55999755859375,496.55999755859375,498.010009765625,494.6000061035156,495.0,1083441
2024-04-10,498.32000732421875,498.32000732421875,499.0,496.0,497.010009765625,518724
2024-04-12,494.94000244140625,494.94000244140625,497.989990234375,494.4599914550781,497.29998779296875,534108
2024-04-15,486.7099914550781,486.7099914550781,491.989990234375,486.0,491.989990234375,893015
2024-04-16,484.4700012207031,484.4700012207031,485.989990234375,482.5199890136719,485.989990234375,664099
2024-04-18,480.0799865722656,480.0799865722656,487.7099914550781,478.8999938964844,484.5199890136719,874118
2024-04-19,484.7900085449219,484.7900085449219,485.4200134277344,475.25,479.989990234375,702079
2024-04-22,488.8999938964844,488.8999938964844,491.8399963378906,485.5899963378906,489.989990234375,612365
2024-04-23,488.2300109863281,488.2300109863281,491.69000244140625,487.80999755859375,488.8999938964844,617418
2024-04-24,490.1700134277344,490.1700134277344,490.989990234375,488.7799987792969,489.0199890136719,327975
2024-04-25,493.2300109863281,493.2300109863281,494.44000244140625,487.2200012207031,487.4700012207031,1046836
2024-04-26,490.70001220703125,490.70001220703125,495.0,489.95001220703125,495.0,571456
2024-04-29,502.7799987792969,502.7799987792969,503.25,491.510009765625,493.7300109863281,1194963
2024-04-30,502.3800048828125,502.3800048828125,508.20001220703125,501.1600036621094,503.0,1827120
2024-05-02,501.30999755859375,501.30999755859375,504.20001220703125,500.0,502.3800048828125,551655
2024-05-03,498.739990234375,498.739990234375,504.7900085449219,496.2799987792969,504.0,648631
2024-05-06,497.67999267578125,497.67999267578125,501.760009765625,496.8500061035156,499.29998779296875,490956
2024-05-07,492.2900085449219,492.2900085449219,499.489990234375,491.25,499.489990234375,620175
2024-05-08,489.9200134277344,489.9200134277344,494.989990234375,488.29998779296875,494.989990234375,492373
2024-05-09,484.7900085449219,484.7900085449219,491.6000061035156,484.0199890136719,490.0199890136719,744569
2024-05-10,485.8399963378906,485.8399963378906,494.989990234375,484.54998779296875,494.989990234375,539475
2024-05-13,489.1000061035156,489.1000061035156,489.8999938964844,481.5,486.7300109863281,838770
2024-05-14,489.80999755859375,489.80999755859375,492.20001220703125,487.5,489.3500061035156,554703
2024-05-15,488.07000732421875,488.07000732421875,491.489990234375,486.510009765625,491.489990234375,695701
2024-05-16,490.4599914550781,490.4599914550781,491.0,484.20001220703125,490.010009765625,551944
2024-05-17,491.5799865722656,491.5799865722656,492.9800109863281,486.010009765625,486.010009765625,612091
2024-05-21,491.8399963378906,491.8399963378906,494.0,491.010009765625,492.20001220703125,582080
2024-05-22,489.6700134277344,489.6700134277344,493.70001220703125,487.0,492.3399963378906,1272334
2024-05-23,498.7099914550781,498.7099914550781,499.25,489.6000061035156,493.9800109863281,1065174
2024-05-24,501.32000732421875,501.32000732421875,502.260009765625,497.6199951171875,498.7099914550781,1109059
2024-05-27,503.7099914550781,503.7099914550781,508.3999938964844,501.989990234375,503.739990234375,1276483
2024-05-28,503.3800048828125,503.3800048828125,507.70001220703125,502.1000061035156,507.69000244140625,828328
2024-05-29,497.6499938964844,497.6499938964844,503.9800109863281,496.7300109863281,503.9800109863281,1033160
2024-05-30,499.0,499.0,502.69000244140625,495.260009765625,497.9800109863281,540224
2024-05-31,502.5,502.5,506.989990234375,498.29998779296875,499.0,1200310
2024-06-03,522.6099853515625,522.6099853515625,524.4199829101562,510.010009765625,517.5999755859375,2934534
2024-06-04,503.1400146484375,503.1400146484375,527.989990234375,487.0,522.3699951171875,5566314
2024-06-05,502.2699890136719,502.2699890136719,514.989990234375,477.7699890136719,514.989990234375,4229829
2024-06-06,503.70001220703125,503.70001220703125,509.989990234375,500.05999755859375,509.989990234375,1320602
2024-06-07,509.1499938964844,509.1499938964844,510.3999938964844,502.1000061035156,507.989990234375,1291838
2024-06-10,508.80999755859375,508.80999755859375,514.989990234375,507.75,514.989990234375,869660
2024-06-11,508.3999938964844,508.3999938964844,511.4599914550781,504.75,509.5,621125
2024-06-12,510.6600036621094,510.6600036621094,513.2899780273438,508.5199890136719,510.3399963378906,963602
2024-06-13,510.510009765625,510.510009765625,515.0,510.010009765625,514.8900146484375,517575
2024-06-14,512.1400146484375,512.1400146484375,515.9000244140625,509.3800048828125,515.9000244140625,403109
2024-06-18,516.4500122070312,516.4500122070312,518.0900268554688,511.29998779296875,514.989990234375,971933
2024-06-19,526.1599731445312,526.1599731445312,530.9099731445312,515.010009765625,517.0,1984909
2024-06-20,530.3400268554688,530.3400268554688,530.6300048828125,525.2999877929688,526.2999877929688,1669575
2024-06-21,528.6900024414062,528.6900024414062,532.72998046875,525.5999755859375,532.72998046875,876872
2024-06-24,529.1599731445312,529.1599731445312,530.1900024414062,524.010009765625,528.989990234375,698627
2024-06-25,538.0800170898438,538.0800170898438,538.989990234375,529.280029296875,530.0,1031252
2024-06-26,540.4099731445312,540.4099731445312,541.5,532.010009765625,538.0800170898438,970373
2024-06-27,540.1099853515625,540.1099853515625,543.8499755859375,538.510009765625,540.4199829101562,653231
2024-06-28,537.2000122070312,537.2000122070312,542.5700073242188,536.25,540.989990234375,692780
2024-07-01,539.280029296875,539.280029296875,542.0,535.030029296875,542.0,396113
2024-07-02,535.6799926757812,535.6799926757812,541.47998046875,533.75,541.47998046875,901218
2024-07-03,542.8300170898438,542.8300170898438,544.5499877929688,538.0,540.0,1599187
2024-07-04,543.3800048828125,543.3800048828125,545.489990234375,541.010009765625,544.47998046875,538582
2024-07-05,539.5999755859375,539.5999755859375,542.969970703125,536.2999877929688,542.9600219726562,991864
2024-07-08,537.7000122070312,537.7000122070312,540.989990234375,536.2000122070312,538.97998046875,580966
2024-07-09,538.9199829101562,538.9199829101562,539.25,537.260009765625,537.7000122070312,270161
2024-07-10,535.5,535.5,539.9500122070312,534.4500122070312,538.72998046875,587255
2024-07-11,536.1500244140625,536.1500244140625,537.6900024414062,530.3300170898438,536.02001953125,880061
2024-07-12,535.510009765625,535.510009765625,539.9000244140625,534.9299926757812,536.1500244140625,367132
2024-07-15,538.030029296875,538.030029296875,539.0,534.5,534.5,494760
2024-07-16,537.3800048828125,537.3800048828125,539.5,536.510009765625,539.5,325700
2024-07-18,538.47998046875,538.47998046875,539.7000122070312,534.3599853515625,538.989990234375,814686
2024-07-19,534.9099731445312,534.9099731445312,538.47998046875,533.6500244140625,538.469970703125,467826
2024-07-22,535.030029296875,535.030029296875,536.4000244140625,531.510009765625,534.989990234375,518847
2024-07-23,530.0999755859375,530.0999755859375,536.7000122070312,526.4500122070312,536.4099731445312,1435118
2024-07-24,526.3800048828125,526.3800048828125,531.9600219726562,521.219970703125,530.0,1326910
2024-07-25,521.8200073242188,521.8200073242188,525.2999877929688,519.0,525.2999877929688,800388
2024-07-26,525.2999877929688,525.2999877929688,526.5,518.8300170898438,521.8200073242188,783884
2024-07-29,526.9199829101562,526.9199829101562,535.4500122070312,525.5,527.510009765625,1085663
2024-07-30,528.3200073242188,528.3200073242188,532.8900146484375,524.02001953125,529.9199829101562,1113422
2024-07-31,528.9400024414062,528.9400024414062,529.739990234375,524.0,528.3300170898438,489565
2024-08-01,528.75,528.75,532.47998046875,528.0,529.9000244140625,406207
2024-08-02,527.1099853515625,527.1099853515625,529.3900146484375,524.5,526.469970703125,529934
2024-08-05,514.8200073242188,514.8200073242188,523.8800048828125,510.4100036621094,522.989990234375,2006675
2024-08-06,510.6400146484375,510.6400146484375,520.6500244140625,509.70001220703125,519.989990234375,944074
2024-08-07,514.260009765625,514.260009765625,516.7999877929688,511.1000061035156,516.7999877929688,679446
2024-08-08,513.969970703125,513.969970703125,517.5,511.5,514.969970703125,1433681
2024-08-09,516.989990234375,516.989990234375,519.9000244140625,516.2100219726562,517.969970703125,830299
2024-08-12,518.9099731445312,518.9099731445312,521.6099853515625,514.5599975585938,517.97998046875,475143
2024-08-13,512.4099731445312,512.4099731445312,519.969970703125,511.75,518.9099731445312,787872
2024-08-14,511.3299865722656,511.3299865722656,513.4000244140625,510.4800109863281,512.510009765625,806481
2024-08-16,518.1799926757812,518.1799926757812,518.97998046875,512.2000122070312,513.02001953125,602336
2024-08-19,517.0399780273438,517.0399780273438,520.9000244140625,516.1699829101562,520.739990234375,908611
2024-08-20,521.6599731445312,521.6599731445312,523.25,517.0499877929688,519.97998046875,1509755
2024-08-21,520.6099853515625,520.6099853515625,521.5999755859375,517.739990234375,521.5900268554688,993066
2024-08-22,522.8400268554688,522.8400268554688,523.5,520.6099853515625,521.969970703125,870325
2024-08-23,522.469970703125,522.469970703125,524.0,521.6199951171875,524.0,355590
2024-08-26,524.489990234375,524.489990234375,526.5,522.510009765625,522.510009765625,860857
2024-08-27,525.9199829101562,525.9199829101562,527.1099853515625,522.5,525.8900146484375,793511
2024-08-28,524.8400268554688,524.8400268554688,527.239990234375,524.280029296875,525.9199829101562,393021
2024-08-29,524.7899780273438,524.7899780273438,526.5399780273438,523.3099975585938,524.989990234375,1024118
2024-08-30,526.72998046875,526.72998046875,527.7100219726562,524.02001953125,527.7100219726562,729005
2024-09-02,527.4099731445312,527.4099731445312,529.22998046875,526.0,527.7999877929688,758362
2024-09-03,529.760009765625,529.760009765625,530.5,526.0,529.5,703686
2024-09-04,528.8599853515625,528.8599853515625,529.5599975585938,526.1400146484375,528.0,622395
2024-09-05,529.0599975585938,529.0599975585938,531.1099853515625,528.0,529.8599853515625,260756
2024-09-06,520.530029296875,520.530029296875,529.0599975585938,519.0999755859375,529.0599975585938,817083
2024-09-09,524.47998046875,524.47998046875,525.0,517.72998046875,522.989990234375,705364
2024-09-10,526.6599731445312,526.6599731445312,527.9000244140625,523.1099853515625,526.0,414801
2024-09-11,523.0599975585938,523.0599975585938,527.5,522.4000244140625,525.989990234375,868780
2024-09-12,530.8499755859375,530.8499755859375,531.9000244140625,523.8400268554688,530.0,1096974
2024-09-13,532.3400268554688,532.3400268554688,533.5,529.7000122070312,531.02001953125,592663
2024-09-16,534.739990234375,534.739990234375,540.0,531.760009765625,540.0,416119
2024-09-17,535.3200073242188,535.3200073242188,537.47998046875,533.7899780273438,537.0,562626
2024-09-18,540.739990234375,540.739990234375,542.739990234375,534.3499755859375,537.989990234375,1577011
2024-09-19,544.2100219726562,544.2100219726562,547.0,541.510009765625,541.7999877929688,1090949
2024-09-20,550.6799926757812,550.6799926757812,553.6799926757812,544.2100219726562,547.489990234375,1704817
2024-09-23,556.5700073242188,556.5700073242188,557.9000244140625,550.72998046875,553.989990234375,1188229
2024-09-24,554.3900146484375,554.3900146484375,558.780029296875,553.7000122070312,557.0,1126529
2024-09-25,554.6300048828125,554.6300048828125,555.0,552.5800170898438,554.3900146484375,302460
2024-09-26,557.4500122070312,557.4500122070312,558.280029296875,553.5700073242188,554.8900146484375,652428
2024-09-27,553.22998046875,553.22998046875,558.1900024414062,552.7999877929688,558.1900024414062,525851
2024-09-30,544.780029296875,544.780029296875,557.989990234375,544.2999877929688,557.989990234375,1154519
2024-10-01,544.3599853515625,544.3599853515625,548.989990234375,543.1699829101562,548.97998046875,619962
2024-10-03,534.5499877929688,534.5499877929688,541.989990234375,532.010009765625,541.989990234375,2562310
2024-10-04,529.8800048828125,529.8800048828125,538.0,528.5,534.97998046875,2097858
2024-10-07,521.5999755859375,521.5999755859375,532.7899780273438,517.0,532.7899780273438,3317121
2024-10-08,524.969970703125,524.969970703125,526.6099853515625,519.0999755859375,525.989990234375,1822994
2024-10-09,524.6400146484375,524.6400146484375,531.5,523.7000122070312,525.5499877929688,1936274
2024-10-10,529.1900024414062,529.1900024414062,530.4000244140625,525.1500244140625,528.989990234375,460757
2024-10-11,526.4600219726562,526.4600219726562,532.6799926757812,524.0399780273438,529.2000122070312,1203802
2024-10-14,531.760009765625,531.760009765625,532.47998046875,526.5,528.989990234375,719958
2024-10-15,532.7000122070312,532.7000122070312,533.969970703125,530.7999877929688,533.969970703125,518367
2024-10-16,531.6500244140625,531.6500244140625,534.989990234375,530.4199829101562,534.989990234375,547817
2024-10-17,526.9000244140625,526.9000244140625,534.989990234375,525.2899780273438,534.989990234375,562204
2024-10-18,534.3099975585938,534.3099975585938,535.2000122070312,523.1300048828125,526.9000244140625,1296295
2024-10-21,532.5499877929688,532.5499877929688,538.8099975585938,531.7999877929688,535.780029296875,854874
2024-10-22,526.7100219726562,526.7100219726562,535.5999755859375,526.0,534.989990234375,1025575
2024-10-23,526.1099853515625,526.1099853515625,528.6900024414062,524.1400146484375,527.989990234375,467912
2024-10-24,528.6199951171875,528.6199951171875,530.8499755859375,525.2999877929688,528.9400024414062,456797
2024-10-25,522.1400146484375,522.1400146484375,529.97998046875,518.0,529.97998046875,1014692
2024-10-28,526.4500122070312,526.4500122070312,529.989990234375,523.1199951171875,529.989990234375,607998
2024-10-29,536.280029296875,536.280029296875,536.9000244140625,526.3800048828125,529.7100219726562,647709
2024-10-30,532.6400146484375,532.6400146484375,536.5900268554688,531.510009765625,536.5900268554688,729796
2024-10-31,529.6400146484375,529.6400146484375,534.989990234375,527.5999755859375,534.989990234375,561082
2024-11-01,529.6400146484375,529.6400146484375,529.6400146484375,529.6400146484375,529.6400146484375,0
2024-11-04,526.0700073242188,526.0700073242188,533.0900268554688,523.2999877929688,533.0,1068690
2024-11-05,534.9000244140625,534.9000244140625,535.6500244140625,523.0,527.5900268554688,845239
2024-11-06,537.8699951171875,537.8699951171875,539.989990234375,535.6799926757812,539.989990234375,629880
2024-11-07,533.1199951171875,533.1199951171875,539.77001953125,532.1699829101562,539.77001953125,554285
2024-11-08,529.4500122070312,529.4500122070312,535.5999755859375,529.0,533.1300048828125,387301
2024-11-11,532.0,532.0,535.239990234375,527.0599975585938,529.4500122070312,568340
2024-11-12,526.030029296875,526.030029296875,535.6099853515625,524.4199829101562,534.97998046875,881417
2024-11-13,515.0499877929688,515.0499877929688,528.97998046875,513.1500244140625,528.97998046875,1081448
2024-11-14,516.1300048828125,516.1300048828125,519.9600219726562,513.7999877929688,518.97998046875,551641
2024-11-18,516.8800048828125,516.8800048828125,519.8699951171875,513.7899780273438,519.8699951171875,673215
2024-11-19,519.1500244140625,519.1500244140625,523.5900268554688,512.010009765625,512.010009765625,418301
2024-11-21,516.4099731445312,516.4099731445312,523.989990234375,512.0,523.989990234375,734829
2024-11-22,524.9199829101562,524.9199829101562,525.9000244140625,516.4099731445312,519.989990234375,749839
2024-11-25,534.969970703125,534.969970703125,538.97998046875,530.0,530.0,860932
2024-11-26,535.0700073242188,535.0700073242188,538.9400024414062,533.2999877929688,538.9400024414062,344485
2024-11-27,536.280029296875,536.280029296875,537.9400024414062,533.52001953125,537.9400024414062,551075
2024-11-28,532.969970703125,532.969970703125,540.9000244140625,531.5800170898438,537.97998046875,824736
2024-11-29,533.5999755859375,533.5999755859375,535.3400268554688,531.1699829101562,534.489990234375,436200
2024-12-02,534.3400268554688,534.3400268554688,535.0999755859375,530.25,534.989990234375,448336
2024-12-03,540.1599731445312,540.1599731445312,541.1900024414062,535.0499877929688,540.0,1299650
2024-12-04,546.0,546.0,546.9600219726562,539.0700073242188,540.1099853515625,950432
2024-12-05,548.9099731445312,548.9099731445312,551.9500122070312,542.1699829101562,547.739990234375,2436847
2024-12-06,550.1099853515625,550.1099853515625,552.4000244140625,545.5,551.97998046875,1056272
2024-12-09,547.7899780273438,547.7899780273438,551.5,547.1500244140625,550.1099853515625,661012
2024-12-10,549.3800048828125,549.3800048828125,549.97998046875,546.5,549.239990234375,494600
2024-12-11,546.9000244140625,546.9000244140625,549.7000122070312,546.75,549.3099975585938,854539
2024-12-12,545.7100219726562,545.7100219726562,549.97998046875,545.1099853515625,547.97998046875,267349
2024-12-13,548.9299926757812,548.9299926757812,549.5,536.0,545.47998046875,967812
2024-12-16,548.8099975585938,548.8099975585938,550.6900024414062,546.7000122070312,548.9299926757812,561446
2024-12-17,541.989990234375,541.989990234375,549.0,539.9500122070312,548.8099975585938,1417310
2024-12-18,535.9000244140625,535.9000244140625,541.969970703125,534.010009765625,538.0700073242188,1223360
2024-12-19,530.0499877929688,530.0499877929688,532.0900268554688,527.1099853515625,531.989990234375,698201
2024-12-20,521.1199951171875,521.1199951171875,530.6599731445312,520.0,530.0599975585938,987803
2024-12-23,527.6199951171875,527.6199951171875,528.0900268554688,522.5900268554688,525.8800048828125,384197
2024-12-24,526.9199829101562,526.9199829101562,528.8400268554688,525.5999755859375,527.4600219726562,343152
2024-12-26,525.530029296875,525.530029296875,531.0,523.5399780273438,529.989990234375,514731
2024-12-27,527.3300170898438,527.3300170898438,529.97998046875,524.0499877929688,528.97998046875,214725
2024-12-30,524.0,524.0,532.9000244140625,521.25,528.989990234375,611085
2024-12-31,522.7899780273438,522.7899780273438,524.97998046875,520.25,524.97998046875,507851
2025-01-01,524.9199829101562,524.9199829101562,527.0999755859375,519.0,523.489990234375,486535
2025-01-02,528.3400268554688,528.3400268554688,529.0499877929688,524.0,527.489990234375,5556133
2025-01-03,523.3599853515625,523.3599853515625,529.989990234375,522.25,529.989990234375,916514
2025-01-06,511.5299987792969,511.5299987792969,525.97998046875,510.010009765625,523.3599853515625,2506152
2025-01-07,514.4099731445312,514.4099731445312,516.9000244140625,511.5400085449219,513.989990234375,582366
2025-01-08,510.5199890136719,510.5199890136719,516.989990234375,506.20001220703125,516.989990234375,1753085
2025-01-09,507.4599914550781,507.4599914550781,511.69000244140625,505.04998779296875,510.9100036621094,831813
2025-01-10,500.1199951171875,500.1199951171875,509.9800109863281,499.0,507.79998779296875,1327214
2025-01-13,493.8299865722656,493.8299865722656,499.989990234375,492.489990234375,499.989990234375,1286197
2025-01-14,500.6099853515625,500.6099853515625,503.1400146484375,495.010009765625,496.989990234375,622652
2025-01-15,500.6400146484375,500.6400146484375,503.7099914550781,498.239990234375,502.04998779296875,312038
2025-01-16,505.010009765625,505.010009765625,507.44000244140625,503.0,505.0,1609438
2025-01-17,497.32000732421875,497.32000732421875,505.1600036621094,495.25,505.010009765625,1647008
2025-01-20,505.80999755859375,505.80999755859375,508.57000732421875,497.5899963378906,501.9800109863281,711577
2025-01-21,498.82000732421875,498.82000732421875,518.1900024414062,497.3500061035156,518.1900024414062,905963
2025-01-22,500.5899963378906,500.5899963378906,502.989990234375,494.1499938964844,502.989990234375,879203
2025-01-23,499.3800048828125,499.3800048828125,502.20001220703125,497.8900146484375,500.5899963378906,499506
2025-01-24,496.1700134277344,496.1700134277344,502.9800109863281,495.04998779296875,502.9800109863281,649855
2025-01-27,494.1199951171875,494.1199951171875,496.0,490.05999755859375,494.989990234375,1076639
2025-01-28,501.42999267578125,501.42999267578125,505.0,495.010009765625,497.489990234375,1017663
2025-01-29,504.1099853515625,504.1099853515625,504.70001220703125,501.6099853515625,503.3900146484375,812125
2025-01-30,506.44000244140625,506.44000244140625,507.29998779296875,503.1300048828125,505.7900085449219,702819
2025-01-31,508.3800048828125,508.3800048828125,509.45001220703125,502.0,508.6499938964844,639507
2025-02-01,508.42999267578125,508.42999267578125,512.75,502.4100036621094,508.8800048828125,895670
2025-02-03,505.8399963378906,505.8399963378906,507.0,502.6499938964844,506.9800109863281,466239
2025-02-04,513.8800048828125,513.8800048828125,514.6699829101562,507.510009765625,508.989990234375,1194723
2025-02-05,516.0900268554688,516.0900268554688,517.8400268554688,513.0999755859375,514.989990234375,686629
2025-02-06,516.989990234375,516.989990234375,518.469970703125,514.4000244140625,518.469970703125,588506
2025-02-07,514.530029296875,514.530029296875,519.97998046875,511.5199890136719,517.3099975585938,1009078
2025-02-10,513.3300170898438,513.3300170898438,519.0,510.5,518.989990234375,317104
2025-02-11,507.55999755859375,507.55999755859375,514.989990234375,505.25,514.989990234375,731033
2025-02-12,508.30999755859375,508.30999755859375,510.9800109863281,500.2099914550781,510.9800109863281,776763
2025-02-13,506.70001220703125,506.70001220703125,511.4800109863281,505.79998779296875,508.8900146484375,509834
2025-02-14,504.55999755859375,504.55999755859375,508.6000061035156,500.2900085449219,507.94000244140625,646468
2025-02-17,506.1499938964844,506.1499938964844,506.3999938964844,498.5299987792969,505.9800109863281,982899
2025-02-18,503.79998779296875,503.79998779296875,506.17999267578125,501.30999755859375,506.0,511772
2025-02-19,509.5299987792969,509.5299987792969,509.7300109863281,501.1099853515625,502.80999755859375,795082
2025-02-20,506.8500061035156,506.8500061035156,508.4700012207031,505.04998779296875,507.010009765625,325573
2025-02-21,502.5199890136719,502.5199890136719,506.6600036621094,501.29998779296875,506.5899963378906,554959
2025-02-24,499.6199951171875,499.6199951171875,502.989990234375,495.6000061035156,502.989990234375,925468
2025-02-25,498.489990234375,498.489990234375,502.9800109863281,498.0,502.9800109863281,378942
2025-02-27,499.9800109863281,499.9800109863281,501.82000732421875,498.489990234375,498.489990234375,537264
2025-02-28,496.7200012207031,496.7200012207031,500.989990234375,494.010009765625,500.989990234375,977866
2025-03-03,493.67999267578125,493.67999267578125,499.9800109863281,491.6000061035156,499.9800109863281,1093407
2025-03-04,495.6099853515625,495.6099853515625,496.5,491.6199951171875,493.3699951171875,518335
2025-03-05,497.3599853515625,497.3599853515625,499.54998779296875,495.2300109863281,496.0400085449219,709910
2025-03-06,499.6700134277344,499.6700134277344,502.989990234375,496.1000061035156,502.989990234375,546114
2025-03-07,498.3999938964844,498.3999938964844,500.8999938964844,496.7900085449219,499.7300109863281,493367
2025-03-10,494.70001220703125,494.70001220703125,499.2300109863281,494.010009765625,498.3999938964844,464443
2025-03-11,491.5199890136719,491.5199890136719,494.9800109863281,490.0,494.8999938964844,468774
2025-03-12,493.17999267578125,493.17999267578125,494.989990234375,491.1000061035156,494.989990234375,426394
2025-03-13,493.17999267578125,493.17999267578125,496.0799865722656,492.8999938964844,493.489990234375,368388
2025-03-17,495.8599853515625,495.8599853515625,497.3999938964844,491.5,496.989990234375,411114
2025-03-18,495.8599853515625,495.8599853515625,495.8599853515625,495.8599853515625,495.8599853515625,0
2025-03-19,510.75,510.75,511.1000061035156,506.0,506.989990234375,754577
2025-03-20,513.3200073242188,513.3200073242188,514.6799926757812,510.760009765625,510.760009765625,1012594
2025-03-21,518.0999755859375,518.0999755859375,518.7000122070312,510.3999938964844,515.0,902843
2025-03-24,529.719970703125,529.719970703125,530.5,518.02001953125,518.469970703125,1533195
2025-03-25,528.7899780273438,528.7899780273438,533.260009765625,526.3499755859375,529.719970703125,2194763
2025-03-26,524.6799926757812,524.6799926757812,531.5,523.75,528.2000122070312,1196211
2025-03-27,528.6799926757812,528.6799926757812,530.02001953125,522.7100219726562,525.2100219726562,1155822
2025-03-28,528.989990234375,528.989990234375,531.5900268554688,526.760009765625,529.8900146484375,1229790
2025-04-01,521.8599853515625,521.8599853515625,532.0,520.0700073242188,531.989990234375,800976
2025-04-02,526.4299926757812,526.4299926757812,527.0,521.260009765625,524.8699951171875,419327
2025-04-03,528.8499755859375,528.8499755859375,529.5,522.239990234375,529.0,594122
2025-04-04,528.97998046875,528.97998046875,532.0,527.2000122070312,532.0,1534911
2025-04-07,513.4600219726562,513.4600219726562,531.989990234375,505.29998779296875,527.0,1841036
2025-04-08,518.6300048828125,518.6300048828125,520.9299926757812,513.6500244140625,519.97998046875,970866
2025-04-09,516.1099853515625,516.1099853515625,519.1799926757812,512.2999877929688,515.02001953125,886325
2025-04-11,522.8400268554688,522.8400268554688,524.8800048828125,517.010009765625,520.989990234375,806992
2025-04-15,536.280029296875,536.280029296875,537.0999755859375,526.3900146484375,528.010009765625,1026742
2025-04-16,543.7999877929688,543.7999877929688,544.2000122070312,536.0900268554688,536.2899780273438,1490564
2025-04-17,555.7899780273438,555.7899780273438,557.0,543.3800048828125,543.8099975585938,3106846
2025-04-21,566.22998046875,566.22998046875,567.6500244140625,555.7899780273438,558.1099853515625,2111190
2025-04-22,570.47998046875,570.47998046875,574.010009765625,565.6099853515625,566.22998046875,1870294
2025-04-23,567.4199829101562,567.4199829101562,574.6900024414062,565.0,572.6799926757812,1680911
2025-04-24,565.0999755859375,565.0999755859375,568.97998046875,564.4000244140625,566.0,652143
2025-04-25,559.5499877929688,559.5499877929688,567.2000122070312,555.010009765625,566.239990234375,1508062
2025-04-28,567.6799926757812,567.6799926757812,569.0,556.4099731445312,562.989990234375,1000861
2025-04-29,566.8300170898438,566.8300170898438,573.0,566.0,567.6799926757812,602431
2025-04-30,564.0599975585938,564.0599975585938,571.97998046875,562.8200073242188,571.97998046875,617636
2025-05-02,563.6900024414062,563.6900024414062,572.0,563.0499877929688,572.0,715777
2025-05-05,562.3499755859375,562.3499755859375,568.989990234375,561.2100219726562,568.989990234375,429473
2025-05-06,555.3599853515625,555.3599853515625,565.97998046875,555.0,565.97998046875,625452
2025-05-07,558.510009765625,558.510009765625,559.9500122070312,551.9000244140625,555.1500244140625,873719
2025-05-08,556.760009765625,556.760009765625,562.47998046875,554.0,560.3800048828125,828561
2025-05-09,549.1300048828125,549.1300048828125,554.5,548.010009765625,554.0,697207
2025-05-12,567.969970703125,567.969970703125,569.2000122070312,556.0,556.0,1209442
2025-05-13,563.239990234375,563.239990234375,568.219970703125,562.0,566.0,594110
2025-05-14,561.4299926757812,561.4299926757812,565.9000244140625,558.3499755859375,563.9099731445312,671655
2025-05-15,566.7000122070312,566.7000122070312,568.0,558.0,563.0399780273438,1042600
2025-05-16,567.5999755859375,567.5999755859375,568.489990234375,565.7100219726562,567.989990234375,1174088
2025-05-19,568.280029296875,568.280029296875,571.25,567.0,569.0,1245002
2025-05-20,564.010009765625,564.010009765625,570.739990234375,563.3499755859375,568.280029296875,717966
2025-05-21,564.5999755859375,564.5999755859375,567.2999877929688,561.0599975585938,564.010009765625,703293
2025-05-22,563.2100219726562,563.2100219726562,564.989990234375,559.7000122070312,564.8900146484375,1292006
2025-05-23,567.9500122070312,567.9500122070312,568.4199829101562,562.5,563.2100219726562,373606
2025-05-26,569.7999877929688,569.7999877929688,572.9000244140625,567.0700073242188,570.0,559703
2025-05-27,568.22998046875,568.22998046875,572.5499877929688,564.8699951171875,569.7899780273438,786219
2025-05-28,568.2000122070312,568.2000122070312,569.3800048828125,567.0,568.780029296875,357580
2025-05-29,569.6400146484375,569.6400146484375,572.5800170898438,565.6500244140625,569.0,836021
2025-05-30,572.0999755859375,572.0999755859375,572.469970703125,568.1199951171875,572.0,932822
2025-06-02,573.52001953125,573.52001953125,573.97998046875,569.010009765625,572.0999755859375,1049632
2025-06-03,569.9400024414062,569.9400024414062,578.0,569.010009765625,574.0,1456915
2025-06-04,570.8599853515625,570.8599853515625,571.7000122070312,568.219970703125,571.4400024414062,510424
2025-06-05,571.780029296875,571.780029296875,574.1900024414062,570.0,570.8599853515625,939189
2025-06-06,581.9400024414062,581.9400024414062,582.4000244140625,569.9099731445312,573.989990234375,2928026
2025-06-09,584.4199829101562,584.4199829101562,585.739990234375,582.1300048828125,585.5,581396
2025-06-10,581.0900268554688,581.0900268554688,585.8800048828125,580.5,585.8800048828125,660841
2025-06-11,579.3499755859375,579.3499755859375,583.989990234375,579.0,583.989990234375,1074224
2025-06-12,575.3300170898438,575.3300170898438,581.0700073242188,574.4000244140625,579.3599853515625,774218
2025-06-13,569.1400146484375,569.1400146484375,571.4299926757812,567.6799926757812,570.989990234375,1152460
2025-06-16,573.97998046875,573.97998046875,574.4000244140625,567.1400146484375,572.989990234375,500939
2025-06-17,571.2000122070312,571.2000122070312,581.7999877929688,570.4299926757812,581.7999877929688,1221309
2025-06-18,572.2999877929688,572.2999877929688,573.469970703125,569.7100219726562,572.97998046875,1140153
2025-06-19,570.0800170898438,570.0800170898438,573.97998046875,569.5,572.5,395928
2025-06-20,576.72998046875,576.72998046875,577.4000244140625,569.6900024414062,570.0700073242188,696936
2025-06-23,574.8800048828125,574.8800048828125,577.010009765625,572.0,575.97998046875,584215
2025-06-24,579.2000122070312,579.2000122070312,582.7999877929688,576.75,576.75,676495
2025-06-25,581.1199951171875,581.1199951171875,581.5999755859375,577.010009765625,577.010009765625,377887
2025-06-26,586.5,586.5,587.0499877929688,579.010009765625,579.010009765625,777008
2025-06-27,590.6099853515625,590.6099853515625,590.9000244140625,584.010009765625,585.0,635306
2025-06-30,589.27001953125,589.27001953125,592.3599853515625,588.5,590.6099853515625,493494
2025-07-01,591.1599731445312,591.1599731445312,592.97998046875,587.9000244140625,592.97998046875,281531
2025-07-02,586.47998046875,586.47998046875,596.0,584.9199829101562,596.0,882964
2025-07-03,584.02001953125,584.02001953125,588.4000244140625,583.5,586.989990234375,438456
2025-07-04,586.3099975585938,586.3099975585938,586.989990234375,582.1599731445312,586.97998046875,406782
2025-07-07,585.5499877929688,585.5499877929688,587.989990234375,582.010009765625,582.010009765625,459329
2025-07-08,588.5399780273438,588.5399780273438,589.0900268554688,582.0,587.989990234375,251410
2025-07-09,588.1400146484375,588.1400146484375,590.989990234375,586.8099975585938,590.0,174433
2025-07-10,585.9400024414062,585.9400024414062,589.8400268554688,585.5,588.489990234375,384983
2025-07-11,583.9199829101562,583.9199829101562,587.989990234375,582.010009765625,587.989990234375,546379
2025-07-14,584.6400146484375,584.6400146484375,589.0,582.5,589.0,239373
2025-07-15,587.530029296875,587.530029296875,588.5900268554688,584.030029296875,584.6400146484375,351270
2025-07-16,588.4299926757812,588.4299926757812,589.97998046875,586.1199951171875,587.5399780273438,310916
2025-07-17,585.280029296875,585.280029296875,589.5800170898438,584.9000244140625,588.4299926757812,354629
2025-07-18,580.72998046875,580.72998046875,585.9600219726562,579.3499755859375,585.0,757347
2025-07-21,586.0900268554688,586.0900268554688,586.4400024414062,579.510009765625,583.0,469906
2025-07-22,584.260009765625,584.260009765625,590.0,583.4500122070312,588.0,280956
2025-07-23,588.27001953125,588.27001953125,588.8699951171875,583.5499877929688,585.9400024414062,662546
2025-07-24,587.239990234375,587.239990234375,589.7999877929688,585.219970703125,588.989990234375,266303
2025-07-25,581.97998046875,581.97998046875,589.0,581.4000244140625,588.989990234375,422355
2025-07-28,577.8900146484375,577.8900146484375,582.5,577.010009765625,582.010009765625,376126
2025-07-29,579.52001953125,579.52001953125,579.989990234375,575.9000244140625,577.02001953125,237287
2025-07-30,578.7000122070312,578.7000122070312,580.780029296875,577.760009765625,580.2999877929688,213303
2025-07-31,577.0599975585938,577.0599975585938,580.989990234375,573.0,577.989990234375,405575
2025-08-01,573.72998046875,573.72998046875,578.97998046875,572.010009765625,572.010009765625,619162
2025-08-04,573.780029296875,573.780029296875,575.989990234375,572.0499877929688,575.989990234375,244402
2025-08-05,570.8800048828125,570.8800048828125,574.989990234375,569.7000122070312,574.989990234375,251760
2025-08-06,571.4500122070312,571.4500122070312,572.97998046875,569.8699951171875,572.97998046875,214694
2025-08-07,572.25,572.25,573.5999755859375,567.4600219726562,572.989990234375,440626
2025-08-08,567.5900268554688,567.5900268554688,574.8699951171875,566.9000244140625,574.8699951171875,257622
2025-08-11,571.8800048828125,571.8800048828125,572.6099853515625,565.75,569.97998046875,397434
2025-08-12,569.52001953125,569.52001953125,574.989990234375,568.010009765625,569.0,557324
2025-08-13,570.6099853515625,570.6099853515625,572.3499755859375,569.0,570.010009765625,222227
2025-08-14,572.0800170898438,572.0800170898438,572.989990234375,568.5700073242188,572.989990234375,212130
2025-08-18,575.5499877929688,575.5499877929688,579.989990234375,574.5999755859375,579.989990234375,461514
2025-08-19,576.739990234375,576.739990234375,577.7999877929688,574.3900146484375,576.989990234375,197487
2025-08-20,575.4099731445312,575.4099731445312,578.5800170898438,574.3499755859375,576.72998046875,188401
2025-08-21,576.3800048828125,576.3800048828125,579.989990234375,575.22998046875,579.989990234375,157105
2025-08-22,570.0499877929688,570.0499877929688,578.989990234375,569.6199951171875,575.510009765625,657237
2025-08-25,569.469970703125,569.469970703125,572.97998046875,569.0900268554688,572.97998046875,408672
2025-08-26,563.0700073242188,563.0700073242188,570.1300048828125,562.4600219726562,569.469970703125,749477
2025-08-28,556.75,556.75,563.0999755859375,556.280029296875,563.0999755859375,1538142
2025-08-29,554.989990234375,554.989990234375,559.5999755859375,554.2999877929688,557.0,523954
2025-09-01,557.9400024414062,557.9400024414062,559.989990234375,555.0,559.989990234375,459298
2025-09-02,554.72998046875,554.72998046875,564.0,553.9600219726562,564.0,547654
2025-09-03,558.5800170898438,558.5800170898438,561.0,554.0,561.0,478890
2025-09-04,558.27001953125,558.27001953125,562.8099975585938,557.5,562.8099975585938,314298
2025-09-05,559.1699829101562,559.1699829101562,562.7999877929688,555.4600219726562,558.27001953125,352833
2025-09-08,560.489990234375,560.489990234375,564.9000244140625,559.0,564.8900146484375,311547
2025-09-09,560.1400146484375,560.1400146484375,564.8900146484375,559.02001953125,564.8900146484375,292127
2025-09-10,563.9199829101562,563.9199829101562,564.9000244140625,560.4099731445312,564.9000244140625,493053
2025-09-11,565.47998046875,565.47998046875,566.3800048828125,561.6699829101562,564.8900146484375,468299
2025-09-12,566.4099731445312,566.4099731445312,567.969970703125,562.010009765625,562.010009765625,419061
2025-09-15,567.489990234375,567.489990234375,569.0,564.9099731445312,566.4099731445312,379546
2025-09-16,569.8300170898438,569.8300170898438,570.280029296875,566.1900024414062,567.489990234375,319469
2025-09-17,573.780029296875,573.780029296875,574.489990234375,569.2000122070312,571.0,607416
2025-09-18,575.6599731445312,575.6599731445312,576.760009765625,572.77001953125,574.989990234375,506883
2025-09-19,573.469970703125,573.469970703125,578.0,572.5,578.0,436375
2025-09-22,571.02001953125,571.02001953125,575.489990234375,570.010009765625,570.010009765625,333327
2025-09-23,572.6199951171875,572.6199951171875,574.4000244140625,570.010009765625,572.5399780273438,277910
2025-09-24,568.3200073242188,568.3200073242188,573.97998046875,567.4400024414062,572.7999877929688,671713
2025-09-25,567.760009765625,567.760009765625,570.8900146484375,567.1699829101562,570.6099853515625,253665
2025-09-26,562.02001953125,562.02001953125,567.760009765625,561.0,567.760009765625,528944
2025-09-29,561.6699829101562,561.6699829101562,564.97998046875,560.0,562.030029296875,564979
2025-09-30,563.3900146484375,563.3900146484375,566.3300170898438,560.010009765625,560.010009765625,623864
2025-10-01,571.3900146484375,571.3900146484375,580.2899780273438,560.0,580.2899780273438,1003091
2025-10-03,573.2999877929688,573.2999877929688,573.7999877929688,570.010009765625,572.8599853515625,560323
2025-10-06,580.4600219726562,580.4600219726562,581.1500244140625,571.010009765625,574.0,1881570
2025-10-07,580.1500244140625,580.1500244140625,582.9600219726562,577.010009765625,580.4600219726562,983841
2025-10-08,577.6400146484375,577.6400146484375,581.0,576.2100219726562,580.1500244140625,1007442
2025-10-09,580.3599853515625,580.3599853515625,580.75,576.510009765625,579.97998046875,771750
2025-10-10,584.97998046875,584.97998046875,585.969970703125,578.6099853515625,580.0,805564
2025-10-13,584.5800170898438,584.5800170898438,586.0,581.02001953125,584.2100219726562,725588
2025-10-14,583.2899780273438,583.2899780273438,585.8499755859375,580.9000244140625,584.3900146484375,605809
2025-10-15,586.5499877929688,586.5499877929688,587.6500244140625,583.2999877929688,585.97998046875,464578
2025-10-16,591.97998046875,591.97998046875,593.030029296875,586.4000244140625,586.4000244140625,928625
2025-10-17,594.969970703125,594.969970703125,596.47998046875,589.6099853515625,593.22998046875,854627
2025-10-20,598.5700073242188,598.5700073242188,600.5900268554688,594.969970703125,594.969970703125,1027886
2025-10-21,598.3300170898438,598.3300170898438,600.989990234375,597.0499877929688,600.989990234375,168748
2025-10-23,598.5999755859375,598.5999755859375,604.760009765625,597.0,601.2999877929688,1526004
2025-10-27,599.0399780273438,599.0399780273438,605.0,594.5800170898438,605.0,1165568
2025-10-28,600.1500244140625,600.1500244140625,602.0,596.010009765625,601.3499755859375,539202
2025-10-29,602.4500122070312,602.4500122070312,603.75,599.489990234375,603.1400146484375,725547
2025-10-30,600.0800170898438,600.0800170898438,605.0,599.3099975585938,605.0,541334
2025-10-31,597.3900146484375,597.3900146484375,602.0999755859375,596.4299926757812,600.0800170898438,441425
2025-11-03,600.0999755859375,600.0999755859375,600.97998046875,594.010009765625,599.239990234375,638186
2025-11-04,597.2999877929688,597.2999877929688,601.1099853515625,596.739990234375,601.1099853515625,431884
2025-11-06,594.4000244140625,594.4000244140625,598.5399780273438,594.0700073242188,597.2999877929688,337145
2025-11-07,598.260009765625,598.260009765625,599.4000244140625,590.1599731445312,595.1099853515625,891081
2025-11-10,598.1699829101562,598.1699829101562,599.989990234375,595.1400146484375,599.97998046875,540149
2025-11-11,599.75,599.75,599.989990234375,594.5499877929688,598.1799926757812,403030
2025-11-12,601.3200073242188,601.3200073242188,604.0,600.010009765625,600.010009765625,353421
2025-11-13,602.0,602.0,604.2899780273438,599.27001953125,600.5800170898438,846171
2025-11-14,603.2899780273438,603.2899780273438,604.030029296875,599.969970703125,602.0,456962
2025-11-17,607.8300170898438,607.8300170898438,608.2000122070312,604.4199829101562,605.0,632378
2025-11-18,607.8499755859375,607.8499755859375,609.2000122070312,606.469970703125,607.8200073242188,570984
2025-11-19,610.4000244140625,610.4000244140625,610.7899780273438,605.5,609.989990234375,477613
2025-11-20,611.6500244140625,611.6500244140625,613.2100219726562,609.6400146484375,610.4099731445312,694881
2025-11-21,606.8499755859375,606.8499755859375,611.0,606.1500244140625,610.989990234375,741157
2025-11-24,606.6099853515625,606.6099853515625,611.25,605.0,609.97998046875,258672
2025-11-25,606.4299926757812,606.4299926757812,609.75,605.5999755859375,606.6099853515625,297942
2025-11-26,614.219970703125,614.219970703125,614.8499755859375,608.25,608.97998046875,916895
2025-11-27,615.7000122070312,615.7000122070312,617.75,613.6300048828125,614.9099731445312,908640
2025-11-28,616.3699951171875,616.3699951171875,618.6900024414062,608.5999755859375,612.010009765625,396194
2025-12-01,616.8599853515625,616.8599853515625,620.1900024414062,615.5,616.4099731445312,763444
2025-12-02,612.8499755859375,612.8499755859375,617.989990234375,612.2100219726562,617.989990234375,552128
2025-12-03,613.6400146484375,613.6400146484375,614.7899780273438,609.0,614.4299926757812,439107
2025-12-04,611.239990234375,611.239990234375,614.989990234375,609.0999755859375,614.989990234375,1604494
2025-12-05,616.02001953125,616.02001953125,616.5,610.5599975585938,611.0,770074
2025-12-08,611.469970703125,611.469970703125,617.8099975585938,609.8800048828125,614.5900268554688,847561
2025-12-09,610.280029296875,610.280029296875,611.989990234375,608.0399780273438,610.75,1128527
2025-12-10,607.72998046875,607.72998046875,613.989990234375,607.0,613.989990234375,576827
2025-12-11,610.280029296875,610.280029296875,612.7000122070312,606.5700073242188,609.989990234375,432488
2025-12-12,613.1400146484375,613.1400146484375,624.7000122070312,610.0399780273438,624.7000122070312,667191
2025-12-15,613.3900146484375,613.3900146484375,613.989990234375,609.7999877929688,613.1500244140625,255962
2025-12-16,609.72998046875,609.72998046875,613.2100219726562,609.0,612.3800048828125,410928
2025-12-17,607.8699951171875,607.8699951171875,611.97998046875,607.1099853515625,611.97998046875,319531
2025-12-18,607.6300048828125,607.6300048828125,610.4500122070312,606.0499877929688,607.97998046875,304730
2025-12-19,609.706787109375,609.706787109375,609.706787109375,609.706787109375,609.706787109375,0
2025-12-22,611.260009765625,611.260009765625,613.6699829101562,609.9500122070312,613.6599731445312,521334
2025-12-23,610.6400146484375,610.6400146484375,613.9600219726562,609.469970703125,613.9600219726562,377597
2025-12-24,610.1799926757812,610.1799926757812,613.0,609.469970703125,610.6500244140625,515146
2025-12-26,608.2899780273438,608.2899780273438,611.97998046875,608.0,610.0,225408
2025-12-29,607.3499755859375,607.3499755859375,611.8800048828125,606.2999877929688,607.0,573417
2025-12-30,611.5599975585938,611.5599975585938,612.2999877929688,605.75,608.97998046875,1004739
2025-12-31,615.1799926757812,615.1799926757812,616.510009765625,610.010009765625,610.010009765625,1209354
2026-01-01,615.2899780273438,615.2899780273438,617.989990234375,613.4600219726562,617.989990234375,314736
2026-01-02,619.9099731445312,619.9099731445312,621.3900146484375,615.280029296875,617.989990234375,879504
2026-01-05,619.219970703125,619.219970703125,623.97998046875,617.010009765625,623.97998046875,805448
2026-01-06,619.9299926757812,619.9299926757812,621.9400024414062,616.8099975585938,621.9400024414062,559186
2026-01-07,618.969970703125,618.969970703125,621.6500244140625,617.0,619.9299926757812,477341
2026-01-08,616.5599975585938,616.5599975585938,620.1099853515625,615.0,619.97998046875,542515
2026-01-09,611.8300170898438,611.8300170898438,617.1199951171875,610.52001953125,616.5599975585938,1437563
2026-01-12,613.5800170898438,613.5800170898438,614.97998046875,608.2000122070312,614.97998046875,682740
2026-01-13,614.5700073242188,614.5700073242188,617.3499755859375,611.7000122070312,616.969970703125,280366
2026-01-14,614.510009765625,614.510009765625,616.1300048828125,611.8400268554688,615.02001953125,313115
2026-01-15,614.510009765625,614.510009765625,614.510009765625,614.510009765625,614.510009765625,0
2026-01-16,619.9199829101562,619.9199829101562,620.3200073242188,614.989990234375,614.989990234375,788117
2026-01-19,617.219970703125,617.219970703125,620.0,614.8300170898438,619.989990234375,606959
2026-01-20,612.1699829101562,612.1699829101562,619.989990234375,611.0,619.989990234375,533357
2026-01-21,606.1599731445312,606.1599731445312,624.530029296875,600.9600219726562,624.530029296875,818411
2026-01-22,610.969970703125,610.969970703125,613.9000244140625,606.8200073242188,609.2000122070312,384658
2026-01-23,603.3499755859375,603.3499755859375,614.75,602.0,614.75,486879
2026-01-27,611.1099853515625,611.1099853515625,612.9000244140625,600.0,603.3599853515625,919146
2026-01-28,614.1400146484375,614.1400146484375,615.239990234375,610.9099731445312,612.3800048828125,537577
2026-01-29,617.9199829101562,617.9199829101562,618.739990234375,611.02001953125,615.77001953125,644015
2026-01-30,615.72998046875,615.72998046875,617.9199829101562,613.510009765625,617.9199829101562,463504
2026-02-02,604.47998046875,604.47998046875,606.9099731445312,598.0,606.75,595608
2026-02-03,619.5499877929688,619.5499877929688,637.1300048828125,610.010009765625,627.27001953125,1484832
2026-02-04,620.9500122070312,620.9500122070312,622.3499755859375,618.1400146484375,619.5399780273438,411981
2026-02-05,620.5499877929688,620.5499877929688,624.0499877929688,618.5,620.9400024414062,514054
2026-02-06,619.7899780273438,619.7899780273438,620.5499877929688,616.0999755859375,620.5499877929688,286545
2026-02-09,625.280029296875,625.280029296875,627.3200073242188,622.3300170898438,624.0800170898438,444524
2026-02-10,626.1500244140625,626.1500244140625,627.0,623.8400268554688,625.989990234375,455207
2026-02-11,627.6699829101562,627.6699829101562,628.989990234375,623.6300048828125,628.97998046875,316763
2026-02-12,627.8699951171875,627.8699951171875,628.989990234375,624.6699829101562,628.989990234375,574853
2026-02-13,622.4500122070312,622.4500122070312,626.7000122070312,620.5,624.5999755859375,448414
2026-02-16,628.6099853515625,628.6099853515625,629.5,617.3699951171875,621.0,343518
2026-02-17,631.25,631.25,631.5,625.0,625.0,504620
2026-02-18,635.8599853515625,635.8599853515625,636.3099975585938,627.010009765625,632.0,997414
2026-02-19,626.3400268554688,626.3400268554688,638.989990234375,625.1300048828125,638.989990234375,721811
2026-02-20,631.219970703125,631.219970703125,633.0,625.1400146484375,628.97998046875,394853
2026-02-23,631.5999755859375,631.5999755859375,634.0,630.0,630.010009765625,353339
2026-02-24,629.9600219726562,629.9600219726562,634.989990234375,627.5,634.989990234375,400374
2026-02-25,629.489990234375,629.489990234375,632.1599731445312,627.5,629.0,285891
2026-02-26,630.3499755859375,630.3499755859375,634.77001953125,627.9000244140625,634.1199951171875,441561
2026-02-27,623.969970703125,623.969970703125,632.6300048828125,623.02001953125,630.0,903162
2026-03-02,617.719970703125,617.719970703125,620.77001953125,608.3699951171875,608.3699951171875,754045
2026-03-04,606.3200073242188,606.3200073242188,610.4199829101562,603.010009765625,610.0,1432837
2026-03-05,608.6300048828125,608.6300048828125,611.75,604.010009765625,606.2899780273438,733927
2026-03-06,597.239990234375,597.239990234375,606.3800048828125,596.0,605.6300048828125,1360994
2026-03-09,579.4000244140625,579.4000244140625,592.989990234375,571.4199829101562,589.0,2351189
2026-03-10,588.52001953125,588.52001953125,589.6699829101562,582.4099731445312,587.97998046875,1043203
2026-03-11,576.1300048828125,576.1300048828125,589.989990234375,574.7999877929688,589.989990234375,1072365
2026-03-12,569.239990234375,569.239990234375,575.0,565.3699951171875,575.0,1313838
2026-03-13,555.7000122070312,555.7000122070312,568.989990234375,554.9000244140625,568.989990234375,2244654
2026-03-16,561.9099731445312,561.9099731445312,564.1799926757812,550.2999877929688,558.989990234375,1608403
2026-03-17,566.8599853515625,566.8599853515625,570.0,559.010009765625,570.0,1040007
2026-03-18,569.4500122070312,569.4500122070312,572.5,564.6199951171875,567.5,1265063
2026-03-19,551.7100219726562,551.7100219726562,562.9099731445312,549.0,562.9000244140625,3357542
2026-03-20,550.8599853515625,550.8599853515625,560.7899780273438,550.0,556.97998046875,1208466
2026-03-23,531.6699829101562,531.6699829101562,550.530029296875,530.4600219726562,550.530029296875,2367381
2026-03-24,543.0399780273438,543.0399780273438,546.0,535.0,544.969970703125,1618328
2026-03-25,553.2899780273438,553.2899780273438,557.9000244140625,544.010009765625,548.97998046875,1861782
2026-03-27,540.27001953125,540.27001953125,553.97998046875,539.030029296875,552.2999877929688,1301508
2026-03-30,520.9000244140625,520.9000244140625,537.9500122070312,520.0,537.9500122070312,2693476
2026-04-01,533.4199829101562,533.4199829101562,537.0,528.1699829101562,530.0,1536840
2026-04-02,532.4299926757812,532.4299926757812,534.1900024414062,515.97998046875,527.5,1938226
2026-04-06,543.3499755859375,543.3499755859375,544.6699829101562,528.3099975585938,536.5,1452144
2026-04-07,543.9600219726562,543.9600219726562,555.0,535.6400146484375,555.0,1262464
2026-04-08,575.7100219726562,575.7100219726562,577.719970703125,551.989990234375,553.0,3264703
2026-04-09,566.3099975585938,566.3099975585938,577.0,564.0,577.0,1812091
2026-04-10,575.9600219726562,575.9600219726562,576.989990234375,567.9099731445312,572.8800048828125,1289033
2026-04-13,572.7899780273438,572.7899780273438,574.6300048828125,561.1699829101562,572.0900268554688,1867423
2026-04-15,579.7899780273438,579.7899780273438,585.0,575.0,575.0,1535250
2026-04-16,577.5800170898438,577.5800170898438,585.0,575.8699951171875,585.0,1608399
2026-04-17,582.8499755859375,582.8499755859375,583.22998046875,575.8900146484375,578.0,877163
2026-04-20,582.72998046875,582.72998046875,587.7000122070312,581.0399780273438,583.2100219726562,1228617
2026-04-21,591.0599975585938,591.0599975585938,591.6699829101562,582.72998046875,582.72998046875,1233619
2026-04-22,589.0,589.0,592.0,587.5,590.27001953125,689159
2026-04-23,581.3300170898438,581.3300170898438,586.9000244140625,580.1500244140625,586.010009765625,1049350
2026-04-24,578.75,578.75,583.97998046875,575.280029296875,583.97998046875,686909
2026-04-27,579.97998046875,579.97998046875,582.4500122070312,577.1500244140625,581.989990234375,598544
2026-04-28,571.9500122070312,571.9500122070312,580.0999755859375,570.5999755859375,580.0999755859375,918147
2026-04-29,571.5399780273438,571.5399780273438,579.7999877929688,570.010009765625,579.7999877929688,700989
2026-04-30,567.0,567.0,570.4500122070312,562.7999877929688,570.4500122070312,1095209
2026-05-01,567.0,567.0,567.0,567.0,567.0,0
2026-05-04,565.2999877929688,565.2999877929688,573.9000244140625,563.760009765625,570.5,1494189
2026-05-05,562.8099975585938,562.8099975585938,565.969970703125,559.25,565.7899780273438,941150
2026-05-06,577.5,577.5,579.25,563.0,569.9600219726562,1327294
2026-05-07,577.6599731445312,577.6599731445312,581.77001953125,574.5900268554688,581.77001953125,804635
2026-05-08,570.989990234375,570.989990234375,577.4400024414062,568.5999755859375,577.4400024414062,1427240
2026-05-11,562.3099975585938,562.3099975585938,568.9299926757812,561.6199951171875,568.9299926757812,1443462
2026-05-12,552.989990234375,552.989990234375,562.3200073242188,552.0999755859375,562.3200073242188,1285581
2026-05-13,552.1400146484375,552.1400146484375,558.530029296875,549.3300170898438,555.3400268554688,1183858
2026-05-14,558.6900024414062,558.6900024414062,561.719970703125,549.2000122070312,552.1500244140625,1451191
2026-05-15,553.6099853515625,553.6099853515625,561.989990234375,552.6400146484375,561.989990234375,1220561
2026-05-18,553.3499755859375,553.3499755859375,554.47998046875,545.9500122070312,552.5700073242188,1219631
2026-05-19,552.1699829101562,552.1699829101562,555.6500244140625,551.030029296875,554.0,945380
2026-05-20,553.1300048828125,553.1300048828125,554.0900268554688,546.010009765625,546.010009765625,1427531
2026-05-21,552.4000244140625,552.4000244140625,559.530029296875,548.8499755859375,557.010009765625,1398195
2026-05-22,559.6199951171875,559.6199951171875,561.0,552.4000244140625,552.8499755859375,1543732
2026-05-25,571.02001953125,571.02001953125,572.4000244140625,562.4299926757812,563.2899780273438,1585802
2026-05-26,569.0499877929688,569.0499877929688,573.989990234375,568.010009765625,573.989990234375,847937
2026-05-27,567.3200073242188,567.3200073242188,571.1699829101562,566.1099853515625,570.4500122070312,617977
2026-05-28,567.3200073242188,567.3200073242188,567.3200073242188,567.3200073242188,567.3200073242188,0
2026-05-29,561.3200073242188,561.3200073242188,569.7000122070312,560.1799926757812,569.0800170898438,1559135
2026-06-01,553.510009765625,553.510009765625,565.02001953125,551.6699829101562,561.3300170898438,2173435
2026-06-02,555.9099731445312,555.9099731445312,557.8200073242188,548.1400146484375,552.7999877929688,1250063
2026-06-03,559.6699829101562,559.6699829101562,561.0,548.25,556.1500244140625,1466358
2026-06-04,561.27001953125,561.27001953125,563.1500244140625,554.52001953125,559.6699829101562,1701573
2026-06-05,563.0800170898438,563.0800170898438,566.1900024414062,559.5,562.0,1021395
2026-06-08,558.7100219726562,558.7100219726562,562.4000244140625,555.3099975585938,560.9000244140625,1212174
2026-06-09,569.2999877929688,569.2999877929688,570.2000122070312,558.9199829101562,562.0,1172516
2026-06-10,567.989990234375,567.989990234375,572.5999755859375,566.739990234375,569.2899780273438,1007861
2026-06-11,569.239990234375,569.239990234375,573.2000122070312,564.010009765625,564.989990234375,1050078
2026-06-12,585.4199829101562,585.4199829101562,586.0999755859375,574.02001953125,575.6300048828125,1709650
2026-06-15,589.6799926757812,589.6799926757812,597.9000244140625,587.7000122070312,592.5599975585938,2717235
2026-06-16,590.6199951171875,590.6199951171875,595.0,588.260009765625,591.0,1475931
2026-06-17,593.6599731445312,593.6599731445312,594.97998046875,590.280029296875,590.6099853515625,1323314
2026-06-18,597.77001953125,597.77001953125,598.030029296875,592.7999877929688,593.5,1158552
2026-06-19,597.3200073242188,597.3200073242188,597.8200073242188,582.0,597.489990234375,834824
2026-06-22,598.9600219726562,598.9600219726562,599.7999877929688,597.4600219726562,598.0,590476
2026-06-23,592.52001953125,592.52001953125,600.0,591.010009765625,598.9600219726562,1047702
2026-06-24,602.280029296875,602.280029296875,603.2000122070312,591.3300170898438,591.510009765625,1207783
2026-06-25,601.9199829101562,601.9199829101562,607.25,601.489990234375,603.739990234375,935851
2026-06-26,601.9199829101562,601.9199829101562,601.9199829101562,601.9199829101562,601.9199829101562,0
2026-06-29,598.0,598.0,604.989990234375,595.8099975585938,603.0,1282695
2026-06-30,596.3699951171875,596.3699951171875,627.9000244140625,595.0999755859375,627.9000244140625,579530
2026-07-01,601.5700073242188,601.5700073242188,602.239990234375,594.280029296875,596.3699951171875,1049963
2026-07-02,600.0700073242188,600.0700073242188,605.1500244140625,597.010009765625,604.0,1545926
2026-07-03,600.1199951171875,600.1199951171875,607.989990234375,599.010009765625,600.7000122070312,567162
2026-07-06,603.0399780273438,603.0399780273438,605.9000244140625,598.489990234375,600.760009765625,1274797
2026-07-07,603.4099731445312,603.4099731445312,607.969970703125,602.5499877929688,604.0800170898438,840022
2026-07-08,587.6699829101562,587.6699829101562,602.989990234375,585.8499755859375,602.989990234375,1853107
2026-07-09,592.5599975585938,592.5599975585938,594.8900146484375,587.760009765625,589.9400024414062,970313
2026-07-10,600.1699829101562,600.1699829101562,601.9500122070312,594.280029296875,594.280029296875,799407
2026-07-13,600.739990234375,600.739990234375,601.739990234375,595.0,599.97998046875,928979
2026-07-14,594.1799926757812,594.1799926757812,600.0,592.7999877929688,600.0,1194431
2026-07-15,597.5700073242188,597.5700073242188,601.0,594.3200073242188,594.3200073242188,784482
2026-07-16,597.0900268554688,597.0900268554688,600.989990234375,595.010009765625,600.989990234375,726755
2026-07-17,604.9000244140625,604.9000244140625,605.989990234375,595.1699829101562,597.4400024414062,969539
2026-07-20,600.2100219726562,600.2100219726562,603.8800048828125,595.0,599.5900268554688,1266129
2026-07-21,599.5499877929688,599.5499877929688,602.5,598.52001953125,599.5,779883
2026-07-22,592.239990234375,592.239990234375,599.5,590.8900146484375,599.489990234375,984531
2026-07-23,586.719970703125,586.719970703125,591.030029296875,584.6199951171875,590.5800170898438,729317
2026-07-24,587.760009765625,587.760009765625,588.969970703125,581.0,586.5,840506
