Date,Adj Close,Close,High,Low,Open,Volume
2009-01-02,589.795654296875,999.989990234375,1000.010009765625,999.989990234375,0.0,26352
2009-01-05,589.8074340820312,1000.010009765625,1000.010009765625,999.989990234375,0.0,37414
2009-01-06,589.8074340820312,1000.010009765625,1000.010009765625,999.989990234375,0.0,26663
2009-01-07,589.8074340820312,1000.010009765625,1000.010009765625,999.989990234375,0.0,65666
2009-01-09,589.8074340820312,1000.010009765625,1000.010009765625,999.989990234375,0.0,35361
2009-01-12,589.795654296875,999.989990234375,1000.010009765625,999.97998046875,0.0,181872
2009-01-13,589.795654296875,999.989990234375,1000.010009765625,999.989990234375,0.0,70224
2009-01-14,589.795654296875,999.989990234375,1000.010009765625,999.989990234375,0.0,22520
2009-01-15,589.8074340820312,1000.010009765625,1000.0999755859375,999.989990234375,0.0,143970
2009-01-16,589.795654296875,999.989990234375,1000.010009765625,999.989990234375,0.0,60337
2009-01-19,589.8074340820312,1000.010009765625,1000.010009765625,999.989990234375,0.0,47903
2009-01-20,589.8013305664062,1000.0,1000.010009765625,999.989990234375,0.0,37345
2009-01-21,589.8074340820312,1000.010009765625,1000.010009765625,999.989990234375,0.0,82969
2009-01-22,589.795654296875,999.989990234375,1000.010009765625,999.989990234375,0.0,27272
2009-01-23,589.795654296875,999.989990234375,1000.010009765625,999.989990234375,0.0,28792
2009-01-27,589.8074340820312,1000.010009765625,1002.0,999.989990234375,0.0,38421
2009-01-28,589.795654296875,999.989990234375,1000.0,999.989990234375,0.0,74766
2009-01-29,589.795654296875,999.989990234375,1000.010009765625,999.989990234375,0.0,24142
2009-01-30,589.8074340820312,1000.010009765625,1000.010009765625,999.989990234375,0.0,33844
2009-02-02,589.8074340820312,1000.010009765625,1000.010009765625,999.989990234375,0.0,125140
2009-02-03,589.8074340820312,1000.010009765625,1000.010009765625,999.989990234375,0.0,77317
2009-02-04,589.795654296875,999.989990234375,1000.010009765625,999.989990234375,0.0,13335
2009-02-05,589.8074340820312,1000.010009765625,1000.010009765625,999.989990234375,0.0,35346
2009-02-06,589.795654296875,999.989990234375,1000.010009765625,999.989990234375,0.0,39489
2009-02-09,589.8074340820312,1000.010009765625,1000.010009765625,999.989990234375,0.0,45663
2009-02-10,589.795654296875,999.989990234375,1000.010009765625,999.989990234375,0.0,54486
2009-02-11,589.795654296875,999.989990234375,1000.010009765625,999.989990234375,0.0,56878
2009-02-12,589.8074340820312,1000.010009765625,1000.010009765625,999.989990234375,0.0,37667
2009-02-13,589.8074340820312,1000.010009765625,1000.010009765625,995.0,0.0,35398
2009-02-16,589.8074340820312,1000.010009765625,1000.010009765625,999.989990234375,0.0,42728
2009-02-17,589.795654296875,999.989990234375,1000.010009765625,999.989990234375,0.0,41840
2009-02-18,589.8074340820312,1000.010009765625,1000.010009765625,999.989990234375,0.0,42332
2009-02-19,589.795654296875,999.989990234375,1000.010009765625,999.989990234375,0.0,49502
2009-02-20,589.8074340820312,1000.010009765625,1000.010009765625,999.989990234375,0.0,108392
2009-02-24,589.795654296875,999.989990234375,1000.010009765625,999.989990234375,0.0,21280
2009-02-25,589.795654296875,999.989990234375,1000.010009765625,999.989990234375,0.0,83369
2009-02-26,589.8074340820312,1000.010009765625,1000.010009765625,999.989990234375,0.0,83510
2009-02-27,589.8013305664062,1000.0,1000.010009765625,999.989990234375,0.0,64838
2009-03-02,589.795654296875,999.989990234375,1000.010009765625,999.989990234375,0.0,56096
2009-03-03,589.795654296875,999.989990234375,1000.010009765625,999.989990234375,0.0,96569
2009-03-04,589.795654296875,999.989990234375,1000.010009765625,999.989990234375,0.0,105967
2009-03-05,589.795654296875,999.989990234375,1000.010009765625,999.989990234375,0.0,76408
2009-03-06,589.795654296875,999.989990234375,1000.010009765625,999.989990234375,0.0,83436
2009-03-09,589.795654296875,999.989990234375,1000.010009765625,999.989990234375,0.0,62240
2009-03-12,589.795654296875,999.989990234375,1000.010009765625,851.0999755859375,0.0,97537
2009-03-13,589.8074340820312,1000.010009765625,1000.010009765625,999.989990234375,0.0,68275
2009-03-16,589.795654296875,999.989990234375,1000.010009765625,999.989990234375,0.0,42882
2009-03-17,589.8074340820312,1000.010009765625,1000.010009765625,999.989990234375,0.0,61622
2009-03-18,589.795654296875,999.989990234375,1000.010009765625,999.989990234375,0.0,24327
2009-03-19,589.795654296875,999.989990234375,1000.010009765625,999.989990234375,0.0,87548
2009-03-20,589.795654296875,999.989990234375,1000.0,999.989990234375,0.0,52179
2009-03-23,589.795654296875,999.989990234375,1000.010009765625,999.989990234375,0.0,59136
2009-03-24,589.8074340820312,1000.010009765625,1000.010009765625,999.989990234375,0.0,26727
2009-03-25,589.795654296875,999.989990234375,1000.010009765625,999.989990234375,0.0,52044
2009-03-26,589.8013305664062,1000.0,1000.0,999.989990234375,0.0,15160
2009-03-27,589.795654296875,999.989990234375,1000.010009765625,999.989990234375,0.0,128290
2009-03-30,589.795654296875,999.989990234375,1000.010009765625,999.989990234375,0.0,31239
2009-03-31,589.8074340820312,1000.010009765625,1000.010009765625,999.989990234375,0.0,117437
2009-04-01,589.8074340820312,1000.010009765625,1000.010009765625,999.989990234375,0.0,27605
2009-04-02,589.8013305664062,1000.0,1000.010009765625,999.989990234375,0.0,41494
2009-04-06,589.795654296875,999.989990234375,1000.0499877929688,999.989990234375,0.0,53467
2009-04-08,589.8074340820312,1000.010009765625,1000.010009765625,999.989990234375,0.0,111100
2009-04-09,589.8074340820312,1000.010009765625,1000.010009765625,999.989990234375,0.0,189266
2009-04-13,589.8074340820312,1000.010009765625,1000.010009765625,999.989990234375,0.0,37782
2009-04-15,589.8074340820312,1000.010009765625,1000.010009765625,999.989990234375,0.0,138257
2009-04-16,589.8074340820312,1000.010009765625,1000.010009765625,999.989990234375,0.0,76998
2009-04-17,589.8013305664062,1000.0,1000.010009765625,999.989990234375,0.0,48508
2009-04-20,589.8074340820312,1000.010009765625,1000.010009765625,999.989990234375,0.0,126347
2009-04-21,589.8074340820312,1000.010009765625,1000.010009765625,999.989990234375,0.0,135708
2009-04-22,589.8074340820312,1000.010009765625,1000.010009765625,999.989990234375,0.0,149806
2009-04-23,589.8074340820312,1000.010009765625,1000.010009765625,999.989990234375,0.0,97094
2009-04-24,589.8074340820312,1000.010009765625,1000.010009765625,999.989990234375,0.0,122799
2009-04-27,589.8074340820312,1000.010009765625,1000.010009765625,999.989990234375,0.0,106734
2009-04-28,589.8074340820312,1000.010009765625,1000.010009765625,999.989990234375,0.0,92080
2009-04-29,589.8074340820312,1000.010009765625,1000.010009765625,1000.0,0.0,64269
2009-05-04,589.8074340820312,1000.010009765625,1000.010009765625,999.989990234375,0.0,109016
2009-05-05,589.8013305664062,1000.0,1000.010009765625,999.989990234375,0.0,145500
2009-05-06,589.8074340820312,1000.010009765625,1000.010009765625,999.989990234375,0.0,58185
2009-05-07,589.8013305664062,1000.0,1000.010009765625,999.989990234375,0.0,73789
2009-05-08,589.8074340820312,1000.010009765625,1000.010009765625,999.989990234375,0.0,46962
2009-05-11,589.795654296875,999.989990234375,1000.010009765625,999.989990234375,0.0,49251
2009-05-12,589.8074340820312,1000.010009765625,1000.010009765625,999.989990234375,0.0,57751
2009-05-13,589.8074340820312,1000.010009765625,1000.010009765625,1000.0,0.0,95602
2009-05-14,589.795654296875,999.989990234375,1000.010009765625,999.989990234375,0.0,28948
2009-05-15,589.8074340820312,1000.010009765625,1000.010009765625,999.989990234375,0.0,69352
2009-05-18,589.8074340820312,1000.010009765625,1000.010009765625,1000.010009765625,0.0,0
2009-05-19,589.795654296875,999.989990234375,1000.010009765625,999.989990234375,0.0,332373
2009-05-20,589.8013305664062,1000.0,1000.010009765625,999.989990234375,0.0,142139
2009-05-21,589.8074340820312,1000.010009765625,1000.010009765625,999.989990234375,0.0,170806
2009-05-22,589.8013305664062,1000.0,1000.010009765625,999.989990234375,0.0,70320
2009-05-25,589.8074340820312,1000.010009765625,1000.010009765625,999.989990234375,0.0,147608
2009-05-26,589.795654296875,999.989990234375,1000.010009765625,999.989990234375,0.0,36471
2009-05-27,589.8074340820312,1000.010009765625,1000.010009765625,999.989990234375,0.0,119816
2009-05-28,589.8074340820312,1000.010009765625,1000.010009765625,999.989990234375,0.0,42052
2009-05-29,589.8074340820312,1000.010009765625,1001.0,999.989990234375,0.0,132164
2009-06-01,589.795654296875,999.989990234375,1000.010009765625,999.989990234375,0.0,66010
2009-06-02,589.8074340820312,1000.010009765625,1000.010009765625,999.989990234375,0.0,54700
2009-06-03,589.8074340820312,1000.010009765625,1000.010009765625,999.989990234375,0.0,59531
2009-06-04,589.8074340820312,1000.010009765625,1000.010009765625,999.989990234375,0.0,52179
2009-06-05,589.795654296875,999.989990234375,1000.010009765625,999.989990234375,0.0,141542
2009-06-08,589.795654296875,999.989990234375,1000.010009765625,999.989990234375,0.0,102857
2009-06-09,589.8074340820312,1000.010009765625,1000.010009765625,999.989990234375,0.0,90078
2009-06-10,589.795654296875,999.989990234375,1000.010009765625,999.989990234375,0.0,75232
2009-06-11,589.8074340820312,1000.010009765625,1000.010009765625,999.989990234375,0.0,51348
2009-06-12,589.8074340820312,1000.010009765625,1000.010009765625,999.989990234375,0.0,115447
2009-06-15,589.8013305664062,1000.0,1000.010009765625,999.989990234375,0.0,58839
2009-06-16,589.795654296875,999.989990234375,1000.010009765625,999.989990234375,0.0,160112
2009-06-17,589.8013305664062,1000.0,1000.0,1000.0,1000.0,0
2009-06-18,589.795654296875,999.989990234375,1000.010009765625,999.989990234375,0.0,263902
2009-06-19,589.795654296875,999.989990234375,1000.010009765625,999.989990234375,0.0,85850
2009-06-22,589.8074340820312,1000.010009765625,1000.010009765625,999.989990234375,0.0,128349
2009-06-23,589.795654296875,999.989990234375,1000.010009765625,999.989990234375,0.0,81264
2009-06-24,589.8074340820312,1000.010009765625,1000.010009765625,999.989990234375,0.0,62536
2009-06-25,589.795654296875,999.989990234375,1000.010009765625,999.989990234375,0.0,51661
2009-06-26,589.8074340820312,1000.010009765625,1000.02001953125,999.989990234375,0.0,270596
2009-06-29,589.8074340820312,1000.010009765625,1000.010009765625,999.989990234375,0.0,126831
2009-06-30,589.8013305664062,1000.0,1000.010009765625,999.989990234375,0.0,52946
2009-07-01,589.795654296875,999.989990234375,1000.010009765625,999.989990234375,0.0,72983
2009-07-02,589.8074340820312,1000.010009765625,1000.010009765625,999.989990234375,0.0,39794
2009-07-03,589.795654296875,999.989990234375,1000.010009765625,999.989990234375,0.0,71957
2009-07-06,589.8074340820312,1000.010009765625,1000.010009765625,999.989990234375,0.0,188362
2009-07-07,589.8074340820312,1000.010009765625,1000.010009765625,999.989990234375,0.0,84661
2009-07-08,589.795654296875,999.989990234375,1000.010009765625,970.0,0.0,184398
2009-07-09,589.795654296875,999.989990234375,1000.010009765625,999.989990234375,0.0,71792
2009-07-10,589.795654296875,999.989990234375,1000.010009765625,999.989990234375,0.0,95900
2009-07-13,589.8074340820312,1000.010009765625,1000.010009765625,980.0,0.0,201787
2009-07-14,589.8013305664062,1000.0,1000.010009765625,999.989990234375,0.0,72552
2009-07-15,589.8074340820312,1000.010009765625,1000.010009765625,999.989990234375,0.0,102105
2009-07-16,589.8074340820312,1000.010009765625,1000.010009765625,999.989990234375,0.0,42938
2009-07-17,589.8013305664062,1000.0,1000.010009765625,999.989990234375,0.0,72849
2009-07-20,589.8013305664062,1000.0,1000.010009765625,999.989990234375,0.0,69858
2009-07-21,589.795654296875,999.989990234375,1000.010009765625,999.989990234375,0.0,151873
2009-07-22,589.795654296875,999.989990234375,1000.010009765625,999.989990234375,0.0,67745
2009-07-23,589.8074340820312,1000.010009765625,1000.010009765625,999.989990234375,0.0,108240
2009-07-24,589.8074340820312,1000.010009765625,1000.010009765625,999.989990234375,0.0,66941
2009-07-27,589.795654296875,999.989990234375,1000.010009765625,999.989990234375,0.0,208052
2009-07-28,589.795654296875,999.989990234375,1000.010009765625,999.989990234375,0.0,81017
2009-07-29,589.795654296875,999.989990234375,1000.010009765625,999.989990234375,0.0,51302
2009-07-30,589.8074340820312,1000.010009765625,1000.010009765625,999.989990234375,0.0,33306
2009-07-31,589.795654296875,999.989990234375,1000.010009765625,999.989990234375,0.0,148955
2009-08-03,589.8013305664062,1000.0,1000.010009765625,999.989990234375,0.0,94902
2009-08-04,589.8074340820312,1000.010009765625,1000.010009765625,999.989990234375,0.0,207450
2009-08-05,589.8013305664062,1000.0,1000.010009765625,999.989990234375,0.0,77040
2009-08-06,589.8013305664062,1000.0,1000.010009765625,999.989990234375,0.0,111235
2009-08-07,589.795654296875,999.989990234375,1000.02001953125,999.989990234375,0.0,403675
2009-08-10,589.8074340820312,1000.010009765625,1000.010009765625,999.989990234375,0.0,113235
2009-08-11,589.795654296875,999.989990234375,1050.0,999.989990234375,0.0,136450
2009-08-12,589.795654296875,999.989990234375,1000.010009765625,999.989990234375,0.0,51644
2009-08-13,589.8074340820312,1000.010009765625,1000.010009765625,999.989990234375,0.0,103923
2009-08-14,589.8074340820312,1000.010009765625,1000.010009765625,999.989990234375,0.0,80441
2009-08-17,589.8074340820312,1000.010009765625,1000.010009765625,999.989990234375,0.0,47176
2009-08-18,589.8013305664062,1000.0,1000.0,1000.0,1000.0,0
2009-08-19,589.8013305664062,1000.0,1000.0,1000.0,1000.0,0
2009-08-20,589.8013305664062,1000.0,1000.0,1000.0,1000.0,0
2009-08-21,589.8013305664062,1000.0,1000.0,1000.0,1000.0,0
2009-08-24,589.8074340820312,1000.010009765625,1000.010009765625,999.989990234375,0.0,39723
2009-08-25,589.8074340820312,1000.010009765625,1000.010009765625,999.989990234375,0.0,74310
2009-08-26,589.795654296875,999.989990234375,1000.010009765625,999.989990234375,0.0,98707
2009-08-27,589.8074340820312,1000.010009765625,1000.010009765625,999.989990234375,0.0,80210
2009-08-28,589.8074340820312,1000.010009765625,1000.010009765625,999.989990234375,0.0,181484
2009-08-31,589.8074340820312,1000.010009765625,1000.010009765625,999.989990234375,0.0,25559
2009-09-01,589.8074340820312,1000.010009765625,1000.010009765625,999.989990234375,0.0,74220
2009-09-02,589.8074340820312,1000.010009765625,1000.010009765625,999.989990234375,0.0,61204
2009-09-03,589.795654296875,999.989990234375,1000.010009765625,999.989990234375,0.0,112915
2009-09-04,589.8074340820312,1000.010009765625,1000.010009765625,999.989990234375,0.0,90299
2009-09-07,589.8074340820312,1000.010009765625,1000.010009765625,999.989990234375,0.0,84590
2009-09-08,589.795654296875,999.989990234375,1000.010009765625,999.989990234375,0.0,86584
2009-09-09,589.795654296875,999.989990234375,1000.010009765625,951.0,0.0,143632
2009-09-10,589.795654296875,999.989990234375,1000.02001953125,999.989990234375,0.0,155690
2009-09-11,589.8013305664062,1000.0,1000.010009765625,999.989990234375,0.0,64996
2009-09-14,589.8013305664062,1000.0,1000.010009765625,999.989990234375,0.0,113842
2009-09-15,589.8074340820312,1000.010009765625,1000.010009765625,999.989990234375,0.0,81448
2009-09-16,589.8013305664062,1000.0,1000.010009765625,999.989990234375,0.0,154364
2009-09-17,589.8074340820312,1000.010009765625,1000.010009765625,999.989990234375,0.0,177232
2009-09-18,589.8074340820312,1000.010009765625,1000.010009765625,999.989990234375,0.0,67140
2009-09-22,589.8013305664062,1000.0,1000.010009765625,901.0999755859375,0.0,349768
2009-09-23,589.795654296875,999.989990234375,1000.02001953125,999.989990234375,0.0,301803
2009-09-24,589.8074340820312,1000.010009765625,1000.010009765625,999.989990234375,0.0,110105
2009-09-25,589.8013305664062,1000.0,1000.010009765625,999.989990234375,0.0,104072
2009-09-29,589.795654296875,999.989990234375,1000.010009765625,999.989990234375,0.0,94579
2009-09-30,589.8074340820312,1000.010009765625,1000.010009765625,999.989990234375,0.0,57921
2009-10-01,589.795654296875,999.989990234375,1000.010009765625,999.989990234375,0.0,92814
2009-10-05,589.8074340820312,1000.010009765625,1000.010009765625,999.989990234375,0.0,80974
2009-10-06,589.8074340820312,1000.010009765625,1000.010009765625,999.989990234375,0.0,80032
2009-10-07,589.8074340820312,1000.010009765625,1000.010009765625,999.989990234375,0.0,154856
2009-10-08,589.795654296875,999.989990234375,1000.010009765625,999.989990234375,0.0,104244
2009-10-09,589.8013305664062,1000.0,1000.010009765625,999.989990234375,0.0,146044
2009-10-12,589.795654296875,999.989990234375,1000.010009765625,999.989990234375,0.0,80142
2009-10-13,589.8013305664062,1000.0,1000.0,1000.0,1000.0,0
2009-10-14,589.8074340820312,1000.010009765625,1000.010009765625,999.989990234375,0.0,103047
2009-10-15,589.795654296875,999.989990234375,1000.010009765625,999.989990234375,0.0,136408
2009-10-16,589.8013305664062,1000.0,1000.010009765625,999.989990234375,0.0,58057
2009-10-20,589.795654296875,999.989990234375,1000.010009765625,999.989990234375,0.0,190363
2009-10-21,589.8074340820312,1000.010009765625,1000.010009765625,999.989990234375,0.0,92206
2009-10-22,589.795654296875,999.989990234375,1000.010009765625,999.989990234375,0.0,61175
2009-10-23,589.795654296875,999.989990234375,1000.010009765625,999.989990234375,0.0,94788
2009-10-26,589.795654296875,999.989990234375,1000.010009765625,999.989990234375,0.0,46044
2009-10-27,589.795654296875,999.989990234375,1000.010009765625,999.989990234375,0.0,172639
2009-10-28,589.8074340820312,1000.010009765625,1000.010009765625,999.989990234375,0.0,55280
2009-10-29,589.795654296875,999.989990234375,1000.010009765625,999.989990234375,0.0,74930
2009-10-30,589.795654296875,999.989990234375,1000.010009765625,999.989990234375,0.0,137445
2009-11-03,589.8013305664062,1000.0,1000.010009765625,999.989990234375,0.0,119426
2009-11-04,589.8013305664062,1000.0,1000.010009765625,999.989990234375,0.0,62785
2009-11-05,589.795654296875,999.989990234375,1000.010009765625,999.989990234375,0.0,91347
2009-11-06,589.795654296875,999.989990234375,1000.010009765625,999.989990234375,0.0,227353
2009-11-09,589.795654296875,999.989990234375,1000.010009765625,999.989990234375,0.0,90077
2009-11-10,589.2117919921875,999.0,1000.010009765625,999.0,0.0,123980
2009-11-11,589.8013305664062,1000.0,1000.010009765625,999.989990234375,0.0,51562
2009-11-12,589.795654296875,999.989990234375,1000.010009765625,999.989990234375,0.0,68418
2009-11-13,589.795654296875,999.989990234375,1000.010009765625,999.989990234375,0.0,142631
2009-11-16,589.795654296875,999.989990234375,1000.010009765625,999.989990234375,0.0,93769
2009-11-17,589.8013305664062,1000.0,1000.010009765625,999.989990234375,0.0,100295
2009-11-18,589.8074340820312,1000.010009765625,1000.010009765625,999.989990234375,0.0,537005
2009-11-19,589.8074340820312,1000.010009765625,1000.010009765625,999.989990234375,0.0,71233
2009-11-20,589.8074340820312,1000.010009765625,1000.010009765625,999.989990234375,0.0,116598
2009-11-23,589.795654296875,999.989990234375,1000.010009765625,990.0,0.0,60965
2009-11-24,589.8074340820312,1000.010009765625,1000.010009765625,999.989990234375,0.0,37832
2009-11-25,589.8074340820312,1000.010009765625,1000.010009765625,999.989990234375,0.0,56384
2009-11-26,589.795654296875,999.989990234375,1000.010009765625,999.989990234375,0.0,81349
2009-11-27,589.8074340820312,1000.010009765625,1149.800048828125,999.989990234375,0.0,146469
2009-11-30,589.795654296875,999.989990234375,1000.010009765625,999.989990234375,0.0,59685
2009-12-01,589.795654296875,999.989990234375,1000.010009765625,999.989990234375,0.0,63529
2009-12-02,589.8074340820312,1000.010009765625,1000.010009765625,999.989990234375,0.0,78706
2009-12-03,589.795654296875,999.989990234375,1000.010009765625,999.989990234375,0.0,46972
2009-12-04,589.795654296875,999.989990234375,1000.010009765625,999.989990234375,0.0,51191
2009-12-07,589.795654296875,999.989990234375,1000.010009765625,999.989990234375,0.0,47262
2009-12-08,589.8074340820312,1000.010009765625,1009.9000244140625,999.989990234375,0.0,56671
2009-12-09,589.795654296875,999.989990234375,1000.010009765625,999.0,0.0,58631
2009-12-10,589.8074340820312,1000.010009765625,1000.010009765625,999.0,0.0,97701
2009-12-11,589.8013305664062,1000.0,1000.010009765625,999.989990234375,0.0,59269
2009-12-14,589.8074340820312,1000.010009765625,1000.010009765625,999.989990234375,0.0,91627
2009-12-15,589.8074340820312,1000.010009765625,1000.010009765625,999.989990234375,0.0,58795
2009-12-16,589.795654296875,999.989990234375,1000.010009765625,999.989990234375,0.0,57482
2009-12-17,589.795654296875,999.989990234375,1000.010009765625,999.989990234375,0.0,26856
2009-12-18,589.795654296875,999.989990234375,1000.010009765625,999.989990234375,0.0,37258
2009-12-21,589.8074340820312,1000.010009765625,1000.010009765625,999.989990234375,0.0,90167
2009-12-22,589.8074340820312,1000.010009765625,1000.010009765625,999.989990234375,0.0,62041
2009-12-23,589.795654296875,999.989990234375,1000.010009765625,999.989990234375,0.0,27901
2009-12-24,589.8074340820312,1000.010009765625,1000.010009765625,999.989990234375,0.0,53185
2009-12-29,589.8074340820312,1000.010009765625,1000.010009765625,999.989990234375,0.0,49201
2009-12-30,589.8074340820312,1000.010009765625,1000.010009765625,999.989990234375,0.0,47601
2009-12-31,589.8074340820312,1000.010009765625,1000.010009765625,999.989990234375,0.0,44783
2010-01-04,589.8013305664062,1000.0,1000.010009765625,999.989990234375,0.0,35207
2010-01-05,589.8013305664062,1000.0,1000.010009765625,999.989990234375,0.0,107134
2010-01-06,589.8013305664062,1000.0,1000.010009765625,999.989990234375,0.0,93293
2010-01-07,589.8074340820312,1000.010009765625,1000.010009765625,999.989990234375,0.0,38545
2010-01-08,589.8013305664062,1000.0,1000.010009765625,999.989990234375,0.0,36647
2010-01-11,589.8074340820312,1000.010009765625,1000.010009765625,999.989990234375,0.0,48787
2010-01-12,589.8074340820312,1000.010009765625,1000.010009765625,999.989990234375,0.0,45022
2010-01-13,589.8074340820312,1000.010009765625,1000.010009765625,999.989990234375,0.0,42324
2010-01-14,589.795654296875,999.989990234375,1000.010009765625,999.989990234375,0.0,45117
2010-01-15,589.795654296875,999.989990234375,1000.010009765625,999.989990234375,0.0,50205
2010-01-18,589.8013305664062,1000.0,1000.0,999.989990234375,0.0,29210
2010-01-19,589.8013305664062,1000.0,1000.0,1000.0,1000.0,0
2010-01-20,589.8013305664062,1000.0,1000.0,1000.0,1000.0,0
2010-01-21,589.8013305664062,1000.0,1000.0,1000.0,1000.0,0
2010-01-22,589.8013305664062,1000.0,1000.0,1000.0,1000.0,0
2010-01-25,589.8013305664062,1000.0,1000.0,1000.0,1000.0,0
2010-01-27,589.8013305664062,1000.0,1000.0,1000.0,1000.0,0
2010-01-28,589.8013305664062,1000.0,1000.0,1000.0,1000.0,0
2010-01-29,589.8013305664062,1000.0,1000.0,1000.0,1000.0,0
2010-02-01,589.8013305664062,1000.0,1000.0,1000.0,1000.0,0
2010-02-02,589.8013305664062,1000.0,1000.0,1000.0,1000.0,0
2010-02-03,589.8013305664062,1000.0,1000.0,1000.0,1000.0,0
2010-02-04,589.8013305664062,1000.0,1000.0,1000.0,1000.0,0
2010-02-05,589.795654296875,999.989990234375,1000.010009765625,999.989990234375,1000.0,121722
2010-02-08,589.795654296875,999.989990234375,1000.010009765625,999.989990234375,1000.0,125235
2010-02-09,589.795654296875,999.989990234375,1000.010009765625,999.989990234375,999.989990234375,37544
2010-02-10,589.8013305664062,1000.0,1000.010009765625,999.989990234375,1000.0,68588
2010-02-11,589.795654296875,999.989990234375,1000.010009765625,999.989990234375,999.989990234375,74670
2010-02-15,589.8013305664062,1000.0,1000.010009765625,999.989990234375,1000.0,48986
2010-02-16,589.8013305664062,1000.0,1000.010009765625,999.989990234375,999.989990234375,94633
2010-02-17,589.8013305664062,1000.0,1000.010009765625,999.989990234375,1000.010009765625,101467
2010-02-18,589.8013305664062,1000.0,1000.010009765625,999.989990234375,999.989990234375,37810
2010-02-19,589.8013305664062,1000.0,1000.010009765625,999.989990234375,1000.010009765625,138808
2010-02-22,589.8013305664062,1000.0,1000.010009765625,999.989990234375,1000.0,88895
2010-02-23,589.795654296875,999.989990234375,1000.010009765625,999.989990234375,1000.0,30433
2010-02-24,589.8013305664062,1000.0,1000.010009765625,999.989990234375,1000.010009765625,34619
2010-02-25,589.795654296875,999.989990234375,1000.010009765625,999.989990234375,1000.0,66836
2010-02-26,589.795654296875,999.989990234375,1000.010009765625,999.989990234375,999.989990234375,28137
2010-03-02,589.795654296875,999.989990234375,1000.010009765625,999.989990234375,999.989990234375,78850
2010-03-03,589.795654296875,999.989990234375,1000.010009765625,999.989990234375,999.989990234375,88431
2010-03-04,589.795654296875,999.989990234375,1000.010009765625,999.989990234375,1000.0,94454
2010-03-05,589.795654296875,999.989990234375,1000.010009765625,999.989990234375,999.989990234375,75669
2010-03-08,589.8013305664062,1000.0,1000.010009765625,999.989990234375,1000.010009765625,48412
2010-03-09,589.795654296875,999.989990234375,1000.010009765625,999.989990234375,999.989990234375,59987
2010-03-10,589.795654296875,999.989990234375,1000.010009765625,999.989990234375,1000.010009765625,61273
2010-03-11,589.795654296875,999.989990234375,1000.010009765625,999.989990234375,1000.0,22186
2010-03-12,589.795654296875,999.989990234375,1000.010009765625,999.989990234375,1000.0,54078
2010-03-15,589.8013305664062,1000.0,1000.010009765625,999.989990234375,999.989990234375,28643
2010-03-16,589.8013305664062,1000.0,1000.010009765625,999.989990234375,1000.0,66541
2010-03-17,589.795654296875,999.989990234375,1000.010009765625,999.989990234375,999.989990234375,68233
2010-03-18,589.795654296875,999.989990234375,1000.010009765625,999.989990234375,999.989990234375,65616
2010-03-19,589.8013305664062,1000.0,1000.010009765625,999.989990234375,999.989990234375,151489
2010-03-22,589.795654296875,999.989990234375,1000.0,999.989990234375,1000.0,108641
2010-03-23,589.795654296875,999.989990234375,1000.0,999.989990234375,999.989990234375,158050
2010-03-25,589.795654296875,999.989990234375,1000.0,999.989990234375,999.989990234375,127402
2010-03-26,589.8013305664062,1000.0,1000.010009765625,999.989990234375,999.989990234375,104878
2010-03-29,589.8013305664062,1000.0,1000.010009765625,999.989990234375,999.989990234375,105695
2010-03-30,589.8013305664062,1000.0,1000.010009765625,999.989990234375,999.989990234375,67773
2010-03-31,589.8013305664062,1000.0,1000.010009765625,999.989990234375,999.989990234375,65903
2010-04-01,589.795654296875,999.989990234375,1000.010009765625,999.989990234375,999.989990234375,41861
2010-04-05,589.8013305664062,1000.0,1000.010009765625,999.989990234375,1000.0,87393
2010-04-06,589.8013305664062,1000.0,1000.010009765625,1000.0,1000.0,71623
2010-04-07,589.8013305664062,1000.0,1000.010009765625,999.989990234375,999.989990234375,48498
2010-04-08,589.8013305664062,1000.0,1000.010009765625,999.989990234375,1000.0,144036
2010-04-09,589.8013305664062,1000.0,1000.010009765625,999.989990234375,1000.0,78107
2010-04-12,589.8013305664062,1000.0,1000.010009765625,999.989990234375,1000.0,34412
2010-04-13,589.8013305664062,1000.0,1000.010009765625,1000.0,1000.0,217403
2010-04-15,589.8013305664062,1000.0,1000.010009765625,999.989990234375,999.989990234375,100705
2010-04-16,589.8013305664062,1000.0,1000.010009765625,999.989990234375,999.989990234375,91044
2010-04-19,589.8013305664062,1000.0,1000.010009765625,999.989990234375,1000.0,198163
2010-04-20,589.8013305664062,1000.0,1000.010009765625,999.989990234375,1000.0,72402
2010-04-21,589.8013305664062,1000.0,1000.010009765625,999.989990234375,999.989990234375,63361
2010-04-22,589.795654296875,999.989990234375,1000.010009765625,999.989990234375,999.989990234375,63951
2010-04-23,589.8013305664062,1000.0,1000.010009765625,999.989990234375,1000.010009765625,63217
2010-04-26,589.795654296875,999.989990234375,1000.010009765625,999.989990234375,1000.0,87768
2010-04-27,589.8013305664062,1000.0,1000.010009765625,999.989990234375,999.989990234375,56990
2010-04-28,589.795654296875,999.989990234375,1000.010009765625,999.989990234375,999.989990234375,89896
2010-04-29,589.8013305664062,1000.0,1000.010009765625,999.989990234375,999.989990234375,127682
2010-04-30,589.8013305664062,1000.0,1000.010009765625,999.989990234375,1000.0,81911
2010-05-03,589.795654296875,999.989990234375,1000.010009765625,999.989990234375,999.989990234375,54250
2010-05-04,589.795654296875,999.989990234375,1000.010009765625,999.989990234375,1000.0,71494
2010-05-05,589.795654296875,999.989990234375,1000.010009765625,999.989990234375,999.989990234375,84975
2010-05-06,589.8013305664062,1000.0,1000.010009765625,999.989990234375,1000.0,100484
2010-05-07,589.795654296875,999.989990234375,1000.010009765625,999.989990234375,999.989990234375,137221
2010-05-10,589.795654296875,999.989990234375,1000.010009765625,999.989990234375,1000.0,102070
2010-05-11,589.8013305664062,1000.0,1000.010009765625,999.989990234375,1000.0,55011
2010-05-12,589.8013305664062,1000.0,1000.010009765625,999.989990234375,1000.010009765625,64541
2010-05-13,589.8013305664062,1000.0,1000.010009765625,999.989990234375,1000.0,132925
2010-05-14,589.8013305664062,1000.0,1000.010009765625,999.989990234375,999.989990234375,97086
2010-05-17,589.795654296875,999.989990234375,1000.010009765625,999.989990234375,1000.0,138195
2010-05-18,589.8013305664062,1000.0,1000.010009765625,999.989990234375,999.989990234375,176576
2010-05-19,589.8013305664062,1000.0,1000.010009765625,999.0,999.0,153985
2010-05-20,589.8013305664062,1000.0,1000.010009765625,999.989990234375,999.989990234375,311157
2010-05-21,589.795654296875,999.989990234375,1000.010009765625,999.989990234375,999.989990234375,160799
2010-05-24,589.8013305664062,1000.0,1000.010009765625,999.989990234375,999.989990234375,86722
2010-05-25,589.795654296875,999.989990234375,1000.010009765625,999.989990234375,999.989990234375,103945
2010-05-26,589.8013305664062,1000.0,1000.010009765625,999.989990234375,999.989990234375,37721
2010-05-27,589.795654296875,999.989990234375,1000.010009765625,999.989990234375,1000.0,95340
2010-05-28,589.795654296875,999.989990234375,1000.010009765625,999.989990234375,999.989990234375,133598
2010-05-31,589.8013305664062,1000.0,1000.010009765625,999.989990234375,1000.010009765625,44466
2010-06-01,589.8013305664062,1000.0,1000.010009765625,999.989990234375,999.989990234375,58030
2010-06-02,589.795654296875,999.989990234375,1000.010009765625,999.989990234375,1000.0,62853
2010-06-03,589.795654296875,999.989990234375,1000.010009765625,999.989990234375,999.989990234375,66757
2010-06-04,589.8013305664062,1000.0,1000.010009765625,999.989990234375,999.989990234375,71621
2010-06-07,589.795654296875,999.989990234375,1000.010009765625,999.989990234375,1000.0,88524
2010-06-08,589.795654296875,999.989990234375,1000.010009765625,999.989990234375,1000.0,47575
2010-06-09,589.8013305664062,1000.0,1000.010009765625,999.989990234375,999.989990234375,38836
2010-06-10,589.795654296875,999.989990234375,1000.010009765625,999.989990234375,999.989990234375,50499
2010-06-11,589.8013305664062,1000.0,1000.010009765625,999.989990234375,999.989990234375,95361
2010-06-14,589.795654296875,999.989990234375,1000.010009765625,999.989990234375,1000.0,57479
2010-06-15,589.795654296875,999.989990234375,1000.010009765625,999.989990234375,999.989990234375,83955
2010-06-16,589.8013305664062,1000.0,1000.010009765625,999.989990234375,999.989990234375,64142
2010-06-17,589.8013305664062,1000.0,1000.010009765625,999.989990234375,1000.0,41101
2010-06-18,589.8013305664062,1000.0,1000.010009765625,999.989990234375,1000.010009765625,97935
2010-06-21,589.795654296875,999.989990234375,1000.010009765625,999.989990234375,999.989990234375,60879
2010-06-22,589.8013305664062,1000.0,1000.010009765625,999.989990234375,999.989990234375,103417
2010-06-23,589.8013305664062,1000.0,1000.010009765625,999.989990234375,1000.010009765625,45069
2010-06-24,589.8013305664062,1000.0,1000.010009765625,999.989990234375,1000.0,53802
2010-06-25,589.8013305664062,1000.0,1000.010009765625,999.989990234375,1000.010009765625,176467
2010-06-28,589.795654296875,999.989990234375,1000.010009765625,999.989990234375,1000.0,72440
2010-06-29,589.8013305664062,1000.0,1000.010009765625,999.989990234375,999.989990234375,123502
2010-06-30,589.8013305664062,1000.0,1000.010009765625,999.989990234375,1000.0,304483
2010-07-01,589.8013305664062,1000.0,1000.010009765625,999.989990234375,999.989990234375,43189
2010-07-02,589.8013305664062,1000.0,1000.010009765625,999.989990234375,999.989990234375,71893
2010-07-05,589.795654296875,999.989990234375,1000.010009765625,999.989990234375,999.989990234375,68132
2010-07-06,589.795654296875,999.989990234375,1000.010009765625,999.989990234375,1000.010009765625,80701
2010-07-07,589.795654296875,999.989990234375,1000.010009765625,999.989990234375,999.989990234375,28598
2010-07-08,589.8013305664062,1000.0,1000.010009765625,999.989990234375,999.989990234375,197547
2010-07-09,589.795654296875,999.989990234375,1000.010009765625,999.989990234375,999.989990234375,67113
2010-07-12,589.8013305664062,1000.0,1000.010009765625,999.989990234375,999.989990234375,40902
2010-07-13,589.795654296875,999.989990234375,1000.010009765625,999.989990234375,1000.010009765625,41319
2010-07-14,589.8013305664062,1000.0,1000.010009765625,999.989990234375,999.989990234375,131141
2010-07-15,589.8013305664062,1000.0,1000.010009765625,999.989990234375,999.989990234375,87876
2010-07-16,589.8013305664062,1000.0,1000.010009765625,999.989990234375,1000.0,142985
2010-07-19,589.8013305664062,1000.0,1000.010009765625,999.989990234375,999.989990234375,141006
2010-07-20,589.8013305664062,1000.0,1000.010009765625,999.989990234375,1000.0,53045
2010-07-21,589.8013305664062,1000.0,1000.010009765625,999.989990234375,1000.0,58301
2010-07-22,589.795654296875,999.989990234375,1000.010009765625,999.989990234375,1000.0,39814
2010-07-23,589.8013305664062,1000.0,1000.010009765625,999.989990234375,1000.0,242796
2010-07-26,589.795654296875,999.989990234375,1000.010009765625,999.989990234375,1000.010009765625,96338
2010-07-27,589.8013305664062,1000.0,1000.010009765625,999.989990234375,1000.0,40552
2010-07-28,589.795654296875,999.989990234375,1000.010009765625,999.989990234375,1000.010009765625,175618
2010-07-29,589.795654296875,999.989990234375,1000.010009765625,999.989990234375,1000.0,184009
2010-07-30,589.795654296875,999.989990234375,1000.010009765625,999.989990234375,999.989990234375,66041
2010-08-02,589.795654296875,999.989990234375,1000.010009765625,999.989990234375,999.989990234375,62227
2010-08-03,589.795654296875,999.989990234375,1000.010009765625,999.989990234375,1000.0,85428
2010-08-04,589.8013305664062,1000.0,1000.010009765625,999.989990234375,1000.0,33733
2010-08-05,589.795654296875,999.989990234375,1000.010009765625,999.989990234375,1000.0,115558
2010-08-06,589.8013305664062,1000.0,1000.010009765625,999.989990234375,1000.0,54502
2010-08-09,589.795654296875,999.989990234375,1000.010009765625,999.989990234375,1000.0,99624
2010-08-10,589.8013305664062,1000.0,1000.010009765625,999.989990234375,1000.0,72249
2010-08-11,589.8013305664062,1000.0,1000.010009765625,999.989990234375,1000.010009765625,52299
2010-08-12,589.8013305664062,1000.0,1000.010009765625,999.989990234375,999.989990234375,58540
2010-08-13,589.8013305664062,1000.0,1000.010009765625,999.989990234375,1000.0,65073
2010-08-16,589.8074340820312,1000.010009765625,1000.010009765625,999.989990234375,1000.0,130030
2010-08-17,589.795654296875,999.989990234375,1000.010009765625,999.989990234375,999.989990234375,70399
2010-08-18,589.8074340820312,1000.010009765625,1000.010009765625,999.989990234375,999.989990234375,34657
2010-08-19,589.8013305664062,1000.0,1000.010009765625,999.989990234375,1000.0,89669
2010-08-20,589.8074340820312,1000.010009765625,1000.010009765625,999.989990234375,999.989990234375,74513
2010-08-23,589.795654296875,999.989990234375,1000.010009765625,999.989990234375,1000.010009765625,122696
2010-08-24,589.795654296875,999.989990234375,1000.010009765625,999.989990234375,999.989990234375,42465
2010-08-25,589.795654296875,999.989990234375,1000.010009765625,999.989990234375,999.989990234375,72508
2010-08-26,589.8013305664062,1000.0,1000.010009765625,999.989990234375,1000.010009765625,145108
2010-08-27,589.8013305664062,1000.0,1000.010009765625,999.989990234375,1000.0,134011
2010-08-30,589.8074340820312,1000.010009765625,1000.010009765625,999.989990234375,1000.0,53451
2010-08-31,589.795654296875,999.989990234375,1000.010009765625,999.989990234375,999.989990234375,37427
2010-09-01,589.8074340820312,1000.010009765625,1000.010009765625,999.989990234375,999.989990234375,40597
2010-09-02,589.8074340820312,1000.010009765625,1000.010009765625,999.989990234375,1000.010009765625,54675
2010-09-03,589.8074340820312,1000.010009765625,1000.010009765625,999.989990234375,999.989990234375,204857
2010-09-06,589.795654296875,999.989990234375,1000.010009765625,999.989990234375,1000.0,106572
2010-09-07,589.8074340820312,1000.010009765625,1000.010009765625,999.989990234375,999.989990234375,63898
2010-09-08,589.795654296875,999.989990234375,1000.010009765625,999.989990234375,999.989990234375,85686
2010-09-09,589.8074340820312,1000.010009765625,1000.010009765625,999.989990234375,999.989990234375,164744
2010-09-13,589.795654296875,999.989990234375,1000.010009765625,999.989990234375,999.989990234375,88708
2010-09-14,589.8074340820312,1000.010009765625,1000.010009765625,999.989990234375,999.989990234375,155142
2010-09-15,589.795654296875,999.989990234375,1000.010009765625,999.989990234375,1000.0,68175
2010-09-16,589.8074340820312,1000.010009765625,1000.010009765625,999.989990234375,1000.0,78003
2010-09-17,589.8074340820312,1000.010009765625,1000.010009765625,999.989990234375,1000.010009765625,82755
2010-09-20,589.8074340820312,1000.010009765625,1000.010009765625,999.989990234375,1000.0,232620
2010-09-21,589.8074340820312,1000.010009765625,1000.010009765625,999.989990234375,999.989990234375,168815
2010-09-22,589.8074340820312,1000.010009765625,1000.010009765625,999.989990234375,1000.0,193054
2010-09-23,589.8013305664062,1000.0,1000.010009765625,999.989990234375,1000.0,112242
2010-09-24,589.795654296875,999.989990234375,1000.010009765625,999.989990234375,1000.0,233106
2010-09-27,589.8074340820312,1000.010009765625,1000.010009765625,999.989990234375,1000.0,175217
2010-09-28,589.8074340820312,1000.010009765625,1000.010009765625,999.989990234375,999.989990234375,276426
2010-09-29,589.8074340820312,1000.010009765625,1000.010009765625,999.989990234375,1000.0,192235
2010-09-30,589.8074340820312,1000.010009765625,1000.010009765625,999.989990234375,999.989990234375,357439
2010-10-01,589.795654296875,999.989990234375,1000.010009765625,999.989990234375,999.989990234375,296209
2010-10-04,589.8074340820312,1000.010009765625,1000.010009765625,999.989990234375,999.989990234375,185598
2010-10-05,589.795654296875,999.989990234375,1000.010009765625,999.989990234375,999.989990234375,125598
2010-10-06,589.795654296875,999.989990234375,1000.010009765625,999.989990234375,999.989990234375,114553
2010-10-07,589.8013305664062,1000.0,1000.010009765625,999.989990234375,999.989990234375,138232
2010-10-08,589.8074340820312,1000.010009765625,1000.010009765625,999.989990234375,1000.0,178929
2010-10-11,589.8074340820312,1000.010009765625,1000.010009765625,999.989990234375,999.989990234375,92600
2010-10-12,589.795654296875,999.989990234375,1000.0,999.989990234375,999.989990234375,92266
2010-10-13,589.8074340820312,1000.010009765625,1000.010009765625,999.989990234375,999.989990234375,72050
2010-10-14,589.795654296875,999.989990234375,1000.010009765625,999.989990234375,999.989990234375,60572
2010-10-15,589.795654296875,999.989990234375,1000.010009765625,999.989990234375,1000.0,181435
2010-10-18,589.795654296875,999.989990234375,1000.010009765625,999.989990234375,999.989990234375,122143
2010-10-19,589.8013305664062,1000.0,1000.010009765625,999.989990234375,999.989990234375,102650
2010-10-20,589.795654296875,999.989990234375,1000.010009765625,999.989990234375,999.989990234375,113969
2010-10-21,589.8013305664062,1000.0,1000.010009765625,999.989990234375,999.989990234375,278886
2010-10-22,589.8013305664062,1000.0,1000.010009765625,999.989990234375,1000.0,249377
2010-10-25,589.8013305664062,1000.0,1000.010009765625,999.989990234375,1000.0,146274
2010-10-26,589.795654296875,999.989990234375,1000.010009765625,999.989990234375,1000.010009765625,53477
2010-10-27,589.8013305664062,1000.0,1000.010009765625,999.989990234375,999.989990234375,381907
2010-10-28,589.8013305664062,1000.0,1000.010009765625,999.989990234375,999.989990234375,79569
2010-10-29,589.795654296875,999.989990234375,1000.010009765625,999.989990234375,1000.0,95728
2010-11-01,589.8013305664062,1000.0,1000.010009765625,999.989990234375,1000.0,106386
2010-11-02,589.8013305664062,1000.0,1000.010009765625,999.989990234375,1000.0,49103
2010-11-03,589.795654296875,999.989990234375,1000.010009765625,999.989990234375,999.989990234375,103726
2010-11-04,589.8013305664062,1000.0,1000.010009765625,999.989990234375,999.989990234375,34564
2010-11-08,589.795654296875,999.989990234375,1000.010009765625,999.989990234375,1000.0,99341
2010-11-09,589.795654296875,999.989990234375,1000.010009765625,999.989990234375,999.989990234375,248619
2010-11-10,589.795654296875,999.989990234375,1000.010009765625,999.989990234375,1000.0,104686
2010-11-11,589.795654296875,999.989990234375,1000.010009765625,999.989990234375,999.989990234375,58627
2010-11-12,589.8013305664062,1000.0,1000.010009765625,999.989990234375,1000.010009765625,107505
2010-11-15,589.8013305664062,1000.0,1000.010009765625,999.989990234375,1000.0,186887
2010-11-16,589.8013305664062,1000.0,1000.010009765625,999.989990234375,999.989990234375,157154
2010-11-18,589.8013305664062,1000.0,1000.010009765625,999.989990234375,1000.0,117917
2010-11-19,589.8013305664062,1000.0,1000.010009765625,999.989990234375,999.989990234375,164598
2010-11-22,589.8013305664062,1000.0,1000.010009765625,999.989990234375,999.989990234375,187666
2010-11-23,589.795654296875,999.989990234375,1000.010009765625,999.989990234375,999.989990234375,103186
2010-11-24,589.795654296875,999.989990234375,1000.010009765625,999.989990234375,1000.0,57741
2010-11-25,589.795654296875,999.989990234375,1000.010009765625,999.989990234375,999.989990234375,253909
2010-11-26,589.795654296875,999.989990234375,1000.010009765625,999.989990234375,1000.0,103328
2010-11-29,589.8013305664062,1000.0,1000.010009765625,999.9500122070312,999.9500122070312,128007
2010-11-30,589.8013305664062,1000.0,1000.010009765625,999.989990234375,999.989990234375,48643
2010-12-01,589.8013305664062,1000.0,1000.010009765625,999.989990234375,999.989990234375,185351
2010-12-02,589.8013305664062,1000.0,1000.010009765625,999.989990234375,1000.0,72971
2010-12-03,589.795654296875,999.989990234375,1000.010009765625,999.989990234375,1000.0,88801
2010-12-06,589.8013305664062,1000.0,1000.010009765625,999.989990234375,999.989990234375,93652
2010-12-07,589.8013305664062,1000.0,1000.010009765625,999.989990234375,999.989990234375,100544
2010-12-08,589.8013305664062,1000.0,1000.010009765625,999.989990234375,1000.0,58093
2010-12-09,589.795654296875,999.989990234375,1000.010009765625,999.989990234375,1000.0,120402
2010-12-10,589.8013305664062,1000.0,1000.010009765625,999.989990234375,999.989990234375,77625
2010-12-13,589.8013305664062,1000.0,1000.010009765625,991.0,999.0,89906
2010-12-14,589.8013305664062,1000.0,1000.010009765625,999.989990234375,999.989990234375,183743
2010-12-15,589.8013305664062,1000.0,1000.010009765625,999.989990234375,999.989990234375,77123
2010-12-16,589.795654296875,999.989990234375,1000.010009765625,999.989990234375,999.989990234375,58614
2010-12-20,589.8013305664062,1000.0,1000.010009765625,999.989990234375,1000.0,178048
2010-12-21,589.795654296875,999.989990234375,1000.010009765625,999.989990234375,1000.010009765625,48808
2010-12-22,589.795654296875,999.989990234375,1000.010009765625,999.989990234375,1000.010009765625,57626
2010-12-23,589.8013305664062,1000.0,1000.010009765625,999.989990234375,1000.010009765625,56623
2010-12-24,589.8013305664062,1000.0,1000.010009765625,999.989990234375,1000.0,109518
2010-12-27,589.8013305664062,1000.0,1000.010009765625,999.989990234375,1000.0,100584
2010-12-28,589.8013305664062,1000.0,1000.010009765625,999.989990234375,1000.0,103803
2010-12-29,589.795654296875,999.989990234375,1000.010009765625,999.989990234375,1000.0,97699
2010-12-30,589.8013305664062,1000.0,1000.010009765625,999.989990234375,1000.0,141524
2010-12-31,589.8013305664062,1000.0,1000.010009765625,999.989990234375,999.989990234375,223951
2011-01-03,589.795654296875,999.989990234375,1000.010009765625,999.989990234375,999.989990234375,183100
2011-01-04,589.795654296875,999.989990234375,1000.010009765625,999.989990234375,999.989990234375,181012
2011-01-05,589.795654296875,999.989990234375,1000.0,999.989990234375,999.989990234375,80377
2011-01-06,589.795654296875,999.989990234375,1000.010009765625,999.989990234375,999.989990234375,88305
2011-01-07,589.795654296875,999.989990234375,1000.010009765625,999.0,999.0,107753
2011-01-10,589.795654296875,999.989990234375,1000.010009765625,999.989990234375,1000.0,132322
2011-01-11,589.8013305664062,1000.0,1000.010009765625,999.989990234375,999.989990234375,375217
2011-01-12,589.795654296875,999.989990234375,1000.010009765625,999.989990234375,999.989990234375,94932
2011-01-13,589.8013305664062,1000.0,1000.010009765625,999.989990234375,999.989990234375,113157
2011-01-14,589.795654296875,999.989990234375,1000.010009765625,999.989990234375,999.989990234375,74305
2011-01-17,589.8013305664062,1000.0,1000.010009765625,999.989990234375,1000.0,101619
2011-01-18,589.8013305664062,1000.0,1000.010009765625,999.989990234375,999.989990234375,101122
2011-01-19,589.8013305664062,1000.0,1000.010009765625,999.989990234375,999.989990234375,357277
2011-01-20,589.8013305664062,1000.0,1000.010009765625,999.989990234375,1000.0,74612
2011-01-21,589.8013305664062,1000.0,1000.010009765625,999.989990234375,1000.0,37075
2011-01-24,589.8013305664062,1000.0,1000.010009765625,999.989990234375,999.989990234375,75632
2011-01-25,589.795654296875,999.989990234375,1000.010009765625,999.989990234375,999.989990234375,81306
2011-01-27,589.8013305664062,1000.0,1000.010009765625,999.989990234375,1000.0,94150
2011-01-28,589.795654296875,999.989990234375,1000.010009765625,999.989990234375,1000.0,319744
2011-01-31,589.8013305664062,1000.0,1000.010009765625,999.989990234375,999.989990234375,273942
2011-02-01,589.8013305664062,1000.0,1000.010009765625,999.989990234375,1000.010009765625,172544
2011-02-02,589.795654296875,999.989990234375,1000.010009765625,999.989990234375,1000.0,98775
2011-02-03,589.795654296875,999.989990234375,1000.010009765625,999.989990234375,1000.0,84758
2011-02-04,589.8013305664062,1000.0,1000.010009765625,999.989990234375,1000.0,104989
2011-02-07,589.8013305664062,1000.0,1000.010009765625,999.989990234375,1000.010009765625,320282
2011-02-08,589.795654296875,999.989990234375,1000.010009765625,999.989990234375,1000.010009765625,105073
2011-02-09,589.795654296875,999.989990234375,1000.010009765625,999.989990234375,1000.0,104408
2011-02-10,589.8013305664062,1000.0,1000.010009765625,999.989990234375,1000.0,115508
2011-02-11,589.8013305664062,1000.0,1000.010009765625,999.989990234375,1000.0,67412
2011-02-14,589.795654296875,999.989990234375,1000.010009765625,999.989990234375,1000.0,137187
2011-02-15,589.8013305664062,1000.0,1000.010009765625,999.989990234375,1000.010009765625,120051
2011-02-16,589.795654296875,999.989990234375,1000.010009765625,999.989990234375,1000.010009765625,62146
2011-02-17,589.8013305664062,1000.0,1000.010009765625,999.989990234375,1000.0,51553
2011-02-18,589.795654296875,999.989990234375,1000.010009765625,999.989990234375,1000.010009765625,145766
2011-02-21,589.795654296875,999.989990234375,1000.010009765625,999.989990234375,1000.0,99531
2011-02-22,589.795654296875,999.989990234375,1000.010009765625,999.989990234375,1000.010009765625,62535
2011-02-23,589.795654296875,999.989990234375,1000.010009765625,999.989990234375,999.989990234375,274899
2011-02-24,589.795654296875,999.989990234375,1000.010009765625,999.989990234375,1000.0,191010
2011-02-25,589.8013305664062,1000.0,1000.010009765625,999.989990234375,1000.0,93937
2011-02-28,589.8013305664062,1000.0,1000.010009765625,999.989990234375,1000.010009765625,168468
2011-03-01,589.8013305664062,1000.0,1000.010009765625,999.989990234375,1000.010009765625,152129
2011-03-03,589.8013305664062,1000.0,1000.010009765625,999.989990234375,1000.0,177078
2011-03-04,589.795654296875,999.989990234375,1000.010009765625,999.989990234375,1000.010009765625,227121
2011-03-07,589.795654296875,999.989990234375,1000.010009765625,999.989990234375,999.989990234375,114555
2011-03-08,589.795654296875,999.989990234375,1000.010009765625,999.989990234375,1000.0,123082
2011-03-09,589.795654296875,999.989990234375,1000.010009765625,999.989990234375,1000.010009765625,178585
2011-03-10,589.8013305664062,1000.0,1000.010009765625,999.989990234375,1000.010009765625,107085
2011-03-11,589.795654296875,999.989990234375,1000.010009765625,999.989990234375,1000.010009765625,100675
2011-03-14,589.8013305664062,1000.0,1000.010009765625,999.989990234375,1000.0,132510
2011-03-15,589.795654296875,999.989990234375,1000.010009765625,999.989990234375,1000.0,201536
2011-03-16,589.795654296875,999.989990234375,1000.010009765625,999.989990234375,1000.0,109377
2011-03-17,589.8013305664062,1000.0,1000.010009765625,999.989990234375,999.989990234375,660385
2011-03-18,589.8013305664062,1000.0,1000.010009765625,999.989990234375,1000.0,103746
2011-03-21,589.795654296875,999.989990234375,1000.010009765625,999.989990234375,999.989990234375,63611
2011-03-22,589.795654296875,999.989990234375,1000.010009765625,999.989990234375,1000.0,90079
2011-03-23,589.795654296875,999.989990234375,1000.010009765625,999.989990234375,999.989990234375,175084
2011-03-24,589.795654296875,999.989990234375,1000.010009765625,999.989990234375,1000.010009765625,210418
2011-03-25,589.795654296875,999.989990234375,1000.010009765625,999.989990234375,1000.0,256313
2011-03-28,589.8013305664062,1000.0,1000.010009765625,999.989990234375,999.989990234375,253136
2011-03-29,589.8013305664062,1000.0,1000.010009765625,999.989990234375,1000.010009765625,160705
2011-03-30,589.8013305664062,1000.0,1000.010009765625,999.989990234375,1000.010009765625,206407
2011-03-31,589.8013305664062,1000.0,1000.010009765625,999.989990234375,1000.010009765625,183456
2011-04-01,589.8013305664062,1000.0,1000.010009765625,999.989990234375,999.989990234375,221427
2011-04-04,589.795654296875,999.989990234375,1000.010009765625,999.989990234375,999.989990234375,186397
2011-04-05,589.795654296875,999.989990234375,1000.010009765625,999.989990234375,999.989990234375,99375
2011-04-06,589.795654296875,999.989990234375,1000.010009765625,999.989990234375,1000.0,104139
2011-04-07,589.8013305664062,1000.0,1000.010009765625,999.989990234375,1000.0,126860
2011-04-08,589.8013305664062,1000.0,1000.010009765625,1000.0,1000.0,179541
2011-04-11,589.8013305664062,1000.0,1000.010009765625,999.989990234375,999.989990234375,135207
2011-04-13,589.795654296875,999.989990234375,1000.010009765625,999.989990234375,999.989990234375,175862
2011-04-15,589.8013305664062,1000.0,1000.010009765625,999.989990234375,1000.0,139503
2011-04-18,589.8013305664062,1000.0,1000.010009765625,999.989990234375,1000.0,241026
2011-04-19,589.795654296875,999.989990234375,1000.010009765625,999.989990234375,1000.0,206668
2011-04-20,589.795654296875,999.989990234375,1000.010009765625,999.989990234375,999.989990234375,114305
2011-04-21,589.795654296875,999.989990234375,1000.010009765625,999.989990234375,999.989990234375,103238
2011-04-25,589.8013305664062,1000.0,1000.010009765625,999.989990234375,999.989990234375,147668
2011-04-26,589.795654296875,999.989990234375,1000.010009765625,999.989990234375,1000.010009765625,165659
2011-04-27,589.795654296875,999.989990234375,1000.010009765625,999.989990234375,1000.0,77669
2011-04-28,589.795654296875,999.989990234375,1000.010009765625,999.989990234375,1000.0,121326
2011-04-29,589.8013305664062,1000.0,1000.010009765625,999.989990234375,1000.010009765625,87117
2011-05-02,589.795654296875,999.989990234375,1000.010009765625,999.989990234375,1000.010009765625,144250
2011-05-03,589.8013305664062,1000.0,1000.010009765625,999.989990234375,999.989990234375,93159
2011-05-04,589.8013305664062,1000.0,1000.010009765625,999.989990234375,999.989990234375,143564
2011-05-05,589.8013305664062,1000.0,1000.010009765625,999.989990234375,999.989990234375,102775
2011-05-06,589.795654296875,999.989990234375,1000.010009765625,999.989990234375,1000.0,93536
2011-05-09,589.8013305664062,1000.0,1000.010009765625,999.989990234375,1000.0,108823
2011-05-10,589.8013305664062,1000.0,1000.010009765625,999.989990234375,999.989990234375,76616
2011-05-11,589.795654296875,999.989990234375,1000.010009765625,999.989990234375,1000.010009765625,95168
2011-05-12,589.795654296875,999.989990234375,1000.010009765625,999.989990234375,1000.0,58707
2011-05-13,589.8013305664062,1000.0,1000.010009765625,999.989990234375,1000.010009765625,66993
2011-05-16,589.8013305664062,1000.0,1000.010009765625,999.989990234375,999.989990234375,72124
2011-05-17,589.8013305664062,1000.0,1000.010009765625,999.989990234375,1000.010009765625,53078
2011-05-18,589.8013305664062,1000.0,1000.010009765625,999.989990234375,1000.010009765625,132336
2011-05-19,589.8013305664062,1000.0,1000.010009765625,999.989990234375,999.989990234375,101295
2011-05-20,589.8013305664062,1000.0,1000.010009765625,999.989990234375,1000.010009765625,63963
2011-05-23,589.8013305664062,1000.0,1000.010009765625,999.989990234375,1000.010009765625,113626
2011-05-24,589.8013305664062,1000.0,1000.010009765625,999.989990234375,1000.010009765625,126069
2011-05-25,589.795654296875,999.989990234375,1000.010009765625,999.989990234375,1000.010009765625,58548
2011-05-26,589.795654296875,999.989990234375,1000.010009765625,999.989990234375,1000.010009765625,78057
2011-05-27,589.795654296875,999.989990234375,1000.010009765625,999.989990234375,1000.010009765625,122595
2011-05-30,589.795654296875,999.989990234375,1000.010009765625,999.989990234375,1000.0,119875
2011-05-31,589.795654296875,999.989990234375,1000.010009765625,999.989990234375,1000.010009765625,114779
2011-06-01,589.795654296875,999.989990234375,1000.010009765625,999.989990234375,1000.0,141435
2011-06-02,589.795654296875,999.989990234375,1000.010009765625,999.989990234375,1000.0,85973
2011-06-03,589.795654296875,999.989990234375,1000.010009765625,999.989990234375,1000.010009765625,62357
2011-06-06,589.795654296875,999.989990234375,1000.010009765625,999.989990234375,1000.010009765625,65479
2011-06-07,589.795654296875,999.989990234375,1000.010009765625,999.989990234375,1000.0,86588
2011-06-08,589.8013305664062,1000.0,1000.010009765625,999.989990234375,1000.0,52961
2011-06-09,589.795654296875,999.989990234375,1000.010009765625,999.989990234375,1000.0,47789
2011-06-10,589.8013305664062,1000.0,1000.010009765625,999.989990234375,1000.0,82751
2011-06-13,589.8013305664062,1000.0,1000.010009765625,999.989990234375,1000.010009765625,55839
2011-06-14,589.795654296875,999.989990234375,1000.010009765625,999.989990234375,1000.0,105166
2011-06-15,589.795654296875,999.989990234375,1000.010009765625,999.989990234375,1000.0,64014
2011-06-16,589.795654296875,999.989990234375,1000.010009765625,999.989990234375,999.989990234375,106370
2011-06-17,589.8013305664062,1000.0,1000.010009765625,999.989990234375,1000.0,58709
2011-06-20,589.8013305664062,1000.0,1000.010009765625,999.989990234375,999.989990234375,177635
2011-06-21,589.8013305664062,1000.0,1000.010009765625,999.989990234375,999.989990234375,161018
2011-06-22,589.8013305664062,1000.0,1000.010009765625,999.989990234375,1000.0,108171
2011-06-23,589.8013305664062,1000.0,1000.010009765625,999.989990234375,999.989990234375,90093
2011-06-24,589.8013305664062,1000.0,1000.010009765625,999.989990234375,1000.0,281176
2011-06-27,589.8013305664062,1000.0,1000.010009765625,999.989990234375,1000.0,162707
2011-06-28,589.8013305664062,1000.0,1000.010009765625,999.989990234375,999.989990234375,126773
2011-06-29,589.795654296875,999.989990234375,1000.010009765625,999.989990234375,1000.0,293053
2011-06-30,589.8013305664062,1000.0,1000.010009765625,999.989990234375,1000.0,182063
2011-07-01,589.795654296875,999.989990234375,1000.010009765625,999.989990234375,999.989990234375,200906
2011-07-04,589.795654296875,999.989990234375,1000.010009765625,999.989990234375,1000.010009765625,92276
2011-07-05,589.795654296875,999.989990234375,1000.010009765625,999.989990234375,999.989990234375,100604
2011-07-06,589.795654296875,999.989990234375,1000.010009765625,999.989990234375,1000.0,103765
2011-07-07,589.795654296875,999.989990234375,1000.010009765625,999.989990234375,1000.010009765625,85573
2011-07-08,589.8013305664062,1000.0,1000.010009765625,999.989990234375,1000.010009765625,72393
2011-07-11,589.8013305664062,1000.0,1000.010009765625,999.989990234375,1000.010009765625,60471
2011-07-12,589.8013305664062,1000.0,1000.010009765625,999.989990234375,1000.0,71425
2011-07-13,589.8013305664062,1000.0,1000.010009765625,999.989990234375,1000.0,146037
2011-07-14,589.8013305664062,1000.0,1000.010009765625,999.989990234375,999.989990234375,58251
2011-07-15,589.795654296875,999.989990234375,1000.010009765625,999.989990234375,1000.0,132952
2011-07-18,589.8013305664062,1000.0,1000.010009765625,999.989990234375,999.989990234375,133819
2011-07-19,589.795654296875,999.989990234375,1000.010009765625,999.989990234375,1000.0,55571
2011-07-20,589.795654296875,999.989990234375,1000.010009765625,999.989990234375,1000.0,57230
2011-07-21,589.795654296875,999.989990234375,1000.010009765625,999.989990234375,1000.010009765625,67753
2011-07-22,589.8013305664062,1000.0,1000.010009765625,999.989990234375,1000.010009765625,149322
2011-07-25,589.795654296875,999.989990234375,1000.010009765625,999.989990234375,1000.0,50903
2011-07-26,589.795654296875,999.989990234375,1000.010009765625,999.989990234375,1000.0,137679
2011-07-27,589.795654296875,999.989990234375,1000.010009765625,999.989990234375,999.989990234375,110440
2011-07-28,589.8013305664062,1000.0,1000.010009765625,999.989990234375,1000.0,180955
2011-07-29,589.8013305664062,1000.0,1000.010009765625,999.989990234375,999.989990234375,269621
2011-08-01,589.8013305664062,1000.0,1000.010009765625,999.989990234375,999.989990234375,143625
2011-08-02,589.795654296875,999.989990234375,1000.010009765625,999.989990234375,1000.0,75706
2011-08-03,589.8013305664062,1000.0,1000.010009765625,999.989990234375,1000.0,110390
2011-08-04,589.8013305664062,1000.0,1000.010009765625,999.989990234375,1000.0,203319
2011-08-05,589.795654296875,999.989990234375,1000.010009765625,999.989990234375,1000.0,218212
2011-08-08,589.795654296875,999.989990234375,1000.010009765625,999.989990234375,1000.0,455708
2011-08-09,589.8013305664062,1000.0,1000.010009765625,999.989990234375,999.989990234375,615464
2011-08-10,589.8013305664062,1000.0,1000.010009765625,999.989990234375,1000.010009765625,309329
2011-08-11,589.8013305664062,1000.0,1000.010009765625,999.989990234375,1000.0,55803
2011-08-12,589.795654296875,999.989990234375,1000.010009765625,999.989990234375,999.989990234375,566507
2011-08-16,589.795654296875,999.989990234375,1000.010009765625,999.989990234375,999.989990234375,325935
2011-08-17,589.8013305664062,1000.0,1000.010009765625,999.989990234375,1000.0,76551
2011-08-18,589.8013305664062,1000.0,1000.010009765625,999.989990234375,1000.010009765625,72685
2011-08-19,589.795654296875,999.989990234375,1000.010009765625,999.989990234375,1000.0,104339
2011-08-22,589.795654296875,999.989990234375,1000.010009765625,999.9000244140625,1000.0,116620
2011-08-23,589.795654296875,999.989990234375,1000.010009765625,999.989990234375,1000.0,115066
2011-08-24,589.795654296875,999.989990234375,1000.010009765625,999.989990234375,1000.0,111031
2011-08-25,589.795654296875,999.989990234375,1000.010009765625,999.989990234375,1000.0,114036
2011-08-26,589.795654296875,999.989990234375,1000.010009765625,999.989990234375,1000.0,106621
2011-08-29,589.795654296875,999.989990234375,1000.010009765625,999.989990234375,1000.0,150844
2011-08-30,589.8013305664062,1000.0,1000.010009765625,999.989990234375,1000.0,298438
2011-09-02,589.795654296875,999.989990234375,1000.010009765625,999.989990234375,1000.010009765625,159886
2011-09-05,589.795654296875,999.989990234375,1000.010009765625,999.989990234375,1000.0,145377
2011-09-06,589.795654296875,999.989990234375,1004.0,999.989990234375,1000.0,113023
2011-09-07,589.8013305664062,1000.0,1000.010009765625,999.989990234375,1000.0,117797
2011-09-08,589.8013305664062,1000.0,1000.010009765625,999.989990234375,1000.010009765625,170307
2011-09-09,589.8013305664062,1000.0,1000.010009765625,999.989990234375,1000.0,206238
2011-09-12,589.8013305664062,1000.0,1000.010009765625,999.989990234375,1000.010009765625,103979
2011-09-13,589.795654296875,999.989990234375,1000.010009765625,999.989990234375,1000.0,113351
2011-09-14,589.795654296875,999.989990234375,1000.010009765625,999.989990234375,999.989990234375,95304
2011-09-15,589.795654296875,999.989990234375,1000.010009765625,999.989990234375,1000.010009765625,105611
2011-09-16,589.8013305664062,1000.0,1000.010009765625,999.989990234375,1000.010009765625,97911
2011-09-19,589.8013305664062,1000.0,1000.010009765625,999.989990234375,1000.010009765625,51277
2011-09-20,589.795654296875,999.989990234375,1000.010009765625,999.989990234375,1000.0,123232
2011-09-21,589.795654296875,999.989990234375,1000.010009765625,999.989990234375,999.989990234375,125951
2011-09-22,589.8013305664062,1000.0,1000.010009765625,999.989990234375,999.989990234375,151247
2011-09-23,589.8013305664062,1000.0,1000.010009765625,999.989990234375,1000.0,406895
2011-09-26,589.795654296875,999.989990234375,1000.010009765625,999.989990234375,999.989990234375,256593
2011-09-27,589.8013305664062,1000.0,1000.010009765625,999.989990234375,999.989990234375,260420
2011-09-28,589.8013305664062,1000.0,1000.010009765625,999.989990234375,1000.0,172176
2011-09-29,589.795654296875,999.989990234375,1000.010009765625,999.989990234375,999.989990234375,198134
2011-09-30,589.8013305664062,1000.0,1000.010009765625,999.989990234375,1000.0,271169
2011-10-03,589.8013305664062,1000.0,1000.010009765625,999.989990234375,999.989990234375,189802
2011-10-04,589.795654296875,999.989990234375,1000.010009765625,999.989990234375,1000.0,95097
2011-10-05,589.795654296875,999.989990234375,1000.010009765625,999.989990234375,999.989990234375,63769
2011-10-07,589.795654296875,999.989990234375,1000.010009765625,999.989990234375,1000.0,85224
2011-10-10,589.795654296875,999.989990234375,1000.010009765625,999.989990234375,1000.0,89450
2011-10-11,589.795654296875,999.989990234375,1000.010009765625,999.989990234375,1000.010009765625,85695
2011-10-12,589.795654296875,999.989990234375,1000.010009765625,999.989990234375,1000.0,100559
2011-10-13,589.795654296875,999.989990234375,1000.010009765625,999.989990234375,1000.010009765625,78035
2011-10-14,589.795654296875,999.989990234375,1000.010009765625,999.989990234375,1000.0,121912
2011-10-17,589.8013305664062,1000.0,1000.010009765625,999.989990234375,999.989990234375,92369
2011-10-18,589.795654296875,999.989990234375,1000.010009765625,999.989990234375,1000.0,116619
2011-10-19,589.795654296875,999.989990234375,1000.010009765625,999.989990234375,1000.0,97978
2011-10-20,589.795654296875,999.989990234375,1000.010009765625,999.989990234375,999.989990234375,71878
2011-10-21,589.8013305664062,1000.0,1000.010009765625,999.989990234375,1000.010009765625,111191
2011-10-24,589.795654296875,999.989990234375,1000.010009765625,999.989990234375,999.989990234375,64236
2011-10-25,589.795654296875,999.989990234375,1000.010009765625,999.989990234375,999.989990234375,193477
2011-10-28,589.795654296875,999.989990234375,1000.010009765625,999.989990234375,999.989990234375,120524
2011-10-31,589.795654296875,999.989990234375,1000.010009765625,999.989990234375,1000.010009765625,147077
2011-11-01,589.795654296875,999.989990234375,1000.010009765625,999.989990234375,1000.0,69543
2011-11-02,589.8013305664062,1000.0,1000.010009765625,999.989990234375,999.989990234375,64995
2011-11-03,589.8013305664062,1000.0,1000.010009765625,999.989990234375,1000.010009765625,102372
2011-11-04,589.8013305664062,1000.0,1000.010009765625,999.989990234375,1000.0,141931
2011-11-08,589.8013305664062,1000.0,1000.010009765625,999.989990234375,1000.0,83424
2011-11-09,589.795654296875,999.989990234375,1000.010009765625,999.989990234375,1000.0,75097
2011-11-11,589.8013305664062,1000.0,1000.010009765625,999.989990234375,1000.0,72438
2011-11-14,589.8013305664062,1000.0,1000.010009765625,999.989990234375,999.989990234375,105145
2011-11-15,589.8013305664062,1000.0,1000.010009765625,999.989990234375,1000.0,104024
2011-11-16,589.8013305664062,1000.0,1000.010009765625,999.989990234375,1000.0,148026
2011-11-17,589.795654296875,999.989990234375,1000.010009765625,999.989990234375,1000.0,169758
2011-11-18,589.8013305664062,1000.0,1000.010009765625,999.989990234375,999.989990234375,214642
2011-11-21,589.795654296875,999.989990234375,1000.010009765625,999.989990234375,1000.0,105654
2011-11-22,589.795654296875,999.989990234375,1000.010009765625,999.989990234375,1000.0,141311
2011-11-23,589.8013305664062,1000.0,1000.010009765625,999.989990234375,1000.0,102255
2011-11-24,589.795654296875,999.989990234375,1000.010009765625,999.989990234375,999.989990234375,103536
2011-11-25,589.8013305664062,1000.0,1000.010009765625,999.989990234375,1000.0,140255
2011-11-28,589.8013305664062,1000.0,1000.010009765625,999.989990234375,999.989990234375,102958
2011-11-29,589.8013305664062,1000.0,1000.010009765625,999.989990234375,1000.0,155248
2011-11-30,589.8013305664062,1000.0,1000.010009765625,999.989990234375,1000.0,106634
2011-12-01,589.8013305664062,1000.0,1000.010009765625,999.989990234375,999.989990234375,139560
2011-12-02,589.795654296875,999.989990234375,1000.010009765625,999.989990234375,999.989990234375,156235
2011-12-05,589.795654296875,999.989990234375,1000.010009765625,999.989990234375,1000.0,192824
2011-12-07,589.795654296875,999.989990234375,1000.010009765625,999.989990234375,1000.0,163458
2011-12-08,589.795654296875,999.989990234375,1000.010009765625,999.989990234375,999.989990234375,115000
2011-12-09,589.795654296875,999.989990234375,1000.010009765625,999.989990234375,1000.0,166441
2011-12-12,589.8013305664062,1000.0,1000.010009765625,999.989990234375,1000.0,165587
2011-12-13,589.795654296875,999.989990234375,1000.010009765625,999.989990234375,1000.0,147740
2011-12-14,589.8013305664062,1000.0,1000.010009765625,999.989990234375,1000.0,159496
2011-12-15,589.8013305664062,1000.0,1000.010009765625,999.989990234375,999.989990234375,139676
2011-12-16,589.795654296875,999.989990234375,1000.010009765625,999.989990234375,1000.0,206309
2011-12-19,589.795654296875,999.989990234375,1000.010009765625,999.989990234375,999.989990234375,249995
2011-12-20,589.795654296875,999.989990234375,1000.010009765625,999.989990234375,999.989990234375,210243
2011-12-21,589.8013305664062,1000.0,1000.010009765625,999.989990234375,1000.0,214392
2011-12-22,589.8013305664062,1000.0,1000.010009765625,999.989990234375,999.989990234375,154167
2011-12-23,589.8013305664062,1000.0,1000.010009765625,999.989990234375,1000.0,269483
2011-12-26,589.8013305664062,1000.0,1000.010009765625,999.989990234375,1000.0,121023
2011-12-27,589.8013305664062,1000.0,1000.010009765625,999.989990234375,1000.0,142718
2011-12-28,589.795654296875,999.989990234375,1000.010009765625,999.989990234375,1000.0,387274
2011-12-29,589.8013305664062,1000.0,1000.010009765625,999.989990234375,1000.0,307609
2011-12-30,589.8013305664062,1000.0,1000.010009765625,999.989990234375,1000.0,372114
2012-01-02,589.795654296875,999.989990234375,1000.010009765625,999.989990234375,999.989990234375,0
2012-01-03,589.8013305664062,1000.0,1000.010009765625,999.989990234375,999.989990234375,0
2012-01-04,589.795654296875,999.989990234375,1000.010009765625,999.989990234375,1000.0,0
2012-01-05,589.795654296875,999.989990234375,1000.010009765625,999.989990234375,1000.0,0
2012-01-06,589.8013305664062,1000.0,1000.010009765625,999.989990234375,1000.0,0
2012-01-09,589.795654296875,999.989990234375,1000.010009765625,999.989990234375,1000.0,0
2012-01-10,589.795654296875,999.989990234375,1000.010009765625,999.989990234375,1000.0,0
2012-01-11,589.8013305664062,1000.0,1000.010009765625,999.989990234375,1000.0,0
2012-01-12,589.795654296875,999.989990234375,1000.010009765625,999.989990234375,1000.010009765625,0
2012-01-13,589.8013305664062,1000.0,1000.010009765625,999.989990234375,1000.0,0
2012-01-16,589.795654296875,999.989990234375,1000.010009765625,999.989990234375,1000.0,0
2012-01-17,589.795654296875,999.989990234375,1000.010009765625,999.989990234375,999.989990234375,0
2012-01-18,589.8013305664062,1000.0,1000.010009765625,999.989990234375,999.989990234375,0
2012-01-19,589.795654296875,999.989990234375,1000.010009765625,999.989990234375,999.989990234375,0
2012-01-20,589.8013305664062,1000.0,1000.010009765625,999.989990234375,1000.0,0
2012-01-23,589.795654296875,999.989990234375,1000.010009765625,999.989990234375,1000.0,0
2012-01-24,589.8013305664062,1000.0,1000.010009765625,999.989990234375,1000.0,0
2012-01-25,589.795654296875,999.989990234375,1000.010009765625,999.989990234375,1000.0,0
2012-01-27,589.8013305664062,1000.0,1000.010009765625,999.989990234375,1000.0,0
2012-01-30,589.795654296875,999.989990234375,1000.010009765625,999.989990234375,1000.0,0
2012-01-31,589.795654296875,999.989990234375,1000.010009765625,999.989990234375,1000.0,0
2012-02-01,589.795654296875,999.989990234375,1000.010009765625,999.989990234375,1000.0,0
2012-02-02,589.8013305664062,1000.0,1000.010009765625,999.989990234375,1000.0,0
2012-02-03,589.8013305664062,1000.0,1000.010009765625,999.989990234375,1000.0,0
2012-02-06,589.8013305664062,1000.0,1000.010009765625,999.989990234375,1000.0,0
2012-02-07,589.795654296875,999.989990234375,1000.010009765625,999.9500122070312,999.9500122070312,0
2012-02-08,589.8013305664062,1000.0,1000.010009765625,999.989990234375,1000.0,0
2012-02-09,589.8013305664062,1000.0,1000.010009765625,999.989990234375,999.989990234375,0
2012-02-10,589.795654296875,999.989990234375,1000.010009765625,999.989990234375,1000.0,0
2012-02-13,589.8013305664062,1000.0,1000.010009765625,999.989990234375,1000.0,0
2012-02-14,589.795654296875,999.989990234375,1000.010009765625,999.989990234375,999.989990234375,0
2012-02-15,589.795654296875,999.989990234375,1000.010009765625,999.989990234375,999.989990234375,0
2012-02-16,589.795654296875,999.989990234375,1000.010009765625,999.989990234375,999.989990234375,0
2012-02-17,589.795654296875,999.989990234375,1000.010009765625,999.989990234375,1000.0,0
2012-02-21,589.795654296875,999.989990234375,1000.010009765625,999.989990234375,1000.0,0
2012-02-22,589.8013305664062,1000.0,1000.0,1000.0,1000.0,0
2012-02-23,589.8013305664062,1000.0,1000.0,1000.0,1000.0,0
2012-02-24,589.8013305664062,1000.0,1000.0,1000.0,1000.0,0
2012-02-27,589.8013305664062,1000.0,1000.0,1000.0,1000.0,0
2012-02-28,589.8013305664062,1000.0,1000.0,1000.0,1000.0,0
2012-02-29,589.8013305664062,1000.0,1000.0,1000.0,1000.0,0
2012-03-01,589.8013305664062,1000.0,1000.0,1000.0,1000.0,0
2012-03-02,589.8013305664062,1000.0,1000.0,1000.0,1000.0,0
2012-03-05,589.8013305664062,1000.0,1000.0,1000.0,1000.0,0
2012-03-06,589.8013305664062,1000.0,1000.0,1000.0,1000.0,0
2012-03-07,589.8013305664062,1000.0,1000.0,1000.0,1000.0,0
2012-03-09,589.8013305664062,1000.0,1000.0,1000.0,1000.0,0
2012-03-12,589.8013305664062,1000.0,1000.0,1000.0,1000.0,0
2012-03-13,589.8013305664062,1000.0,1000.0,1000.0,1000.0,0
2012-03-14,589.8013305664062,1000.0,1000.0,1000.0,1000.0,0
2012-03-15,589.8013305664062,1000.0,1000.0,1000.0,1000.0,0
2012-03-16,589.8013305664062,1000.0,1000.0,1000.0,1000.0,0
2012-03-19,589.8013305664062,1000.0,1000.0,1000.0,1000.0,0
2012-03-20,589.8013305664062,1000.0,1000.0,1000.0,1000.0,0
2012-03-21,589.8013305664062,1000.0,1000.0,1000.0,1000.0,0
2012-03-22,589.8013305664062,1000.0,1000.0,1000.0,1000.0,0
2012-03-23,589.8013305664062,1000.0,1000.0,1000.0,1000.0,0
2012-03-26,589.8013305664062,1000.0,1000.0,1000.0,1000.0,0
2012-03-27,589.8013305664062,1000.0,1000.0,1000.0,1000.0,0
2012-03-28,589.8013305664062,1000.0,1000.0,1000.0,1000.0,0
2012-03-29,589.8013305664062,1000.0,1000.0,1000.0,1000.0,0
2012-03-30,589.8013305664062,1000.0,1000.0,1000.0,1000.0,0
2012-04-02,589.8013305664062,1000.0,1000.0,1000.0,1000.0,0
2012-04-03,589.8013305664062,1000.0,1000.0,1000.0,1000.0,0
2012-04-04,589.8013305664062,1000.0,1000.0,1000.0,1000.0,0
2012-04-09,589.8013305664062,1000.0,1000.0,1000.0,1000.0,0
2012-04-10,589.8013305664062,1000.0,1000.0,1000.0,1000.0,0
2012-04-11,589.8013305664062,1000.0,1000.0,1000.0,1000.0,0
2012-04-12,589.8013305664062,1000.0,1000.0,1000.0,1000.0,0
2012-04-13,589.8013305664062,1000.0,1000.0,1000.0,1000.0,0
2012-04-16,589.8013305664062,1000.0,1000.0,1000.0,1000.0,0
2012-04-17,589.8013305664062,1000.0,1000.0,1000.0,1000.0,0
2012-04-18,589.8013305664062,1000.0,1000.0,1000.0,1000.0,0
2012-04-19,589.8013305664062,1000.0,1000.0,1000.0,1000.0,0
2012-04-20,589.8013305664062,1000.0,1000.0,1000.0,1000.0,0
2012-04-23,589.8013305664062,1000.0,1000.0,1000.0,1000.0,0
2012-04-24,589.8013305664062,1000.0,1000.0,1000.0,1000.0,0
2012-04-25,589.8013305664062,1000.0,1000.0,1000.0,1000.0,0
2012-04-26,589.8013305664062,1000.0,1000.0,1000.0,1000.0,0
2012-04-27,589.8013305664062,1000.0,1000.0,1000.0,1000.0,0
2012-04-30,589.8013305664062,1000.0,1000.0,1000.0,1000.0,0
2012-05-02,589.8013305664062,1000.0,1000.0,1000.0,1000.0,0
2012-05-03,589.8013305664062,1000.0,1000.0,1000.0,1000.0,0
2012-05-04,589.8013305664062,1000.0,1000.0,1000.0,1000.0,0
2012-05-07,589.8013305664062,1000.0,1000.0,1000.0,1000.0,0
2012-05-08,589.8013305664062,1000.0,1000.0,1000.0,1000.0,0
2012-05-09,589.8013305664062,1000.0,1000.0,1000.0,1000.0,0
2012-05-10,589.8013305664062,1000.0,1000.0,1000.0,1000.0,0
2012-05-11,589.8013305664062,1000.0,1000.0,1000.0,1000.0,0
2012-05-14,589.8013305664062,1000.0,1000.0,1000.0,1000.0,0
2012-05-15,589.8013305664062,1000.0,1000.0,1000.0,1000.0,0
2012-05-16,589.8013305664062,1000.0,1000.0,1000.0,1000.0,0
2012-05-17,589.8013305664062,1000.0,1000.0,1000.0,1000.0,0
2012-05-18,589.8013305664062,1000.0,1000.0,1000.0,1000.0,0
2012-05-21,589.8013305664062,1000.0,1000.0,1000.0,1000.0,0
2012-05-22,589.8013305664062,1000.0,1000.0,1000.0,1000.0,0
2012-05-23,589.8013305664062,1000.0,1000.0,1000.0,1000.0,0
2012-05-24,589.8013305664062,1000.0,1000.0,1000.0,1000.0,0
2012-05-25,589.8013305664062,1000.0,1000.0,1000.0,1000.0,0
2012-05-28,589.8013305664062,1000.0,1000.0,1000.0,1000.0,0
2012-05-29,589.8013305664062,1000.0,1000.0,1000.0,1000.0,0
2012-05-30,589.8013305664062,1000.0,1000.0,1000.0,1000.0,0
2012-05-31,589.8013305664062,1000.0,1000.0,1000.0,1000.0,0
2012-06-01,589.8013305664062,1000.0,1000.0,1000.0,1000.0,0
2012-06-04,589.8013305664062,1000.0,1000.0,1000.0,1000.0,0
2012-06-05,589.8013305664062,1000.0,1000.0,1000.0,1000.0,0
2012-06-06,589.8013305664062,1000.0,1000.0,1000.0,1000.0,0
2012-06-07,589.8013305664062,1000.0,1000.0,1000.0,1000.0,0
2012-06-08,589.8013305664062,1000.0,1000.0,1000.0,1000.0,0
2012-06-11,589.8013305664062,1000.0,1000.0,1000.0,1000.0,0
2012-06-12,589.8013305664062,1000.0,1000.0,1000.0,1000.0,0
2012-06-13,589.8013305664062,1000.0,1000.0,1000.0,1000.0,0
2012-06-14,589.8013305664062,1000.0,1000.0,1000.0,1000.0,0
2012-06-15,589.8013305664062,1000.0,1000.0,1000.0,1000.0,0
2012-06-18,589.8013305664062,1000.0,1000.0,1000.0,1000.0,0
2012-06-19,589.8013305664062,1000.0,1000.0,1000.0,1000.0,0
2012-06-20,589.8013305664062,1000.0,1000.0,1000.0,1000.0,0
2012-06-21,589.8013305664062,1000.0,1000.0,1000.0,1000.0,0
2012-06-22,589.8013305664062,1000.0,1000.0,1000.0,1000.0,0
2012-06-25,589.8013305664062,1000.0,1000.0,1000.0,1000.0,0
2012-06-26,589.8013305664062,1000.0,1000.0,1000.0,1000.0,0
2012-06-27,589.8013305664062,1000.0,1000.0,1000.0,1000.0,0
2012-06-28,589.8013305664062,1000.0,1000.0,1000.0,1000.0,0
2012-06-29,589.8013305664062,1000.0,1000.0,1000.0,1000.0,0
2012-07-02,589.8013305664062,1000.0,1000.0,1000.0,1000.0,0
2012-07-03,589.8013305664062,1000.0,1000.0,1000.0,1000.0,0
2012-07-04,589.8013305664062,1000.0,1000.0,1000.0,1000.0,0
2012-07-05,589.8013305664062,1000.0,1000.0,1000.0,1000.0,0
2012-07-06,589.8013305664062,1000.0,1000.0,1000.0,1000.0,0
2012-07-09,589.8013305664062,1000.0,1000.0,1000.0,1000.0,0
2012-07-10,589.8013305664062,1000.0,1000.0,1000.0,1000.0,0
2012-07-11,589.8013305664062,1000.0,1000.0,1000.0,1000.0,0
2012-07-12,589.8013305664062,1000.0,1000.0,1000.0,1000.0,0
2012-07-13,589.8013305664062,1000.0,1000.0,1000.0,1000.0,0
2012-07-16,589.8013305664062,1000.0,1000.0,1000.0,1000.0,0
2012-07-17,589.8013305664062,1000.0,1000.0,1000.0,1000.0,0
2012-07-18,589.8013305664062,1000.0,1000.0,1000.0,1000.0,0
2012-07-19,589.8013305664062,1000.0,1000.0,1000.0,1000.0,0
2012-07-20,589.8013305664062,1000.0,1000.0,1000.0,1000.0,0
2012-07-23,589.8013305664062,1000.0,1000.0,1000.0,1000.0,0
2012-07-24,589.8013305664062,1000.0,1000.0,1000.0,1000.0,0
2012-07-25,589.8013305664062,1000.0,1000.0,1000.0,1000.0,0
2012-07-26,589.8013305664062,1000.0,1000.0,1000.0,1000.0,0
2012-07-27,589.8013305664062,1000.0,1000.0,1000.0,1000.0,0
2012-07-30,589.8013305664062,1000.0,1000.0,1000.0,1000.0,0
2012-07-31,589.8013305664062,1000.0,1000.0,1000.0,1000.0,0
2012-08-01,589.8013305664062,1000.0,1000.0,1000.0,1000.0,0
2012-08-02,589.8013305664062,1000.0,1000.0,1000.0,1000.0,0
2012-08-03,589.8013305664062,1000.0,1000.0,1000.0,1000.0,0
2012-08-06,589.8013305664062,1000.0,1000.0,1000.0,1000.0,0
2012-08-07,589.8013305664062,1000.0,1000.0,1000.0,1000.0,0
2012-08-08,589.8013305664062,1000.0,1000.0,1000.0,1000.0,0
2012-08-09,589.8013305664062,1000.0,1000.0,1000.0,1000.0,0
2012-08-10,589.8013305664062,1000.0,1000.0,1000.0,1000.0,0
2012-08-13,589.8013305664062,1000.0,1000.0,1000.0,1000.0,0
2012-08-14,589.8013305664062,1000.0,1000.0,1000.0,1000.0,0
2012-08-16,589.8013305664062,1000.0,1000.0,1000.0,1000.0,0
2012-08-17,589.8013305664062,1000.0,1000.0,1000.0,1000.0,0
2012-08-21,589.8013305664062,1000.0,1000.0,1000.0,1000.0,0
2012-08-22,589.8013305664062,1000.0,1000.0,1000.0,1000.0,0
2012-08-23,589.8013305664062,1000.0,1000.0,1000.0,1000.0,0
2012-08-24,589.8013305664062,1000.0,1000.0,1000.0,1000.0,0
2012-08-27,589.8013305664062,1000.0,1000.0,1000.0,1000.0,0
2012-08-28,589.8013305664062,1000.0,1000.0,1000.0,1000.0,0
2012-08-29,589.8013305664062,1000.0,1000.0,1000.0,1000.0,0
2012-08-30,589.8013305664062,1000.0,1000.0,1000.0,1000.0,0
2012-08-31,589.8013305664062,1000.0,1000.0,1000.0,1000.0,0
2012-09-03,589.8013305664062,1000.0,1000.0,1000.0,1000.0,0
2012-09-04,589.8013305664062,1000.0,1000.0,1000.0,1000.0,0
2012-09-05,589.8013305664062,1000.0,1000.0,1000.0,1000.0,0
2012-09-06,589.8013305664062,1000.0,1000.0,1000.0,1000.0,0
2012-09-07,589.8013305664062,1000.0,1000.0,1000.0,1000.0,0
2012-09-10,589.8013305664062,1000.0,1000.0,1000.0,1000.0,0
2012-09-11,589.8013305664062,1000.0,1000.0,1000.0,1000.0,0
2012-09-12,589.8013305664062,1000.0,1000.0,1000.0,1000.0,0
2012-09-13,589.8013305664062,1000.0,1000.0,1000.0,1000.0,0
2012-09-14,589.8013305664062,1000.0,1000.0,1000.0,1000.0,0
2012-09-17,589.8013305664062,1000.0,1000.0,1000.0,1000.0,0
2012-09-18,589.8013305664062,1000.0,1000.0,1000.0,1000.0,0
2012-09-20,589.8013305664062,1000.0,1000.0,1000.0,1000.0,0
2012-09-21,589.8013305664062,1000.0,1000.0,1000.0,1000.0,0
2012-09-24,589.8013305664062,1000.0,1000.0,1000.0,1000.0,0
2012-09-25,589.8013305664062,1000.0,1000.0,1000.0,1000.0,0
2012-09-26,589.8013305664062,1000.0,1000.0,1000.0,1000.0,0
2012-09-27,589.8013305664062,1000.0,1000.0,1000.0,1000.0,0
2012-09-28,589.8013305664062,1000.0,1000.0,1000.0,1000.0,0
2012-10-01,589.8013305664062,1000.0,1000.0,1000.0,1000.0,0
2012-10-03,589.8013305664062,1000.0,1000.0,1000.0,1000.0,0
2012-10-04,589.8013305664062,1000.0,1000.0,1000.0,1000.0,0
2012-10-05,589.8013305664062,1000.0,1000.0,1000.0,1000.0,0
2012-10-08,589.8013305664062,1000.0,1000.0,1000.0,1000.0,0
2012-10-09,589.8013305664062,1000.0,1000.0,1000.0,1000.0,0
2012-10-10,589.8013305664062,1000.0,1000.0,1000.0,1000.0,0
2012-10-11,589.8013305664062,1000.0,1000.0,1000.0,1000.0,0
2012-10-12,589.8013305664062,1000.0,1000.0,1000.0,1000.0,0
2012-10-15,589.8013305664062,1000.0,1000.0,1000.0,1000.0,0
2012-10-16,589.8013305664062,1000.0,1000.0,1000.0,1000.0,0
2012-10-17,589.8013305664062,1000.0,1000.0,1000.0,1000.0,0
2012-10-18,589.8013305664062,1000.0,1000.0,1000.0,1000.0,0
2012-10-19,589.8013305664062,1000.0,1000.0,1000.0,1000.0,0
2012-10-22,589.8013305664062,1000.0,1000.0,1000.0,1000.0,0
2012-10-23,589.8013305664062,1000.0,1000.0,1000.0,1000.0,0
2012-10-25,589.8013305664062,1000.0,1000.0,1000.0,1000.0,0
2012-10-29,589.8013305664062,1000.0,1000.0,1000.0,1000.0,0
2012-10-30,589.8013305664062,1000.0,1000.0,1000.0,1000.0,0
2012-10-31,589.8013305664062,1000.0,1000.0,1000.0,1000.0,0
2012-11-01,589.8013305664062,1000.0,1000.0,1000.0,1000.0,0
2012-11-02,589.8013305664062,1000.0,1000.0,1000.0,1000.0,0
2012-11-05,589.8013305664062,1000.0,1000.0,1000.0,1000.0,0
2012-11-06,589.8013305664062,1000.0,1000.0,1000.0,1000.0,0
2012-11-07,589.8013305664062,1000.0,1000.0,1000.0,1000.0,0
2012-11-08,589.8013305664062,1000.0,1000.0,1000.0,1000.0,0
2012-11-09,589.8013305664062,1000.0,1000.0,1000.0,1000.0,0
2012-11-12,589.8013305664062,1000.0,1000.0,1000.0,1000.0,0
2012-11-15,589.8013305664062,1000.0,1000.0,1000.0,1000.0,0
2012-11-16,589.8013305664062,1000.0,1000.0,1000.0,1000.0,0
2012-11-19,589.8013305664062,1000.0,1000.0,1000.0,1000.0,0
2012-11-20,589.8013305664062,1000.0,1000.0,1000.0,1000.0,0
2012-11-21,589.8013305664062,1000.0,1000.0,1000.0,1000.0,0
2012-11-22,589.8013305664062,1000.0,1000.0,1000.0,1000.0,0
2012-11-23,589.8013305664062,1000.0,1000.0,1000.0,1000.0,0
2012-11-26,589.8013305664062,1000.0,1000.0,1000.0,1000.0,0
2012-11-27,589.8013305664062,1000.0,1000.0,1000.0,1000.0,0
2012-11-29,589.8013305664062,1000.0,1000.0,1000.0,1000.0,0
2012-11-30,589.8013305664062,1000.0,1000.0,1000.0,1000.0,0
2012-12-03,589.8013305664062,1000.0,1000.0,1000.0,1000.0,0
2012-12-04,589.8013305664062,1000.0,1000.0,1000.0,1000.0,0
2012-12-05,589.8013305664062,1000.0,1000.0,1000.0,1000.0,0
2012-12-06,589.8013305664062,1000.0,1000.0,1000.0,1000.0,0
2012-12-07,589.8013305664062,1000.0,1000.0,1000.0,1000.0,0
2012-12-10,589.8013305664062,1000.0,1000.0,1000.0,1000.0,0
2012-12-11,589.8013305664062,1000.0,1000.0,1000.0,1000.0,0
2012-12-12,589.8013305664062,1000.0,1000.0,1000.0,1000.0,0
2012-12-13,589.8013305664062,1000.0,1000.0,1000.0,1000.0,0
2012-12-14,589.8013305664062,1000.0,1000.0,1000.0,1000.0,0
2012-12-17,589.8013305664062,1000.0,1000.0,1000.0,1000.0,0
2012-12-18,589.8013305664062,1000.0,1000.0,1000.0,1000.0,0
2012-12-19,589.8013305664062,1000.0,1000.0,1000.0,1000.0,0
2012-12-20,589.8013305664062,1000.0,1000.0,1000.0,1000.0,0
2012-12-21,589.8013305664062,1000.0,1000.0,1000.0,1000.0,0
2012-12-24,589.8013305664062,1000.0,1000.0,1000.0,1000.0,0
2012-12-26,589.8013305664062,1000.0,1000.0,1000.0,1000.0,0
2012-12-27,589.8013305664062,1000.0,1000.0,1000.0,1000.0,0
2012-12-28,589.8013305664062,1000.0,1000.0,1000.0,1000.0,0
2012-12-31,589.8013305664062,1000.0,1000.0,1000.0,1000.0,0
2013-01-01,589.8013305664062,1000.0,1000.0,1000.0,1000.0,0
2013-01-02,589.8013305664062,1000.0,1000.0,1000.0,1000.0,0
2013-01-03,589.8013305664062,1000.0,1000.0,1000.0,1000.0,0
2013-01-04,589.8013305664062,1000.0,1000.0,1000.0,1000.0,0
2013-01-07,589.8013305664062,1000.0,1000.0,1000.0,1000.0,0
2013-01-08,589.8013305664062,1000.0,1000.0,1000.0,1000.0,0
2013-01-09,589.8013305664062,1000.0,1000.0,1000.0,1000.0,0
2013-01-10,589.8013305664062,1000.0,1000.0,1000.0,1000.0,0
2013-01-11,589.8013305664062,1000.0,1000.0,1000.0,1000.0,0
2013-01-14,589.8013305664062,1000.0,1000.0,1000.0,1000.0,0
2013-01-15,589.8013305664062,1000.0,1000.0,1000.0,1000.0,0
2013-01-16,589.8013305664062,1000.0,1000.0,1000.0,1000.0,0
2013-01-17,589.8013305664062,1000.0,1000.0,1000.0,1000.0,0
2013-01-18,589.8013305664062,1000.0,1000.0,1000.0,1000.0,0
2013-01-21,589.8013305664062,1000.0,1000.0,1000.0,1000.0,0
2013-01-22,589.8013305664062,1000.0,1000.0,1000.0,1000.0,0
2013-01-23,589.8013305664062,1000.0,1000.0,1000.0,1000.0,0
2013-01-24,589.8013305664062,1000.0,1000.0,1000.0,1000.0,0
2013-01-25,589.8013305664062,1000.0,1000.0,1000.0,1000.0,0
2013-01-28,589.8013305664062,1000.0,1000.0,1000.0,1000.0,0
2013-01-29,589.8013305664062,1000.0,1000.0,1000.0,1000.0,0
2013-01-30,589.8013305664062,1000.0,1000.0,1000.0,1000.0,0
2013-01-31,592.6508178710938,1000.0,1000.0,1000.0,1000.0,0
2013-02-01,592.6508178710938,1000.0,1000.0,1000.0,1000.0,0
2013-02-04,592.6508178710938,1000.0,1000.0,1000.0,1000.0,0
2013-02-05,592.6508178710938,1000.0,1000.0,1000.0,1000.0,0
2013-02-06,592.6508178710938,1000.0,1000.0,1000.0,1000.0,0
2013-02-07,592.6508178710938,1000.0,1000.0,1000.0,1000.0,0
2013-02-08,592.6508178710938,1000.0,1000.0,1000.0,1000.0,0
2013-02-11,592.6508178710938,1000.0,1000.0,1000.0,1000.0,0
2013-02-12,592.6508178710938,1000.0,1000.0,1000.0,1000.0,0
2013-02-13,592.6508178710938,1000.0,1000.0,1000.0,1000.0,0
2013-02-14,592.6508178710938,1000.0,1000.0,1000.0,1000.0,0
2013-02-15,592.6508178710938,1000.0,1000.0,1000.0,1000.0,0
2013-02-18,592.6508178710938,1000.0,1000.0,1000.0,1000.0,0
2013-02-19,592.6508178710938,1000.0,1000.0,1000.0,1000.0,0
2013-02-20,592.6508178710938,1000.0,1000.0,1000.0,1000.0,0
2013-02-21,592.6508178710938,1000.0,1000.0,1000.0,1000.0,0
2013-02-22,592.6508178710938,1000.0,1000.0,1000.0,1000.0,0
2013-02-25,592.6508178710938,1000.0,1000.0,1000.0,1000.0,0
2013-02-26,592.6508178710938,1000.0,1000.0,1000.0,1000.0,0
2013-02-27,592.6508178710938,1000.0,1000.0,1000.0,1000.0,0
2013-02-28,595.1478271484375,1000.0,1000.0,1000.0,1000.0,0
2013-03-01,595.1478271484375,1000.0,1000.0,1000.0,1000.0,0
2013-03-04,595.1478271484375,1000.0,1000.0,1000.0,1000.0,0
2013-03-05,595.1478271484375,1000.0,1000.0,1000.0,1000.0,0
2013-03-06,595.1478271484375,1000.0,1000.0,1000.0,1000.0,0
2013-03-07,595.1478271484375,1000.0,1000.0,1000.0,1000.0,0
2013-03-08,595.1478271484375,1000.0,1000.0,1000.0,1000.0,0
2013-03-11,595.1478271484375,1000.0,1000.0,1000.0,1000.0,0
2013-03-12,595.1478271484375,1000.0,1000.0,1000.0,1000.0,0
2013-03-13,595.1478271484375,1000.0,1000.0,1000.0,1000.0,0
2013-03-14,595.1478271484375,1000.0,1000.0,1000.0,1000.0,0
2013-03-15,595.1478271484375,1000.0,1000.0,1000.0,1000.0,0
2013-03-18,595.1478271484375,1000.0,1000.0,1000.0,1000.0,0
2013-03-19,595.1478271484375,1000.0,1000.0,1000.0,1000.0,0
2013-03-20,595.1478271484375,1000.0,1000.0,1000.0,1000.0,0
2013-03-21,595.1478271484375,1000.0,1000.0,1000.0,1000.0,0
2013-03-22,595.1478271484375,1000.0,1000.0,1000.0,1000.0,0
2013-03-25,595.1478271484375,1000.0,1000.0,1000.0,1000.0,0
2013-03-26,595.1478271484375,1000.0,1000.0,1000.0,1000.0,0
2013-03-28,598.0281982421875,1000.0,1000.0,1000.0,1000.0,0
2013-04-01,598.0281982421875,1000.0,1000.0,1000.0,1000.0,0
2013-04-02,598.0281982421875,1000.0,1000.0,1000.0,1000.0,0
2013-04-03,598.0281982421875,1000.0,1000.0,1000.0,1000.0,0
2013-04-04,598.0281982421875,1000.0,1000.0,1000.0,1000.0,0
2013-04-05,598.0281982421875,1000.0,1000.0,1000.0,1000.0,0
2013-04-08,598.0281982421875,1000.0,1000.0,1000.0,1000.0,0
2013-04-09,598.0281982421875,1000.0,1000.0,1000.0,1000.0,0
2013-04-10,598.0281982421875,1000.0,1000.0,1000.0,1000.0,0
2013-04-11,598.0281982421875,1000.0,1000.0,1000.0,1000.0,0
2013-04-12,598.0281982421875,1000.0,1000.0,1000.0,1000.0,0
2013-04-15,598.0281982421875,1000.0,1000.0,1000.0,1000.0,0
2013-04-16,598.0281982421875,1000.0,1000.0,1000.0,1000.0,0
2013-04-17,598.0281982421875,1000.0,1000.0,1000.0,1000.0,0
2013-04-18,598.0281982421875,1000.0,1000.0,1000.0,1000.0,0
2013-04-22,598.0281982421875,1000.0,1000.0,1000.0,1000.0,0
2013-04-23,598.0281982421875,1000.0,1000.0,1000.0,1000.0,0
2013-04-25,598.0281982421875,1000.0,1000.0,1000.0,1000.0,0
2013-04-26,598.0281982421875,1000.0,1000.0,1000.0,1000.0,0
2013-04-29,600.5223388671875,1000.0,1000.0,1000.0,1000.0,0
2013-04-30,600.5223388671875,1000.0,1000.0,1000.0,1000.0,0
2013-05-02,600.5223388671875,1000.0,1000.0,1000.0,1000.0,0
2013-05-03,600.5223388671875,1000.0,1000.0,1000.0,1000.0,0
2013-05-06,600.5223388671875,1000.0,1000.0,1000.0,1000.0,0
2013-05-07,600.5223388671875,1000.0,1000.0,1000.0,1000.0,0
2013-05-08,600.5223388671875,1000.0,1000.0,1000.0,1000.0,0
2013-05-09,600.5223388671875,1000.0,1000.0,1000.0,1000.0,0
2013-05-10,600.5223388671875,1000.0,1000.0,1000.0,1000.0,0
2013-05-13,600.5223388671875,1000.0,1000.0,1000.0,1000.0,0
2013-05-14,600.5223388671875,1000.0,1000.0,1000.0,1000.0,0
2013-05-15,600.5223388671875,1000.0,1000.0,1000.0,1000.0,0
2013-05-16,600.5223388671875,1000.0,1000.0,1000.0,1000.0,0
2013-05-17,600.5223388671875,1000.0,1000.0,1000.0,1000.0,0
2013-05-20,600.5223388671875,1000.0,1000.0,1000.0,1000.0,0
2013-05-21,600.5223388671875,1000.0,1000.0,1000.0,1000.0,0
2013-05-22,600.5223388671875,1000.0,1000.0,1000.0,1000.0,0
2013-05-23,600.5223388671875,1000.0,1000.0,1000.0,1000.0,0
2013-05-24,600.5223388671875,1000.0,1000.0,1000.0,1000.0,0
2013-05-27,600.5223388671875,1000.0,1000.0,1000.0,1000.0,0
2013-05-28,600.5223388671875,1000.0,1000.0,1000.0,1000.0,0
2013-05-29,600.5223388671875,1000.0,1000.0,1000.0,1000.0,0
2013-05-30,600.5223388671875,1000.0,1000.0,1000.0,1000.0,0
2013-05-31,603.197265625,1000.0,1000.0,1000.0,1000.0,0
2013-06-03,603.197265625,1000.0,1000.0,1000.0,1000.0,0
2013-06-04,603.197265625,1000.0,1000.0,1000.0,1000.0,0
2013-06-05,603.197265625,1000.0,1000.0,1000.0,1000.0,0
2013-06-06,603.197265625,1000.0,1000.0,1000.0,1000.0,0
2013-06-07,603.197265625,1000.0,1000.0,1000.0,1000.0,0
2013-06-10,603.197265625,1000.0,1000.0,1000.0,1000.0,0
2013-06-11,603.197265625,1000.0,1000.0,1000.0,1000.0,0
2013-06-12,603.197265625,1000.0,1000.0,1000.0,1000.0,0
2013-06-13,603.197265625,1000.0,1000.0,1000.0,1000.0,0
2013-06-14,603.197265625,1000.0,1000.0,1000.0,1000.0,0
2013-06-17,603.197265625,1000.0,1000.0,1000.0,1000.0,0
2013-06-18,603.197265625,1000.0,1000.0,1000.0,1000.0,0
2013-06-19,603.197265625,1000.0,1000.0,1000.0,1000.0,0
2013-06-20,603.197265625,1000.0,1000.0,1000.0,1000.0,0
2013-06-21,603.197265625,1000.0,1000.0,1000.0,1000.0,0
2013-06-24,603.197265625,1000.0,1000.010009765625,999.989990234375,999.989990234375,0
2013-06-25,603.1919555664062,999.989990234375,1000.010009765625,999.989990234375,999.989990234375,0
2013-06-26,603.197265625,1000.0,1000.010009765625,999.989990234375,999.989990234375,0
2013-06-27,603.197265625,1000.0,1000.010009765625,999.989990234375,999.989990234375,0
2013-06-28,605.64453125,1000.0,1000.010009765625,999.989990234375,1000.0,0
2013-07-01,605.6390380859375,999.989990234375,1000.010009765625,999.989990234375,1000.0,0
2013-07-02,605.64453125,1000.0,1000.010009765625,999.989990234375,1000.0,0
2013-07-03,605.64453125,1000.0,1000.010009765625,999.989990234375,1000.0,0
2013-07-04,605.6390380859375,999.989990234375,1000.010009765625,999.989990234375,1000.010009765625,0
2013-07-05,605.64453125,1000.0,1000.010009765625,999.989990234375,1000.010009765625,0
2013-07-08,605.6390380859375,999.989990234375,1000.010009765625,999.989990234375,1000.0,0
2013-07-09,605.6390380859375,999.989990234375,1000.010009765625,999.989990234375,999.989990234375,0
2013-07-10,605.6390380859375,999.989990234375,1000.010009765625,999.989990234375,1000.0,0
2013-07-11,605.64453125,1000.0,1000.010009765625,999.989990234375,1000.0,0
2013-07-12,605.64453125,1000.0,1000.010009765625,999.989990234375,1000.0,0
2013-07-15,605.6390380859375,999.989990234375,1000.010009765625,999.989990234375,1000.0,0
2013-07-16,605.6390380859375,999.989990234375,1000.010009765625,999.989990234375,1000.0,0
2013-07-17,605.64453125,1000.0,1000.010009765625,999.989990234375,999.989990234375,0
2013-07-18,605.6390380859375,999.989990234375,1000.010009765625,999.989990234375,1000.0,0
2013-07-19,605.64453125,1000.0,1000.010009765625,999.989990234375,1000.0,0
2013-07-22,605.6390380859375,999.989990234375,1000.010009765625,999.989990234375,999.989990234375,0
2013-07-23,605.6390380859375,999.989990234375,1000.010009765625,999.989990234375,1000.0,0
2013-07-24,605.64453125,1000.0,1000.010009765625,999.989990234375,1000.010009765625,0
2013-07-25,605.64453125,1000.0,1000.010009765625,999.989990234375,1000.0,0
2013-07-26,605.6390380859375,999.989990234375,1000.010009765625,999.989990234375,1000.0,0
2013-07-29,605.6390380859375,999.989990234375,1000.010009765625,999.989990234375,999.989990234375,0
2013-07-30,605.64453125,1000.0,1000.010009765625,999.989990234375,1000.0,0
2013-07-31,608.3509521484375,1000.0,1000.010009765625,999.989990234375,999.989990234375,0
2013-08-01,608.3509521484375,1000.0,1000.010009765625,999.989990234375,1000.0,0
2013-08-02,608.3509521484375,1000.0,1000.010009765625,999.989990234375,999.989990234375,0
2013-08-05,608.3446655273438,999.989990234375,1000.010009765625,999.989990234375,999.989990234375,0
2013-08-06,608.3509521484375,1000.0,1000.010009765625,999.989990234375,999.989990234375,0
2013-08-07,608.3446655273438,999.989990234375,1000.010009765625,999.989990234375,999.989990234375,0
2013-08-08,608.3446655273438,999.989990234375,1000.010009765625,999.989990234375,999.989990234375,0
2013-08-12,608.3509521484375,1000.0,1000.010009765625,999.989990234375,999.989990234375,0
2013-08-13,608.3509521484375,1000.0,1000.010009765625,999.989990234375,999.989990234375,0
2013-08-14,608.3509521484375,1000.0,1000.010009765625,999.989990234375,999.989990234375,0
2013-08-16,608.3509521484375,1000.0,1000.010009765625,999.989990234375,999.989990234375,0
2013-08-19,608.3446655273438,999.989990234375,1000.010009765625,999.989990234375,999.989990234375,0
2013-08-20,608.3509521484375,1000.0,1000.010009765625,999.989990234375,1000.0,0
2013-08-21,608.3509521484375,1000.0,1000.010009765625,999.989990234375,999.989990234375,0
2013-08-22,608.3446655273438,999.989990234375,1000.010009765625,999.989990234375,1000.0,0
2013-08-23,608.3509521484375,1000.0,1000.010009765625,999.989990234375,999.989990234375,0
2013-08-26,608.3509521484375,1000.0,1000.010009765625,999.989990234375,999.989990234375,0
2013-08-27,608.3446655273438,999.989990234375,1000.010009765625,999.989990234375,999.989990234375,0
2013-08-28,608.3509521484375,1000.0,1000.010009765625,999.989990234375,1000.0,0
2013-08-29,608.3446655273438,999.989990234375,1000.010009765625,999.989990234375,1000.0,0
2013-08-30,611.8927612304688,999.989990234375,1000.010009765625,999.989990234375,999.989990234375,0
2013-09-02,611.8927612304688,999.989990234375,1000.010009765625,999.989990234375,1000.0,0
2013-09-03,611.8927612304688,999.989990234375,1000.010009765625,999.989990234375,1000.0,0
2013-09-04,611.8927612304688,999.989990234375,1000.010009765625,999.989990234375,1000.0,0
2013-09-05,611.8989868164062,1000.0,1000.010009765625,999.989990234375,999.989990234375,0
2013-09-06,611.8989868164062,1000.0,1000.010009765625,999.989990234375,1000.0,0
2013-09-10,611.8989868164062,1000.0,1000.010009765625,999.989990234375,1000.0,0
2013-09-11,611.8927612304688,999.989990234375,1000.010009765625,999.989990234375,1000.0,0
2013-09-12,611.8989868164062,1000.0,1000.010009765625,999.989990234375,1000.0,0
2013-09-13,611.8927612304688,999.989990234375,1000.010009765625,999.989990234375,1000.0,0
2013-09-16,611.8927612304688,999.989990234375,1000.010009765625,999.989990234375,1000.0,0
2013-09-17,611.8989868164062,1000.0,1000.010009765625,999.989990234375,1000.0,0
2013-09-18,611.8989868164062,1000.0,1000.010009765625,999.989990234375,999.989990234375,0
2013-09-19,611.8989868164062,1000.0,1000.010009765625,999.989990234375,999.989990234375,0
2013-09-20,611.8989868164062,1000.0,1000.010009765625,999.989990234375,1000.0,0
2013-09-23,611.8989868164062,1000.0,1000.010009765625,999.989990234375,999.989990234375,0
2013-09-24,611.8927612304688,999.989990234375,1000.010009765625,999.989990234375,1000.0,0
2013-09-25,611.8927612304688,999.989990234375,1000.010009765625,999.989990234375,1000.0,0
2013-09-26,611.8989868164062,1000.0,1000.010009765625,999.989990234375,999.989990234375,0
2013-09-27,611.8989868164062,1000.0,1000.010009765625,999.989990234375,1000.0,0
2013-09-30,612.7401123046875,1000.0,1000.010009765625,999.989990234375,1000.0,0
2013-10-01,612.7338256835938,999.989990234375,1000.0,999.989990234375,999.989990234375,0
2013-10-03,612.7338256835938,999.989990234375,1000.010009765625,999.989990234375,1000.0,0
2013-10-04,612.7338256835938,999.989990234375,1000.010009765625,999.989990234375,1000.0,0
2013-10-07,612.7401123046875,1000.0,1000.010009765625,999.989990234375,1000.0,0
2013-10-08,612.7401123046875,1000.0,1000.010009765625,999.989990234375,1000.0,0
2013-10-09,612.7401123046875,1000.0,1000.010009765625,999.989990234375,1000.0,0
2013-10-10,612.7401123046875,1000.0,1000.010009765625,999.989990234375,1000.0,0
2013-10-11,612.7401123046875,1000.0,1000.010009765625,999.989990234375,1000.010009765625,0
2013-10-14,612.7401123046875,1000.0,1000.010009765625,999.989990234375,1000.0,0
2013-10-15,612.7401123046875,1000.0,1000.010009765625,999.989990234375,1000.0,0
2013-10-17,612.7401123046875,1000.0,1000.010009765625,999.989990234375,1000.0,0
2013-10-18,612.7338256835938,999.989990234375,1000.010009765625,999.989990234375,1000.0,0
2013-10-21,612.7338256835938,999.989990234375,1000.010009765625,999.989990234375,1000.0,0
2013-10-22,612.7401123046875,1000.0,1000.010009765625,999.989990234375,1000.0,0
2013-10-23,612.7401123046875,1000.0,1000.010009765625,999.989990234375,1000.0,0
2013-10-24,612.7401123046875,1000.0,1000.010009765625,999.989990234375,1000.0,0
2013-10-25,612.7401123046875,1000.0,1000.010009765625,999.989990234375,1000.0,0
2013-10-28,612.7401123046875,1000.0,1000.010009765625,999.989990234375,999.989990234375,0
2013-10-29,612.7401123046875,1000.0,1000.010009765625,999.989990234375,1000.0,0
2013-10-30,612.7401123046875,1000.0,1000.010009765625,999.989990234375,1000.0,0
2013-10-31,616.1027221679688,1000.0,1000.010009765625,999.989990234375,1000.0,0
2013-11-01,616.1027221679688,1000.0,1000.010009765625,999.989990234375,1000.0,0
2013-11-05,616.0962524414062,999.989990234375,1000.010009765625,999.989990234375,1000.0,0
2013-11-06,616.0962524414062,999.989990234375,1000.010009765625,999.989990234375,1000.0,0
2013-11-07,616.1027221679688,1000.0,1000.010009765625,999.989990234375,999.989990234375,0
2013-11-08,616.1027221679688,1000.0,1000.010009765625,999.989990234375,1000.0,0
2013-11-11,616.1027221679688,1000.0,1000.010009765625,999.989990234375,1000.0,0
2013-11-12,616.1027221679688,1000.0,1000.010009765625,999.989990234375,1000.0,0
2013-11-13,616.1027221679688,1000.0,1000.010009765625,999.989990234375,1000.0,0
2013-11-14,616.1027221679688,1000.0,1000.010009765625,999.989990234375,1000.0,0
2013-11-18,616.0962524414062,999.989990234375,1000.010009765625,999.989990234375,999.989990234375,0
2013-11-19,616.0962524414062,999.989990234375,1000.010009765625,999.989990234375,999.989990234375,0
2013-11-20,616.0962524414062,999.989990234375,1000.010009765625,999.989990234375,999.989990234375,0
2013-11-21,616.1027221679688,1000.0,1000.010009765625,999.989990234375,999.989990234375,0
2013-11-22,616.0962524414062,999.989990234375,1000.010009765625,999.989990234375,1000.0,0
2013-11-25,616.0962524414062,999.989990234375,1000.010009765625,999.989990234375,1000.0,0
2013-11-26,616.0962524414062,999.989990234375,1000.0,999.989990234375,1000.0,0
2013-11-27,616.0962524414062,999.989990234375,1000.010009765625,999.989990234375,999.989990234375,0
2013-11-28,616.1027221679688,1000.0,1000.010009765625,999.989990234375,1000.0,0
2013-11-29,619.0487060546875,1000.0,1000.010009765625,999.989990234375,999.989990234375,0
2013-12-02,619.0487060546875,1000.0,1000.010009765625,999.989990234375,1000.0,0
2013-12-03,619.042236328125,999.989990234375,1000.010009765625,999.989990234375,1000.0,0
2013-12-04,619.042236328125,999.989990234375,1000.010009765625,999.989990234375,999.989990234375,0
2013-12-05,619.042236328125,999.989990234375,1000.010009765625,999.989990234375,1000.0,0
2013-12-06,619.0487060546875,1000.0,1000.010009765625,999.989990234375,1000.0,0
2013-12-09,619.0487060546875,1000.0,1000.010009765625,999.989990234375,999.989990234375,0
2013-12-10,619.042236328125,999.989990234375,1000.010009765625,999.989990234375,1000.0,0
2013-12-11,619.042236328125,999.989990234375,1000.010009765625,999.989990234375,999.989990234375,0
2013-12-12,619.042236328125,999.989990234375,1000.010009765625,999.989990234375,1000.0,0
2013-12-13,619.0487060546875,1000.0,1000.010009765625,999.989990234375,1000.0,0
2013-12-16,619.0487060546875,1000.0,1000.010009765625,999.989990234375,999.989990234375,0
2013-12-17,619.042236328125,999.989990234375,1000.010009765625,999.989990234375,1000.0,0
2013-12-18,619.042236328125,999.989990234375,1000.010009765625,999.989990234375,1000.0,0
2013-12-19,619.0487060546875,1000.0,1000.010009765625,999.989990234375,1000.0,0
2013-12-20,619.0487060546875,1000.0,1000.010009765625,999.989990234375,999.989990234375,0
2013-12-23,619.042236328125,999.989990234375,1000.010009765625,999.989990234375,999.989990234375,0
2013-12-24,619.042236328125,999.989990234375,1000.010009765625,999.989990234375,1000.0,0
2013-12-26,619.0487060546875,1000.0,1000.010009765625,999.989990234375,1000.0,0
2013-12-27,619.0487060546875,1000.0,1000.010009765625,999.989990234375,1000.0,0
2013-12-30,619.0487060546875,1000.0,1000.010009765625,999.989990234375,1000.0,0
2013-12-31,622.2318115234375,1000.0,1000.010009765625,999.989990234375,1000.0,0
2014-01-01,622.2249755859375,999.989990234375,1000.010009765625,999.989990234375,1000.010009765625,0
2014-01-02,622.2318115234375,1000.0,1000.010009765625,999.989990234375,1000.0,0
2014-01-03,622.2249755859375,999.989990234375,1000.010009765625,999.989990234375,1000.0,0
2014-01-06,622.2249755859375,999.989990234375,1000.010009765625,999.989990234375,1000.0,0
2014-01-07,622.2318115234375,1000.0,1000.010009765625,999.989990234375,1000.0,0
2014-01-08,622.2318115234375,1000.0,1000.010009765625,999.989990234375,1000.0,0
2014-01-09,622.2318115234375,1000.0,1000.010009765625,999.989990234375,1000.0,0
2014-01-10,622.2318115234375,1000.0,1000.010009765625,999.989990234375,999.989990234375,0
2014-01-13,622.2249755859375,999.989990234375,1000.010009765625,999.989990234375,1000.0,0
2014-01-14,622.2318115234375,1000.0,1000.010009765625,999.989990234375,1000.0,0
2014-01-15,622.2249755859375,999.989990234375,1000.010009765625,999.989990234375,1000.0,0
2014-01-16,622.2318115234375,1000.0,1000.010009765625,999.989990234375,1000.0,0
2014-01-17,622.2318115234375,1000.0,1000.010009765625,999.989990234375,1000.0,0
2014-01-20,622.2249755859375,999.989990234375,1000.010009765625,999.989990234375,1000.0,0
2014-01-21,622.2249755859375,999.989990234375,1000.010009765625,999.989990234375,999.989990234375,0
2014-01-22,622.2318115234375,1000.0,1000.010009765625,999.989990234375,1000.0,0
2014-01-23,622.2249755859375,999.989990234375,1000.010009765625,999.989990234375,1000.0,0
2014-01-24,622.2318115234375,1000.0,1000.010009765625,999.989990234375,1000.0,0
2014-01-27,622.2249755859375,999.989990234375,1000.010009765625,999.989990234375,999.989990234375,0
2014-01-28,622.2249755859375,999.989990234375,1000.010009765625,999.989990234375,999.989990234375,0
2014-01-29,622.2318115234375,1000.0,1000.010009765625,999.989990234375,1000.0,0
2014-01-30,622.2318115234375,1000.0,1000.010009765625,999.989990234375,1000.0,0
2014-01-31,625.34619140625,1000.0,1000.010009765625,999.989990234375,999.989990234375,0
2014-02-03,625.3394775390625,999.989990234375,1000.010009765625,999.989990234375,999.989990234375,0
2014-02-04,625.34619140625,1000.0,1000.010009765625,999.989990234375,999.989990234375,0
2014-02-05,625.34619140625,1000.0,1000.010009765625,999.989990234375,999.989990234375,0
2014-02-06,625.34619140625,1000.0,1000.010009765625,999.989990234375,1000.0,0
2014-02-07,625.34619140625,1000.0,1000.010009765625,999.989990234375,1000.0,0
2014-02-10,625.34619140625,1000.0,1000.010009765625,999.989990234375,1000.0,0
2014-02-11,625.3394775390625,999.989990234375,1000.010009765625,999.989990234375,999.989990234375,0
2014-02-12,625.34619140625,1000.0,1000.010009765625,999.989990234375,1000.0,0
2014-02-13,625.34619140625,1000.0,1000.010009765625,999.989990234375,1000.0,0
2014-02-14,625.3394775390625,999.989990234375,1000.010009765625,999.989990234375,999.989990234375,0
2014-02-17,625.3394775390625,999.989990234375,1000.010009765625,999.989990234375,999.989990234375,0
2014-02-18,625.3394775390625,999.989990234375,1000.010009765625,999.989990234375,1000.0,0
2014-02-19,625.34619140625,1000.0,1000.010009765625,999.989990234375,1000.0,0
2014-02-20,625.3394775390625,999.989990234375,1000.010009765625,999.989990234375,999.989990234375,0
2014-02-21,625.3394775390625,999.989990234375,1000.010009765625,999.989990234375,1000.0,0
2014-02-24,625.3394775390625,999.989990234375,1000.010009765625,999.989990234375,999.989990234375,0
2014-02-25,625.3394775390625,999.989990234375,1000.010009765625,999.989990234375,1000.0,0
2014-02-26,625.34619140625,1000.0,1000.010009765625,999.989990234375,1000.0,0
2014-02-28,628.1818237304688,1000.0,1000.010009765625,999.989990234375,1000.0,0
2014-03-03,628.1753540039062,999.989990234375,1000.010009765625,999.989990234375,1000.0,0
2014-03-04,628.1818237304688,1000.0,1000.010009765625,999.989990234375,999.989990234375,0
2014-03-05,628.1753540039062,999.989990234375,1000.010009765625,999.989990234375,1000.0,0
2014-03-06,628.1818237304688,1000.0,1000.010009765625,999.989990234375,1000.0,0
2014-03-07,628.1818237304688,1000.0,1000.010009765625,999.989990234375,1000.010009765625,0
2014-03-10,628.1753540039062,999.989990234375,1000.010009765625,999.989990234375,1000.0,0
2014-03-11,628.1753540039062,999.989990234375,1000.010009765625,999.989990234375,1000.0,0
2014-03-12,628.1753540039062,999.989990234375,1000.010009765625,999.989990234375,1000.0,0
2014-03-13,628.1818237304688,1000.0,1000.010009765625,999.989990234375,1000.0,0
2014-03-14,628.1818237304688,1000.0,1000.010009765625,999.989990234375,1000.0,0
2014-03-18,628.1753540039062,999.989990234375,1000.010009765625,999.989990234375,999.989990234375,0
2014-03-19,628.1818237304688,1000.0,1000.010009765625,999.989990234375,1000.0,0
2014-03-20,628.1818237304688,1000.0,1000.010009765625,999.989990234375,999.989990234375,0
2014-03-21,628.1753540039062,999.989990234375,1000.010009765625,999.989990234375,999.989990234375,0
2014-03-24,628.1818237304688,1000.0,1000.010009765625,999.989990234375,999.989990234375,0
2014-03-25,628.1818237304688,1000.0,1000.010009765625,999.989990234375,999.989990234375,0
2014-03-26,628.1753540039062,999.989990234375,1000.010009765625,999.989990234375,1000.0,0
2014-03-27,628.1818237304688,1000.0,1000.010009765625,999.989990234375,999.989990234375,0
2014-03-28,628.1818237304688,1000.0,1000.010009765625,999.989990234375,999.989990234375,0
2014-03-31,631.4549560546875,999.989990234375,1000.010009765625,999.989990234375,1000.010009765625,0
2014-04-01,631.4611206054688,1000.0,1000.010009765625,999.989990234375,1000.0,0
2014-04-02,631.4549560546875,999.989990234375,1000.010009765625,999.989990234375,999.989990234375,0
2014-04-03,631.4549560546875,999.989990234375,1000.010009765625,999.989990234375,1000.0,0
2014-04-04,631.4549560546875,999.989990234375,1000.010009765625,999.989990234375,999.989990234375,0
2014-04-07,631.4611206054688,1000.0,1000.010009765625,999.989990234375,999.989990234375,0
2014-04-09,631.4549560546875,999.989990234375,1000.010009765625,999.989990234375,999.989990234375,0
2014-04-10,631.4611206054688,1000.0,1000.010009765625,999.989990234375,1000.0,0
2014-04-11,631.4611206054688,1000.0,1000.010009765625,999.989990234375,1000.0,0
2014-04-15,631.4611206054688,1000.0,1000.010009765625,999.989990234375,1000.0,0
2014-04-16,631.4549560546875,999.989990234375,1000.010009765625,999.989990234375,1000.0,0
2014-04-17,631.4611206054688,1000.0,1000.010009765625,999.989990234375,1000.0,0
2014-04-21,631.4549560546875,999.989990234375,1000.010009765625,999.989990234375,1000.0,0
2014-04-22,631.4611206054688,1000.0,1000.010009765625,999.989990234375,999.989990234375,0
2014-04-23,631.4549560546875,999.989990234375,1000.010009765625,999.989990234375,1000.0,0
2014-04-25,631.4611206054688,1000.0,1000.010009765625,999.989990234375,1000.0,0
2014-04-28,631.4549560546875,999.989990234375,1000.010009765625,999.989990234375,999.989990234375,0
2014-04-29,634.4956665039062,1000.0,1000.010009765625,999.989990234375,999.989990234375,0
2014-04-30,634.4956665039062,1000.0,1000.010009765625,999.989990234375,1000.0,0
2014-05-02,634.4956665039062,1000.0,1000.010009765625,999.989990234375,1000.0,0
2014-05-05,634.4956665039062,1000.0,1000.010009765625,999.989990234375,1000.0,0
2014-05-06,634.4956665039062,1000.0,1000.010009765625,999.989990234375,1000.0,0
2014-05-07,634.4956665039062,1000.0,1000.010009765625,999.989990234375,1000.0,0
2014-05-08,634.4956665039062,1000.0,1000.010009765625,999.989990234375,999.989990234375,0
2014-05-09,634.4896850585938,999.989990234375,1000.010009765625,999.989990234375,1000.0,0
2014-05-12,634.4956665039062,1000.0,1000.010009765625,999.989990234375,1000.0,0
2014-05-13,634.4956665039062,1000.0,1000.010009765625,999.989990234375,1000.0,0
2014-05-14,634.4896850585938,999.989990234375,1000.010009765625,999.989990234375,1000.0,0
2014-05-15,634.4956665039062,1000.0,1000.010009765625,999.989990234375,1000.0,0
2014-05-16,634.4896850585938,999.989990234375,1000.010009765625,999.989990234375,1000.010009765625,0
2014-05-19,634.4896850585938,999.989990234375,1000.010009765625,999.989990234375,1000.0,0
2014-05-20,634.4956665039062,1000.0,1000.010009765625,981.6599731445312,1000.0,0
2014-05-21,634.4956665039062,1000.0,1000.010009765625,999.989990234375,999.989990234375,0
2014-05-22,634.4896850585938,999.989990234375,1000.010009765625,999.989990234375,1000.0,0
2014-05-23,634.4956665039062,1000.0,1000.010009765625,999.989990234375,1000.0,0
2014-05-26,634.4956665039062,1000.0,1000.010009765625,999.989990234375,999.989990234375,0
2014-05-27,634.4956665039062,1000.0,1009.0,989.989990234375,1000.0,0
2014-05-28,634.4956665039062,1000.0,1000.010009765625,999.989990234375,999.989990234375,0
2014-05-29,634.4956665039062,1000.0,1000.010009765625,999.989990234375,999.989990234375,0
2014-05-30,637.6611328125,1000.0,1000.010009765625,999.989990234375,1000.0,0
2014-06-02,637.654541015625,999.989990234375,1000.010009765625,999.989990234375,999.989990234375,0
2014-06-03,637.6611328125,1000.0,1000.010009765625,999.989990234375,1000.0,0
2014-06-04,637.6611328125,1000.0,1000.010009765625,999.989990234375,999.989990234375,0
2014-06-05,637.6611328125,1000.0,1000.010009765625,999.989990234375,1000.0,0
2014-06-06,637.6611328125,1000.0,1000.010009765625,999.989990234375,1000.0,0
2014-06-09,637.6671142578125,1000.010009765625,1000.010009765625,999.989990234375,1000.0,0
2014-06-10,637.654541015625,999.989990234375,1000.010009765625,999.989990234375,1000.0,0
2014-06-11,637.6611328125,1000.0,1000.010009765625,999.989990234375,999.989990234375,0
2014-06-12,637.6611328125,1000.0,1000.010009765625,999.989990234375,1000.0,0
2014-06-13,637.6611328125,1000.0,1000.010009765625,999.989990234375,1000.0,0
2014-06-16,637.654541015625,999.989990234375,1000.010009765625,999.989990234375,1000.0,0
2014-06-17,637.654541015625,999.989990234375,1000.010009765625,999.989990234375,1000.0,0
2014-06-18,637.6611328125,1000.0,1000.010009765625,999.989990234375,1000.0,0
2014-06-19,637.654541015625,999.989990234375,1000.010009765625,999.989990234375,999.989990234375,0
2014-06-20,637.6611328125,1000.0,1000.010009765625,999.989990234375,1000.0,0
2014-06-23,637.6611328125,1000.0,1000.010009765625,999.989990234375,999.989990234375,0
2014-06-24,637.654541015625,999.989990234375,1000.010009765625,999.989990234375,999.989990234375,0
2014-06-25,637.6611328125,1000.0,1000.010009765625,999.989990234375,999.989990234375,0
2014-06-26,637.6611328125,1000.0,1000.010009765625,999.989990234375,1000.0,0
2014-06-27,637.6611328125,1000.0,1000.010009765625,999.989990234375,1000.0,0
2014-06-30,640.8107299804688,1000.0,1000.010009765625,999.989990234375,999.989990234375,0
2014-07-01,640.8107299804688,1000.0,1000.010009765625,999.989990234375,1000.0,0
2014-07-02,640.80419921875,999.989990234375,1000.010009765625,999.989990234375,1000.0,0
2014-07-03,640.8107299804688,1000.0,1000.010009765625,999.989990234375,1000.0,0
2014-07-04,640.8107299804688,1000.0,1000.010009765625,999.989990234375,999.989990234375,0
2014-07-07,640.80419921875,999.989990234375,1000.010009765625,999.989990234375,1000.0,0
2014-07-08,640.8107299804688,1000.0,1000.010009765625,999.989990234375,1000.0,0
2014-07-09,640.8107299804688,1000.0,1000.010009765625,999.989990234375,1000.0,0
2014-07-10,640.80419921875,999.989990234375,1000.010009765625,999.989990234375,1000.0,0
2014-07-11,640.8107299804688,1000.0,1000.010009765625,999.989990234375,999.989990234375,0
2014-07-14,640.80419921875,999.989990234375,1000.010009765625,999.989990234375,1000.0,0
2014-07-15,640.8107299804688,1000.0,1000.010009765625,999.989990234375,1000.0,0
2014-07-16,640.8107299804688,1000.0,1000.010009765625,999.989990234375,1000.0,0
2014-07-17,640.80419921875,999.989990234375,1000.010009765625,999.989990234375,1000.0,0
2014-07-18,640.8107299804688,1000.0,1000.010009765625,999.989990234375,1000.0,0
2014-07-21,640.8107299804688,1000.0,1000.010009765625,999.989990234375,1000.0,0
2014-07-22,640.8107299804688,1000.0,1000.010009765625,999.989990234375,1000.0,0
2014-07-23,640.8168334960938,1000.010009765625,1000.010009765625,999.989990234375,1000.0,0
2014-07-24,640.8107299804688,1000.0,1000.010009765625,999.989990234375,1000.0,0
2014-07-25,640.8107299804688,1000.0,1000.010009765625,999.989990234375,1000.0,0
2014-07-28,640.80419921875,999.989990234375,1000.010009765625,999.989990234375,1000.0,0
2014-07-30,640.8107299804688,1000.0,1000.010009765625,999.989990234375,1000.0,0
2014-07-31,644.169677734375,999.989990234375,1000.010009765625,999.989990234375,1000.0,0
2014-08-01,644.1762084960938,1000.0,1000.010009765625,999.989990234375,1000.0,0
2014-08-04,644.169677734375,999.989990234375,1000.010009765625,999.989990234375,1000.0,0
2014-08-05,644.1762084960938,1000.0,1000.010009765625,999.97998046875,1000.0,0
2014-08-06,644.1762084960938,1000.0,1000.010009765625,999.989990234375,1000.0,0
2014-08-07,644.1762084960938,1000.0,1000.010009765625,999.989990234375,1000.0,0
2014-08-08,644.169677734375,999.989990234375,1000.010009765625,999.989990234375,1000.0,0
2014-08-11,644.169677734375,999.989990234375,1000.010009765625,999.989990234375,999.989990234375,0
2014-08-12,644.169677734375,999.989990234375,1000.010009765625,999.989990234375,1000.0,0
2014-08-13,644.1762084960938,1000.0,1000.010009765625,999.989990234375,1000.0,0
2014-08-14,644.169677734375,999.989990234375,1000.010009765625,999.989990234375,1000.0,0
2014-08-18,644.169677734375,999.989990234375,1000.010009765625,999.989990234375,1000.0,0
2014-08-19,644.1762084960938,1000.0,1000.010009765625,999.989990234375,999.989990234375,0
2014-08-20,644.169677734375,999.989990234375,1000.010009765625,999.989990234375,1000.0,0
2014-08-21,644.169677734375,999.989990234375,1000.010009765625,999.989990234375,999.989990234375,0
2014-08-22,644.1762084960938,1000.0,1000.010009765625,999.989990234375,1000.0,0
2014-08-25,644.1762084960938,1000.0,1000.010009765625,999.989990234375,1000.0,0
2014-08-26,644.1762084960938,1000.0,1025.0,999.989990234375,1025.0,0
2014-08-27,644.169677734375,999.989990234375,1000.010009765625,999.989990234375,1000.0,0
2014-08-28,647.3607788085938,1000.0,1000.010009765625,999.989990234375,1000.010009765625,0
2014-09-01,647.3546752929688,999.989990234375,1000.010009765625,999.989990234375,999.989990234375,0
2014-09-02,647.3607788085938,1000.0,1000.010009765625,999.989990234375,1000.0,0
2014-09-03,647.3607788085938,1000.0,1000.010009765625,999.989990234375,1000.0,0
2014-09-04,647.3546752929688,999.989990234375,1000.010009765625,999.989990234375,1000.0,0
2014-09-05,647.3546752929688,999.989990234375,1000.010009765625,999.989990234375,1000.0,0
2014-09-08,647.3546752929688,999.989990234375,1000.010009765625,999.989990234375,1000.0,0
2014-09-09,647.3546752929688,999.989990234375,1000.010009765625,999.989990234375,1000.0,0
2014-09-10,647.3546752929688,999.989990234375,1000.010009765625,999.989990234375,1000.0,0
2014-09-11,647.3607788085938,1000.0,1000.010009765625,999.989990234375,1000.0,0
2014-09-12,647.3607788085938,1000.0,1000.010009765625,999.989990234375,1000.0,0
2014-09-15,647.3546752929688,999.989990234375,1000.010009765625,999.989990234375,999.989990234375,0
2014-09-16,647.3607788085938,1000.0,1000.010009765625,999.989990234375,999.989990234375,0
2014-09-17,647.3546752929688,999.989990234375,1000.010009765625,999.989990234375,1000.0,0
2014-09-18,647.3546752929688,999.989990234375,1000.010009765625,999.989990234375,1000.0,0
2014-09-19,647.3607788085938,1000.0,1000.010009765625,999.989990234375,1000.0,0
2014-09-22,647.3546752929688,999.989990234375,1000.010009765625,999.989990234375,1000.0,0
2014-09-23,647.3607788085938,1000.0,1000.010009765625,999.989990234375,1000.0,0
2014-09-24,647.3546752929688,999.989990234375,1000.010009765625,999.989990234375,999.989990234375,0
2014-09-25,647.3607788085938,1000.0,1000.010009765625,999.989990234375,999.989990234375,0
2014-09-26,647.3607788085938,1000.0,1000.010009765625,999.989990234375,999.989990234375,0
2014-09-29,647.3607788085938,1000.0,1000.010009765625,999.989990234375,999.989990234375,0
2014-09-30,650.3616333007812,1000.0,1000.010009765625,999.989990234375,1000.0,0
2014-10-01,650.3616333007812,1000.0,1000.010009765625,999.989990234375,1000.0,0
2014-10-07,650.35546875,999.989990234375,1025.0,999.989990234375,1000.0,0
2014-10-08,650.35546875,999.989990234375,1000.010009765625,999.989990234375,1000.0,0
2014-10-09,650.3616333007812,1000.0,1000.010009765625,999.989990234375,1000.0,0
2014-10-10,650.3616333007812,1000.0,1000.010009765625,999.989990234375,999.989990234375,0
2014-10-13,650.35546875,999.989990234375,1000.010009765625,999.989990234375,999.989990234375,0
2014-10-14,650.35546875,999.989990234375,1000.010009765625,999.989990234375,999.989990234375,0
2014-10-15,650.3616333007812,1000.0,1000.0,1000.0,1000.0,0
2014-10-16,650.35546875,999.989990234375,1000.010009765625,999.989990234375,999.989990234375,0
2014-10-17,650.35546875,999.989990234375,1000.010009765625,999.989990234375,999.989990234375,0
2014-10-20,650.3616333007812,1000.0,1000.010009765625,999.989990234375,999.989990234375,0
2014-10-21,650.3616333007812,1000.0,1000.010009765625,999.989990234375,999.989990234375,0
2014-10-22,650.3616333007812,1000.0,1000.010009765625,999.989990234375,1000.0,0
2014-10-27,650.3616333007812,1000.0,1000.010009765625,999.989990234375,999.989990234375,0
2014-10-28,650.3616333007812,1000.0,1000.010009765625,999.989990234375,999.989990234375,0
2014-10-29,650.3681030273438,1000.010009765625,1003.989990234375,999.989990234375,1000.0,0
2014-10-30,650.3616333007812,1000.0,1000.010009765625,999.989990234375,1000.0,0
2014-10-31,653.3573608398438,1000.0,1000.010009765625,999.989990234375,1000.0,0
2014-11-03,653.3573608398438,1000.0,1000.010009765625,999.989990234375,1000.0,0
2014-11-05,653.3573608398438,1000.0,1000.010009765625,999.989990234375,1000.0,0
2014-11-07,653.3506469726562,999.989990234375,1000.010009765625,999.989990234375,999.989990234375,0
2014-11-10,653.3506469726562,999.989990234375,1000.010009765625,999.989990234375,999.989990234375,0
2014-11-11,653.3506469726562,999.989990234375,1000.010009765625,999.0,999.0,0
2014-11-12,653.3506469726562,999.989990234375,1000.010009765625,999.989990234375,1000.0,0
2014-11-13,653.3573608398438,1000.0,1000.010009765625,999.989990234375,1000.0,0
2014-11-14,653.3573608398438,1000.0,1000.010009765625,999.989990234375,1000.0,0
2014-11-17,653.3506469726562,999.989990234375,1000.010009765625,999.989990234375,1000.0,0
2014-11-18,653.3506469726562,999.989990234375,1000.010009765625,999.989990234375,1000.0,0
2014-11-19,653.3573608398438,1000.0,1000.010009765625,999.989990234375,1000.0,0
2014-11-20,653.3506469726562,999.989990234375,1000.010009765625,999.989990234375,999.989990234375,0
2014-11-21,653.3573608398438,1000.0,1000.010009765625,999.989990234375,1000.0,0
2014-11-24,653.3573608398438,1000.0,1000.010009765625,999.989990234375,1000.0,0
2014-11-25,653.3573608398438,1000.0,1000.010009765625,999.989990234375,1000.0,0
2014-11-26,653.3506469726562,999.989990234375,1000.010009765625,999.989990234375,1000.0,0
2014-11-27,653.3573608398438,1000.0,1000.010009765625,999.989990234375,999.989990234375,0
2014-11-28,656.1778564453125,999.989990234375,1000.010009765625,999.989990234375,1000.0,0
2014-12-01,656.1844482421875,1000.0,1000.010009765625,999.989990234375,999.989990234375,0
2014-12-02,656.1778564453125,999.989990234375,1000.010009765625,999.989990234375,1000.0,0
2014-12-03,656.1778564453125,999.989990234375,1000.010009765625,999.989990234375,1000.0,0
2014-12-04,656.1778564453125,999.989990234375,1000.010009765625,999.989990234375,1000.0,0
2014-12-05,656.1778564453125,999.989990234375,1000.010009765625,999.989990234375,1000.0,0
2014-12-08,656.1778564453125,999.989990234375,1000.010009765625,999.989990234375,1000.0,0
2014-12-09,656.1778564453125,999.989990234375,1000.010009765625,999.989990234375,999.989990234375,0
2014-12-10,656.1778564453125,999.989990234375,1000.010009765625,999.989990234375,999.989990234375,0
2014-12-11,656.1778564453125,999.989990234375,1000.010009765625,999.989990234375,999.989990234375,0
2014-12-12,656.1778564453125,999.989990234375,1000.010009765625,999.989990234375,1000.0,0
2014-12-15,656.1778564453125,999.989990234375,1000.010009765625,999.989990234375,1000.0,0
2014-12-16,656.1778564453125,999.989990234375,1000.010009765625,999.989990234375,999.989990234375,0
2014-12-17,656.1844482421875,1000.0,1000.010009765625,999.989990234375,999.989990234375,0
2014-12-18,656.1844482421875,1000.0,1000.010009765625,999.989990234375,999.989990234375,0
2014-12-19,656.1844482421875,1000.0,1000.010009765625,999.989990234375,999.989990234375,0
2014-12-22,656.1778564453125,999.989990234375,1000.010009765625,999.989990234375,1000.0,0
2014-12-23,656.1844482421875,1000.0,1000.010009765625,999.989990234375,1000.0,0
2014-12-24,656.1778564453125,999.989990234375,1000.010009765625,999.989990234375,1000.010009765625,0
2014-12-26,656.1844482421875,1000.0,1000.010009765625,999.989990234375,1000.0,0
2014-12-29,656.1844482421875,1000.0,1000.010009765625,999.989990234375,1000.0,0
2014-12-30,656.1844482421875,1000.0,1000.010009765625,999.989990234375,1000.0,0
2014-12-31,659.257568359375,1000.0,1000.010009765625,999.989990234375,1000.0,0
2015-01-01,659.2507934570312,999.989990234375,1000.0,999.989990234375,999.989990234375,0
2015-01-02,659.257568359375,1000.0,1000.010009765625,999.989990234375,999.989990234375,0
2015-01-05,659.2507934570312,999.989990234375,1000.010009765625,999.989990234375,1000.0,0
2015-01-06,659.257568359375,1000.0,1000.010009765625,999.989990234375,1000.0,0
2015-01-07,659.2507934570312,999.989990234375,1000.010009765625,999.989990234375,1000.0,0
2015-01-08,659.257568359375,1000.0,1000.010009765625,999.989990234375,1000.010009765625,0
2015-01-09,659.257568359375,1000.0,1000.010009765625,999.989990234375,999.989990234375,0
2015-01-12,659.2507934570312,999.989990234375,1000.010009765625,999.989990234375,999.989990234375,0
2015-01-13,659.257568359375,1000.0,1000.010009765625,999.989990234375,1000.0,0
2015-01-14,659.2507934570312,999.989990234375,1000.010009765625,999.989990234375,1000.0,0
2015-01-15,659.2507934570312,999.989990234375,1000.010009765625,999.989990234375,999.989990234375,0
2015-01-16,659.257568359375,1000.0,1000.010009765625,999.989990234375,1000.0,0
2015-01-19,659.2507934570312,999.989990234375,1000.010009765625,999.989990234375,1000.0,0
2015-01-20,659.257568359375,1000.0,1000.010009765625,999.989990234375,999.989990234375,0
2015-01-21,659.257568359375,1000.0,1000.010009765625,999.989990234375,1000.0,0
2015-01-22,659.2507934570312,999.989990234375,1000.010009765625,999.989990234375,1000.0,0
2015-01-23,659.257568359375,1000.0,1000.010009765625,999.989990234375,1000.0,0
2015-01-27,659.257568359375,1000.0,1000.010009765625,999.989990234375,1000.0,0
2015-01-28,659.257568359375,1000.0,1000.010009765625,999.989990234375,1000.0,0
2015-01-29,659.257568359375,1000.0,1000.010009765625,999.989990234375,1000.0,0
2015-01-30,662.1888427734375,999.989990234375,1000.010009765625,999.989990234375,999.989990234375,0
2015-02-02,662.1888427734375,999.989990234375,1000.010009765625,999.989990234375,999.989990234375,0
2015-02-03,662.1888427734375,999.989990234375,1000.010009765625,999.989990234375,1000.0,0
2015-02-04,662.1888427734375,999.989990234375,1000.010009765625,999.989990234375,1000.0,0
2015-02-05,662.1953735351562,1000.0,1000.010009765625,999.989990234375,1000.0,0
2015-02-06,662.1888427734375,999.989990234375,1000.010009765625,999.989990234375,1000.0,0
2015-02-09,662.1888427734375,999.989990234375,1000.010009765625,999.989990234375,999.989990234375,0
2015-02-10,662.1888427734375,999.989990234375,1000.0,999.989990234375,999.989990234375,0
2015-02-11,662.1888427734375,999.989990234375,1000.010009765625,999.989990234375,1000.0,0
2015-02-12,662.1888427734375,999.989990234375,1000.010009765625,999.989990234375,1000.0,0
2015-02-13,662.1953735351562,1000.0,1000.010009765625,999.989990234375,1000.0,0
2015-02-16,662.1953735351562,1000.0,1000.010009765625,999.989990234375,1000.0,0
2015-02-18,662.1953735351562,1000.0,1000.010009765625,999.989990234375,1000.0,0
2015-02-19,662.1953735351562,1000.0,1000.010009765625,999.989990234375,1000.0,0
2015-02-20,662.1953735351562,1000.0,1000.010009765625,999.989990234375,1000.0,0
2015-02-23,662.1953735351562,1000.0,1000.010009765625,999.989990234375,1000.0,0
2015-02-24,662.1888427734375,999.989990234375,1000.010009765625,999.989990234375,1000.0,0
2015-02-25,662.1888427734375,999.989990234375,1000.010009765625,999.989990234375,1000.0,0
2015-02-26,662.1953735351562,1000.0,1000.010009765625,999.989990234375,1000.0,0
2015-02-27,664.8377075195312,1000.0,1000.010009765625,999.989990234375,999.989990234375,0
2015-03-02,664.8314819335938,999.989990234375,1000.010009765625,999.989990234375,1000.0,0
2015-03-03,664.8314819335938,999.989990234375,1000.010009765625,999.989990234375,1000.0,0
2015-03-04,664.8377075195312,1000.0,1000.010009765625,999.989990234375,1000.0,0
2015-03-05,664.8314819335938,999.989990234375,1000.010009765625,999.989990234375,1000.0,0
2015-03-09,664.8377075195312,1000.0,1000.010009765625,999.989990234375,1000.0,0
2015-03-10,664.8377075195312,1000.0,1000.010009765625,999.989990234375,999.989990234375,0
2015-03-11,664.8314819335938,999.989990234375,1000.010009765625,999.989990234375,1000.0,0
2015-03-12,664.8377075195312,1000.0,1000.010009765625,999.989990234375,999.989990234375,0
2015-03-13,664.8377075195312,1000.0,1000.010009765625,999.989990234375,999.989990234375,0
2015-03-16,664.8314819335938,999.989990234375,1000.010009765625,999.989990234375,1000.0,0
2015-03-17,664.8314819335938,999.989990234375,1000.010009765625,999.989990234375,999.989990234375,0
2015-03-18,664.8314819335938,999.989990234375,1000.010009765625,999.989990234375,999.989990234375,0
2015-03-19,664.8377075195312,1000.0,1000.010009765625,999.989990234375,1000.0,0
2015-03-20,664.8377075195312,1000.0,1000.010009765625,999.0,999.989990234375,0
2015-03-23,664.8314819335938,999.989990234375,1000.010009765625,999.989990234375,999.989990234375,0
2015-03-24,664.8377075195312,1000.0,1000.010009765625,999.989990234375,999.989990234375,0
2015-03-25,664.8377075195312,1000.0,1000.010009765625,999.989990234375,999.989990234375,0
2015-03-26,664.8314819335938,999.989990234375,1000.010009765625,999.989990234375,1000.0,0
2015-03-27,664.8377075195312,1000.0,1000.010009765625,999.989990234375,1000.0,0
2015-03-30,664.8377075195312,1000.0,1000.010009765625,999.0,999.0,0
2015-03-31,667.7447509765625,1000.0,1000.010009765625,999.989990234375,1000.0,0
2015-04-01,667.7383422851562,999.989990234375,1000.010009765625,999.989990234375,999.989990234375,0
2015-04-06,667.7447509765625,1000.0,1000.010009765625,999.989990234375,999.989990234375,0
2015-04-07,667.7383422851562,999.989990234375,1000.010009765625,999.989990234375,1000.0,0
2015-04-08,667.7383422851562,999.989990234375,1000.010009765625,999.989990234375,1000.0,0
2015-04-09,667.7383422851562,999.989990234375,1000.010009765625,999.989990234375,999.989990234375,0
2015-04-10,667.7447509765625,1000.0,1000.010009765625,1000.0,1000.0,0
2015-04-13,667.7383422851562,999.989990234375,1000.010009765625,999.989990234375,1000.0,0
2015-04-15,667.7383422851562,999.989990234375,1000.010009765625,999.989990234375,1000.0,0
2015-04-16,667.7447509765625,1000.0,1000.010009765625,999.989990234375,1000.0,0
2015-04-17,667.7383422851562,999.989990234375,1000.010009765625,999.989990234375,1000.0,0
2015-04-20,667.7447509765625,1000.0,1000.010009765625,999.989990234375,999.989990234375,0
2015-04-21,667.7383422851562,999.989990234375,1000.010009765625,999.989990234375,1000.0,0
2015-04-22,667.7383422851562,999.989990234375,1000.010009765625,999.989990234375,999.989990234375,0
2015-04-23,667.7447509765625,1000.0,1000.010009765625,999.989990234375,999.989990234375,0
2015-04-24,667.7447509765625,1000.0,1000.010009765625,999.989990234375,1000.0,0
2015-04-27,667.7383422851562,999.989990234375,1000.010009765625,999.0,999.989990234375,0
2015-04-28,667.7383422851562,999.989990234375,1000.010009765625,999.989990234375,999.989990234375,0
2015-04-29,670.5609741210938,1000.0,1000.010009765625,999.989990234375,999.989990234375,0
2015-04-30,670.5546264648438,999.989990234375,1000.010009765625,999.989990234375,999.989990234375,0
2015-05-04,670.5609741210938,1000.0,1000.010009765625,999.989990234375,1000.0,0
2015-05-05,670.5609741210938,1000.0,1000.010009765625,999.989990234375,999.989990234375,0
2015-05-06,670.5609741210938,1000.0,1000.010009765625,999.989990234375,999.989990234375,0
2015-05-07,670.5609741210938,1000.0,1000.010009765625,999.989990234375,1000.0,0
2015-05-08,670.5609741210938,1000.0,1000.010009765625,999.989990234375,1000.0,0
2015-05-11,670.5609741210938,1000.0,1000.010009765625,999.989990234375,999.989990234375,0
2015-05-12,670.5609741210938,1000.0,1000.010009765625,999.989990234375,999.989990234375,0
2015-05-13,670.5609741210938,1000.0,1000.010009765625,999.989990234375,999.989990234375,0
2015-05-14,670.5609741210938,1000.0,1000.010009765625,999.989990234375,1000.0,0
2015-05-15,670.5609741210938,1000.0,1000.010009765625,999.989990234375,1000.0,0
2015-05-18,670.5609741210938,1000.0,1000.010009765625,999.989990234375,1000.0,0
2015-05-19,670.5609741210938,1000.0,1000.010009765625,999.989990234375,999.989990234375,0
2015-05-20,670.5609741210938,1000.0,1000.010009765625,999.989990234375,999.989990234375,0
2015-05-21,670.5609741210938,1000.0,1000.010009765625,999.989990234375,1000.0,0
2015-05-22,670.5609741210938,1000.0,1000.010009765625,999.989990234375,999.989990234375,0
2015-05-25,670.5609741210938,1000.0,1000.010009765625,999.989990234375,1000.0,0
2015-05-26,670.5609741210938,1000.0,1000.010009765625,999.989990234375,999.989990234375,0
2015-05-27,670.5609741210938,1000.0,1000.010009765625,999.989990234375,1000.0,0
2015-05-28,670.5609741210938,1000.0,1000.010009765625,999.989990234375,999.989990234375,0
2015-05-29,673.3612060546875,999.989990234375,1000.010009765625,999.989990234375,1000.0,0
2015-06-01,673.3674926757812,1000.0,1000.010009765625,999.989990234375,1000.0,0
2015-06-02,673.3674926757812,1000.0,1000.010009765625,999.989990234375,1000.0,0
2015-06-03,673.3674926757812,1000.0,1000.010009765625,999.989990234375,999.989990234375,0
2015-06-04,673.3612060546875,999.989990234375,1000.010009765625,999.989990234375,999.989990234375,0
2015-06-05,673.3674926757812,1000.0,1000.010009765625,999.989990234375,999.989990234375,0
2015-06-08,673.3674926757812,1000.0,1000.010009765625,999.989990234375,1000.0,0
2015-06-09,673.3674926757812,1000.0,1000.010009765625,999.989990234375,1000.0,0
2015-06-10,673.3674926757812,1000.0,1000.010009765625,999.989990234375,999.989990234375,0
2015-06-11,673.3674926757812,1000.0,1000.010009765625,972.0,999.989990234375,0
2015-06-12,673.3674926757812,1000.0,1000.010009765625,999.989990234375,999.989990234375,0
2015-06-15,673.3674926757812,1000.0,1000.010009765625,999.989990234375,999.989990234375,0
2015-06-16,673.3674926757812,1000.0,1000.010009765625,999.989990234375,1000.0,0
2015-06-17,673.3674926757812,1000.0,1000.010009765625,999.989990234375,1000.0,0
2015-06-18,673.3674926757812,1000.0,1000.010009765625,999.989990234375,999.989990234375,0
2015-06-19,673.3674926757812,1000.0,1000.010009765625,999.989990234375,999.989990234375,0
2015-06-22,673.3612060546875,999.989990234375,1000.010009765625,999.989990234375,999.989990234375,0
2015-06-23,673.3612060546875,999.989990234375,1000.010009765625,999.989990234375,1000.0,0
2015-06-24,673.3674926757812,1000.0,1000.010009765625,999.989990234375,1000.0,0
2015-06-25,673.3674926757812,1000.0,1000.010009765625,999.989990234375,1000.0,0
2015-06-26,673.3674926757812,1000.0,1000.010009765625,999.989990234375,1000.0,0
2015-06-29,673.3674926757812,1000.0,1000.010009765625,999.989990234375,999.989990234375,0
2015-06-30,675.97998046875,1000.0,1000.010009765625,999.989990234375,999.989990234375,0
2015-07-01,675.97998046875,1000.0,1000.010009765625,999.989990234375,999.989990234375,0
2015-07-02,675.9735717773438,999.989990234375,1000.010009765625,999.989990234375,1000.0,0
2015-07-03,675.97998046875,1000.0,1000.010009765625,999.989990234375,999.989990234375,0
2015-07-06,675.9735717773438,999.989990234375,1000.010009765625,999.989990234375,1000.0,0
2015-07-07,675.9735717773438,999.989990234375,1000.010009765625,999.97998046875,999.97998046875,0
2015-07-08,675.97998046875,1000.0,1000.010009765625,999.989990234375,1000.0,0
2015-07-09,675.9735717773438,999.989990234375,1000.010009765625,999.989990234375,999.989990234375,0
2015-07-10,675.97998046875,1000.0,1000.010009765625,999.989990234375,1000.0,0
2015-07-13,675.9735717773438,999.989990234375,1000.010009765625,999.989990234375,999.989990234375,0
2015-07-14,675.97998046875,1000.0,1000.010009765625,999.989990234375,1000.0,0
2015-07-15,675.97998046875,1000.0,1000.010009765625,999.989990234375,1000.0,0
2015-07-16,675.97998046875,1000.0,1000.010009765625,999.989990234375,1000.0,0
2015-07-17,675.97998046875,1000.0,1000.010009765625,999.989990234375,1000.0,0
2015-07-20,675.97998046875,1000.0,1000.010009765625,999.989990234375,1000.010009765625,0
2015-07-21,675.97998046875,1000.0,1000.010009765625,999.989990234375,999.989990234375,0
2015-07-22,675.9735717773438,999.989990234375,1000.010009765625,999.989990234375,999.989990234375,0
2015-07-23,675.97998046875,1000.0,1000.010009765625,999.989990234375,1000.0,0
2015-07-24,675.97998046875,1000.0,1000.010009765625,999.989990234375,1000.0,0
2015-07-27,675.9735717773438,999.989990234375,1000.010009765625,999.989990234375,999.989990234375,0
2015-07-28,675.9735717773438,999.989990234375,1000.010009765625,999.0,999.0,0
2015-07-29,675.97998046875,1000.0,1000.010009765625,999.989990234375,999.989990234375,0
2015-07-30,675.9735717773438,999.989990234375,1000.010009765625,999.989990234375,999.989990234375,0
2015-07-31,678.6734619140625,999.989990234375,1000.010009765625,999.989990234375,1000.0,0
2015-08-03,678.6798706054688,1000.0,1000.010009765625,999.989990234375,1000.0,0
2015-08-04,678.6734619140625,999.989990234375,1000.010009765625,999.989990234375,1000.0,0
2015-08-05,678.6798706054688,1000.0,1000.010009765625,999.989990234375,1000.0,0
2015-08-06,678.6734619140625,999.989990234375,1000.010009765625,999.989990234375,999.989990234375,0
2015-08-07,678.6798706054688,1000.0,1000.010009765625,999.989990234375,1000.0,0
2015-08-10,678.6734619140625,999.989990234375,1000.010009765625,999.989990234375,1000.0,0
2015-08-11,678.6734619140625,999.989990234375,1000.010009765625,999.989990234375,999.989990234375,0
2015-08-12,678.6734619140625,999.989990234375,1000.010009765625,999.989990234375,1000.010009765625,0
2015-08-13,678.6798706054688,1000.0,1000.010009765625,999.989990234375,999.989990234375,0
2015-08-14,678.6798706054688,1000.0,1000.010009765625,999.989990234375,1000.0,0
2015-08-17,678.6798706054688,1000.0,1000.010009765625,999.989990234375,1000.0,0
2015-08-18,678.6798706054688,1000.0,1000.010009765625,999.989990234375,1000.0,0
2015-08-19,678.6798706054688,1000.0,1000.010009765625,999.989990234375,1000.0,0
2015-08-20,678.6798706054688,1000.0,1000.010009765625,999.989990234375,1000.0,0
2015-08-21,678.6798706054688,1000.0,1000.010009765625,999.989990234375,999.989990234375,0
2015-08-24,678.6734619140625,999.989990234375,1000.010009765625,999.989990234375,999.989990234375,0
2015-08-25,678.6734619140625,999.989990234375,1000.010009765625,999.989990234375,999.989990234375,0
2015-08-26,678.6798706054688,1000.0,1000.010009765625,999.989990234375,999.989990234375,0
2015-08-27,678.6734619140625,999.989990234375,1000.010009765625,999.9500122070312,999.9500122070312,0
2015-08-28,678.6798706054688,1000.0,1000.010009765625,999.989990234375,999.989990234375,0
2015-08-31,681.380859375,1000.0,1000.010009765625,999.989990234375,1000.0,0
2015-09-01,681.3880004882812,1000.010009765625,1000.010009765625,999.989990234375,1000.0,0
2015-09-02,681.3744506835938,999.989990234375,1000.010009765625,999.989990234375,999.989990234375,0
2015-09-03,681.380859375,1000.0,1000.010009765625,999.989990234375,999.989990234375,0
2015-09-04,681.380859375,1000.0,1000.010009765625,999.989990234375,1000.0,0
2015-09-07,681.3744506835938,999.989990234375,1000.010009765625,999.989990234375,999.989990234375,0
2015-09-08,681.3744506835938,999.989990234375,1000.010009765625,999.989990234375,999.989990234375,0
2015-09-09,681.380859375,1000.0,1000.010009765625,999.989990234375,999.989990234375,0
2015-09-10,681.380859375,1000.0,1000.010009765625,999.989990234375,1000.0,0
2015-09-11,681.380859375,1000.0,1000.010009765625,999.989990234375,1000.0,0
2015-09-14,681.380859375,1000.0,1000.010009765625,999.989990234375,999.989990234375,0
2015-09-15,681.380859375,1000.0,1000.010009765625,999.989990234375,1000.0,0
2015-09-16,681.380859375,1000.0,1000.010009765625,999.989990234375,1000.0,0
2015-09-18,681.3744506835938,999.989990234375,1000.010009765625,999.989990234375,1000.0,0
2015-09-21,681.3744506835938,999.989990234375,1000.010009765625,999.989990234375,1000.0,0
2015-09-22,681.380859375,1000.0,1000.010009765625,999.989990234375,999.989990234375,0
2015-09-23,681.3744506835938,999.989990234375,1000.010009765625,999.989990234375,1000.0,0
2015-09-24,681.3744506835938,999.989990234375,1000.010009765625,999.989990234375,1000.0,0
2015-09-28,681.380859375,1000.0,1000.010009765625,999.0,999.0,0
2015-09-29,681.380859375,1000.0,1000.010009765625,999.989990234375,999.989990234375,0
2015-09-30,684.0277709960938,999.989990234375,1000.010009765625,999.989990234375,999.989990234375,0
2015-10-01,684.0341186523438,1000.0,1000.010009765625,999.989990234375,1000.0,0
2015-10-05,684.0341186523438,1000.0,1000.010009765625,999.989990234375,1000.0,0
2015-10-06,684.0341186523438,1000.0,1000.010009765625,999.989990234375,1000.0,0
2015-10-07,684.0277709960938,999.989990234375,1000.010009765625,999.989990234375,1000.0,0
2015-10-08,684.0341186523438,1000.0,1000.010009765625,999.989990234375,1000.0,0
2015-10-09,684.0341186523438,1000.0,1000.010009765625,999.989990234375,1000.0,0
2015-10-12,684.0341186523438,1000.0,1000.010009765625,999.989990234375,1000.0,0
2015-10-13,684.0341186523438,1000.0,1000.010009765625,999.989990234375,1000.0,0
2015-10-14,684.0277709960938,999.989990234375,1000.010009765625,999.989990234375,999.989990234375,0
2015-10-15,684.0341186523438,1000.0,1000.010009765625,999.989990234375,1000.0,0
2015-10-16,684.0277709960938,999.989990234375,1000.010009765625,999.989990234375,1000.0,0
2015-10-19,684.0341186523438,1000.0,1000.010009765625,999.989990234375,1000.0,0
2015-10-20,684.0341186523438,1000.0,1000.010009765625,999.989990234375,1000.0,0
2015-10-21,684.0341186523438,1000.0,1000.010009765625,999.989990234375,999.989990234375,0
2015-10-23,684.0341186523438,1000.0,1000.010009765625,999.989990234375,999.989990234375,0
2015-10-26,684.0341186523438,1000.0,1000.010009765625,999.989990234375,999.989990234375,0
2015-10-27,684.0277709960938,999.989990234375,1000.010009765625,999.989990234375,999.989990234375,0
2015-10-28,684.0277709960938,999.989990234375,1000.010009765625,999.989990234375,1000.0,0
2015-10-29,684.0341186523438,1000.0,1000.010009765625,999.989990234375,1000.0,0
2015-10-30,686.5595092773438,1000.0,1000.010009765625,999.989990234375,999.989990234375,0
2015-11-02,686.5530395507812,999.989990234375,1000.010009765625,979.9500122070312,979.9500122070312,0
2015-11-03,686.5595092773438,1000.0,1000.010009765625,999.989990234375,999.989990234375,0
2015-11-04,686.5530395507812,999.989990234375,1000.010009765625,999.989990234375,1000.0,0
2015-11-05,686.5530395507812,999.989990234375,1000.010009765625,999.989990234375,999.989990234375,0
2015-11-06,686.5595092773438,1000.0,1000.010009765625,999.989990234375,999.989990234375,0
2015-11-09,686.5530395507812,999.989990234375,1000.0,999.989990234375,999.989990234375,0
2015-11-10,686.5595092773438,1000.0,1000.010009765625,999.0,999.0,0
2015-11-13,686.5595092773438,1000.0,1000.010009765625,999.989990234375,999.989990234375,0
2015-11-16,686.5530395507812,999.989990234375,1000.010009765625,999.989990234375,1000.0,0
2015-11-17,686.5595092773438,1000.0,1000.010009765625,999.989990234375,1000.0,0
2015-11-18,686.5595092773438,1000.0,1000.010009765625,999.989990234375,1000.0,0
2015-11-19,686.5595092773438,1000.0,1000.010009765625,999.989990234375,999.989990234375,0
2015-11-20,686.5530395507812,999.989990234375,1000.010009765625,999.989990234375,999.989990234375,0
2015-11-23,686.5530395507812,999.989990234375,1000.010009765625,999.989990234375,999.989990234375,0
2015-11-24,686.5530395507812,999.989990234375,1000.010009765625,999.989990234375,1000.0,0
2015-11-26,686.5595092773438,1000.0,1000.010009765625,999.989990234375,999.989990234375,0
2015-11-27,686.5530395507812,999.989990234375,1000.010009765625,999.989990234375,999.989990234375,0
2015-11-30,689.1859130859375,1000.0,1000.010009765625,999.989990234375,1000.0,0
2015-12-01,689.1859130859375,1000.0,1000.010009765625,999.989990234375,1000.0,0
2015-12-02,689.1859130859375,1000.0,1000.010009765625,999.989990234375,1000.0,0
2015-12-03,689.179443359375,999.989990234375,1000.010009765625,999.989990234375,999.989990234375,0
2015-12-04,689.1859130859375,1000.0,1000.010009765625,999.989990234375,1000.0,0
2015-12-07,689.179443359375,999.989990234375,1000.010009765625,999.989990234375,1000.0,0
2015-12-08,689.1859130859375,1000.0,1000.010009765625,999.989990234375,1000.0,0
2015-12-09,689.1859130859375,1000.0,1000.010009765625,999.989990234375,999.989990234375,0
2015-12-10,689.179443359375,999.989990234375,1000.010009765625,999.989990234375,999.989990234375,0
2015-12-11,689.1859130859375,1000.0,1000.010009765625,999.989990234375,999.989990234375,0
2015-12-14,689.1859130859375,1000.0,1000.010009765625,999.989990234375,999.989990234375,0
2015-12-15,689.1859130859375,1000.0,1000.010009765625,999.989990234375,999.989990234375,0
2015-12-16,689.1859130859375,1000.0,1000.010009765625,999.989990234375,1000.0,0
2015-12-17,689.1859130859375,1000.0,1000.010009765625,999.989990234375,1000.0,0
2015-12-18,689.1859130859375,1000.0,1000.010009765625,999.989990234375,1000.0,0
2015-12-21,689.1859130859375,1000.0,1000.010009765625,999.989990234375,1000.0,0
2015-12-22,689.1859130859375,1000.0,1000.010009765625,999.989990234375,1000.0,0
2015-12-23,689.179443359375,999.989990234375,1000.010009765625,999.989990234375,1000.0,0
2015-12-24,689.179443359375,999.989990234375,1000.010009765625,999.989990234375,1000.0,0
2015-12-28,689.1859130859375,1000.0,1000.010009765625,999.989990234375,999.989990234375,0
2015-12-29,689.1859130859375,1000.0,1000.010009765625,999.989990234375,1000.0,0
2015-12-30,689.1859130859375,1000.0,1000.010009765625,999.989990234375,1000.0,0
2015-12-31,691.803466796875,1000.0,1000.010009765625,999.989990234375,999.989990234375,0
2016-01-01,691.7967529296875,999.989990234375,1000.010009765625,999.989990234375,999.989990234375,0
2016-01-04,691.803466796875,1000.0,1000.010009765625,999.989990234375,999.989990234375,0
2016-01-05,691.7967529296875,999.989990234375,1000.010009765625,999.989990234375,999.989990234375,0
2016-01-06,691.803466796875,1000.0,1000.010009765625,999.989990234375,1000.0,0
2016-01-07,691.803466796875,1000.0,1000.010009765625,999.989990234375,999.989990234375,0
2016-01-08,691.7967529296875,999.989990234375,1000.010009765625,999.989990234375,999.989990234375,0
2016-01-11,691.7967529296875,999.989990234375,1000.010009765625,999.989990234375,999.989990234375,0
2016-01-12,691.803466796875,1000.0,1000.010009765625,999.989990234375,999.989990234375,0
2016-01-13,691.7967529296875,999.989990234375,1000.010009765625,999.989990234375,999.989990234375,0
2016-01-14,691.803466796875,1000.0,1000.010009765625,999.989990234375,1000.0,0
2016-01-15,691.803466796875,1000.0,1000.010009765625,999.989990234375,1000.0,0
2016-01-18,691.7967529296875,999.989990234375,1000.010009765625,999.989990234375,1000.0,0
2016-01-19,691.7967529296875,999.989990234375,1000.010009765625,999.989990234375,1000.0,0
2016-01-20,691.803466796875,1000.0,1000.010009765625,999.989990234375,999.989990234375,0
2016-01-21,691.803466796875,1000.0,1000.010009765625,999.989990234375,1000.0,0
2016-01-22,691.7967529296875,999.989990234375,1000.010009765625,999.989990234375,999.989990234375,0
2016-01-25,691.803466796875,1000.0,1000.010009765625,999.989990234375,1000.0,0
2016-01-27,691.803466796875,1000.0,1000.010009765625,999.989990234375,999.989990234375,0
2016-01-28,691.803466796875,1000.0,1000.010009765625,999.989990234375,999.989990234375,0
2016-01-29,694.4760131835938,999.989990234375,1000.010009765625,950.9000244140625,999.989990234375,0
2016-02-01,694.482666015625,1000.0,1000.010009765625,999.989990234375,1000.0,0
2016-02-02,694.4760131835938,999.989990234375,1000.010009765625,999.989990234375,1000.0,0
2016-02-03,694.4760131835938,999.989990234375,1000.010009765625,999.989990234375,999.989990234375,0
2016-02-04,694.482666015625,1000.0,1000.010009765625,999.989990234375,999.989990234375,0
2016-02-05,694.4760131835938,999.989990234375,1000.010009765625,999.989990234375,999.989990234375,0
2016-02-08,694.482666015625,1000.0,1000.010009765625,999.9000244140625,999.9000244140625,0
2016-02-09,694.4760131835938,999.989990234375,1000.010009765625,999.989990234375,1000.0,0
2016-02-10,694.4760131835938,999.989990234375,1000.010009765625,999.989990234375,999.989990234375,0
2016-02-11,694.482666015625,1000.0,1000.010009765625,999.989990234375,999.989990234375,0
2016-02-12,694.482666015625,1000.0,1000.010009765625,999.989990234375,1000.0,0
2016-02-15,694.482666015625,1000.0,1000.010009765625,999.989990234375,1000.0,0
2016-02-16,694.482666015625,1000.0,1000.010009765625,999.989990234375,1000.0,0
2016-02-17,694.4760131835938,999.989990234375,1000.010009765625,999.989990234375,1000.0,0
2016-02-18,694.482666015625,1000.0,1000.010009765625,999.989990234375,999.989990234375,0
2016-02-19,694.4760131835938,999.989990234375,1001.0,999.989990234375,1001.0,0
2016-02-22,694.482666015625,1000.0,1000.010009765625,999.989990234375,999.989990234375,0
2016-02-23,694.482666015625,1000.0,1000.010009765625,999.989990234375,999.989990234375,0
2016-02-24,694.4760131835938,999.989990234375,1000.010009765625,999.989990234375,1000.0,0
2016-02-25,694.4760131835938,999.989990234375,1000.010009765625,999.989990234375,1000.0,0
2016-02-26,694.482666015625,1000.0,1000.010009765625,999.989990234375,999.989990234375,0
2016-02-29,696.885498046875,999.989990234375,1000.010009765625,999.989990234375,999.989990234375,0
2016-03-01,696.885498046875,999.989990234375,1000.010009765625,999.989990234375,1000.0,0
2016-03-02,696.8922729492188,1000.0,1000.010009765625,999.989990234375,1000.0,0
2016-03-03,696.8922729492188,1000.0,1000.010009765625,999.989990234375,999.989990234375,0
2016-03-04,696.885498046875,999.989990234375,1000.010009765625,999.989990234375,1000.0,0
2016-03-08,696.8922729492188,1000.0,1000.010009765625,999.989990234375,999.989990234375,0
2016-03-09,696.885498046875,999.989990234375,1000.010009765625,999.989990234375,1000.0,0
2016-03-10,696.8922729492188,1000.0,1000.010009765625,999.989990234375,999.989990234375,0
2016-03-11,696.8922729492188,1000.0,1000.010009765625,999.989990234375,999.989990234375,0
2016-03-14,696.8922729492188,1000.0,1000.010009765625,999.989990234375,1000.0,0
2016-03-15,696.8922729492188,1000.0,1000.010009765625,999.97998046875,999.989990234375,0
2016-03-16,696.8922729492188,1000.0,1000.010009765625,999.989990234375,1000.010009765625,0
2016-03-17,696.8922729492188,1000.0,1000.010009765625,999.989990234375,1000.0,0
2016-03-18,696.885498046875,999.989990234375,1000.010009765625,999.989990234375,1000.0,0
2016-03-21,696.8922729492188,1000.0,1000.010009765625,999.989990234375,999.989990234375,0
2016-03-22,696.8922729492188,1000.0,1000.010009765625,999.989990234375,1000.0,0
2016-03-23,696.8922729492188,1000.0,1000.010009765625,999.989990234375,1000.0,0
2016-03-28,696.8922729492188,1000.0,1000.010009765625,999.989990234375,999.989990234375,0
2016-03-29,696.8922729492188,1000.0,1000.010009765625,999.989990234375,999.989990234375,0
2016-03-30,696.8922729492188,1000.0,1000.010009765625,999.989990234375,999.989990234375,0
2016-03-31,699.4893798828125,1000.0,1000.010009765625,999.989990234375,1000.0,0
2016-04-01,699.4823608398438,999.989990234375,1000.010009765625,999.989990234375,1000.0,0
2016-04-04,699.4823608398438,999.989990234375,1000.010009765625,999.989990234375,999.989990234375,0
2016-04-05,699.4893798828125,1000.0,1000.010009765625,999.989990234375,1000.0,0
2016-04-06,699.4823608398438,999.989990234375,1000.010009765625,999.989990234375,999.989990234375,0
2016-04-07,699.4893798828125,1000.0,1000.010009765625,999.989990234375,999.989990234375,0
2016-04-08,699.4823608398438,999.989990234375,1000.010009765625,999.989990234375,1000.0,0
2016-04-11,699.4893798828125,1000.0,1000.010009765625,999.97998046875,999.97998046875,0
2016-04-12,699.4893798828125,1000.0,1000.010009765625,999.989990234375,999.989990234375,0
2016-04-13,699.4893798828125,1000.0,1000.010009765625,999.989990234375,1000.0,0
2016-04-18,699.4893798828125,1000.0,1000.010009765625,999.989990234375,999.989990234375,0
2016-04-20,699.4893798828125,1000.0,1000.010009765625,999.989990234375,1000.0,0
2016-04-21,699.4893798828125,1000.0,1000.010009765625,999.989990234375,1000.0,0
2016-04-22,699.4893798828125,1000.0,1000.010009765625,999.989990234375,1000.0,0
2016-04-25,699.4893798828125,1000.0,1000.010009765625,999.989990234375,1000.0,0
2016-04-26,699.4893798828125,1000.0,1000.010009765625,999.989990234375,1000.0,0
2016-04-27,699.4893798828125,1000.0,1018.0,999.989990234375,1000.0,0
2016-04-28,699.4823608398438,999.989990234375,1000.010009765625,999.989990234375,999.989990234375,0
2016-04-29,701.7709350585938,1000.0,1000.010009765625,999.989990234375,999.989990234375,0
2016-05-02,701.7709350585938,1000.0,1000.010009765625,999.989990234375,1000.0,0
2016-05-03,701.7709350585938,1000.0,1000.010009765625,999.989990234375,1000.0,0
2016-05-04,701.7709350585938,1000.0,1000.010009765625,999.989990234375,999.989990234375,0
2016-05-05,701.7709350585938,1000.0,1000.010009765625,999.989990234375,999.989990234375,0
2016-05-06,701.7637939453125,999.989990234375,1000.010009765625,999.989990234375,1000.0,0
2016-05-09,701.7709350585938,1000.0,1000.010009765625,999.989990234375,1000.0,0
2016-05-10,701.7709350585938,1000.0,1000.010009765625,999.989990234375,1000.0,0
2016-05-11,701.7709350585938,1000.0,1000.010009765625,999.989990234375,1000.0,0
2016-05-12,701.7709350585938,1000.0,1000.010009765625,999.989990234375,1000.0,0
2016-05-13,701.7709350585938,1000.0,1000.010009765625,999.989990234375,999.989990234375,0
2016-05-16,701.7637939453125,999.989990234375,1000.010009765625,999.989990234375,1000.0,0
2016-05-17,701.7709350585938,1000.0,1000.010009765625,999.989990234375,1000.0,0
2016-05-18,701.7709350585938,1000.0,1000.010009765625,999.989990234375,1000.0,0
2016-05-19,701.7709350585938,1000.0,1000.010009765625,999.989990234375,999.989990234375,0
2016-05-20,701.7637939453125,999.989990234375,1000.010009765625,999.989990234375,999.989990234375,0
2016-05-23,701.7709350585938,1000.0,1000.010009765625,999.989990234375,999.989990234375,0
2016-05-24,701.7637939453125,999.989990234375,1000.010009765625,999.989990234375,999.989990234375,0
2016-05-25,701.7637939453125,999.989990234375,1000.010009765625,999.989990234375,999.989990234375,0
2016-05-26,701.7709350585938,1000.0,1000.010009765625,999.989990234375,1000.0,0
2016-05-27,701.7709350585938,1000.0,1000.010009765625,999.989990234375,1000.0,0
2016-05-30,701.7709350585938,1000.0,1000.010009765625,999.989990234375,1000.0,0
2016-05-31,704.2755737304688,1000.0,1000.010009765625,999.989990234375,1000.0,0
2016-06-01,704.2755737304688,1000.0,1000.010009765625,999.0,1000.0,0
2016-06-02,704.2755737304688,1000.0,1000.010009765625,999.989990234375,1000.0,0
2016-06-03,704.2755737304688,1000.0,1000.010009765625,999.989990234375,999.989990234375,0
2016-06-06,704.2686767578125,999.989990234375,1000.010009765625,999.989990234375,1000.0,0
2016-06-07,704.2755737304688,1000.0,1000.010009765625,999.989990234375,1000.0,0
2016-06-08,704.2686767578125,999.989990234375,1000.010009765625,999.989990234375,1000.0,0
2016-06-09,704.2755737304688,1000.0,1000.010009765625,999.989990234375,999.989990234375,0
2016-06-10,704.2755737304688,1000.0,1000.010009765625,999.989990234375,1000.0,0
2016-06-13,704.2755737304688,1000.0,1000.010009765625,999.989990234375,999.989990234375,0
2016-06-14,704.2755737304688,1000.0,1000.010009765625,999.989990234375,1000.0,0
2016-06-15,704.2755737304688,1000.0,1000.010009765625,999.989990234375,1000.0,0
2016-06-16,704.2755737304688,1000.0,1000.010009765625,998.0,1000.0,0
2016-06-17,704.2755737304688,1000.0,1000.010009765625,999.989990234375,1000.0,0
2016-06-20,704.2755737304688,1000.0,1000.010009765625,999.989990234375,1000.0,0
2016-06-21,704.2755737304688,1000.0,1000.010009765625,999.989990234375,1000.0,0
2016-06-22,704.2755737304688,1000.0,1000.010009765625,999.989990234375,1000.0,0
2016-06-23,704.2755737304688,1000.0,1000.010009765625,999.989990234375,1000.0,0
2016-06-24,704.2755737304688,1000.0,1000.010009765625,999.5,999.5,0
2016-06-27,704.2755737304688,1000.0,1000.010009765625,999.989990234375,1000.0,0
2016-06-28,704.2755737304688,1000.0,1000.010009765625,999.989990234375,999.989990234375,0
2016-06-29,704.2755737304688,1000.0,1000.010009765625,999.989990234375,999.989990234375,0
2016-06-30,706.9306030273438,1000.0,1000.010009765625,999.989990234375,1000.0,0
2016-07-01,706.9306030273438,1000.0,1000.010009765625,999.989990234375,1000.0,0
2016-07-04,706.9306030273438,1000.0,1000.010009765625,999.989990234375,1000.0,0
2016-07-05,706.9306030273438,1000.0,1000.010009765625,999.989990234375,1000.0,0
2016-07-07,706.9306030273438,1000.0,1000.010009765625,999.989990234375,1000.0,0
2016-07-08,706.9306030273438,1000.0,1000.010009765625,999.989990234375,999.989990234375,0
2016-07-11,706.9306030273438,1000.0,1000.010009765625,999.989990234375,1000.0,0
2016-07-12,706.9306030273438,1000.0,1000.010009765625,999.989990234375,1000.0,0
2016-07-13,706.9306030273438,1000.0,1000.010009765625,999.989990234375,1000.0,0
2016-07-14,706.9306030273438,1000.0,1000.010009765625,999.989990234375,1000.0,0
2016-07-15,706.9306030273438,1000.0,1000.010009765625,999.989990234375,1000.0,0
2016-07-18,706.9306030273438,1000.0,1000.010009765625,999.989990234375,1000.0,0
2016-07-19,706.923583984375,999.989990234375,1000.010009765625,999.989990234375,999.989990234375,0
2016-07-20,706.9306030273438,1000.0,1000.010009765625,999.989990234375,1000.0,0
2016-07-21,706.9306030273438,1000.0,1000.010009765625,999.989990234375,999.989990234375,0
2016-07-22,706.9306030273438,1000.0,1000.010009765625,999.989990234375,1000.0,0
2016-07-25,706.9306030273438,1000.0,1000.010009765625,999.989990234375,1000.0,0
2016-07-26,706.9306030273438,1000.0,1000.010009765625,999.989990234375,1000.0,0
2016-07-27,706.9306030273438,1000.0,1000.010009765625,999.989990234375,1000.0,0
2016-07-28,706.9306030273438,1000.0,1000.010009765625,999.989990234375,1000.0,0
2016-07-29,709.3844604492188,1000.0,1000.010009765625,999.989990234375,1000.0,0
2016-08-01,709.3844604492188,1000.0,1003.0,999.989990234375,999.989990234375,0
2016-08-02,709.3844604492188,1000.0,1000.010009765625,952.0,1000.0,0
2016-08-03,709.3844604492188,1000.0,1000.010009765625,999.989990234375,1000.0,0
2016-08-04,709.3773803710938,999.989990234375,1000.010009765625,999.989990234375,1000.0,0
2016-08-05,709.3844604492188,1000.0,1000.010009765625,999.989990234375,1000.0,0
2016-08-08,709.3844604492188,1000.0,1000.010009765625,999.989990234375,1000.0,0
2016-08-09,709.3844604492188,1000.0,1000.010009765625,999.989990234375,999.989990234375,0
2016-08-10,709.3844604492188,1000.0,1000.010009765625,999.989990234375,1000.0,0
2016-08-11,709.3844604492188,1000.0,1000.010009765625,999.989990234375,999.989990234375,0
2016-08-12,709.3844604492188,1000.0,1000.010009765625,999.989990234375,1000.0,0
2016-08-16,709.3844604492188,1000.0,1000.010009765625,999.989990234375,1000.0,0
2016-08-17,709.3844604492188,1000.0,1000.010009765625,999.989990234375,1000.0,0
2016-08-18,709.3844604492188,1000.0,1000.010009765625,999.989990234375,1000.0,0
2016-08-19,709.3844604492188,1000.0,1000.010009765625,999.989990234375,1000.0,0
2016-08-22,709.3773803710938,999.989990234375,1000.010009765625,999.989990234375,1000.0,0
2016-08-23,709.3773803710938,999.989990234375,1000.010009765625,999.989990234375,1000.0,0
2016-08-24,709.3773803710938,999.989990234375,1000.010009765625,999.989990234375,1000.0,0
2016-08-25,709.3844604492188,1000.0,1000.010009765625,999.989990234375,1000.0,0
2016-08-26,709.3773803710938,999.989990234375,1000.010009765625,990.0,990.0,0
2016-08-29,709.3844604492188,1000.0,1000.010009765625,999.989990234375,1000.0,0
2016-08-30,709.3844604492188,1000.0,1000.010009765625,999.989990234375,1000.0,0
2016-08-31,711.8174438476562,1000.0,1000.010009765625,999.989990234375,1000.0,0
2016-09-01,711.8174438476562,1000.0,1003.9500122070312,999.989990234375,1000.0,0
2016-09-02,711.8174438476562,1000.0,1000.010009765625,999.989990234375,1000.0,0
2016-09-06,711.8174438476562,1000.0,1000.010009765625,999.989990234375,1000.0,0
2016-09-07,711.8174438476562,1000.0,1000.010009765625,999.989990234375,1000.0,0
2016-09-08,711.810302734375,999.989990234375,1000.010009765625,999.989990234375,999.989990234375,0
2016-09-09,711.8174438476562,1000.0,1000.010009765625,999.989990234375,1000.0,0
2016-09-12,711.8174438476562,1000.0,1000.010009765625,999.989990234375,1000.0,0
2016-09-14,711.8174438476562,1000.0,1000.010009765625,980.0,1000.0,0
2016-09-15,711.810302734375,999.989990234375,1000.010009765625,999.989990234375,999.989990234375,0
2016-09-16,711.8174438476562,1000.0,1000.010009765625,999.989990234375,1000.0,0
2016-09-19,711.8174438476562,1000.0,1000.010009765625,999.989990234375,1000.0,0
2016-09-20,711.8174438476562,1000.0,1000.010009765625,999.0,999.989990234375,0
2016-09-21,711.810302734375,999.989990234375,1000.010009765625,999.989990234375,999.989990234375,0
2016-09-22,711.8174438476562,1000.0,1000.010009765625,990.0,990.0,0
2016-09-23,711.8174438476562,1000.0,1000.010009765625,999.989990234375,999.989990234375,0
2016-09-26,711.810302734375,999.989990234375,1000.010009765625,999.989990234375,1000.0,0
2016-09-27,711.810302734375,999.989990234375,1000.010009765625,999.989990234375,1000.0,0
2016-09-28,711.810302734375,999.989990234375,1000.010009765625,999.989990234375,1000.0,0
2016-09-29,711.8174438476562,1000.0,1000.010009765625,999.989990234375,1000.0,0
2016-09-30,714.1680908203125,1000.0,1000.010009765625,999.989990234375,1000.0,0
2016-10-03,714.1610717773438,999.989990234375,1000.0,999.989990234375,1000.0,0
2016-10-04,714.1610717773438,999.989990234375,1000.010009765625,999.989990234375,1000.0,0
2016-10-05,714.1610717773438,999.989990234375,1000.010009765625,999.989990234375,1000.0,0
2016-10-06,714.1680908203125,1000.0,1000.010009765625,999.97998046875,1000.0,0
2016-10-07,714.1680908203125,1000.0,1000.010009765625,999.989990234375,1000.0,0
2016-10-10,714.1610717773438,999.989990234375,1000.010009765625,999.989990234375,1000.0,0
2016-10-13,714.1680908203125,1000.0,1000.010009765625,999.989990234375,1000.0,0
2016-10-14,714.1610717773438,999.989990234375,1000.010009765625,995.2000122070312,1000.0,0
2016-10-17,714.1680908203125,1000.0,1000.010009765625,999.989990234375,1000.0,0
2016-10-18,714.1610717773438,999.989990234375,1000.010009765625,999.989990234375,1000.0,0
2016-10-19,714.1610717773438,999.989990234375,1000.010009765625,960.0,1000.0,0
2016-10-20,714.1680908203125,1000.0,1000.010009765625,999.989990234375,999.989990234375,0
2016-10-21,714.1680908203125,1000.0,1000.010009765625,998.0,1000.0,0
2016-10-24,714.1680908203125,1000.0,1000.010009765625,999.0900268554688,1000.0,0
2016-10-25,714.1610717773438,999.989990234375,1000.010009765625,999.989990234375,1000.0,0
2016-10-26,714.1680908203125,1000.0,1000.010009765625,999.989990234375,1000.0,0
2016-10-27,714.1610717773438,999.989990234375,1000.010009765625,999.989990234375,999.989990234375,0
2016-10-28,716.64306640625,1000.0,1000.010009765625,999.989990234375,1000.0,0
2016-11-01,716.64306640625,1000.0,1000.010009765625,999.989990234375,1000.0,0
2016-11-02,716.64306640625,1000.0,1000.010009765625,999.989990234375,999.989990234375,0
2016-11-03,716.64306640625,1000.0,1000.010009765625,999.989990234375,999.989990234375,0
2016-11-04,716.64306640625,1000.0,1000.010009765625,999.989990234375,1000.0,0
2016-11-07,716.64306640625,1000.0,1000.010009765625,997.5999755859375,999.989990234375,0
2016-11-08,716.64306640625,1000.0,1000.010009765625,999.989990234375,1000.0,0
2016-11-09,716.6360473632812,999.989990234375,1000.010009765625,999.989990234375,1000.0,0
2016-11-10,716.64306640625,1000.0,1000.010009765625,999.989990234375,1000.0,0
2016-11-11,716.64306640625,1000.0,1000.010009765625,999.989990234375,1000.0,0
2016-11-15,716.6360473632812,999.989990234375,1000.010009765625,999.989990234375,999.989990234375,0
2016-11-16,716.6360473632812,999.989990234375,1000.010009765625,999.989990234375,1000.0,0
2016-11-17,716.64306640625,1000.0,1000.010009765625,999.989990234375,1000.0,0
2016-11-18,716.64306640625,1000.0,1000.010009765625,999.989990234375,1000.0,0
2016-11-21,716.64306640625,1000.0,1000.010009765625,999.989990234375,999.989990234375,0
2016-11-22,716.64306640625,1000.0,1000.010009765625,999.989990234375,1000.0,0
2016-11-23,716.6360473632812,999.989990234375,1000.010009765625,999.989990234375,999.989990234375,0
2016-11-24,716.64306640625,1000.0,1000.010009765625,999.989990234375,1000.0,0
2016-11-25,716.64306640625,1000.0,1000.010009765625,999.989990234375,999.989990234375,0
2016-11-28,716.64306640625,1000.0,1000.010009765625,999.989990234375,999.989990234375,0
2016-11-29,716.6360473632812,999.989990234375,1000.010009765625,999.989990234375,1000.0,0
2016-11-30,718.9736328125,999.989990234375,1000.010009765625,999.989990234375,999.989990234375,0
2016-12-01,718.9805297851562,1000.0,1000.010009765625,999.989990234375,1000.0,0
2016-12-02,718.9805297851562,1000.0,1000.010009765625,999.989990234375,999.989990234375,0
2016-12-05,718.9736328125,999.989990234375,1000.010009765625,999.989990234375,1000.0,0
2016-12-06,718.9805297851562,1000.0,1000.010009765625,999.989990234375,999.989990234375,0
2016-12-07,718.9805297851562,1000.0,1000.010009765625,999.989990234375,1000.0,0
2016-12-08,718.9805297851562,1000.0,1000.010009765625,999.989990234375,999.989990234375,0
2016-12-09,718.9805297851562,1000.0,1000.010009765625,999.989990234375,1000.0,0
2016-12-12,718.9805297851562,1000.0,1000.010009765625,999.989990234375,999.989990234375,0
2016-12-13,718.9805297851562,1000.0,1000.010009765625,999.0,999.0,0
2016-12-14,718.9805297851562,1000.0,1000.010009765625,999.989990234375,1000.0,0
2016-12-15,718.9736328125,999.989990234375,1000.010009765625,999.989990234375,999.989990234375,0
2016-12-16,718.9805297851562,1000.0,1000.010009765625,999.989990234375,999.989990234375,0
2016-12-19,718.9805297851562,1000.0,1000.010009765625,999.0,999.989990234375,0
2016-12-20,718.9805297851562,1000.0,1000.010009765625,999.0,1000.0,0
2016-12-21,718.9805297851562,1000.0,1000.010009765625,999.989990234375,999.989990234375,0
2016-12-22,718.9805297851562,1000.0,1000.010009765625,999.989990234375,1000.0,0
2016-12-23,718.9736328125,999.989990234375,1000.010009765625,999.989990234375,1000.0,0
2016-12-26,718.9805297851562,1000.0,1000.010009765625,999.989990234375,999.989990234375,0
2016-12-27,718.9805297851562,1000.0,1000.010009765625,999.989990234375,999.989990234375,0
2016-12-28,719.0023193359375,1000.030029296875,1002.989990234375,999.97998046875,999.989990234375,0
2016-12-29,718.9805297851562,1000.0,1000.010009765625,999.989990234375,1000.0,0
2016-12-30,721.3154907226562,1000.0,1000.010009765625,999.989990234375,1000.0,0
2017-01-02,721.3084106445312,999.989990234375,1000.010009765625,999.989990234375,1000.0,0
2017-01-03,721.3154907226562,1000.0,1000.010009765625,999.989990234375,999.989990234375,0
2017-01-04,721.3084106445312,999.989990234375,1000.010009765625,999.989990234375,999.989990234375,0
2017-01-05,721.3154907226562,1000.0,1000.010009765625,999.989990234375,999.989990234375,0
2017-01-06,721.3084106445312,999.989990234375,1000.010009765625,999.989990234375,1000.0,0
2017-01-09,721.3084106445312,999.989990234375,1000.010009765625,999.5,1000.0,0
2017-01-10,721.3084106445312,999.989990234375,1000.010009765625,999.989990234375,999.989990234375,0
2017-01-11,721.3084106445312,999.989990234375,1000.010009765625,999.989990234375,999.989990234375,0
2017-01-12,721.3154907226562,1000.0,1000.010009765625,999.989990234375,999.989990234375,0
2017-01-13,721.3154907226562,1000.0,1000.010009765625,999.989990234375,1000.0,0
2017-01-16,721.3084106445312,999.989990234375,1000.010009765625,999.989990234375,999.989990234375,0
2017-01-17,721.3154907226562,1000.0,1000.010009765625,999.989990234375,999.989990234375,0
2017-01-18,721.3154907226562,1000.0,1000.010009765625,999.989990234375,1000.0,0
2017-01-19,721.3154907226562,1000.0,1000.010009765625,999.989990234375,999.989990234375,0
2017-01-20,721.3154907226562,1000.0,1000.010009765625,999.989990234375,999.989990234375,0
2017-01-23,721.3154907226562,1000.0,1000.010009765625,999.989990234375,999.989990234375,0
2017-01-24,721.3154907226562,1000.0,1000.010009765625,999.989990234375,1000.0,0
2017-01-25,721.3154907226562,1000.0,1000.010009765625,999.989990234375,999.989990234375,0
2017-01-27,721.3084106445312,999.989990234375,1000.010009765625,998.0,999.989990234375,0
2017-01-30,721.3154907226562,1000.0,1000.010009765625,999.989990234375,999.989990234375,0
2017-01-31,723.7969360351562,1000.0,1000.010009765625,999.989990234375,1000.0,0
2017-02-01,723.7897338867188,999.989990234375,1000.010009765625,970.0,970.0,0
2017-02-02,723.7969360351562,1000.0,1000.010009765625,999.989990234375,999.989990234375,0
2017-02-03,723.7969360351562,1000.0,1000.010009765625,999.989990234375,999.989990234375,0
2017-02-06,723.7969360351562,1000.0,1000.010009765625,999.989990234375,1000.0,0
2017-02-07,723.7969360351562,1000.0,1000.010009765625,999.989990234375,1000.0,0
2017-02-08,723.7969360351562,1000.0,1000.010009765625,999.989990234375,999.989990234375,0
2017-02-09,723.7969360351562,1000.0,1000.010009765625,1000.0,1000.0,0
2017-02-10,723.7969360351562,1000.0,1000.010009765625,999.989990234375,1000.0,0
2017-02-13,723.7969360351562,1000.0,1000.010009765625,999.989990234375,999.989990234375,0
2017-02-14,723.7897338867188,999.989990234375,1000.0,999.989990234375,999.989990234375,0
2017-02-15,723.7969360351562,1000.0,1000.010009765625,999.989990234375,1000.0,0
2017-02-16,723.7897338867188,999.989990234375,1000.010009765625,999.989990234375,1000.0,0
2017-02-17,723.7969360351562,1000.0,1000.010009765625,999.989990234375,1000.0,0
2017-02-20,723.7897338867188,999.989990234375,1000.010009765625,999.989990234375,1000.0,0
2017-02-21,723.7897338867188,999.989990234375,1000.010009765625,999.989990234375,1000.0,0
2017-02-22,723.7897338867188,999.989990234375,1000.010009765625,999.989990234375,1000.0,0
2017-02-23,723.7969360351562,1000.0,1000.010009765625,999.9000244140625,1000.0,0
2017-02-27,723.7969360351562,1000.0,1000.010009765625,999.989990234375,1000.0,0
2017-02-28,725.8905029296875,1000.0,1000.010009765625,999.989990234375,1000.0,0
2017-03-01,725.8905029296875,1000.0,1000.010009765625,999.989990234375,1000.0,0
2017-03-02,725.8905029296875,1000.0,1000.010009765625,999.989990234375,999.989990234375,0
2017-03-03,725.8905029296875,1000.0,1000.010009765625,999.989990234375,1000.0,0
2017-03-06,725.8905029296875,1000.0,1000.010009765625,999.989990234375,1000.0,0
2017-03-07,725.8832397460938,999.989990234375,1000.010009765625,999.989990234375,1000.0,0
2017-03-08,725.8905029296875,1000.0,1000.010009765625,999.989990234375,999.989990234375,0
2017-03-09,725.8832397460938,999.989990234375,1000.010009765625,999.989990234375,1000.0,0
2017-03-10,725.8905029296875,1000.0,1000.010009765625,999.989990234375,1000.0,0
2017-03-14,725.8905029296875,1000.0,1000.010009765625,999.989990234375,1000.0,0
2017-03-15,725.8905029296875,1000.0,1000.010009765625,999.989990234375,999.989990234375,0
2017-03-16,725.8905029296875,1000.0,1000.010009765625,999.989990234375,999.989990234375,0
2017-03-17,725.8905029296875,1000.0,1000.010009765625,999.989990234375,1000.0,0
2017-03-20,725.8832397460938,999.989990234375,1001.0,999.989990234375,1001.0,0
2017-03-21,725.8905029296875,1000.0,1000.010009765625,995.5499877929688,999.0,0
2017-03-22,725.8832397460938,999.989990234375,1000.010009765625,999.989990234375,999.989990234375,0
2017-03-23,725.8905029296875,1000.0,1000.010009765625,999.989990234375,1000.010009765625,0
2017-03-24,725.8832397460938,999.989990234375,1000.010009765625,999.989990234375,1000.0,0
2017-03-27,725.8832397460938,999.989990234375,1000.0,999.989990234375,1000.0,0
2017-03-28,725.8832397460938,999.989990234375,1000.010009765625,999.989990234375,999.989990234375,0
2017-03-29,725.8832397460938,999.989990234375,1000.010009765625,999.989990234375,999.989990234375,0
2017-03-30,725.8905029296875,1000.0,1000.010009765625,999.989990234375,999.989990234375,0
2017-03-31,728.1672973632812,1000.0,1000.010009765625,999.989990234375,1000.0,0
2017-04-03,728.1672973632812,1000.0,1000.010009765625,999.989990234375,1000.0,0
2017-04-05,728.1672973632812,1000.0,1000.010009765625,999.989990234375,999.989990234375,0
2017-04-06,728.1600341796875,999.989990234375,1000.010009765625,999.989990234375,999.989990234375,0
2017-04-07,728.1672973632812,1000.0,1000.010009765625,999.989990234375,1000.0,0
2017-04-10,728.1672973632812,1000.0,1000.010009765625,999.0,999.989990234375,0
2017-04-11,728.1672973632812,1000.0,1000.010009765625,999.989990234375,999.989990234375,0
2017-04-12,728.1600341796875,999.989990234375,1000.010009765625,999.989990234375,999.989990234375,0
2017-04-13,728.1600341796875,999.989990234375,1000.010009765625,999.989990234375,1000.0,0
2017-04-17,728.1672973632812,1000.0,1000.010009765625,999.989990234375,999.989990234375,0
2017-04-18,728.1672973632812,1000.0,1000.010009765625,999.989990234375,1000.0,0
2017-04-19,728.1600341796875,999.989990234375,1000.010009765625,999.989990234375,1000.0,0
2017-04-20,728.1600341796875,999.989990234375,1000.010009765625,999.989990234375,1000.0,0
2017-04-21,728.1672973632812,1000.0,1000.010009765625,999.989990234375,1000.0,0
2017-04-24,728.1672973632812,1000.0,1000.010009765625,999.989990234375,999.989990234375,0
2017-04-25,728.1672973632812,1000.0,1000.010009765625,978.0,1000.0,0
2017-04-26,728.1600341796875,999.989990234375,1000.010009765625,999.989990234375,1000.0,0
2017-04-27,728.1672973632812,1000.0,1000.010009765625,999.989990234375,999.989990234375,0
2017-04-28,730.2689208984375,999.989990234375,1000.010009765625,999.989990234375,999.989990234375,0
2017-05-02,730.2689208984375,999.989990234375,1000.010009765625,999.989990234375,999.989990234375,0
2017-05-03,730.2760620117188,1000.0,1000.010009765625,999.989990234375,1000.0,0
2017-05-04,730.2760620117188,1000.0,1000.010009765625,999.989990234375,1000.0,0
2017-05-05,730.2760620117188,1000.0,1000.010009765625,999.989990234375,1000.0,0
2017-05-08,730.2689208984375,999.989990234375,1000.010009765625,980.0,990.0,0
2017-05-09,730.2760620117188,1000.0,1000.010009765625,980.5599975585938,990.0,0
2017-05-10,730.2760620117188,1000.0,1000.010009765625,999.989990234375,1000.0,0
2017-05-11,730.2760620117188,1000.0,1000.010009765625,999.989990234375,1000.0,0
2017-05-12,730.2760620117188,1000.0,1000.010009765625,999.989990234375,1000.0,0
2017-05-15,730.2760620117188,1000.0,1000.010009765625,999.989990234375,1000.0,0
2017-05-16,730.2760620117188,1000.0,1000.010009765625,999.989990234375,1000.0,0
2017-05-17,730.2760620117188,1000.0,1000.010009765625,999.97998046875,999.97998046875,0
2017-05-18,730.2760620117188,1000.0,1000.010009765625,999.989990234375,1000.0,0
2017-05-19,730.2689208984375,999.989990234375,1000.010009765625,999.989990234375,999.989990234375,0
2017-05-22,730.2760620117188,1000.0,1000.010009765625,980.5599975585938,980.5599975585938,0
2017-05-23,730.2760620117188,1000.0,1000.010009765625,999.989990234375,999.989990234375,0
2017-05-24,730.2689208984375,999.989990234375,1000.010009765625,999.989990234375,1000.0,0
2017-05-25,730.2689208984375,999.989990234375,1000.010009765625,999.989990234375,1000.0,0
2017-05-26,730.2689208984375,999.989990234375,1000.010009765625,999.989990234375,1000.0,0
2017-05-29,730.2760620117188,1000.0,1000.010009765625,999.989990234375,999.989990234375,0
2017-05-30,730.2689208984375,999.989990234375,1000.010009765625,999.989990234375,1000.0,0
2017-05-31,732.7950439453125,999.989990234375,1000.010009765625,999.989990234375,1000.0,0
2017-06-01,732.8026123046875,1000.0,1000.010009765625,999.989990234375,999.989990234375,0
2017-06-02,732.8026123046875,1000.0,1000.010009765625,999.989990234375,1000.0,0
2017-06-05,732.8026123046875,1000.0,1000.010009765625,999.989990234375,1000.0,0
2017-06-06,732.8026123046875,1000.0,1000.010009765625,999.989990234375,1000.0,0
2017-06-07,732.8026123046875,1000.0,1000.010009765625,999.989990234375,1000.0,0
2017-06-08,732.8026123046875,1000.0,1000.010009765625,999.989990234375,999.989990234375,0
2017-06-09,732.8026123046875,1000.0,1000.010009765625,999.989990234375,1000.0,0
2017-06-12,732.8026123046875,1000.0,1000.010009765625,999.989990234375,1000.0,0
2017-06-13,732.8026123046875,1000.0,1000.010009765625,999.989990234375,999.989990234375,0
2017-06-14,732.7950439453125,999.989990234375,1000.010009765625,999.989990234375,999.989990234375,0
2017-06-15,732.8026123046875,1000.0,1000.010009765625,999.989990234375,999.989990234375,0
2017-06-16,732.8026123046875,1000.0,1019.4400024414062,999.989990234375,1000.0,0
2017-06-19,732.7950439453125,999.989990234375,1000.010009765625,999.989990234375,999.989990234375,0
2017-06-20,732.8026123046875,1000.0,1000.010009765625,999.989990234375,1000.0,0
2017-06-21,732.8026123046875,1000.0,1000.010009765625,999.969970703125,999.989990234375,0
2017-06-22,732.8026123046875,1000.0,1000.010009765625,999.989990234375,999.989990234375,0
2017-06-23,732.8026123046875,1000.0,1000.010009765625,999.989990234375,1000.0,0
2017-06-27,732.8026123046875,1000.0,1000.010009765625,999.0,1000.0,0
2017-06-28,732.8026123046875,1000.0,1000.010009765625,999.989990234375,1000.0,0
2017-06-29,732.7950439453125,999.989990234375,1000.010009765625,999.989990234375,1000.0,0
2017-06-30,735.1524658203125,1000.0,1000.010009765625,999.989990234375,1000.0,0
2017-07-03,735.1524658203125,1000.0,1000.010009765625,990.0,990.0,0
2017-07-04,735.1448974609375,999.989990234375,1000.010009765625,999.989990234375,999.989990234375,0
2017-07-05,735.1524658203125,1000.0,1000.010009765625,999.989990234375,999.989990234375,0
2017-07-06,735.1524658203125,1000.0,1000.010009765625,999.989990234375,1000.0,0
2017-07-07,735.1524658203125,1000.0,1000.010009765625,999.989990234375,1000.0,0
2017-07-10,735.1524658203125,1000.0,1000.010009765625,999.989990234375,999.989990234375,0
2017-07-11,735.1524658203125,1000.0,1000.010009765625,999.0,999.0,0
2017-07-12,735.1448974609375,999.989990234375,1000.010009765625,999.989990234375,1000.0,0
2017-07-13,735.1524658203125,1000.0,1000.010009765625,999.989990234375,1000.0,0
2017-07-14,735.1524658203125,1000.0,1000.010009765625,999.989990234375,1000.0,0
2017-07-17,735.1524658203125,1000.0,1000.010009765625,999.989990234375,1000.0,0
2017-07-18,735.1524658203125,1000.0,1000.010009765625,999.989990234375,999.989990234375,0
2017-07-19,735.1524658203125,1000.0,1000.010009765625,999.989990234375,1000.0,0
2017-07-20,735.1524658203125,1000.0,1000.010009765625,998.5499877929688,1000.0,0
2017-07-21,735.1524658203125,1000.0,1000.010009765625,999.989990234375,1000.0,0
2017-07-24,735.1524658203125,1000.0,1000.010009765625,999.989990234375,999.989990234375,0
2017-07-25,735.1524658203125,1000.0,1000.010009765625,999.989990234375,1000.0,0
2017-07-26,735.1524658203125,1000.0,1000.010009765625,999.989990234375,1000.0,0
2017-07-27,735.1524658203125,1000.0,1000.010009765625,998.1500244140625,999.989990234375,0
2017-07-28,735.1524658203125,1000.0,1000.010009765625,999.989990234375,999.989990234375,0
2017-07-31,737.6031494140625,1000.0,1000.010009765625,999.989990234375,1000.0,0
2017-08-01,737.6031494140625,1000.0,1000.010009765625,999.989990234375,1000.0,0
2017-08-02,737.6031494140625,1000.0,1000.010009765625,999.989990234375,999.989990234375,0
2017-08-03,737.6031494140625,1000.0,1000.010009765625,999.989990234375,1000.0,0
2017-08-04,737.6031494140625,1000.0,1000.010009765625,999.989990234375,1000.0,0
2017-08-07,737.6031494140625,1000.0,1000.010009765625,999.989990234375,1000.0,0
2017-08-08,737.6031494140625,1000.0,1000.010009765625,999.989990234375,999.989990234375,0
2017-08-09,737.6031494140625,1000.0,1000.010009765625,999.989990234375,1000.0,0
2017-08-10,737.6031494140625,1000.0,1000.010009765625,999.989990234375,1000.0,0
2017-08-11,737.6031494140625,1000.0,1000.010009765625,999.989990234375,999.989990234375,0
2017-08-14,737.6031494140625,1000.0,1000.010009765625,999.989990234375,999.989990234375,0
2017-08-16,737.6031494140625,1000.0,1000.010009765625,999.989990234375,999.989990234375,0
2017-08-17,737.6031494140625,1000.0,1000.010009765625,999.989990234375,999.989990234375,0
2017-08-18,737.6031494140625,1000.0,1000.010009765625,985.5599975585938,985.5599975585938,0
2017-08-21,737.6031494140625,1000.0,1000.010009765625,999.989990234375,999.989990234375,0
2017-08-22,737.6031494140625,1000.0,1000.010009765625,998.5499877929688,999.0,0
2017-08-23,737.5958251953125,999.989990234375,1000.010009765625,999.989990234375,1000.0,0
2017-08-24,737.6031494140625,1000.0,1000.010009765625,999.989990234375,1000.0,0
2017-08-28,737.5958251953125,999.989990234375,1000.010009765625,985.5599975585938,985.5599975585938,0
2017-08-29,737.5958251953125,999.989990234375,1000.010009765625,999.989990234375,999.989990234375,0
2017-08-30,737.6031494140625,1000.0,1000.010009765625,991.75,991.75,0
2017-08-31,739.95166015625,1000.0,1000.010009765625,999.989990234375,1000.0,0
2017-09-01,739.944580078125,999.989990234375,1000.010009765625,999.989990234375,1000.0,0
2017-09-04,739.95166015625,1000.0,1000.010009765625,999.989990234375,999.989990234375,0
2017-09-05,739.944580078125,999.989990234375,1000.010009765625,999.989990234375,1000.0,0
2017-09-06,739.95166015625,1000.0,1000.010009765625,999.0,1000.0,0
2017-09-07,739.95166015625,1000.0,1000.010009765625,999.989990234375,999.989990234375,0
2017-09-08,739.95166015625,1000.0,1000.010009765625,999.989990234375,1000.0,0
2017-09-11,739.95166015625,1000.0,1000.010009765625,999.989990234375,999.989990234375,0
2017-09-12,739.944580078125,999.989990234375,1000.0,999.989990234375,999.989990234375,0
2017-09-13,739.95166015625,1000.0,1000.010009765625,999.989990234375,999.989990234375,0
2017-09-14,739.95166015625,1000.0,1000.010009765625,999.989990234375,999.989990234375,0
2017-09-15,739.95166015625,1000.0,1000.010009765625,999.989990234375,1000.0,0
2017-09-18,739.944580078125,999.989990234375,1000.010009765625,997.25,999.989990234375,0
2017-09-19,739.95166015625,1000.0,1000.010009765625,999.989990234375,999.989990234375,0
2017-09-20,739.944580078125,999.989990234375,1000.010009765625,999.989990234375,999.989990234375,0
2017-09-21,739.95166015625,1000.0,1000.010009765625,999.989990234375,1000.0,0
2017-09-22,739.95166015625,1000.0,1000.010009765625,999.989990234375,1000.0,0
2017-09-25,739.95166015625,1000.0,1000.010009765625,999.989990234375,1000.0,0
2017-09-26,739.95166015625,1000.0,1000.010009765625,998.5499877929688,1000.0,0
2017-09-27,739.95166015625,1000.0,1000.010009765625,999.989990234375,1000.0,0
2017-09-28,739.944580078125,999.989990234375,1000.010009765625,999.989990234375,999.989990234375,0
2017-09-29,742.14892578125,1000.0,1000.010009765625,999.989990234375,1000.0,0
2017-10-03,742.14892578125,1000.0,1000.010009765625,999.989990234375,1000.0,0
2017-10-04,742.14892578125,1000.0,1000.010009765625,999.989990234375,1000.0,0
2017-10-05,742.14892578125,1000.0,1000.010009765625,999.989990234375,1000.0,0
2017-10-06,742.141845703125,999.989990234375,1000.010009765625,999.989990234375,999.989990234375,0
2017-10-09,742.14892578125,1000.0,1000.010009765625,999.989990234375,999.989990234375,0
2017-10-10,742.14892578125,1000.0,1000.010009765625,999.989990234375,999.989990234375,0
2017-10-11,742.14892578125,1000.0,1000.010009765625,999.989990234375,1000.0,0
2017-10-12,742.141845703125,999.989990234375,1000.010009765625,999.989990234375,1000.0,0
2017-10-13,742.141845703125,999.989990234375,1000.010009765625,999.989990234375,999.989990234375,0
2017-10-16,742.14892578125,1000.0,1000.010009765625,999.989990234375,1000.0,0
2017-10-17,742.14892578125,1000.0,1000.010009765625,999.989990234375,999.989990234375,0
2017-10-18,742.14892578125,1000.0,1000.010009765625,997.5499877929688,1000.0,0
2017-10-19,742.8021850585938,1000.8800048828125,1005.0,985.5599975585938,985.5599975585938,0
2017-10-23,742.14892578125,1000.0,1000.010009765625,999.989990234375,1000.0,0
2017-10-24,742.141845703125,999.989990234375,1000.010009765625,999.989990234375,1000.0,0
2017-10-25,742.14892578125,1000.0,1000.010009765625,999.989990234375,999.989990234375,0
2017-10-26,742.141845703125,999.989990234375,1000.010009765625,999.989990234375,999.989990234375,0
2017-10-27,742.141845703125,999.989990234375,1000.010009765625,999.989990234375,1000.0,0
2017-10-30,742.14892578125,1000.0,1000.010009765625,999.989990234375,999.989990234375,0
2017-10-31,744.553955078125,1000.0,1000.010009765625,999.989990234375,999.989990234375,0
2017-11-01,744.553955078125,1000.0,1000.010009765625,999.010009765625,999.010009765625,0
2017-11-02,744.553955078125,1000.0,1000.010009765625,999.0,999.0,0
2017-11-03,744.553955078125,1000.0,1000.010009765625,999.989990234375,1000.0,0
2017-11-06,744.553955078125,1000.0,1000.010009765625,999.1500244140625,999.5999755859375,0
2017-11-07,744.553955078125,1000.0,1000.010009765625,999.989990234375,999.989990234375,0
2017-11-08,744.546142578125,999.989990234375,1000.010009765625,999.989990234375,1000.0,0
2017-11-09,744.553955078125,1000.0,1000.010009765625,999.989990234375,999.989990234375,0
2017-11-10,744.553955078125,1000.0,1000.010009765625,999.989990234375,999.989990234375,0
2017-11-13,744.553955078125,1000.0,1000.010009765625,999.989990234375,999.989990234375,0
2017-11-14,744.553955078125,1000.0,1000.010009765625,999.989990234375,1000.0,0
2017-11-15,744.553955078125,1000.0,1000.010009765625,999.989990234375,999.989990234375,0
2017-11-16,744.553955078125,1000.0,1000.010009765625,999.989990234375,999.989990234375,0
2017-11-17,744.553955078125,1000.0,1000.010009765625,998.5499877929688,999.989990234375,0
2017-11-20,744.553955078125,1000.0,1000.010009765625,999.9500122070312,999.9500122070312,0
2017-11-21,744.553955078125,1000.0,1000.010009765625,999.989990234375,999.989990234375,0
2017-11-22,744.553955078125,1000.0,1000.010009765625,999.989990234375,999.989990234375,0
2017-11-23,744.553955078125,1000.0,1000.010009765625,999.989990234375,1000.0,0
2017-11-24,744.553955078125,1000.0,1000.010009765625,999.989990234375,1000.0,0
2017-11-27,744.553955078125,1000.0,1000.010009765625,999.989990234375,999.989990234375,0
2017-11-28,744.546142578125,999.989990234375,1000.010009765625,999.9000244140625,999.989990234375,0
2017-11-29,744.553955078125,1000.0,1000.010009765625,999.989990234375,1000.0,0
2017-11-30,746.8933715820312,1000.0,1000.010009765625,999.989990234375,1000.0,0
2017-12-01,746.8933715820312,1000.0,1000.010009765625,999.989990234375,1000.0,0
2017-12-04,746.8861083984375,999.989990234375,1000.010009765625,999.989990234375,999.989990234375,0
2017-12-05,746.8933715820312,1000.0,1000.010009765625,999.9500122070312,999.9500122070312,0
2017-12-06,746.8933715820312,1000.0,1000.010009765625,985.5599975585938,999.5999755859375,0
2017-12-07,746.8933715820312,1000.0,1000.010009765625,999.989990234375,1000.0,0
2017-12-08,746.8933715820312,1000.0,1000.010009765625,999.989990234375,1000.0,0
2017-12-11,746.8933715820312,1000.0,1000.010009765625,999.989990234375,1000.0,0
2017-12-12,746.8933715820312,1000.0,1000.010009765625,999.010009765625,1000.0,0
2017-12-13,746.8933715820312,1000.0,1000.010009765625,999.989990234375,1000.0,0
2017-12-14,746.8933715820312,1000.0,1000.010009765625,999.989990234375,999.989990234375,0
2017-12-15,746.8933715820312,1000.0,1000.010009765625,999.989990234375,1000.0,0
2017-12-18,746.8933715820312,1000.0,1000.010009765625,999.989990234375,1000.0,0
2017-12-19,746.8933715820312,1000.0,1000.010009765625,999.010009765625,1000.0,0
2017-12-20,746.8933715820312,1000.0,1000.010009765625,999.989990234375,999.989990234375,0
2017-12-21,746.8933715820312,1000.0,1000.010009765625,999.989990234375,999.989990234375,0
2017-12-22,746.8933715820312,1000.0,1000.010009765625,999.989990234375,1000.0,0
2017-12-26,746.8861083984375,999.989990234375,1000.010009765625,999.989990234375,999.989990234375,0
2017-12-27,746.8933715820312,1000.0,1000.010009765625,999.989990234375,999.989990234375,0
2017-12-28,746.8933715820312,1000.0,1000.010009765625,999.989990234375,1000.0,0
2017-12-29,749.348876953125,1000.0,1000.010009765625,999.5999755859375,999.989990234375,0
2018-01-01,749.348876953125,1000.0,1000.010009765625,985.5599975585938,985.5599975585938,0
2018-01-02,749.348876953125,1000.0,1000.010009765625,999.989990234375,1000.0,0
2018-01-03,749.348876953125,1000.0,1000.010009765625,999.989990234375,1000.0,0
2018-01-04,749.348876953125,1000.0,1000.010009765625,999.989990234375,999.989990234375,0
2018-01-05,749.348876953125,1000.0,1000.010009765625,999.989990234375,1000.0,0
2018-01-08,749.3414916992188,999.989990234375,1000.010009765625,999.989990234375,999.989990234375,0
2018-01-09,749.348876953125,1000.0,1000.010009765625,999.989990234375,999.989990234375,0
2018-01-10,749.348876953125,1000.0,1000.010009765625,999.989990234375,999.989990234375,0
2018-01-11,749.348876953125,1000.0,1000.010009765625,999.989990234375,1000.0,0
2018-01-12,749.348876953125,1000.0,1000.010009765625,999.989990234375,999.989990234375,0
2018-01-15,749.348876953125,1000.0,1000.010009765625,999.989990234375,999.989990234375,0
2018-01-16,749.348876953125,1000.0,1000.010009765625,987.0,987.0,0
2018-01-17,749.3414916992188,999.989990234375,1000.010009765625,999.510009765625,999.75,0
2018-01-18,749.348876953125,1000.0,1000.010009765625,999.989990234375,999.989990234375,0
2018-01-19,749.348876953125,1000.0,1000.010009765625,999.989990234375,1000.0,0
2018-01-22,749.348876953125,1000.0,1000.010009765625,999.989990234375,1000.0,0
2018-01-23,749.348876953125,1000.0,1000.010009765625,999.989990234375,999.989990234375,0
2018-01-24,749.3414916992188,999.989990234375,1000.010009765625,999.989990234375,999.989990234375,0
2018-01-25,749.348876953125,1000.0,1000.010009765625,999.989990234375,999.989990234375,0
2018-01-29,749.3414916992188,999.989990234375,1014.4400024414062,999.989990234375,1014.4400024414062,0
2018-01-30,749.348876953125,1000.0,1000.010009765625,999.989990234375,999.989990234375,0
2018-01-31,751.7694702148438,1000.0,1000.010009765625,999.989990234375,1000.0,0
2018-02-01,751.7694702148438,1000.0,1000.010009765625,999.75,999.75,0
2018-02-02,751.7694702148438,1000.0,1000.010009765625,999.989990234375,999.989990234375,0
2018-02-05,751.7694702148438,1000.0,1000.010009765625,999.989990234375,999.989990234375,0
2018-02-06,751.7694702148438,1000.0,1000.010009765625,999.989990234375,999.989990234375,0
2018-02-07,751.7694702148438,1000.0,1000.010009765625,999.989990234375,1000.0,0
2018-02-08,751.7694702148438,1000.0,1000.010009765625,999.5999755859375,999.989990234375,0
2018-02-09,751.7694702148438,1000.0,1000.010009765625,999.989990234375,999.989990234375,0
2018-02-12,751.7694702148438,1000.0,1000.010009765625,999.989990234375,999.989990234375,0
2018-02-14,751.7694702148438,1000.0,1000.010009765625,999.989990234375,999.989990234375,0
2018-02-15,751.7694702148438,1000.0,1014.4400024414062,999.989990234375,1000.0,0
2018-02-16,751.7694702148438,1000.0,1000.010009765625,999.989990234375,999.989990234375,0
2018-02-19,751.7694702148438,1000.0,1000.010009765625,999.989990234375,999.989990234375,0
2018-02-20,751.7620239257812,999.989990234375,1000.010009765625,999.989990234375,1000.0,0
2018-02-21,751.7694702148438,1000.0,1000.010009765625,999.989990234375,999.989990234375,0
2018-02-22,751.7694702148438,1000.0,1000.010009765625,999.989990234375,1000.0,0
2018-02-23,751.7620239257812,999.989990234375,1000.010009765625,999.989990234375,1000.0,0
2018-02-26,751.7620239257812,999.989990234375,1000.010009765625,999.989990234375,999.989990234375,0
2018-02-27,751.7694702148438,1000.0,1000.010009765625,999.9500122070312,999.9500122070312,0
2018-02-28,753.9765014648438,1000.0,1000.010009765625,999.989990234375,999.989990234375,0
2018-03-01,753.9765014648438,1000.0,1000.010009765625,999.989990234375,1000.0,0
2018-03-05,753.9765014648438,1000.0,1000.010009765625,999.989990234375,999.989990234375,0
2018-03-06,753.9765014648438,1000.0,1000.010009765625,999.989990234375,1000.0,0
2018-03-07,753.968505859375,999.989990234375,1000.010009765625,999.989990234375,999.989990234375,0
2018-03-08,753.998779296875,1000.030029296875,1014.4400024414062,999.989990234375,1000.0,0
2018-03-09,753.9765014648438,1000.0,1000.010009765625,999.75,999.989990234375,0
2018-03-12,753.968505859375,999.989990234375,1000.010009765625,999.989990234375,1000.0,0
2018-03-13,753.9612426757812,999.97998046875,1000.010009765625,998.5499877929688,999.989990234375,0
2018-03-14,753.968505859375,999.989990234375,1000.010009765625,999.989990234375,999.989990234375,0
2018-03-15,753.9765014648438,1000.0,1000.010009765625,999.989990234375,1000.0,0
2018-03-16,753.968505859375,999.989990234375,1000.010009765625,999.989990234375,1000.0,0
2018-03-19,753.9765014648438,1000.0,1000.010009765625,999.989990234375,1000.0,0
2018-03-20,753.9765014648438,1000.0,1000.010009765625,999.989990234375,1000.0,0
2018-03-21,753.9765014648438,1000.0,1000.010009765625,999.989990234375,999.989990234375,0
2018-03-22,753.9765014648438,1000.0,1000.010009765625,999.989990234375,999.989990234375,0
2018-03-23,753.9765014648438,1000.0,1000.010009765625,999.9000244140625,999.9000244140625,0
2018-03-26,753.968505859375,999.989990234375,1000.010009765625,999.0,999.989990234375,0
2018-03-27,753.9765014648438,1000.0,1000.5,998.5499877929688,1000.0,0
2018-03-28,756.4822387695312,1000.0,1000.4500122070312,999.0499877929688,1000.0,0
2018-04-02,756.4822387695312,1000.0,1000.010009765625,999.75,1000.0,0
2018-04-03,756.474609375,999.989990234375,1000.010009765625,985.5599975585938,985.5599975585938,0
2018-04-04,756.4822387695312,1000.0,1000.010009765625,999.989990234375,999.989990234375,0
2018-04-05,756.474609375,999.989990234375,1000.010009765625,999.989990234375,1000.0,0
2018-04-06,756.4822387695312,1000.0,1000.010009765625,999.989990234375,1000.0,0
2018-04-09,756.4822387695312,1000.0,1000.010009765625,999.989990234375,1000.0,0
2018-04-10,756.4822387695312,1000.0,1000.010009765625,999.989990234375,1000.0,0
2018-04-11,756.4822387695312,1000.0,1000.010009765625,999.2000122070312,1000.0,0
2018-04-12,756.4822387695312,1000.0,1000.010009765625,999.989990234375,1000.0,0
2018-04-13,756.4822387695312,1000.0,1000.010009765625,999.989990234375,1000.0,0
2018-04-16,756.474609375,999.989990234375,1000.010009765625,999.989990234375,999.989990234375,0
2018-04-17,756.474609375,999.989990234375,1000.010009765625,999.989990234375,999.989990234375,0
2018-04-18,756.4822387695312,1000.0,1000.010009765625,999.989990234375,1000.0,0
2018-04-19,756.474609375,999.989990234375,1000.010009765625,998.5499877929688,999.989990234375,0
2018-04-20,756.4822387695312,1000.0,1000.010009765625,999.989990234375,999.989990234375,0
2018-04-23,756.4822387695312,1000.0,1000.010009765625,997.5499877929688,1000.0,0
2018-04-24,756.474609375,999.989990234375,1000.010009765625,998.5499877929688,999.989990234375,0
2018-04-25,756.4822387695312,1000.0,1000.010009765625,999.989990234375,999.989990234375,0
2018-04-26,756.4822387695312,1000.0,1000.010009765625,999.989990234375,1000.0,0
2018-04-27,758.8095092773438,1000.0,1000.010009765625,999.989990234375,999.989990234375,0
2018-04-30,758.8020629882812,999.989990234375,1000.010009765625,999.989990234375,999.989990234375,0
2018-05-02,758.8095092773438,1000.0,1000.010009765625,999.989990234375,1000.0,0
2018-05-03,758.8095092773438,1000.0,1000.010009765625,999.989990234375,1000.0,0
2018-05-04,758.8095092773438,1000.0,1000.010009765625,999.989990234375,1000.0,0
2018-05-07,758.8020629882812,999.989990234375,1000.010009765625,988.0999755859375,988.0999755859375,0
2018-05-08,758.8095092773438,1000.0,1000.010009765625,999.989990234375,999.989990234375,0
2018-05-09,758.8095092773438,1000.0,1000.010009765625,999.989990234375,1000.0,0
2018-05-10,758.8095092773438,1000.0,1000.010009765625,999.989990234375,1000.0,0
2018-05-11,758.8095092773438,1000.0,1000.010009765625,999.9000244140625,999.9000244140625,0
2018-05-14,758.8095092773438,1000.0,1000.010009765625,999.989990234375,999.989990234375,0
2018-05-15,758.8020629882812,999.989990234375,1000.010009765625,988.0999755859375,988.0999755859375,0
2018-05-16,758.8095092773438,1000.0,1000.010009765625,999.989990234375,1000.0,0
2018-05-17,758.8095092773438,1000.0,1000.010009765625,999.0999755859375,1000.0,0
2018-05-18,758.8095092773438,1000.0,1000.010009765625,999.989990234375,1000.0,0
2018-05-21,758.8095092773438,1000.0,1000.010009765625,999.0999755859375,999.0999755859375,0
2018-05-22,758.8020629882812,999.989990234375,1000.010009765625,998.6500244140625,999.9500122070312,0
2018-05-23,758.8095092773438,1000.0,1000.010009765625,999.989990234375,999.989990234375,0
2018-05-24,758.8095092773438,1000.0,1000.010009765625,999.989990234375,999.989990234375,0
2018-05-25,758.8095092773438,1000.0,1000.010009765625,999.989990234375,1000.0,0
2018-05-28,758.8095092773438,1000.0,1000.010009765625,999.989990234375,1000.0,0
2018-05-29,758.8095092773438,1000.0,1000.010009765625,999.989990234375,1000.010009765625,0
2018-05-30,758.8095092773438,1000.0,1000.010009765625,999.989990234375,1000.0,0
2018-05-31,761.3709106445312,1000.0,1000.010009765625,999.989990234375,1000.0,0
2018-06-01,761.3709106445312,1000.0,1000.010009765625,999.989990234375,1000.0,0
2018-06-04,761.3709106445312,1000.0,1000.010009765625,999.989990234375,1000.0,0
2018-06-05,761.3709106445312,1000.0,1000.010009765625,999.989990234375,1000.0,0
2018-06-06,761.3633422851562,999.989990234375,1000.010009765625,999.989990234375,1000.0,0
2018-06-07,761.3709106445312,1000.0,1000.010009765625,999.989990234375,999.989990234375,0
2018-06-08,761.3709106445312,1000.0,1014.4400024414062,999.989990234375,1014.4400024414062,0
2018-06-11,761.3709106445312,1000.0,1000.010009765625,999.0,1000.0,0
2018-06-12,761.3709106445312,1000.0,1014.4400024414062,999.989990234375,1014.4400024414062,0
2018-06-13,761.3709106445312,1000.0,1000.010009765625,999.989990234375,1000.0,0
2018-06-14,761.3633422851562,999.989990234375,1000.010009765625,999.989990234375,1000.0,0
2018-06-15,761.3709106445312,1000.0,1000.010009765625,999.989990234375,999.989990234375,0
2018-06-18,761.3709106445312,1000.0,1000.010009765625,999.989990234375,999.989990234375,0
2018-06-19,761.3709106445312,1000.0,1000.010009765625,999.989990234375,999.989990234375,0
2018-06-20,761.3709106445312,1000.0,1000.010009765625,999.989990234375,999.989990234375,0
2018-06-21,761.3633422851562,999.989990234375,1000.010009765625,999.989990234375,1000.0,0
2018-06-22,761.3633422851562,999.989990234375,1000.010009765625,999.989990234375,1000.0,0
2018-06-25,761.3709106445312,1000.0,1000.010009765625,990.0,990.0,0
2018-06-26,761.3709106445312,1000.0,1000.010009765625,999.989990234375,1000.0,0
2018-06-27,761.3709106445312,1000.0,1000.010009765625,999.989990234375,999.989990234375,0
2018-06-28,761.3709106445312,1000.0,1000.010009765625,999.0,999.0,0
2018-06-29,763.7609252929688,1000.0,1000.010009765625,999.989990234375,1000.0,0
2018-07-02,763.7609252929688,1000.0,1000.010009765625,999.989990234375,999.989990234375,0
2018-07-03,763.7534790039062,999.989990234375,1000.010009765625,999.0,999.0,0
2018-07-04,763.7534790039062,999.989990234375,1000.010009765625,990.0,990.0,0
2018-07-05,763.7609252929688,1000.0,1000.010009765625,999.989990234375,1000.0,0
2018-07-06,763.7534790039062,999.989990234375,1000.010009765625,999.989990234375,999.989990234375,0
2018-07-09,763.7534790039062,999.989990234375,1000.010009765625,999.989990234375,1000.0,0
2018-07-10,763.7609252929688,1000.0,1000.010009765625,999.989990234375,1000.0,0
2018-07-11,763.7609252929688,1000.0,1000.010009765625,999.989990234375,999.989990234375,0
2018-07-12,763.7609252929688,1000.0,1000.010009765625,990.2999877929688,990.2999877929688,0
2018-07-13,763.7609252929688,1000.0,1000.010009765625,999.989990234375,999.989990234375,0
2018-07-16,763.7609252929688,1000.0,1000.010009765625,999.989990234375,999.989990234375,0
2018-07-17,763.7609252929688,1000.0,1000.010009765625,999.989990234375,999.989990234375,0
2018-07-18,763.7609252929688,1000.0,1000.010009765625,990.5,990.5,0
2018-07-19,763.7534790039062,999.989990234375,1000.010009765625,999.989990234375,999.989990234375,0
2018-07-20,763.7534790039062,999.989990234375,1000.010009765625,999.989990234375,1000.0,0
2018-07-23,763.7534790039062,999.989990234375,1000.010009765625,999.989990234375,1000.0,0
2018-07-24,763.7534790039062,999.989990234375,1000.010009765625,991.6500244140625,991.6500244140625,0
2018-07-25,763.7609252929688,1000.0,1000.010009765625,999.989990234375,999.989990234375,0
2018-07-26,763.7609252929688,1000.0,1000.010009765625,999.989990234375,999.989990234375,0
2018-07-27,763.7609252929688,1000.0,1000.010009765625,999.989990234375,1000.0,0
2018-07-30,763.7609252929688,1000.0,1000.010009765625,999.989990234375,999.989990234375,0
2018-07-31,766.4673461914062,1000.0,1000.010009765625,999.989990234375,1000.0,0
2018-08-01,766.4673461914062,1000.0,1000.010009765625,999.989990234375,999.989990234375,0
2018-08-02,766.4598388671875,999.989990234375,1014.4400024414062,999.989990234375,1014.4400024414062,0
2018-08-03,766.4673461914062,1000.0,1010.2000122070312,999.989990234375,999.989990234375,0
2018-08-06,766.4673461914062,1000.0,1000.010009765625,995.6500244140625,1000.0,0
2018-08-07,766.4673461914062,1000.0,1000.010009765625,999.989990234375,1000.0,0
2018-08-08,766.4673461914062,1000.0,1000.010009765625,999.989990234375,999.989990234375,0
2018-08-09,766.4673461914062,1000.0,1000.010009765625,999.989990234375,999.989990234375,0
2018-08-10,766.4673461914062,1000.0,1000.010009765625,999.989990234375,1000.0,0
2018-08-13,766.4673461914062,1000.0,1000.010009765625,999.989990234375,999.989990234375,0
2018-08-14,766.4673461914062,1000.0,1000.010009765625,999.989990234375,999.989990234375,0
2018-08-16,766.4673461914062,1000.0,1000.010009765625,999.989990234375,1000.0,0
2018-08-17,766.4598388671875,999.989990234375,1000.010009765625,999.989990234375,1000.0,0
2018-08-20,766.4673461914062,1000.0,1000.010009765625,999.989990234375,1000.0,0
2018-08-21,766.4673461914062,1000.0,1000.010009765625,999.989990234375,999.989990234375,0
2018-08-23,766.4673461914062,1000.0,1000.010009765625,999.989990234375,1000.0,0
2018-08-24,766.4673461914062,1000.0,1000.010009765625,999.989990234375,1000.0,0
2018-08-27,766.4673461914062,1000.0,1000.010009765625,999.9000244140625,999.9000244140625,0
2018-08-28,766.4673461914062,1000.0,1000.010009765625,999.0,999.0,0
2018-08-29,766.4673461914062,1000.0,1000.010009765625,999.989990234375,999.989990234375,0
2018-08-30,766.4673461914062,1000.0,1000.010009765625,999.989990234375,999.989990234375,0
2018-08-31,769.1851196289062,999.989990234375,1000.010009765625,999.989990234375,1000.0,0
2018-09-03,769.1926879882812,1000.0,1000.010009765625,999.989990234375,1000.0,0
2018-09-04,769.1926879882812,1000.0,1000.010009765625,999.989990234375,999.989990234375,0
2018-09-05,769.1926879882812,1000.0,1000.010009765625,999.989990234375,999.989990234375,0
2018-09-06,769.1926879882812,1000.0,1000.010009765625,999.989990234375,1000.0,0
2018-09-07,769.1926879882812,1000.0,1000.010009765625,999.989990234375,1000.0,0
2018-09-10,769.1926879882812,1000.0,1000.010009765625,999.989990234375,999.989990234375,0
2018-09-11,769.1926879882812,1000.0,1000.010009765625,991.6500244140625,991.6500244140625,0
2018-09-12,769.1926879882812,1000.0,1000.010009765625,999.0,999.989990234375,0
2018-09-14,769.1926879882812,1000.0,1000.010009765625,999.989990234375,1000.0,0
2018-09-17,769.1926879882812,1000.0,1000.010009765625,999.989990234375,1000.0,0
2018-09-18,769.1851196289062,999.989990234375,1000.010009765625,999.989990234375,1000.0,0
2018-09-19,769.1926879882812,1000.0,1000.010009765625,999.989990234375,999.989990234375,0
2018-09-21,769.1926879882812,1000.0,1000.010009765625,999.989990234375,999.989990234375,0
2018-09-24,769.1926879882812,1000.0,1000.010009765625,999.989990234375,999.989990234375,0
2018-09-25,769.1926879882812,1000.0,1000.010009765625,999.989990234375,1000.0,0
2018-09-26,769.1926879882812,1000.0,1000.010009765625,999.989990234375,999.989990234375,0
2018-09-27,769.1926879882812,1000.0,1000.010009765625,999.989990234375,1000.0,0
2018-09-28,771.8172607421875,1000.0,1000.010009765625,999.0,1000.0,0
2018-10-01,771.81005859375,999.989990234375,1000.010009765625,999.989990234375,999.989990234375,0
2018-10-03,771.81005859375,999.989990234375,1000.010009765625,991.5599975585938,995.0,0
2018-10-04,771.8172607421875,1000.0,1000.010009765625,999.0,1000.0,0
2018-10-05,771.8172607421875,1000.0,1000.010009765625,999.989990234375,1000.0,0
2018-10-08,771.8172607421875,1000.0,1000.010009765625,999.989990234375,1000.0,0
2018-10-09,771.8172607421875,1000.0,1000.010009765625,999.989990234375,1000.0,0
2018-10-10,771.8172607421875,1000.0,1000.010009765625,999.989990234375,1000.0,0
2018-10-11,771.8172607421875,1000.0,1000.010009765625,991.5599975585938,1000.0,0
2018-10-12,771.8172607421875,1000.0,1000.010009765625,999.989990234375,999.989990234375,0
2018-10-15,771.8172607421875,1000.0,1000.010009765625,999.989990234375,999.989990234375,0
2018-10-16,771.8172607421875,1000.0,1000.010009765625,999.989990234375,999.989990234375,0
2018-10-17,771.8172607421875,1000.0,1000.010009765625,999.989990234375,999.989990234375,0
2018-10-19,771.81005859375,999.989990234375,1005.0,999.989990234375,1000.0,0
2018-10-22,771.8172607421875,1000.0,1000.010009765625,997.75,1000.0,0
2018-10-23,771.81005859375,999.989990234375,1000.010009765625,999.989990234375,999.989990234375,0
2018-10-24,771.81005859375,999.989990234375,1000.010009765625,999.989990234375,999.989990234375,0
2018-10-25,771.8172607421875,1000.0,1000.010009765625,999.989990234375,1000.0,0
2018-10-26,771.8172607421875,1000.0,1000.010009765625,999.9500122070312,999.9500122070312,0
2018-10-29,771.81005859375,999.989990234375,1000.010009765625,999.989990234375,1000.0,0
2018-10-30,771.8172607421875,1000.0,1000.010009765625,999.989990234375,1000.0,0
2018-10-31,774.5252075195312,1000.0,1000.010009765625,999.989990234375,1000.0,0
2018-11-01,774.51806640625,999.989990234375,1000.010009765625,992.0,992.0,0
2018-11-02,774.5252075195312,1000.0,1000.010009765625,999.989990234375,1000.0,0
2018-11-05,774.51806640625,999.989990234375,1000.010009765625,995.7000122070312,1000.0,0
2018-11-06,774.5252075195312,1000.0,1000.010009765625,999.989990234375,999.989990234375,0
2018-11-07,774.5408325195312,1000.02001953125,1002.0,999.0,999.989990234375,0
2018-11-09,774.51806640625,999.989990234375,1000.010009765625,996.4500122070312,1000.0,0
2018-11-12,774.5252075195312,1000.0,1000.010009765625,999.010009765625,999.010009765625,0
2018-11-13,774.51806640625,999.989990234375,1000.010009765625,999.989990234375,1000.0,0
2018-11-14,774.5252075195312,1000.0,1000.010009765625,999.989990234375,1000.0,0
2018-11-15,774.5252075195312,1000.0,1000.010009765625,999.989990234375,1000.0,0
2018-11-16,774.5252075195312,1000.0,1000.010009765625,999.9400024414062,999.97998046875,0
2018-11-19,774.5252075195312,1000.0,1000.010009765625,999.989990234375,1000.0,0
2018-11-20,774.5252075195312,1000.0,1000.010009765625,999.989990234375,999.989990234375,0
2018-11-21,774.51806640625,999.989990234375,1000.010009765625,999.989990234375,999.989990234375,0
2018-11-22,774.5252075195312,1000.0,1000.010009765625,999.989990234375,999.989990234375,0
2018-11-26,774.51806640625,999.989990234375,1000.010009765625,999.010009765625,1000.0,0
2018-11-27,774.51806640625,999.989990234375,1000.010009765625,999.989990234375,1000.0,0
2018-11-28,774.5252075195312,1000.0,1000.010009765625,999.989990234375,999.989990234375,0
2018-11-29,774.5252075195312,1000.0,1000.010009765625,999.989990234375,999.989990234375,0
2018-11-30,777.1819458007812,1000.0,1000.010009765625,999.989990234375,1000.0,0
2018-12-03,777.1746826171875,999.989990234375,1000.010009765625,999.989990234375,1000.0,0
2018-12-04,777.1746826171875,999.989990234375,1000.010009765625,999.989990234375,999.989990234375,0
2018-12-05,777.1746826171875,999.989990234375,1000.010009765625,999.010009765625,999.989990234375,0
2018-12-06,777.1819458007812,1000.0,1000.010009765625,999.989990234375,999.989990234375,0
2018-12-07,777.1746826171875,999.989990234375,1000.010009765625,999.989990234375,999.989990234375,0
2018-12-10,777.1819458007812,1000.0,1000.010009765625,999.989990234375,1000.0,0
2018-12-11,777.1746826171875,999.989990234375,1000.010009765625,999.989990234375,999.989990234375,0
2018-12-12,777.1746826171875,999.989990234375,1000.010009765625,999.010009765625,999.010009765625,0
2018-12-13,777.1819458007812,1000.0,1000.010009765625,999.989990234375,1000.0,0
2018-12-14,777.1819458007812,1000.0,1000.010009765625,999.989990234375,1000.0,0
2018-12-17,777.1819458007812,1000.0,1000.010009765625,999.989990234375,999.989990234375,0
2018-12-18,777.1819458007812,1000.0,1000.010009765625,999.989990234375,1000.0,0
2018-12-19,777.1819458007812,1000.0,1000.010009765625,999.989990234375,999.989990234375,0
2018-12-20,777.1819458007812,1000.0,1000.010009765625,999.0,999.0,0
2018-12-21,777.1819458007812,1000.0,1000.010009765625,999.0,1000.0,0
2018-12-24,777.1819458007812,1000.0,1000.010009765625,999.010009765625,999.010009765625,0
2018-12-26,777.1819458007812,1000.0,1000.010009765625,999.010009765625,1000.0,0
2018-12-27,777.1819458007812,1000.0,1000.010009765625,999.989990234375,1000.0,0
2018-12-28,777.1746826171875,999.989990234375,1000.010009765625,999.989990234375,999.989990234375,0
2018-12-31,779.9401245117188,999.989990234375,1000.010009765625,999.989990234375,1000.0,0
2019-01-01,779.947509765625,1000.0,1000.010009765625,999.989990234375,1000.0,0
2019-01-02,779.947509765625,1000.0,1000.010009765625,999.989990234375,999.989990234375,0
2019-01-03,779.947509765625,1000.0,1000.010009765625,999.989990234375,1000.0,0
2019-01-04,779.947509765625,1000.0,1000.010009765625,999.989990234375,1000.0,0
2019-01-07,779.9401245117188,999.989990234375,1000.010009765625,999.010009765625,1000.0,0
2019-01-08,779.947509765625,1000.0,1000.010009765625,999.989990234375,1000.0,0
2019-01-09,779.947509765625,1000.0,1000.010009765625,999.1099853515625,1000.0,0
2019-01-10,779.947509765625,1000.0,1000.010009765625,999.9000244140625,1000.0,0
2019-01-11,779.947509765625,1000.0,1000.010009765625,999.9600219726562,1000.0,0
2019-01-14,779.9401245117188,999.989990234375,1000.010009765625,999.010009765625,999.010009765625,0
2019-01-15,779.947509765625,1000.0,1000.010009765625,999.989990234375,999.989990234375,0
2019-01-16,779.947509765625,1000.0,1000.010009765625,999.989990234375,999.989990234375,0
2019-01-17,779.947509765625,1000.0,1000.010009765625,999.989990234375,1000.0,0
2019-01-18,779.947509765625,1000.0,1000.010009765625,999.989990234375,1000.0,0
2019-01-21,779.947509765625,1000.0,1000.010009765625,999.1599731445312,999.25,0
2019-01-22,779.9401245117188,999.989990234375,1000.010009765625,999.989990234375,1000.0,0
2019-01-23,779.9401245117188,999.989990234375,1000.010009765625,999.510009765625,1000.0,0
2019-01-24,779.947509765625,1000.0,1000.010009765625,999.510009765625,999.989990234375,0
2019-01-25,779.947509765625,1000.0,1000.010009765625,999.260009765625,1000.0,0
2019-01-28,779.9401245117188,999.989990234375,1000.010009765625,999.510009765625,1000.0,0
2019-01-29,779.9401245117188,999.989990234375,1000.010009765625,999.3599853515625,999.3599853515625,0
2019-01-30,779.947509765625,1000.0,1000.010009765625,999.989990234375,1000.0,0
2019-01-31,782.700927734375,1000.0,1000.010009765625,999.989990234375,1000.0,0
2019-02-01,782.700927734375,1000.0,1000.010009765625,999.989990234375,1000.0,0
2019-02-04,782.6932983398438,999.989990234375,1000.010009765625,999.9500122070312,999.9500122070312,0
2019-02-05,782.700927734375,1000.0,1000.010009765625,999.989990234375,1000.0,0
2019-02-06,782.700927734375,1000.0,1000.010009765625,999.989990234375,1000.0,0
2019-02-07,782.700927734375,1000.0,1000.010009765625,999.3300170898438,999.989990234375,0
2019-02-08,782.700927734375,1000.0,1000.010009765625,999.989990234375,1000.0,0
2019-02-11,782.6932983398438,999.989990234375,1000.010009765625,999.3499755859375,999.989990234375,0
2019-02-12,782.700927734375,1000.0,1000.010009765625,999.5499877929688,999.5499877929688,0
2019-02-14,782.6932983398438,999.989990234375,1000.010009765625,999.989990234375,999.989990234375,0
2019-02-15,782.700927734375,1000.0,1000.010009765625,999.5499877929688,999.989990234375,0
2019-02-18,782.6932983398438,999.989990234375,1000.010009765625,991.5599975585938,991.5599975585938,0
2019-02-19,782.700927734375,1000.0,1000.010009765625,999.5599975585938,1000.0,0
2019-02-20,782.700927734375,1000.0,1000.010009765625,999.5800170898438,999.989990234375,0
2019-02-21,782.700927734375,1000.0,1000.010009765625,999.5700073242188,999.989990234375,0
2019-02-22,782.700927734375,1000.0,1000.010009765625,999.989990234375,999.989990234375,0
2019-02-25,782.6932983398438,999.989990234375,1000.010009765625,999.5599975585938,1000.0,0
2019-02-26,782.700927734375,1000.0,1000.010009765625,999.989990234375,999.989990234375,0
2019-02-27,782.700927734375,1000.0,1000.3499755859375,999.6099853515625,1000.3499755859375,0
2019-02-28,785.1685791015625,1000.0,1000.010009765625,999.989990234375,1000.0,0
2019-03-01,785.1685791015625,1000.0,1000.010009765625,999.989990234375,1000.0,0
2019-03-05,785.1610717773438,999.989990234375,1000.010009765625,999.9000244140625,999.9500122070312,0
2019-03-06,785.1685791015625,1000.0,1000.010009765625,999.989990234375,999.989990234375,0
2019-03-07,785.1685791015625,1000.0,1000.010009765625,999.989990234375,1000.0,0
2019-03-08,785.1610717773438,999.989990234375,1000.010009765625,999.989990234375,999.989990234375,0
2019-03-11,785.1610717773438,999.989990234375,1000.010009765625,999.25,999.5499877929688,0
2019-03-12,785.1610717773438,999.989990234375,1000.010009765625,999.989990234375,1000.0,0
2019-03-13,785.1685791015625,1000.0,1000.010009765625,999.989990234375,999.989990234375,0
2019-03-14,785.1685791015625,1000.0,1000.010009765625,999.1500244140625,1000.0,0
2019-03-15,785.1685791015625,1000.0,1000.010009765625,999.989990234375,1000.0,0
2019-03-18,785.1610717773438,999.989990234375,1000.010009765625,999.989990234375,999.989990234375,0
2019-03-19,785.1610717773438,999.989990234375,1000.010009765625,999.989990234375,1000.0,0
2019-03-20,785.1685791015625,1000.0,1000.010009765625,999.989990234375,1000.0,0
2019-03-22,785.1685791015625,1000.0,1000.010009765625,999.989990234375,1000.0,0
2019-03-25,785.1685791015625,1000.0,1000.010009765625,999.5499877929688,1000.0,0
2019-03-26,785.1610717773438,999.989990234375,1000.010009765625,999.989990234375,999.989990234375,0
2019-03-27,785.1610717773438,999.989990234375,1000.010009765625,999.989990234375,1000.0,0
2019-03-28,787.8589477539062,1000.0,1000.010009765625,999.5599975585938,1000.0,0
2019-04-01,787.8589477539062,1000.0,1000.010009765625,999.989990234375,999.989990234375,0
2019-04-02,787.8514404296875,999.989990234375,1000.010009765625,999.989990234375,999.989990234375,0
2019-04-03,787.8514404296875,999.989990234375,1000.010009765625,999.989990234375,1000.0,0
2019-04-04,787.8514404296875,999.989990234375,1000.010009765625,999.2999877929688,999.989990234375,0
2019-04-05,787.8514404296875,999.989990234375,1000.010009765625,999.989990234375,1000.0,0
2019-04-08,787.8514404296875,999.989990234375,1000.010009765625,999.989990234375,999.989990234375,0
2019-04-09,787.8589477539062,1000.0,1000.010009765625,999.25,999.5499877929688,0
2019-04-10,787.8589477539062,1000.0,1000.010009765625,999.2899780273438,1000.0,0
2019-04-11,787.8589477539062,1000.0,1000.010009765625,999.2999877929688,999.989990234375,0
2019-04-12,787.8589477539062,1000.0,1000.010009765625,999.989990234375,1000.010009765625,0
2019-04-15,787.8514404296875,999.989990234375,1000.010009765625,999.3099975585938,999.3099975585938,0
2019-04-16,787.8589477539062,1000.0,1000.010009765625,992.010009765625,992.010009765625,0
2019-04-18,787.8589477539062,1000.0,1000.0999755859375,997.9000244140625,999.989990234375,0
2019-04-22,787.8589477539062,1000.0,1000.010009765625,999.0,1000.0,0
2019-04-23,787.8589477539062,1000.0,1000.010009765625,995.010009765625,995.010009765625,0
2019-04-24,787.8589477539062,1000.0,1000.010009765625,999.989990234375,1000.0,0
2019-04-25,787.8514404296875,999.989990234375,1000.010009765625,999.989990234375,999.989990234375,0
2019-04-26,787.8589477539062,1000.0,1000.010009765625,999.989990234375,1000.0,0
2019-04-30,790.378662109375,1000.0,1000.010009765625,999.3200073242188,1000.0,0
2019-05-02,790.378662109375,1000.0,1000.010009765625,999.989990234375,999.989990234375,0
2019-05-03,790.378662109375,1000.0,1000.010009765625,999.3200073242188,1000.0,0
2019-05-06,790.3711547851562,999.989990234375,1000.010009765625,999.989990234375,999.989990234375,0
2019-05-07,790.378662109375,1000.0,1000.010009765625,999.989990234375,1000.0,0
2019-05-08,790.378662109375,1000.0,1000.010009765625,999.3200073242188,1000.0,0
2019-05-09,790.378662109375,1000.0,1000.010009765625,999.9000244140625,999.9000244140625,0
2019-05-10,790.378662109375,1000.0,1000.010009765625,999.989990234375,1000.0,0
2019-05-13,790.378662109375,1000.0,1000.010009765625,991.5599975585938,991.5599975585938,0
2019-05-14,790.378662109375,1000.0,1000.010009765625,999.4000244140625,1000.0,0
2019-05-15,790.378662109375,1000.0,1000.010009765625,994.5499877929688,995.0,0
2019-05-16,790.378662109375,1000.0,1000.010009765625,999.510009765625,999.510009765625,0
2019-05-17,790.378662109375,1000.0,1000.010009765625,999.5499877929688,999.5499877929688,0
2019-05-20,790.3711547851562,999.989990234375,1000.010009765625,999.989990234375,999.989990234375,0
2019-05-21,790.378662109375,1000.0,1000.010009765625,999.989990234375,1000.0,0
2019-05-22,790.378662109375,1000.0,1000.010009765625,999.989990234375,999.989990234375,0
2019-05-23,790.378662109375,1000.0,1000.010009765625,999.3599853515625,999.5499877929688,0
2019-05-24,790.378662109375,1000.0,1000.010009765625,999.989990234375,1000.0,0
2019-05-27,790.378662109375,1000.0,1000.010009765625,999.3699951171875,999.3699951171875,0
2019-05-28,790.3711547851562,999.989990234375,1000.010009765625,999.989990234375,1000.0,0
2019-05-29,790.378662109375,1000.0,1000.010009765625,999.989990234375,1000.0,0
2019-05-30,790.378662109375,1000.0,1000.010009765625,999.0,999.0,0
2019-05-31,793.0306396484375,1000.0,1000.010009765625,999.5599975585938,1000.0,0
2019-06-03,793.0226440429688,999.989990234375,1000.010009765625,999.6300048828125,1000.0,0
2019-06-04,793.0306396484375,1000.0,1000.010009765625,999.6500244140625,1000.0,0
2019-06-06,793.0226440429688,999.989990234375,1000.010009765625,999.989990234375,1000.0,0
2019-06-07,793.0306396484375,1000.0,1000.010009765625,999.989990234375,999.989990234375,0
2019-06-10,793.0306396484375,1000.0,1000.010009765625,999.989990234375,1000.0,0
2019-06-11,793.0306396484375,1000.0,1000.010009765625,999.989990234375,999.989990234375,0
2019-06-12,793.0306396484375,1000.0,1000.010009765625,999.9600219726562,1000.0,0
2019-06-13,793.0306396484375,1000.0,1000.010009765625,999.02001953125,1000.0,0
2019-06-14,793.0306396484375,1000.0,1000.010009765625,999.97998046875,999.97998046875,0
2019-06-17,793.0226440429688,999.989990234375,1000.010009765625,999.3599853515625,1000.0,0
2019-06-18,793.0306396484375,1000.0,1000.010009765625,999.989990234375,999.989990234375,0
2019-06-19,793.0226440429688,999.989990234375,1000.010009765625,999.989990234375,999.989990234375,0
2019-06-20,793.0226440429688,999.989990234375,1000.010009765625,999.2000122070312,1000.0,0
2019-06-21,793.0306396484375,1000.0,1000.010009765625,999.5599975585938,999.5599975585938,0
2019-06-24,793.0226440429688,999.989990234375,1000.010009765625,999.989990234375,1000.0,0
2019-06-25,793.0306396484375,1000.0,1000.010009765625,999.9600219726562,1000.0,0
2019-06-26,793.0306396484375,1000.0,1000.010009765625,999.989990234375,1000.0,0
2019-06-27,793.0226440429688,999.989990234375,1000.0,999.5599975585938,1000.0,0
2019-06-28,795.4252319335938,999.989990234375,1000.010009765625,999.989990234375,999.989990234375,0
2019-07-01,795.4330444335938,1000.0,1000.4500122070312,999.989990234375,1000.0,0
2019-07-02,795.4330444335938,1000.0,1000.010009765625,999.5599975585938,1000.0,0
2019-07-03,795.4330444335938,1000.0,1000.010009765625,999.7999877929688,1000.0,0
2019-07-04,795.4330444335938,1000.0,1000.010009765625,999.989990234375,1000.0,0
2019-07-05,795.4330444335938,1000.0,1000.010009765625,999.989990234375,1000.0,0
2019-07-08,795.4330444335938,1000.0,1000.010009765625,999.989990234375,1000.0,0
2019-07-09,795.4330444335938,1000.0,1000.010009765625,999.5999755859375,999.989990234375,0
2019-07-10,795.4330444335938,1000.0,1000.010009765625,999.9000244140625,1000.010009765625,0
2019-07-11,795.4252319335938,999.989990234375,1000.010009765625,999.7000122070312,1000.0,0
2019-07-12,795.4252319335938,999.989990234375,1000.010009765625,999.9000244140625,999.9000244140625,0
2019-07-15,795.4330444335938,1000.0,1000.010009765625,999.9400024414062,1000.0,0
2019-07-16,795.4252319335938,999.989990234375,1000.010009765625,999.1500244140625,999.989990234375,0
2019-07-17,795.4330444335938,1000.0,1000.010009765625,999.7999877929688,999.989990234375,0
2019-07-18,795.4330444335938,1000.0,1000.010009765625,999.989990234375,1000.0,0
2019-07-19,795.4330444335938,1000.0,1000.010009765625,999.989990234375,1000.0,0
2019-07-22,795.4252319335938,999.989990234375,1000.010009765625,999.22998046875,1000.0,0
2019-07-23,795.4330444335938,1000.0,1000.010009765625,999.9500122070312,999.989990234375,0
2019-07-24,795.4330444335938,1000.0,1000.010009765625,999.3200073242188,999.3200073242188,0
2019-07-25,795.4330444335938,1000.0,1000.010009765625,999.3200073242188,999.3200073242188,0
2019-07-26,795.4330444335938,1000.0,1000.010009765625,999.6300048828125,1000.0,0
2019-07-29,795.4330444335938,1000.0,1000.010009765625,999.3200073242188,1000.0,0
2019-07-30,795.4330444335938,1000.0,1000.010009765625,999.989990234375,1000.0,0
2019-07-31,797.8534545898438,1000.0,1000.010009765625,999.3200073242188,999.3200073242188,0
2019-08-01,797.8534545898438,1000.0,1000.010009765625,999.3300170898438,1000.0,0
2019-08-02,797.8534545898438,1000.0,1000.010009765625,999.3499755859375,999.989990234375,0
2019-08-05,797.845458984375,999.989990234375,1000.010009765625,999.5999755859375,1000.0,0
2019-08-06,797.8534545898438,1000.0,1000.010009765625,999.9400024414062,1000.0,0
2019-08-07,797.8616943359375,1000.010009765625,1002.5499877929688,999.5,999.989990234375,0
2019-08-08,797.8534545898438,1000.0,1001.0,999.4199829101562,1000.0,0
2019-08-09,797.8775634765625,1000.030029296875,1010.0,999.0,1000.0,0
2019-08-13,797.8534545898438,1000.0,1000.010009765625,997.75,999.989990234375,0
2019-08-14,797.8534545898438,1000.0,1000.010009765625,999.9400024414062,999.989990234375,0
2019-08-16,797.8534545898438,1000.0,1000.010009765625,999.5499877929688,999.5499877929688,0
2019-08-19,797.8534545898438,1000.0,1000.010009765625,999.9000244140625,1000.0,0
2019-08-20,797.8534545898438,1000.0,1000.010009765625,999.5999755859375,999.9400024414062,0
2019-08-21,797.845458984375,999.989990234375,1000.010009765625,996.2999877929688,996.2999877929688,0
2019-08-22,797.8534545898438,1000.0,1000.010009765625,999.5499877929688,999.5499877929688,0
2019-08-23,797.845458984375,999.989990234375,1000.010009765625,999.9600219726562,999.989990234375,0
2019-08-26,797.845458984375,999.989990234375,1000.010009765625,999.7000122070312,1000.0,0
2019-08-27,797.845458984375,999.989990234375,1000.010009765625,999.989990234375,1000.0,0
2019-08-28,797.8534545898438,1000.0,1000.010009765625,999.989990234375,999.989990234375,0
2019-08-29,797.845458984375,999.989990234375,1000.010009765625,999.7999877929688,999.989990234375,0
2019-08-30,800.0848999023438,1000.0,1000.010009765625,999.9400024414062,1000.0,0
2019-09-03,800.0848999023438,1000.0,1000.010009765625,999.3300170898438,1000.0,0
2019-09-04,800.0768432617188,999.989990234375,1000.010009765625,999.9400024414062,999.9400024414062,0
2019-09-05,800.0768432617188,999.989990234375,1000.010009765625,995.5499877929688,995.5499877929688,0
2019-09-06,800.0768432617188,999.989990234375,1000.010009765625,999.5999755859375,1000.0,0
2019-09-09,800.0848999023438,1000.0,1000.010009765625,999.3200073242188,999.9400024414062,0
2019-09-11,800.0768432617188,999.989990234375,1000.010009765625,999.510009765625,999.989990234375,0
2019-09-12,800.0848999023438,1000.0,1000.010009765625,999.3599853515625,999.989990234375,0
2019-09-13,800.0848999023438,1000.0,1000.010009765625,999.989990234375,1000.0,0
2019-09-16,800.0848999023438,1000.0,1000.010009765625,999.3599853515625,999.989990234375,0
2019-09-17,800.0848999023438,1000.0,1000.010009765625,999.9500122070312,1000.0,0
2019-09-18,800.0768432617188,999.989990234375,1000.010009765625,999.989990234375,1000.0,0
2019-09-19,800.0848999023438,1000.0,1000.010009765625,999.989990234375,999.989990234375,0
2019-09-20,800.0768432617188,999.989990234375,1000.010009765625,999.6199951171875,1000.0,0
2019-09-23,800.0768432617188,999.989990234375,1000.010009765625,999.5,999.5,0
2019-09-24,800.0690307617188,999.97998046875,1000.010009765625,995.5499877929688,995.5499877929688,0
2019-09-25,800.0848999023438,1000.0,1000.010009765625,998.25,999.0,0
2019-09-26,800.0848999023438,1000.0,1000.010009765625,999.5,1000.0,0
2019-09-27,800.0848999023438,1000.0,1000.010009765625,999.1300048828125,1000.0,0
2019-09-30,802.354248046875,1000.0,1000.010009765625,999.989990234375,1000.0,0
2019-10-01,802.354248046875,1000.0,1000.010009765625,999.52001953125,1000.0,0
2019-10-03,802.3462524414062,999.989990234375,1000.010009765625,999.5,999.5,0
2019-10-04,802.354248046875,1000.0,1000.010009765625,999.52001953125,999.989990234375,0
2019-10-07,802.354248046875,1000.0,1000.010009765625,999.9000244140625,1000.0,0
2019-10-09,802.3462524414062,999.989990234375,1001.0,999.0,999.0,0
2019-10-10,802.354248046875,1000.0,1000.010009765625,999.5999755859375,999.9500122070312,0
2019-10-11,802.3462524414062,999.989990234375,1000.030029296875,999.5999755859375,1000.0,0
2019-10-14,802.354248046875,1000.0,1000.010009765625,999.02001953125,999.02001953125,0
2019-10-15,802.3462524414062,999.989990234375,1000.010009765625,999.5999755859375,1000.0,0
2019-10-16,802.3462524414062,999.989990234375,1000.010009765625,999.6199951171875,1000.0,0
2019-10-17,802.3462524414062,999.989990234375,1008.0,999.989990234375,1008.0,0
2019-10-18,802.3462524414062,999.989990234375,1000.010009765625,999.9000244140625,1000.0,0
2019-10-22,802.3462524414062,999.989990234375,1000.010009765625,999.25,1000.0,0
2019-10-23,802.354248046875,1000.0,1000.010009765625,999.3200073242188,999.6599731445312,0
2019-10-24,802.354248046875,1000.0,1000.010009765625,999.97998046875,999.97998046875,0
2019-10-25,802.354248046875,1000.0,1000.010009765625,999.0999755859375,1000.010009765625,0
2019-10-27,802.3863525390625,1000.0399780273438,1010.0,999.2999877929688,1000.0,0
2019-10-29,802.354248046875,1000.0,1000.010009765625,999.989990234375,1000.0,0
2019-10-30,802.354248046875,1000.0,1000.010009765625,999.3499755859375,999.9000244140625,0
2019-10-31,804.4302368164062,1000.0,1000.010009765625,995.5499877929688,995.5499877929688,0
2019-11-01,804.4302368164062,1000.0,1000.010009765625,999.3200073242188,999.6099853515625,0
2019-11-04,804.4222412109375,999.989990234375,1000.010009765625,999.6199951171875,1000.0,0
2019-11-05,804.4222412109375,999.989990234375,1000.010009765625,999.989990234375,1000.0,0
2019-11-06,804.4302368164062,1000.0,1000.010009765625,999.989990234375,1000.0,0
2019-11-07,804.4302368164062,1000.0,1000.010009765625,999.6500244140625,1000.0,0
2019-11-08,804.4302368164062,1000.0,1000.010009765625,999.989990234375,1000.010009765625,0
2019-11-11,804.4302368164062,1000.0,1000.010009765625,999.72998046875,1000.0,0
2019-11-13,804.4302368164062,1000.0,1000.010009765625,995.5499877929688,995.5499877929688,0
2019-11-14,804.4222412109375,999.989990234375,1000.010009765625,999.8499755859375,1000.0,0
2019-11-15,804.4222412109375,999.989990234375,1008.0,999.989990234375,1008.0,0
2019-11-18,804.4222412109375,999.989990234375,1002.25,999.7000122070312,1000.0,0
2019-11-19,804.4222412109375,999.989990234375,1000.010009765625,999.8599853515625,999.8599853515625,0
2019-11-20,804.4222412109375,999.989990234375,1000.010009765625,997.5499877929688,997.5499877929688,0
2019-11-21,804.4222412109375,999.989990234375,1000.010009765625,999.7000122070312,1000.0,0
2019-11-22,804.4302368164062,1000.0,1000.010009765625,999.989990234375,1000.0,0
2019-11-25,804.4302368164062,1000.0,1000.010009765625,999.9299926757812,1000.0,0
2019-11-26,804.4222412109375,999.989990234375,1000.010009765625,999.97998046875,1000.010009765625,0
2019-11-27,804.4222412109375,999.989990234375,1000.010009765625,999.9600219726562,999.989990234375,0
2019-11-28,804.4302368164062,1000.0,1000.010009765625,999.989990234375,1000.0,0
2019-11-29,806.4160766601562,1000.0,1000.010009765625,995.5499877929688,995.5499877929688,0
2019-12-02,806.40771484375,999.989990234375,1000.010009765625,999.6199951171875,1000.0,0
2019-12-03,806.40771484375,999.989990234375,1000.010009765625,995.5499877929688,995.5499877929688,0
2019-12-04,806.40771484375,999.989990234375,1000.010009765625,999.97998046875,999.989990234375,0
2019-12-05,806.4160766601562,1000.0,1000.010009765625,999.9000244140625,1000.010009765625,0
2019-12-06,806.4160766601562,1000.0,1000.010009765625,999.9000244140625,1000.0,0
2019-12-09,806.40771484375,999.989990234375,1000.0,999.6199951171875,1000.0,0
2019-12-10,806.40771484375,999.989990234375,1000.010009765625,999.6500244140625,1000.0,0
2019-12-11,806.4160766601562,1000.0,1000.010009765625,999.6500244140625,999.7000122070312,0
2019-12-12,806.40771484375,999.989990234375,1000.010009765625,999.6599731445312,1000.0,0
2019-12-13,806.40771484375,999.989990234375,1000.010009765625,999.989990234375,999.989990234375,0
2019-12-16,806.4160766601562,1000.0,1009.9000244140625,999.5999755859375,1009.9000244140625,0
2019-12-17,806.4160766601562,1000.0,1000.010009765625,999.989990234375,1000.0,0
2019-12-18,806.4160766601562,1000.0,1000.010009765625,999.989990234375,1000.010009765625,0
2019-12-19,806.4160766601562,1000.0,1000.010009765625,999.989990234375,1000.010009765625,0
2019-12-20,806.40771484375,999.989990234375,1000.010009765625,999.8099975585938,1000.0,0
2019-12-23,806.4160766601562,1000.0,1000.010009765625,999.25,999.25,0
2019-12-24,806.4160766601562,1000.0,1000.010009765625,999.5999755859375,999.8400268554688,0
2019-12-26,806.4160766601562,1000.0,1001.0,999.9400024414062,1000.0,0
2019-12-27,806.4160766601562,1000.0,1000.010009765625,999.989990234375,1000.0,0
2019-12-30,806.40771484375,999.989990234375,1000.010009765625,999.989990234375,1000.0,0
2019-12-31,808.5234985351562,999.989990234375,1000.010009765625,999.989990234375,1000.0,0
2020-01-01,808.5234985351562,999.989990234375,1001.0,999.989990234375,1001.0,0
2020-01-02,808.5316772460938,1000.0,1000.010009765625,999.25,999.989990234375,0
2020-01-03,808.5316772460938,1000.0,1000.010009765625,999.27001953125,1000.0,0
2020-01-06,808.5316772460938,1000.0,1001.0,997.5499877929688,997.5499877929688,0
2020-01-07,808.5316772460938,1000.0,1000.010009765625,999.5999755859375,1000.0,0
2020-01-08,808.5234985351562,999.989990234375,1000.010009765625,999.9500122070312,1000.0,0
2020-01-09,808.5234985351562,999.989990234375,1000.010009765625,999.989990234375,1000.0,0
2020-01-10,808.5316772460938,1000.0,1000.010009765625,999.5999755859375,1000.0,0
2020-01-13,808.5234985351562,999.989990234375,1000.010009765625,999.989990234375,1000.0,0
2020-01-14,808.5316772460938,1000.0,1000.010009765625,999.9000244140625,1000.0,0
2020-01-15,808.5234985351562,999.989990234375,1000.5,999.989990234375,1000.0,0
2020-01-16,808.5316772460938,1000.0,1000.010009765625,999.3200073242188,1000.0,0
2020-01-17,808.5316772460938,1000.0,1000.010009765625,999.4000244140625,1000.0,0
2020-01-20,808.5234985351562,999.989990234375,1000.010009765625,999.25,999.989990234375,0
2020-01-21,808.5316772460938,1000.0,1000.010009765625,999.989990234375,1000.0,0
2020-01-22,808.5316772460938,1000.0,1000.010009765625,999.25,1000.0,0
2020-01-23,808.5234985351562,999.989990234375,1000.010009765625,999.25,1000.0,0
2020-01-24,808.5316772460938,1000.0,1000.010009765625,999.9400024414062,1000.0,0
2020-01-27,808.5316772460938,1000.0,1001.0,999.9400024414062,1001.0,0
2020-01-28,808.5234985351562,999.989990234375,1000.010009765625,999.3200073242188,999.989990234375,0
2020-01-29,808.5316772460938,1000.0,1000.010009765625,999.25,999.25,0
2020-01-30,808.5316772460938,1000.0,1000.010009765625,999.25,999.25,0
2020-01-31,810.5353393554688,1000.0,1000.010009765625,999.5800170898438,1000.0,0
2020-02-03,810.5353393554688,1000.0,1000.010009765625,999.25,1000.0,0
2020-02-04,810.5353393554688,1000.0,1001.0,999.9500122070312,1001.0,0
2020-02-05,810.5353393554688,1000.0,1000.010009765625,999.6500244140625,1000.0,0
2020-02-06,810.5353393554688,1000.0,1000.010009765625,999.989990234375,1000.0,0
2020-02-07,810.5353393554688,1000.0,1000.010009765625,999.9400024414062,1000.0,0
2020-02-10,810.5274658203125,999.989990234375,1000.010009765625,999.6500244140625,1000.0,0
2020-02-11,810.5274658203125,999.989990234375,1000.010009765625,999.6599731445312,1000.0,0
2020-02-12,810.5274658203125,999.989990234375,1000.010009765625,999.989990234375,1000.0,0
2020-02-13,810.5353393554688,1000.0,1000.010009765625,997.5499877929688,997.5499877929688,0
2020-02-14,810.5353393554688,1000.0,1000.010009765625,999.5,1000.0,0
2020-02-17,810.5274658203125,999.989990234375,1000.010009765625,999.989990234375,999.989990234375,0
2020-02-18,810.5274658203125,999.989990234375,1000.010009765625,999.2999877929688,999.989990234375,0
2020-02-19,810.5274658203125,999.989990234375,1000.010009765625,999.9400024414062,1000.0,0
2020-02-20,810.5353393554688,1000.0,1000.010009765625,999.9000244140625,1000.010009765625,0
2020-02-24,810.5353393554688,1000.0,1001.0,999.989990234375,1000.0,0
2020-02-25,810.5274658203125,999.989990234375,1000.0,999.6599731445312,1000.0,0
2020-02-26,810.5353393554688,1000.0,1000.010009765625,999.9400024414062,999.989990234375,0
2020-02-27,810.5353393554688,1000.0,1000.010009765625,999.989990234375,1000.0,0
2020-02-28,812.1123657226562,999.8400268554688,1000.010009765625,997.5499877929688,1000.0,0
2020-03-02,812.2423095703125,1000.0,1000.010009765625,999.25,1000.0,0
2020-03-03,812.2423095703125,1000.0,1000.010009765625,999.4500122070312,1000.0,0
2020-03-04,812.2423095703125,1000.0,1000.010009765625,999.4000244140625,1000.0,0
2020-03-05,812.2423095703125,1000.0,1000.010009765625,999.52001953125,1000.0,0
2020-03-06,812.2423095703125,1000.0,1001.0,999.5499877929688,1000.0,0
2020-03-09,812.2342529296875,999.989990234375,1000.010009765625,999.75,999.989990234375,0
2020-03-11,812.2423095703125,1000.0,1000.010009765625,999.6599731445312,999.989990234375,0
2020-03-12,812.2423095703125,1000.0,1000.010009765625,999.5,1000.0,0
2020-03-13,812.2423095703125,1000.0,1003.5499877929688,999.0,1003.5499877929688,0
2020-03-16,812.2423095703125,1000.0,1000.010009765625,999.25,1000.010009765625,0
2020-03-17,812.2423095703125,1000.0,1000.010009765625,999.0,999.0,0
2020-03-18,812.2342529296875,999.989990234375,1000.010009765625,999.0999755859375,1000.0,0
2020-03-19,812.2423095703125,1000.0,1000.010009765625,999.510009765625,1000.0,0
2020-03-20,812.2423095703125,1000.0,1000.010009765625,999.5,1000.0,0
2020-03-23,812.2423095703125,1000.0,1000.010009765625,999.0,999.989990234375,0
2020-03-24,812.2342529296875,999.989990234375,1005.0,998.0,999.0,0
2020-03-25,812.2342529296875,999.989990234375,1009.9000244140625,999.6500244140625,1009.9000244140625,0
2020-03-26,812.2342529296875,999.989990234375,1000.010009765625,999.6599731445312,1000.0,0
2020-03-27,812.2423095703125,1000.0,1000.0499877929688,999.989990234375,1000.0,0
2020-03-30,812.2423095703125,1000.0,1000.010009765625,999.5,1000.0,0
2020-03-31,813.5631713867188,1000.0,1000.010009765625,999.989990234375,1000.0,0
2020-04-01,813.5631713867188,1000.0,1000.010009765625,999.6599731445312,1000.0,0
2020-04-03,813.5631713867188,1000.0,1000.010009765625,999.9400024414062,999.989990234375,0
2020-04-07,813.5552978515625,999.989990234375,1000.010009765625,999.9000244140625,1000.0,0
2020-04-08,813.5631713867188,1000.0,1000.010009765625,999.5,999.989990234375,0
2020-04-09,813.5631713867188,1000.0,1000.010009765625,999.989990234375,1000.0,0
2020-04-13,813.5631713867188,1000.0,1000.010009765625,999.5,1000.0,0
2020-04-15,813.5631713867188,1000.0,1009.9000244140625,999.989990234375,1000.0,0
2020-04-16,813.5552978515625,999.989990234375,1001.0,999.9400024414062,1000.0,0
2020-04-17,813.5877075195312,1000.030029296875,1008.0,999.6599731445312,1000.010009765625,0
2020-04-20,813.5631713867188,1000.0,1000.010009765625,999.6599731445312,1000.0,0
2020-04-21,813.5631713867188,1000.0,1000.010009765625,999.5,1000.0,0
2020-04-22,813.5552978515625,999.989990234375,1001.0,999.989990234375,1001.0,0
2020-04-23,813.5631713867188,1000.0,1000.010009765625,999.5,999.5,0
2020-04-24,813.5631713867188,1000.0,1000.010009765625,999.530029296875,1000.0,0
2020-04-27,813.5552978515625,999.989990234375,1000.010009765625,999.5499877929688,999.989990234375,0
2020-04-28,813.5552978515625,999.989990234375,1001.760009765625,999.989990234375,1001.760009765625,0
2020-04-29,813.5631713867188,1000.0,1000.97998046875,999.989990234375,1000.97998046875,0
2020-04-30,814.77294921875,1000.0,1000.010009765625,999.5599975585938,999.9500122070312,0
2020-05-04,814.77294921875,1000.0,1000.010009765625,999.5,1000.0,0
2020-05-05,814.77294921875,1000.0,1001.0,999.989990234375,1000.0,0
2020-05-06,814.77294921875,1000.0,1000.969970703125,999.9400024414062,1000.969970703125,0
2020-05-07,814.77294921875,1000.0,1003.5499877929688,999.9000244140625,1003.5499877929688,0
2020-05-08,814.77294921875,1000.0,1000.010009765625,999.5,1000.0,0
2020-05-11,814.7649536132812,999.989990234375,1000.010009765625,999.5,1000.0,0
2020-05-12,814.77294921875,1000.0,1000.010009765625,999.989990234375,1000.0,0
2020-05-13,814.7649536132812,999.989990234375,1000.010009765625,999.25,1000.0,0
2020-05-14,814.77294921875,1000.0,1003.5499877929688,999.989990234375,1003.5499877929688,0
2020-05-15,814.77294921875,1000.0,1000.8400268554688,999.5499877929688,1000.8400268554688,0
2020-05-18,814.77294921875,1000.0,1000.010009765625,999.5499877929688,1000.0,0
2020-05-19,814.77294921875,1000.0,1000.010009765625,999.5499877929688,1000.0,0
2020-05-20,814.7649536132812,999.989990234375,1000.010009765625,999.989990234375,1000.0,0
2020-05-21,814.77294921875,1000.0,1000.97998046875,999.7000122070312,1000.0,0
2020-05-22,814.7649536132812,999.989990234375,1000.010009765625,999.5499877929688,1000.0,0
2020-05-26,814.77294921875,1000.0,1000.010009765625,999.5,1000.0,0
2020-05-27,814.7649536132812,999.989990234375,1000.010009765625,999.5599975585938,1000.0,0
2020-05-28,814.77294921875,1000.0,1001.0,999.5999755859375,1001.0,0
2020-05-29,816.2671508789062,1000.0,1000.010009765625,999.989990234375,1000.0,0
2020-06-01,816.2671508789062,1000.0,1000.010009765625,999.5999755859375,1000.0,0
2020-06-02,816.2590942382812,999.989990234375,1000.010009765625,999.7000122070312,1000.0,0
2020-06-03,816.2671508789062,1000.0,1000.010009765625,999.989990234375,1000.0,0
2020-06-04,816.2590942382812,999.989990234375,1000.9500122070312,999.989990234375,1000.9500122070312,0
2020-06-05,816.2590942382812,999.989990234375,1000.010009765625,999.989990234375,1000.0,0
2020-06-08,816.2671508789062,1000.0,1000.010009765625,997.2999877929688,1000.0,0
2020-06-09,816.2671508789062,1000.0,1000.010009765625,999.6099853515625,1000.0,0
2020-06-10,816.2671508789062,1000.0,1000.9600219726562,999.5499877929688,1000.9600219726562,0
2020-06-11,816.2671508789062,1000.0,1000.010009765625,999.5999755859375,1000.0,0
2020-06-12,816.2671508789062,1000.0,1000.010009765625,999.3599853515625,999.989990234375,0
2020-06-15,816.2671508789062,1000.0,1001.0,999.0999755859375,1000.0,0
2020-06-16,816.2671508789062,1000.0,1000.8400268554688,999.989990234375,1000.010009765625,0
2020-06-17,816.2590942382812,999.989990234375,1000.010009765625,999.1300048828125,1000.0,0
2020-06-18,816.2590942382812,999.989990234375,1000.010009765625,999.5499877929688,1000.0,0
2020-06-19,816.2671508789062,1000.0,1001.8599853515625,999.989990234375,1001.8599853515625,0
2020-06-22,816.2671508789062,1000.0,1000.010009765625,999.3599853515625,1000.0,0
2020-06-23,816.2590942382812,999.989990234375,1000.010009765625,999.5,1000.010009765625,0
2020-06-24,816.2671508789062,1000.0,1000.9000244140625,999.989990234375,999.989990234375,0
2020-06-25,816.2671508789062,1000.0,1003.7000122070312,999.989990234375,1003.7000122070312,0
2020-06-26,816.2671508789062,1000.0,1000.010009765625,999.0,999.0,0
2020-06-29,816.2590942382812,999.989990234375,1000.010009765625,999.3599853515625,1000.0,0
2020-06-30,817.7863159179688,1000.0,1000.010009765625,999.989990234375,999.989990234375,0
2020-07-01,817.7863159179688,1000.0,1000.010009765625,999.0999755859375,1000.010009765625,0
2020-07-02,817.7863159179688,1000.0,1000.010009765625,999.9000244140625,1000.010009765625,0
2020-07-03,817.7863159179688,1000.0,1003.7000122070312,999.9500122070312,1000.0,0
2020-07-06,817.7783813476562,999.989990234375,1000.010009765625,999.9000244140625,999.9000244140625,0
2020-07-07,817.7863159179688,1000.0,1000.010009765625,999.5,1000.0,0
2020-07-08,817.7863159179688,1000.0,1000.010009765625,999.9000244140625,1000.0,0
2020-07-09,817.7863159179688,1000.0,1000.010009765625,999.989990234375,1000.0,0
2020-07-10,817.7863159179688,1000.0,1000.010009765625,999.989990234375,1000.0,0
2020-07-13,817.7863159179688,1000.0,1000.010009765625,999.8499755859375,1000.0,0
2020-07-14,817.7863159179688,1000.0,1000.010009765625,997.2999877929688,999.97998046875,0
2020-07-15,817.7863159179688,1000.0,1000.010009765625,999.989990234375,1000.0,0
2020-07-16,817.7863159179688,1000.0,1000.010009765625,999.989990234375,1000.0,0
2020-07-17,817.7863159179688,1000.0,1000.010009765625,999.989990234375,1000.0,0
2020-07-20,817.7783813476562,999.989990234375,1000.010009765625,999.52001953125,1000.0,0
2020-07-21,817.7863159179688,1000.0,1003.7000122070312,999.52001953125,1000.010009765625,0
2020-07-22,817.7783813476562,999.989990234375,1000.010009765625,999.989990234375,1000.010009765625,0
2020-07-23,817.7783813476562,999.989990234375,1000.010009765625,999.989990234375,1000.0,0
2020-07-24,817.7863159179688,1000.0,1000.010009765625,999.989990234375,999.989990234375,0
2020-07-27,817.7783813476562,999.989990234375,1000.010009765625,999.030029296875,1000.0,0
2020-07-28,817.7783813476562,999.989990234375,1000.010009765625,999.989990234375,999.989990234375,0
2020-07-29,817.7863159179688,1000.0,1000.010009765625,997.2999877929688,997.2999877929688,0
2020-07-30,817.7863159179688,1000.0,1000.010009765625,998.27001953125,999.989990234375,0
2020-07-31,819.4691772460938,1000.0,1000.010009765625,997.2999877929688,999.9000244140625,0
2020-08-03,819.4611206054688,999.989990234375,1000.010009765625,999.2999877929688,1000.0,0
2020-08-04,819.4691772460938,1000.0,1003.5499877929688,999.9400024414062,1003.5499877929688,0
2020-08-05,819.4691772460938,1000.0,1000.010009765625,999.989990234375,1000.010009765625,0
2020-08-06,819.4611206054688,999.989990234375,1000.010009765625,997.2999877929688,997.2999877929688,0
2020-08-07,819.4611206054688,999.989990234375,1000.010009765625,998.280029296875,1000.0,0
2020-08-10,819.4691772460938,1000.0,1003.5499877929688,999.52001953125,1003.5499877929688,0
2020-08-11,819.4691772460938,1000.0,1000.010009765625,999.989990234375,1000.010009765625,0
2020-08-12,819.4691772460938,1000.0,1003.4000244140625,999.510009765625,1003.4000244140625,0
2020-08-13,819.4611206054688,999.989990234375,1000.010009765625,999.989990234375,1000.0,0
2020-08-14,819.4691772460938,1000.0,1000.5,999.0,999.0,0
2020-08-17,819.4611206054688,999.989990234375,1000.010009765625,997.2999877929688,1000.0,0
2020-08-18,819.4611206054688,999.989990234375,1000.010009765625,999.2999877929688,1000.0,0
2020-08-19,819.4611206054688,999.989990234375,1000.5,999.989990234375,999.989990234375,0
2020-08-20,819.4691772460938,1000.0,1000.010009765625,999.52001953125,1000.0,0
2020-08-21,819.4691772460938,1000.0,1002.989990234375,999.5499877929688,1002.989990234375,0
2020-08-24,819.4611206054688,999.989990234375,1003.4000244140625,999.75,1003.4000244140625,0
2020-08-25,819.4691772460938,1000.0,1002.989990234375,999.7999877929688,1000.010009765625,0
2020-08-26,819.4691772460938,1000.0,1000.010009765625,997.2999877929688,1000.010009765625,0
2020-08-27,819.4691772460938,1000.0,1002.989990234375,999.989990234375,1002.989990234375,0
2020-08-28,819.4691772460938,1000.0,1000.010009765625,999.5,999.5,0
2020-08-31,820.8385009765625,999.989990234375,1002.989990234375,999.989990234375,1002.989990234375,0
2020-09-01,820.8385009765625,999.989990234375,1003.4000244140625,997.2999877929688,1003.4000244140625,0
2020-09-02,820.8385009765625,999.989990234375,1002.989990234375,999.5,1002.989990234375,0
2020-09-03,820.8385009765625,999.989990234375,1002.989990234375,999.989990234375,1002.989990234375,0
2020-09-04,820.8385009765625,999.989990234375,1002.989990234375,997.2999877929688,1002.989990234375,0
2020-09-07,820.8465576171875,1000.0,1002.989990234375,999.9500122070312,1002.989990234375,0
2020-09-08,820.8465576171875,1000.0,1002.8900146484375,999.9500122070312,1002.8900146484375,0
2020-09-09,820.8465576171875,1000.0,1000.010009765625,999.3200073242188,1000.0,0
2020-09-10,820.8385009765625,999.989990234375,1002.7000122070312,999.989990234375,1002.7000122070312,0
2020-09-11,820.8465576171875,1000.0,1000.010009765625,999.989990234375,1000.0,0
2020-09-14,820.8385009765625,999.989990234375,1000.010009765625,997.75,1000.010009765625,0
2020-09-15,820.8465576171875,1000.0,1002.75,999.2999877929688,1002.75,0
2020-09-16,820.8385009765625,999.989990234375,1000.010009765625,998.0499877929688,1000.0,0
2020-09-17,820.8385009765625,999.989990234375,1002.6500244140625,998.5499877929688,1002.6500244140625,0
2020-09-18,820.8465576171875,1000.0,1002.5999755859375,999.0,1002.5999755859375,0
2020-09-21,820.8465576171875,1000.0,1002.5999755859375,999.010009765625,1002.5999755859375,0
2020-09-22,820.8385009765625,999.989990234375,1000.0499877929688,999.0,999.0,0
2020-09-23,820.8385009765625,999.989990234375,1000.010009765625,999.0,999.989990234375,0
2020-09-24,820.8385009765625,999.989990234375,1002.5999755859375,997.2999877929688,997.2999877929688,0
2020-09-25,820.8465576171875,1000.0,1000.7999877929688,998.2999877929688,998.7999877929688,0
2020-09-28,820.8385009765625,999.989990234375,1000.010009765625,998.2999877929688,1000.0,0
2020-09-29,820.8385009765625,999.989990234375,1000.010009765625,999.8499755859375,1000.0,0
2020-09-30,822.5394287109375,1000.0,1002.5999755859375,999.989990234375,1002.5999755859375,0
2020-10-01,822.5394287109375,1000.0,1002.5999755859375,999.989990234375,1002.5999755859375,0
2020-10-05,822.5394287109375,1000.0,1002.6500244140625,998.5499877929688,1002.6500244140625,0
2020-10-06,822.5394287109375,1000.0,1000.010009765625,995.0,995.0,0
2020-10-07,822.5315551757812,999.989990234375,1002.4400024414062,999.02001953125,1002.4400024414062,0
2020-10-08,822.5315551757812,999.989990234375,1002.4400024414062,999.2000122070312,1002.4400024414062,0
2020-10-09,822.5394287109375,1000.0,1002.5999755859375,999.2100219726562,1002.5999755859375,0
2020-10-12,822.5315551757812,999.989990234375,1002.4400024414062,998.2999877929688,1002.4400024414062,0
2020-10-13,822.5315551757812,999.989990234375,1002.4400024414062,999.989990234375,1002.4400024414062,0
2020-10-14,822.5394287109375,1000.0,1002.4400024414062,999.010009765625,1002.4400024414062,0
2020-10-15,822.5394287109375,1000.0,1001.97998046875,999.989990234375,1001.97998046875,0
2020-10-16,822.5394287109375,1000.0,1002.4400024414062,999.989990234375,1002.4400024414062,0
2020-10-19,822.5394287109375,1000.0,1002.6500244140625,999.0999755859375,1002.6500244140625,0
2020-10-20,822.5315551757812,999.989990234375,1002.4400024414062,999.9500122070312,1002.4400024414062,0
2020-10-21,822.5315551757812,999.989990234375,1001.9600219726562,999.989990234375,1001.9600219726562,0
2020-10-22,822.5315551757812,999.989990234375,1000.010009765625,999.989990234375,1000.010009765625,0
2020-10-23,822.5315551757812,999.989990234375,1002.4400024414062,999.0999755859375,1002.4400024414062,0
2020-10-26,822.5394287109375,1000.0,1001.97998046875,999.0999755859375,1001.97998046875,0
2020-10-27,822.5394287109375,1000.0,1000.010009765625,999.0999755859375,999.0999755859375,0
2020-10-28,822.5394287109375,1000.0,1002.4400024414062,998.2999877929688,1002.4400024414062,0
2020-10-29,824.01025390625,1000.0,1002.0,999.0999755859375,1001.9400024414062,0
2020-10-30,824.01025390625,1000.0,1002.4000244140625,999.3499755859375,1002.4000244140625,0
2020-11-02,824.01025390625,1000.0,1002.0,999.989990234375,1002.0,0
2020-11-03,824.0023803710938,999.989990234375,1001.8699951171875,999.1199951171875,1001.8699951171875,0
2020-11-04,824.0023803710938,999.989990234375,1002.5999755859375,999.989990234375,1002.5999755859375,0
2020-11-05,824.0023803710938,999.989990234375,1002.4400024414062,999.0999755859375,1002.4400024414062,0
2020-11-06,824.0023803710938,999.989990234375,1002.4000244140625,999.9500122070312,1002.4000244140625,0
2020-11-09,824.01025390625,1000.0,1002.4000244140625,999.0999755859375,1002.4000244140625,0
2020-11-10,824.0023803710938,999.989990234375,1001.6799926757812,999.989990234375,1001.6799926757812,0
2020-11-11,824.0023803710938,999.989990234375,1000.010009765625,998.1099853515625,999.989990234375,0
2020-11-12,824.0023803710938,999.989990234375,1001.7999877929688,999.989990234375,1001.7999877929688,0
2020-11-13,824.01025390625,1000.0,1002.3400268554688,999.1300048828125,1002.3400268554688,0
2020-11-14,824.01025390625,1000.0,1004.9000244140625,998.2999877929688,1004.9000244140625,0
2020-11-17,824.01025390625,1000.0,1003.0599975585938,991.1099853515625,1003.0599975585938,0
2020-11-18,824.0023803710938,999.989990234375,1000.989990234375,999.030029296875,1000.989990234375,0
2020-11-19,824.01025390625,1000.0,1001.9600219726562,998.4000244140625,1001.9600219726562,0
2020-11-20,824.01025390625,1000.0,1002.4000244140625,999.989990234375,1002.4000244140625,0
2020-11-23,824.01025390625,1000.0,1002.4000244140625,999.1099853515625,1002.4000244140625,0
2020-11-24,824.0023803710938,999.989990234375,1003.0599975585938,999.1500244140625,1003.0599975585938,0
2020-11-25,824.0023803710938,999.989990234375,1002.4000244140625,998.2999877929688,1002.4000244140625,0
2020-11-26,824.01025390625,1000.0,1000.9299926757812,999.989990234375,1000.9299926757812,0
2020-11-27,825.5690307617188,1000.0,1002.4000244140625,998.2999877929688,1002.4000244140625,0
2020-12-01,825.5609741210938,999.989990234375,1007.97998046875,999.9000244140625,1007.97998046875,0
2020-12-02,825.5609741210938,999.989990234375,1002.4000244140625,999.5,1002.4000244140625,0
2020-12-03,825.5609741210938,999.989990234375,1002.4000244140625,999.989990234375,1002.4000244140625,0
2020-12-04,825.5690307617188,1000.0,1002.3900146484375,999.989990234375,1002.3900146484375,0
2020-12-07,825.5690307617188,1000.0,1002.6500244140625,999.5,1002.6500244140625,0
2020-12-08,825.5690307617188,1000.0,1000.010009765625,999.1500244140625,1000.0,0
2020-12-09,825.5609741210938,999.989990234375,1000.9199829101562,999.989990234375,1000.9199829101562,0
2020-12-10,825.5690307617188,1000.0,1002.4000244140625,999.989990234375,1002.4000244140625,0
2020-12-11,825.5690307617188,1000.0,1002.4000244140625,999.1300048828125,1000.9299926757812,0
2020-12-14,825.5690307617188,1000.0,1000.010009765625,999.1300048828125,1000.0,0
2020-12-15,825.5690307617188,1000.0,1002.3900146484375,999.989990234375,1002.3900146484375,0
2020-12-16,825.5690307617188,1000.0,1002.3900146484375,999.1300048828125,1002.3900146484375,0
2020-12-17,825.5690307617188,1000.0,1002.3900146484375,999.989990234375,1002.3900146484375,0
2020-12-18,825.5690307617188,1000.0,1002.2999877929688,999.5999755859375,1002.2999877929688,0
2020-12-21,825.5690307617188,1000.0,1000.9299926757812,999.1300048828125,1000.9299926757812,0
2020-12-22,825.5609741210938,999.989990234375,1001.5,998.2999877929688,999.0999755859375,0
2020-12-23,825.5609741210938,999.989990234375,1002.2999877929688,999.989990234375,1002.2999877929688,0
2020-12-24,825.5690307617188,1000.0,1000.9299926757812,999.1300048828125,1000.9299926757812,0
2020-12-28,825.5609741210938,999.989990234375,1002.4000244140625,998.2999877929688,1000.0,0
2020-12-29,825.5690307617188,1000.0,1002.4000244140625,999.1300048828125,1002.4000244140625,0
2020-12-30,825.5690307617188,1000.0,1002.2999877929688,999.1300048828125,1002.2999877929688,0
2020-12-31,827.12158203125,1000.0,1002.3900146484375,998.1099853515625,1002.3900146484375,0
2021-01-01,827.12158203125,1000.0,1002.2999877929688,999.989990234375,1002.2999877929688,0
2021-01-04,827.113525390625,999.989990234375,1001.9500122070312,999.1099853515625,1001.9500122070312,0
2021-01-05,827.113525390625,999.989990234375,1000.9299926757812,999.989990234375,1000.9299926757812,0
2021-01-06,827.113525390625,999.989990234375,1002.2999877929688,999.1500244140625,1002.2999877929688,0
2021-01-07,827.113525390625,999.989990234375,1001.9000244140625,999.969970703125,1001.9000244140625,0
2021-01-08,827.12158203125,1000.0,1001.9000244140625,999.3200073242188,1001.9000244140625,0
2021-01-11,827.12158203125,1000.0,1001.9000244140625,999.2000122070312,1001.9000244140625,0
2021-01-12,827.113525390625,999.989990234375,1000.9299926757812,999.989990234375,1000.9299926757812,0
2021-01-13,827.12158203125,1000.0,1000.9299926757812,999.989990234375,1000.9299926757812,0
2021-01-14,827.12158203125,1000.0,1001.9000244140625,999.989990234375,1001.9000244140625,0
2021-01-15,827.12158203125,1000.0,1001.9000244140625,999.5,1001.9000244140625,0
2021-01-18,827.12158203125,1000.0,1001.9000244140625,998.2999877929688,1001.9000244140625,0
2021-01-19,827.12158203125,1000.0,1001.9000244140625,999.25,1001.9000244140625,0
2021-01-20,827.113525390625,999.989990234375,1001.9000244140625,999.25,1001.9000244140625,0
2021-01-21,827.113525390625,999.989990234375,1001.9000244140625,999.989990234375,1001.9000244140625,0
2021-01-22,827.12158203125,1000.0,1000.010009765625,999.2999877929688,1000.0,0
2021-01-25,827.113525390625,999.989990234375,1001.9000244140625,999.989990234375,1001.9000244140625,0
2021-01-27,827.12158203125,1000.0,1001.7000122070312,998.2999877929688,1001.7000122070312,0
2021-01-28,827.12158203125,1000.0,1001.9000244140625,999.989990234375,1001.9000244140625,0
2021-01-29,828.68212890625,999.989990234375,1001.9500122070312,999.3200073242188,1001.9500122070312,0
2021-02-01,828.68212890625,999.989990234375,1002.6500244140625,999.989990234375,1002.6500244140625,0
2021-02-02,828.68212890625,999.989990234375,1001.9000244140625,999.2000122070312,1001.9000244140625,0
2021-02-03,828.68212890625,999.989990234375,1001.9000244140625,999.5,1001.9000244140625,0
2021-02-04,828.6907348632812,1000.0,1000.010009765625,998.2999877929688,1000.0,0
2021-02-05,828.6907348632812,1000.0,1001.9000244140625,998.2999877929688,998.2999877929688,0
2021-02-08,828.68212890625,999.989990234375,1000.9299926757812,999.1300048828125,1000.0,0
2021-02-09,828.68212890625,999.989990234375,1002.6500244140625,999.25,1002.6500244140625,0
2021-02-10,828.6907348632812,1000.0,1001.9000244140625,999.1300048828125,1000.0,0
2021-02-11,828.6907348632812,1000.0,1000.8300170898438,999.1300048828125,999.1300048828125,0
2021-02-12,828.6907348632812,1000.0,1000.9299926757812,990.0,999.2100219726562,0
2021-02-15,828.6907348632812,1000.0,1002.3900146484375,998.1099853515625,998.1099853515625,0
2021-02-16,828.68212890625,999.989990234375,1000.9299926757812,999.0,1000.0,0
2021-02-17,828.6907348632812,1000.0,1002.2999877929688,999.1300048828125,1002.2999877929688,0
2021-02-18,828.68212890625,999.989990234375,1002.2999877929688,998.2999877929688,1002.2999877929688,0
2021-02-19,828.6907348632812,1000.0,1002.2999877929688,999.2999877929688,1002.2999877929688,0
2021-02-22,828.6907348632812,1000.0,1000.9299926757812,999.25,1000.9299926757812,0
2021-02-23,828.68212890625,999.989990234375,1000.010009765625,998.2999877929688,1000.0,0
2021-02-24,828.68212890625,999.989990234375,1002.2999877929688,998.8699951171875,1002.2999877929688,0
2021-02-25,828.68212890625,999.989990234375,1000.010009765625,999.989990234375,999.989990234375,0
2021-02-26,830.1771240234375,1000.0,1000.010009765625,999.3499755859375,1000.0,0
2021-03-01,830.1686401367188,999.989990234375,1002.2999877929688,999.2999877929688,1002.2999877929688,0
2021-03-02,830.1686401367188,999.989990234375,1000.010009765625,999.3200073242188,1000.0,0
2021-03-03,830.1686401367188,999.989990234375,1000.010009765625,999.7999877929688,1000.0,0
2021-03-04,830.1771240234375,1000.0,1000.010009765625,999.7999877929688,1000.0,0
2021-03-05,830.1771240234375,1000.0,1002.3900146484375,999.989990234375,1002.3900146484375,0
2021-03-08,830.1771240234375,1000.0,1002.2999877929688,999.989990234375,1002.2999877929688,0
2021-03-09,830.1686401367188,999.989990234375,1002.2999877929688,999.25,1002.2999877929688,0
2021-03-10,830.1771240234375,1000.0,1002.2999877929688,999.989990234375,1002.2999877929688,0
2021-03-12,830.1771240234375,1000.0,1002.3900146484375,998.1099853515625,1002.3900146484375,0
2021-03-15,830.1771240234375,1000.0,1002.2999877929688,999.97998046875,1002.2999877929688,0
2021-03-16,830.1771240234375,1000.0,1000.8800048828125,999.280029296875,1000.0,0
2021-03-17,830.1771240234375,1000.0,1002.2999877929688,999.989990234375,1002.2999877929688,0
2021-03-18,830.1771240234375,1000.0,1000.8300170898438,999.280029296875,1000.8300170898438,0
2021-03-19,830.1771240234375,1000.0,1000.8699951171875,999.5599975585938,1000.0,0
2021-03-22,830.1771240234375,1000.0,1002.2999877929688,999.3300170898438,1002.2999877929688,0
2021-03-23,830.1686401367188,999.989990234375,1003.0599975585938,999.9099731445312,1000.0,0
2021-03-24,830.1771240234375,1000.0,1002.2999877929688,999.9000244140625,1002.2999877929688,0
2021-03-25,830.1771240234375,1000.0,1000.010009765625,999.2999877929688,1000.0,0
2021-03-26,830.1771240234375,1000.0,1002.2999877929688,999.989990234375,1002.2999877929688,0
2021-03-30,830.1686401367188,999.989990234375,1002.2999877929688,999.2999877929688,1002.2999877929688,0
2021-03-31,831.9506225585938,1000.0,1001.7999877929688,999.3499755859375,1001.7999877929688,0
2021-04-01,831.94189453125,999.989990234375,1002.2999877929688,998.2999877929688,1002.2999877929688,0
2021-04-05,831.9506225585938,1000.0,1002.2999877929688,999.3599853515625,1002.2999877929688,0
2021-04-06,831.9506225585938,1000.0,1000.010009765625,999.3599853515625,1000.0,0
2021-04-07,831.9506225585938,1000.0,1000.9299926757812,999.3599853515625,1000.8699951171875,0
2021-04-08,831.9506225585938,1000.0,1002.2999877929688,999.989990234375,1002.2999877929688,0
2021-04-09,831.94189453125,999.989990234375,1002.2999877929688,999.3499755859375,1002.2999877929688,0
2021-04-12,831.9506225585938,1000.0,1000.8699951171875,999.97998046875,1000.8699951171875,0
2021-04-13,831.9506225585938,1000.0,1002.2999877929688,999.3599853515625,1002.2999877929688,0
2021-04-15,831.9506225585938,1000.0,1002.2999877929688,998.2999877929688,1002.2999877929688,0
2021-04-16,831.94189453125,999.989990234375,1002.2999877929688,999.3699951171875,1002.2999877929688,0
2021-04-19,831.9506225585938,1000.0,1002.2999877929688,999.4000244140625,1002.2999877929688,0
2021-04-20,831.9506225585938,1000.0,1002.2999877929688,999.989990234375,1002.2999877929688,0
2021-04-22,831.9506225585938,1000.0,1002.2999877929688,999.989990234375,1002.2999877929688,0
2021-04-23,831.9506225585938,1000.0,1000.010009765625,999.989990234375,1000.0,0
2021-04-26,831.94189453125,999.989990234375,1002.2999877929688,999.27001953125,1002.2999877929688,0
2021-04-27,831.94189453125,999.989990234375,1002.2999877929688,999.4000244140625,1002.2999877929688,0
2021-04-28,831.94189453125,999.989990234375,1002.2899780273438,999.4000244140625,1002.2899780273438,0
2021-04-29,831.9506225585938,1000.0,1002.2999877929688,998.2999877929688,1002.2999877929688,0
2021-04-30,833.5759887695312,1000.0,1003.0599975585938,999.5,1003.0599975585938,0
2021-05-03,833.5759887695312,1000.0,1000.010009765625,999.0,1000.0,0
2021-05-04,833.5759887695312,1000.0,1000.8699951171875,999.989990234375,1000.0,0
2021-05-05,833.5759887695312,1000.0,1000.010009765625,999.989990234375,1000.0,0
2021-05-06,833.5670166015625,999.989990234375,1000.8699951171875,999.0,999.989990234375,0
2021-05-07,833.5759887695312,1000.0,1000.010009765625,999.989990234375,1000.0,0
2021-05-10,833.5759887695312,1000.0,1000.010009765625,999.4099731445312,1000.0,0
2021-05-11,833.5670166015625,999.989990234375,1000.8699951171875,999.4000244140625,1000.8699951171875,0
2021-05-12,833.5759887695312,1000.0,1002.0,999.4099731445312,1002.0,0
2021-05-14,833.5759887695312,1000.0,1000.8699951171875,995.3300170898438,1000.8699951171875,0
2021-05-17,833.5759887695312,1000.0,1000.8699951171875,999.3300170898438,1000.8699951171875,0
2021-05-18,833.5670166015625,999.989990234375,1000.8699951171875,999.989990234375,1000.8699951171875,0
2021-05-19,833.5670166015625,999.989990234375,1000.8699951171875,999.989990234375,1000.8699951171875,0
2021-05-20,833.5759887695312,1000.0,1000.8699951171875,999.3300170898438,1000.8699951171875,0
2021-05-21,833.5759887695312,1000.0,1000.010009765625,997.0999755859375,997.0999755859375,0
2021-05-24,833.5670166015625,999.989990234375,1001.0,999.4099731445312,1001.0,0
2021-05-25,833.5759887695312,1000.0,1002.2999877929688,997.0999755859375,1002.2999877929688,0
2021-05-26,833.5670166015625,999.989990234375,1000.010009765625,999.0,999.0,0
2021-05-27,833.5670166015625,999.989990234375,1000.8699951171875,999.510009765625,1000.8699951171875,0
2021-05-28,833.5841064453125,1000.010009765625,1000.75,999.8900146484375,1000.75,0
2021-05-31,835.06298828125,999.989990234375,1002.2000122070312,999.3300170898438,1002.2000122070312,0
2021-06-01,835.0714721679688,1000.0,1003.4000244140625,999.5599975585938,1003.4000244140625,0
2021-06-02,835.0714721679688,1000.0,1003.4000244140625,996.4000244140625,1003.4000244140625,0
2021-06-03,835.0714721679688,1000.0,1003.4000244140625,996.4000244140625,1003.4000244140625,0
2021-06-04,835.0714721679688,1000.0,1002.2999877929688,998.2999877929688,1002.2999877929688,0
2021-06-07,835.0714721679688,1000.0,1000.010009765625,999.4000244140625,1000.0,0
2021-06-08,835.0714721679688,1000.0,1000.010009765625,999.4099731445312,1000.0,0
2021-06-09,835.06298828125,999.989990234375,1002.9500122070312,999.27001953125,1002.9500122070312,0
2021-06-10,835.06298828125,999.989990234375,1000.010009765625,999.3699951171875,1000.0,0
2021-06-11,835.06298828125,999.989990234375,1002.4000244140625,999.989990234375,1002.4000244140625,0
2021-06-14,835.06298828125,999.989990234375,1000.8699951171875,999.510009765625,1000.8699951171875,0
2021-06-15,835.0714721679688,1000.0,1002.4000244140625,999.4099731445312,1002.4000244140625,0
2021-06-16,835.0714721679688,1000.0,1003.4000244140625,998.4500122070312,1003.4000244140625,0
2021-06-17,835.0714721679688,1000.0,1000.8699951171875,999.27001953125,1000.8699951171875,0
2021-06-18,835.0714721679688,1000.0,1000.010009765625,999.5499877929688,999.5499877929688,0
2021-06-21,835.06298828125,999.989990234375,1000.010009765625,999.5499877929688,1000.0,0
2021-06-22,835.0714721679688,1000.0,1000.9000244140625,999.989990234375,1000.0,0
2021-06-23,835.0714721679688,1000.0,1002.7000122070312,999.4000244140625,1002.7000122070312,0
2021-06-24,835.0714721679688,1000.0,1002.4000244140625,999.5499877929688,1002.4000244140625,0
2021-06-25,835.06298828125,999.989990234375,1000.010009765625,998.1500244140625,1000.0,0
2021-06-28,835.06298828125,999.989990234375,1002.4000244140625,999.3300170898438,1002.4000244140625,0
2021-06-29,835.06298828125,999.989990234375,1000.8699951171875,999.0,999.0,0
2021-06-30,836.8486938476562,999.989990234375,1000.47998046875,998.1500244140625,1000.010009765625,0
2021-07-01,836.8572998046875,1000.0,1000.010009765625,999.510009765625,1000.0,0
2021-07-02,836.8572998046875,1000.0,1002.3800048828125,998.4500122070312,1002.3800048828125,0
2021-07-05,836.8486938476562,999.989990234375,1003.4000244140625,996.4000244140625,1003.4000244140625,0
2021-07-06,836.8572998046875,1000.0,1002.3599853515625,998.2000122070312,1002.3599853515625,0
2021-07-07,836.8572998046875,1000.0,1000.010009765625,998.2000122070312,1000.0,0
2021-07-08,836.8572998046875,1000.0,1003.4000244140625,999.989990234375,1003.4000244140625,0
2021-07-09,836.8572998046875,1000.0,1002.9000244140625,998.2000122070312,1002.9000244140625,0
2021-07-12,836.8572998046875,1000.0,1002.0,999.0,999.0,0
2021-07-13,836.8572998046875,1000.0,1002.3800048828125,999.989990234375,1002.3800048828125,0
2021-07-14,836.8486938476562,999.989990234375,1000.47998046875,999.510009765625,1000.0,0
2021-07-15,836.8486938476562,999.989990234375,1000.010009765625,998.2100219726562,998.2100219726562,0
2021-07-16,836.8572998046875,1000.0,1003.4000244140625,996.4000244140625,1003.4000244140625,0
2021-07-19,836.8572998046875,1000.0,1000.8699951171875,999.989990234375,1000.8699951171875,0
2021-07-20,836.8572998046875,1000.0,1003.4000244140625,999.510009765625,1003.4000244140625,0
2021-07-22,836.8486938476562,999.989990234375,1003.4000244140625,999.0,1003.4000244140625,0
2021-07-23,836.8572998046875,1000.0,1002.760009765625,996.4000244140625,996.4000244140625,0
2021-07-26,836.8486938476562,999.989990234375,1002.3800048828125,998.1599731445312,998.1599731445312,0
2021-07-27,836.8572998046875,1000.0,1003.4000244140625,996.4000244140625,1003.4000244140625,0
2021-07-28,836.8486938476562,999.989990234375,1002.4000244140625,998.4000244140625,998.4000244140625,0
2021-07-29,836.8486938476562,999.989990234375,1002.3599853515625,999.510009765625,1002.3599853515625,0
2021-07-30,838.1504516601562,1000.0,1003.4000244140625,999.3300170898438,1003.4000244140625,0
2021-08-02,838.1417236328125,999.989990234375,1002.0,997.6099853515625,1002.0,0
2021-08-03,838.1504516601562,1000.0,1002.8800048828125,997.6199951171875,997.6199951171875,0
2021-08-04,838.1504516601562,1000.0,1002.6500244140625,999.3200073242188,1002.6500244140625,0
2021-08-05,838.1417236328125,999.989990234375,1002.5900268554688,999.989990234375,1002.5900268554688,0
2021-08-06,838.1417236328125,999.989990234375,1001.989990234375,999.989990234375,1001.989990234375,0
2021-08-09,838.1504516601562,1000.0,1001.989990234375,999.3300170898438,1001.989990234375,0
2021-08-10,838.1504516601562,1000.0,1001.0,998.4000244140625,998.4000244140625,0
2021-08-11,838.1417236328125,999.989990234375,1002.6400146484375,997.2100219726562,1002.6400146484375,0
2021-08-12,838.1504516601562,1000.0,1003.4000244140625,998.4500122070312,1003.4000244140625,0
2021-08-13,838.1504516601562,1000.0,1002.0,999.510009765625,1002.0,0
2021-08-16,838.1504516601562,1000.0,1002.8800048828125,999.3300170898438,1002.8800048828125,0
2021-08-17,838.1504516601562,1000.0,1003.0,998.6500244140625,1003.0,0
2021-08-18,838.1417236328125,999.989990234375,1002.8800048828125,999.3300170898438,1002.8800048828125,0
2021-08-20,838.1504516601562,1000.0,1002.8699951171875,999.510009765625,1002.8699951171875,0
2021-08-23,838.1417236328125,999.989990234375,1002.5,999.3300170898438,1002.5,0
2021-08-24,838.1417236328125,999.989990234375,1003.4000244140625,999.989990234375,1003.4000244140625,0
2021-08-25,838.1417236328125,999.989990234375,1000.9000244140625,997.1099853515625,1000.9000244140625,0
2021-08-26,838.1417236328125,999.989990234375,1000.9000244140625,999.989990234375,999.989990234375,0
2021-08-27,838.1504516601562,1000.0,1003.1799926757812,997.1599731445312,1003.1799926757812,0
2021-08-30,838.1417236328125,999.989990234375,1002.4000244140625,999.27001953125,1002.4000244140625,0
2021-08-31,839.8482666015625,1000.0,1003.4000244140625,997.2100219726562,1003.4000244140625,0
2021-09-01,839.83935546875,999.989990234375,1003.4000244140625,997.1799926757812,1003.4000244140625,0
2021-09-02,839.83935546875,999.989990234375,1000.9000244140625,999.5499877929688,1000.9000244140625,0
2021-09-03,839.83935546875,999.989990234375,1000.9000244140625,999.989990234375,1000.0,0
2021-09-06,839.8482666015625,1000.0,1002.0,999.510009765625,1002.0,0
2021-09-07,839.8482666015625,1000.0,1003.1400146484375,999.9500122070312,1003.1400146484375,0
2021-09-08,839.8482666015625,1000.0,1000.7999877929688,999.989990234375,1000.7999877929688,0
2021-09-09,839.8482666015625,1000.0,1000.010009765625,999.3300170898438,1000.0,0
2021-09-13,839.8482666015625,1000.0,1000.010009765625,998.4000244140625,998.4000244140625,0
2021-09-14,839.83935546875,999.989990234375,1003.4000244140625,998.0,1003.4000244140625,0
2021-09-15,839.83935546875,999.989990234375,1000.010009765625,999.75,1000.0,0
2021-09-16,839.8482666015625,1000.0,1000.010009765625,999.3300170898438,999.3300170898438,0
2021-09-17,839.8482666015625,1000.0,1002.7899780273438,997.5999755859375,997.5999755859375,0
2021-09-20,839.8482666015625,1000.0,1003.1799926757812,997.1599731445312,1003.1799926757812,0
2021-09-21,839.83935546875,999.989990234375,1002.0,999.510009765625,1002.0,0
2021-09-22,839.83935546875,999.989990234375,1002.4000244140625,998.4000244140625,1002.4000244140625,0
2021-09-23,839.83935546875,999.989990234375,1003.1799926757812,999.3200073242188,1003.1799926757812,0
2021-09-24,839.8563842773438,1000.010009765625,1002.7899780273438,999.2999877929688,1002.7899780273438,0
2021-09-27,839.83935546875,999.989990234375,1002.7899780273438,997.1599731445312,1002.7899780273438,0
2021-09-28,839.8482666015625,1000.0,1002.2999877929688,999.989990234375,1002.2999877929688,0
2021-09-29,839.8226928710938,999.969970703125,1000.010009765625,998.9000244140625,1000.0,0
2021-09-30,841.182861328125,1000.0,1002.4000244140625,999.969970703125,1002.4000244140625,0
2021-10-01,841.182861328125,1000.0,1003.4000244140625,999.5999755859375,1003.4000244140625,0
2021-10-04,841.182861328125,1000.0,1002.2999877929688,998.2999877929688,1002.2999877929688,0
2021-10-05,841.1742553710938,999.989990234375,1002.2999877929688,998.2999877929688,1002.2999877929688,0
2021-10-06,841.182861328125,1000.0,1000.8699951171875,999.989990234375,1000.8699951171875,0
2021-10-07,841.1742553710938,999.989990234375,1002.2999877929688,998.2999877929688,1002.2999877929688,0
2021-10-08,841.182861328125,1000.0,1001.77001953125,999.989990234375,1001.77001953125,0
2021-10-11,841.182861328125,1000.0,1002.2999877929688,998.97998046875,1002.2999877929688,0
2021-10-12,841.182861328125,1000.0,1001.739990234375,999.2000122070312,1001.739990234375,0
2021-10-13,841.1742553710938,999.989990234375,1002.9000244140625,999.3200073242188,1002.9000244140625,0
2021-10-14,841.182861328125,1000.0,1002.2100219726562,999.989990234375,1002.2100219726562,0
2021-10-18,841.1742553710938,999.989990234375,1001.0,998.2999877929688,1000.0,0
2021-10-19,841.1742553710938,999.989990234375,1000.489990234375,999.27001953125,1000.0,0
2021-10-20,841.1742553710938,999.989990234375,1002.0,999.25,1001.8099975585938,0
2021-10-21,841.1742553710938,999.989990234375,1008.9000244140625,997.1599731445312,1008.9000244140625,0
2021-10-22,841.182861328125,1000.0,1002.2000122070312,999.510009765625,1002.2000122070312,0
2021-10-25,841.182861328125,1000.0,1002.9000244140625,999.510009765625,1001.0,0
2021-10-26,841.1742553710938,999.989990234375,1002.2000122070312,999.989990234375,1002.2000122070312,0
2021-10-27,841.182861328125,1000.0,1001.8699951171875,999.510009765625,1000.0,0
2021-10-28,841.182861328125,1000.0,1003.1799926757812,997.1599731445312,1003.1799926757812,0
2021-10-29,843.0270385742188,1000.0,1002.2000122070312,998.2999877929688,1002.2000122070312,0
2021-11-01,843.0183715820312,999.989990234375,1000.8699951171875,999.3499755859375,1000.8699951171875,0
2021-11-02,843.0183715820312,999.989990234375,1002.2000122070312,998.2999877929688,1002.2000122070312,0
2021-11-03,843.035400390625,1000.010009765625,1001.7999877929688,998.2999877929688,999.989990234375,0
2021-11-04,843.0183715820312,999.989990234375,1006.7000122070312,997.3499755859375,1006.7000122070312,0
2021-11-08,843.0183715820312,999.989990234375,1002.2000122070312,997.3499755859375,1002.2000122070312,0
2021-11-09,843.0183715820312,999.989990234375,1002.2000122070312,999.0,1002.2000122070312,0
2021-11-10,843.0270385742188,1000.0,1001.0,998.2999877929688,1001.0,0
2021-11-11,843.0270385742188,1000.0,1002.9000244140625,991.1099853515625,1002.9000244140625,0
2021-11-12,843.0183715820312,999.989990234375,1002.2999877929688,999.510009765625,1002.2999877929688,0
2021-11-15,843.0183715820312,999.989990234375,1001.0,997.1599731445312,1001.0,0
2021-11-16,843.0270385742188,1000.0,1002.9000244140625,998.22998046875,999.989990234375,0
2021-11-17,843.035400390625,1000.010009765625,1001.0,998.2999877929688,1001.0,0
2021-11-18,843.0270385742188,1000.0,1002.2999877929688,998.2999877929688,1002.2999877929688,0
2021-11-22,843.0270385742188,1000.0,1003.1799926757812,990.0,1003.1799926757812,0
2021-11-23,843.0183715820312,999.989990234375,1002.2999877929688,998.2999877929688,1002.2999877929688,0
2021-11-24,843.0270385742188,1000.0,1002.0,999.3300170898438,1002.0,0
2021-11-25,843.0270385742188,1000.0,1002.9000244140625,997.1599731445312,1002.9000244140625,0
2021-11-26,843.0270385742188,1000.0,1002.2999877929688,999.3200073242188,1002.2999877929688,0
2021-11-29,843.0183715820312,999.989990234375,1000.5,999.3599853515625,1000.5,0
2021-11-30,844.7962646484375,999.989990234375,1002.2999877929688,998.2999877929688,1002.2999877929688,0
2021-12-01,844.7962646484375,999.989990234375,1008.9000244140625,999.3599853515625,1008.9000244140625,0
2021-12-02,844.7962646484375,999.989990234375,1002.2999877929688,999.6500244140625,1002.2999877929688,0
2021-12-03,844.7962646484375,999.989990234375,1002.2999877929688,999.3200073242188,1002.2999877929688,0
2021-12-06,844.8050537109375,1000.0,1002.2999877929688,998.2999877929688,1002.2999877929688,0
2021-12-07,844.7962646484375,999.989990234375,1002.2999877929688,999.989990234375,1002.2999877929688,0
2021-12-08,844.7962646484375,999.989990234375,1003.1799926757812,997.1599731445312,1003.1799926757812,0
2021-12-09,844.7962646484375,999.989990234375,1002.2999877929688,999.510009765625,1002.2999877929688,0
2021-12-10,844.8050537109375,1000.0,1002.2999877929688,998.2999877929688,1002.2999877929688,0
2021-12-13,844.7962646484375,999.989990234375,1002.2999877929688,998.1699829101562,1002.2999877929688,0
2021-12-14,844.8050537109375,1000.0,1001.9400024414062,997.2999877929688,997.2999877929688,0
2021-12-15,844.8050537109375,1000.0,1002.2999877929688,998.0,1002.2999877929688,0
2021-12-16,844.7962646484375,999.989990234375,1002.2999877929688,999.3499755859375,1002.2999877929688,0
2021-12-17,844.8050537109375,1000.0,1003.2999877929688,999.989990234375,1003.2999877929688,0
2021-12-20,844.8050537109375,1000.0,1002.2999877929688,999.510009765625,1002.2999877929688,0
2021-12-21,844.7962646484375,999.989990234375,1002.2999877929688,999.3499755859375,1002.2999877929688,0
2021-12-22,844.7962646484375,999.989990234375,1002.0,997.2999877929688,1002.0,0
2021-12-23,844.7962646484375,999.989990234375,1001.9400024414062,999.3499755859375,1001.9400024414062,0
2021-12-24,844.8050537109375,1000.0,1002.2999877929688,999.3200073242188,1002.2999877929688,0
2021-12-27,844.7962646484375,999.989990234375,1002.2999877929688,998.2999877929688,1002.2999877929688,0
2021-12-28,844.7962646484375,999.989990234375,1002.2999877929688,999.9000244140625,1002.2999877929688,0
2021-12-29,844.8050537109375,1000.0,1002.0999755859375,999.9000244140625,1002.0999755859375,0
2021-12-30,844.8050537109375,1000.0,1002.2999877929688,999.9000244140625,1002.2999877929688,0
2021-12-31,846.517578125,1000.0,1002.2999877929688,999.3200073242188,1002.2999877929688,0
2022-01-03,846.5088500976562,999.989990234375,1002.2999877929688,998.8499755859375,1002.2999877929688,0
2022-01-04,846.5088500976562,999.989990234375,1002.0,998.2999877929688,1000.030029296875,0
2022-01-05,846.5088500976562,999.989990234375,1001.5,998.2999877929688,1001.5,0
2022-01-06,846.5088500976562,999.989990234375,1001.9500122070312,999.2999877929688,1001.0,0
2022-01-07,846.517578125,1000.0,1002.2999877929688,999.510009765625,1002.2999877929688,0
2022-01-10,846.5088500976562,999.989990234375,1000.489990234375,999.3499755859375,1000.0,0
2022-01-11,846.517578125,1000.0,1001.0,999.2000122070312,1001.0,0
2022-01-12,846.517578125,1000.0,1002.2999877929688,999.3499755859375,1002.2999877929688,0
2022-01-13,846.5088500976562,999.989990234375,1002.2999877929688,999.989990234375,1002.2999877929688,0
2022-01-14,846.5088500976562,999.989990234375,1002.9500122070312,999.989990234375,1002.9500122070312,0
2022-01-17,846.5088500976562,999.989990234375,1000.8099975585938,998.2999877929688,1000.0,0
2022-01-18,846.517578125,1000.0,1002.0,999.3499755859375,1002.0,0
2022-01-19,846.5088500976562,999.989990234375,1002.2999877929688,999.989990234375,1002.2999877929688,0
2022-01-20,846.5088500976562,999.989990234375,1002.2999877929688,999.3499755859375,1002.2999877929688,0
2022-01-21,846.517578125,1000.0,1002.0,999.3499755859375,1002.0,0
2022-01-24,846.517578125,1000.0,1002.0,999.2999877929688,1002.0,0
2022-01-25,846.5088500976562,999.989990234375,1002.2999877929688,998.2999877929688,1002.2999877929688,0
2022-01-27,846.517578125,1000.0,1000.010009765625,999.3499755859375,1000.0,0
2022-01-28,846.517578125,1000.0,1002.2899780273438,999.3499755859375,1000.0,0
2022-01-31,848.5411987304688,1000.0,1002.2999877929688,999.3499755859375,1002.2999877929688,0
2022-02-01,848.5324096679688,999.989990234375,1002.2999877929688,999.989990234375,1002.2999877929688,0
2022-02-02,848.5324096679688,999.989990234375,1000.010009765625,999.3300170898438,1000.0,0
2022-02-03,848.5411987304688,1000.0,1000.010009765625,999.989990234375,1000.0,0
2022-02-04,848.5411987304688,1000.0,1008.9000244140625,999.510009765625,1008.9000244140625,0
2022-02-07,848.5411987304688,1000.0,1002.25,998.25,1002.25,0
2022-02-08,848.5324096679688,999.989990234375,1003.5999755859375,999.3499755859375,1003.5999755859375,0
2022-02-09,848.5324096679688,999.989990234375,1003.1599731445312,998.3499755859375,1003.1599731445312,0
2022-02-10,848.5324096679688,999.989990234375,1008.9000244140625,999.97998046875,1008.9000244140625,0
2022-02-11,848.5411987304688,1000.0,1002.25,999.3499755859375,1002.25,0
2022-02-14,848.5411987304688,1000.0,1003.2000122070312,998.3499755859375,1003.2000122070312,0
2022-02-15,848.5324096679688,999.989990234375,1002.25,999.989990234375,1002.25,0
2022-02-16,848.5411987304688,1000.0,1002.25,997.5999755859375,997.5999755859375,0
2022-02-17,848.5411987304688,1000.0,1003.2000122070312,999.2999877929688,1003.2000122070312,0
2022-02-18,848.5411987304688,1000.0,1002.0,999.2999877929688,1002.0,0
2022-02-21,848.5411987304688,1000.0,1003.1799926757812,999.5499877929688,1003.1799926757812,0
2022-02-22,848.5411987304688,1000.0,1000.010009765625,999.510009765625,1000.0,0
2022-02-23,848.5411987304688,1000.0,1002.0,999.3499755859375,1002.0,0
2022-02-24,848.5324096679688,999.989990234375,1002.25,999.010009765625,999.010009765625,0
2022-02-25,848.5411987304688,1000.0,1000.010009765625,999.3499755859375,1000.0,0
2022-02-28,848.6014404296875,1000.0,1000.010009765625,999.510009765625,1000.0,0
2022-03-02,848.5927124023438,999.989990234375,1003.2000122070312,997.2999877929688,1003.2000122070312,0
2022-03-03,848.5927124023438,999.989990234375,1003.1599731445312,999.3499755859375,1002.25,0
2022-03-04,848.6014404296875,1000.0,1002.25,999.5499877929688,1002.25,0
2022-03-07,848.5927124023438,999.989990234375,1002.5999755859375,998.25,1002.5999755859375,0
2022-03-08,848.5927124023438,999.989990234375,1001.0,999.25,1001.0,0
2022-03-09,848.5927124023438,999.989990234375,1001.0,999.989990234375,999.989990234375,0
2022-03-10,848.5927124023438,999.989990234375,1008.9000244140625,997.3499755859375,1008.9000244140625,0
2022-03-11,848.6014404296875,1000.0,1003.1599731445312,997.1599731445312,1003.1599731445312,0
2022-03-14,848.6014404296875,1000.0,1001.0,997.3499755859375,1001.0,0
2022-03-15,848.6014404296875,1000.0,1002.5999755859375,997.2999877929688,1002.5999755859375,0
2022-03-16,848.5927124023438,999.989990234375,1001.9000244140625,999.3499755859375,1001.9000244140625,0
2022-03-17,848.6014404296875,1000.0,1002.0,997.1599731445312,999.0,0
2022-03-21,848.5927124023438,999.989990234375,1002.5999755859375,999.3499755859375,1002.5999755859375,0
2022-03-22,848.5927124023438,999.989990234375,1003.1599731445312,999.3499755859375,1003.1599731445312,0
2022-03-23,848.6014404296875,1000.0,1002.5999755859375,997.2999877929688,1002.5999755859375,0
2022-03-24,848.6014404296875,1000.0,1003.1599731445312,997.1599731445312,997.1599731445312,0
2022-03-25,848.6014404296875,1000.0,1003.1599731445312,997.1599731445312,1003.1599731445312,0
2022-03-28,848.6014404296875,1000.0,1001.9600219726562,999.3499755859375,1001.9600219726562,0
2022-03-29,848.6014404296875,1000.0,1001.9500122070312,999.989990234375,1001.9500122070312,0
2022-03-30,848.6014404296875,1000.0,1001.9299926757812,999.989990234375,1001.9299926757812,0
2022-03-31,850.5702514648438,1000.0,1003.1599731445312,999.510009765625,1003.1599731445312,0
2022-04-01,850.5702514648438,1000.0,1008.9000244140625,999.3499755859375,1008.9000244140625,0
2022-04-04,850.5614013671875,999.989990234375,1001.0,998.0,1001.0,0
2022-04-05,850.5614013671875,999.989990234375,1003.1599731445312,999.989990234375,1003.1599731445312,0
2022-04-06,850.5702514648438,1000.0,1000.010009765625,999.6300048828125,1000.010009765625,0
2022-04-07,850.5614013671875,999.989990234375,1003.1599731445312,999.989990234375,1003.1599731445312,0
2022-04-08,850.5702514648438,1000.0,1003.1599731445312,999.3499755859375,999.3499755859375,0
2022-04-11,850.5702514648438,1000.0,1003.1599731445312,999.3499755859375,1003.1599731445312,0
2022-04-12,850.5702514648438,1000.0,1000.010009765625,999.510009765625,999.510009765625,0
2022-04-13,850.5702514648438,1000.0,1002.5999755859375,999.530029296875,1002.5999755859375,0
2022-04-18,850.5614013671875,999.989990234375,1000.489990234375,999.989990234375,1000.0,0
2022-04-19,850.5702514648438,1000.0,1000.010009765625,999.6099853515625,999.989990234375,0
2022-04-20,850.5702514648438,1000.0,1000.010009765625,999.989990234375,1000.0,0
2022-04-21,850.5614013671875,999.989990234375,1003.1599731445312,999.3499755859375,1003.1599731445312,0
2022-04-22,850.5702514648438,1000.0,1002.0,999.989990234375,1002.0,0
2022-04-25,850.5702514648438,1000.0,1002.0,999.7100219726562,1002.0,0
2022-04-26,850.5614013671875,999.989990234375,1002.0,999.3499755859375,1002.0,0
2022-04-27,850.5614013671875,999.989990234375,1002.0,999.989990234375,1002.0,0
2022-04-28,850.5702514648438,1000.0,1000.010009765625,999.3499755859375,999.3499755859375,0
2022-04-29,852.42138671875,1000.0,1001.1599731445312,999.97998046875,1001.1599731445312,0
2022-05-02,852.4126586914062,999.989990234375,1000.010009765625,999.3499755859375,1000.0,0
2022-05-04,852.42138671875,1000.0,1002.0,999.3499755859375,1002.0,0
2022-05-05,852.4126586914062,999.989990234375,1003.1599731445312,999.5599975585938,1003.1599731445312,0
2022-05-06,852.42138671875,1000.0,1003.1599731445312,999.3499755859375,1003.1599731445312,0
2022-05-09,852.42138671875,1000.0,1001.0,999.989990234375,1001.0,0
2022-05-10,852.42138671875,1000.0,1003.1599731445312,999.3499755859375,1003.1599731445312,0
2022-05-11,852.4126586914062,999.989990234375,1002.0,999.3499755859375,999.3499755859375,0
2022-05-12,852.42138671875,1000.0,1003.1599731445312,999.989990234375,1000.010009765625,0
2022-05-13,852.42138671875,1000.0,1003.1599731445312,998.1599731445312,1000.0,0
2022-05-16,852.42138671875,1000.0,1002.0,999.3499755859375,1002.0,0
2022-05-17,852.4126586914062,999.989990234375,1003.1599731445312,999.6199951171875,1003.1599731445312,0
2022-05-18,852.42138671875,1000.0,1002.5999755859375,999.4400024414062,1002.0,0
2022-05-19,852.42138671875,1000.0,1002.0,999.530029296875,1002.0,0
2022-05-20,852.4126586914062,999.989990234375,1000.010009765625,999.530029296875,999.530029296875,0
2022-05-23,852.4126586914062,999.989990234375,1003.1599731445312,999.4500122070312,1003.1599731445312,0
2022-05-24,852.42138671875,1000.0,1000.010009765625,999.4500122070312,1000.0,0
2022-05-25,852.42138671875,1000.0,1002.5999755859375,997.2999877929688,1002.5999755859375,0
2022-05-26,852.4126586914062,999.989990234375,1000.4000244140625,999.510009765625,1000.4000244140625,0
2022-05-27,852.42138671875,1000.0,1000.010009765625,999.989990234375,1000.0,0
2022-05-30,852.4126586914062,999.989990234375,1002.5999755859375,999.530029296875,1002.5999755859375,0
2022-05-31,854.7806396484375,999.989990234375,1003.1599731445312,999.989990234375,1003.1599731445312,0
2022-06-01,854.7893676757812,1000.0,1001.9000244140625,999.3499755859375,1000.0,0
2022-06-02,854.7806396484375,999.989990234375,1002.4500122070312,999.989990234375,1002.4500122070312,0
2022-06-03,854.7806396484375,999.989990234375,1000.010009765625,999.989990234375,1000.0,0
2022-06-06,854.7806396484375,999.989990234375,1001.9600219726562,999.7000122070312,1001.9600219726562,0
2022-06-07,854.7893676757812,1000.0,1003.1599731445312,999.3499755859375,999.3499755859375,0
2022-06-08,854.7893676757812,1000.0,1003.1599731445312,999.969970703125,1003.1599731445312,0
2022-06-09,854.7893676757812,1000.0,1000.9000244140625,998.1599731445312,1000.9000244140625,0
2022-06-10,854.7806396484375,999.989990234375,1000.47998046875,999.75,1000.47998046875,0
2022-06-13,854.7893676757812,1000.0,1003.1599731445312,999.6099853515625,1003.1599731445312,0
2022-06-14,854.7806396484375,999.989990234375,1000.010009765625,999.47998046875,1000.010009765625,0
2022-06-15,854.7806396484375,999.989990234375,1000.010009765625,999.0,999.0,0
2022-06-16,854.7893676757812,1000.0,1002.0,998.0,1002.0,0
2022-06-17,854.7806396484375,999.989990234375,1000.010009765625,999.989990234375,1000.0,0
2022-06-20,854.7806396484375,999.989990234375,1002.0,999.5499877929688,1000.010009765625,0
2022-06-21,854.7806396484375,999.989990234375,1000.010009765625,999.969970703125,1000.0,0
2022-06-22,854.7893676757812,1000.0,1000.010009765625,999.7999877929688,999.7999877929688,0
2022-06-23,854.7893676757812,1000.0,1003.1599731445312,998.1599731445312,1000.010009765625,0
2022-06-24,854.7806396484375,999.989990234375,1000.010009765625,999.989990234375,1000.010009765625,0
2022-06-27,854.7806396484375,999.989990234375,1000.010009765625,998.1599731445312,1000.0,0
2022-06-28,854.7893676757812,1000.0,1002.5999755859375,999.9500122070312,1002.5999755859375,0
2022-06-29,854.7893676757812,1000.0,1002.5999755859375,997.2999877929688,997.2999877929688,0
2022-06-30,857.1085205078125,1000.0,1002.0,999.989990234375,1002.0,0
2022-07-01,857.1085205078125,1000.0,1002.0,999.989990234375,1002.0,0
2022-07-04,857.1000366210938,999.989990234375,1002.0,999.989990234375,1002.0,0
2022-07-05,857.1085205078125,1000.0,1003.1599731445312,999.3499755859375,1000.010009765625,0
2022-07-06,857.1000366210938,999.989990234375,1002.0,999.3499755859375,1002.0,0
2022-07-07,857.1000366210938,999.989990234375,1002.0,999.989990234375,1000.010009765625,0
2022-07-08,857.1085205078125,1000.0,1003.1599731445312,998.1599731445312,1003.1599731445312,0
2022-07-11,857.1000366210938,999.989990234375,1002.0,999.4500122070312,1002.0,0
2022-07-12,857.1000366210938,999.989990234375,1000.010009765625,999.3499755859375,1000.010009765625,0
2022-07-13,857.1000366210938,999.989990234375,1003.1599731445312,999.3499755859375,1003.1599731445312,0
2022-07-14,857.1085205078125,1000.0,1001.97998046875,999.989990234375,1000.010009765625,0
2022-07-15,857.1000366210938,999.989990234375,1000.010009765625,999.3499755859375,1000.0,0
2022-07-18,857.1000366210938,999.989990234375,1002.5999755859375,999.510009765625,1002.5999755859375,0
2022-07-19,857.1000366210938,999.989990234375,1002.0,999.6300048828125,1000.0,0
2022-07-20,857.1085205078125,1000.0,1000.010009765625,999.989990234375,1000.010009765625,0
2022-07-21,857.1085205078125,1000.0,1003.1599731445312,999.3499755859375,999.3499755859375,0
2022-07-22,857.1085205078125,1000.0,1001.6500244140625,999.75,1001.6500244140625,0
2022-07-25,857.1000366210938,999.989990234375,1000.010009765625,999.3499755859375,1000.0,0
2022-07-26,857.1000366210938,999.989990234375,1001.0,999.510009765625,1001.0,0
2022-07-27,857.1000366210938,999.989990234375,1001.0,999.989990234375,1001.0,0
2022-07-28,857.1000366210938,999.989990234375,1000.010009765625,999.3499755859375,1000.0,0
2022-07-29,859.9844970703125,1000.0,1000.010009765625,990.0,1000.0,0
2022-08-01,859.9758911132812,999.989990234375,1000.010009765625,998.5,998.5,0
2022-08-02,859.9758911132812,999.989990234375,1000.010009765625,999.989990234375,1000.010009765625,0
2022-08-03,859.9844970703125,1000.0,1003.1599731445312,999.989990234375,1003.1599731445312,0
2022-08-04,859.9844970703125,1000.0,1000.010009765625,999.989990234375,1000.0,0
2022-08-05,859.9758911132812,999.989990234375,1002.0,999.989990234375,1002.0,0
2022-08-08,859.9844970703125,1000.0,1000.010009765625,999.989990234375,999.989990234375,0
2022-08-10,859.9844970703125,1000.0,1000.010009765625,999.989990234375,1000.010009765625,0
2022-08-11,859.9844970703125,1000.0,1000.010009765625,999.989990234375,1000.010009765625,0
2022-08-12,859.9844970703125,1000.0,1000.010009765625,999.989990234375,1000.0,0
2022-08-16,859.9844970703125,1000.0,1003.1599731445312,999.989990234375,1003.1599731445312,0
2022-08-17,859.9844970703125,1000.0,1003.1599731445312,999.989990234375,1003.1599731445312,0
2022-08-18,859.9844970703125,1000.0,1000.010009765625,999.989990234375,1000.0,0
2022-08-19,859.9932250976562,1000.010009765625,1000.25,999.989990234375,1000.010009765625,0
2022-08-22,859.9844970703125,1000.0,1000.010009765625,999.989990234375,999.989990234375,0
2022-08-23,859.9758911132812,999.989990234375,1000.010009765625,999.989990234375,1000.0,0
2022-08-24,859.9758911132812,999.989990234375,1000.010009765625,999.989990234375,1000.0,0
2022-08-25,859.9844970703125,1000.0,1000.010009765625,999.989990234375,1000.010009765625,0
2022-08-26,859.9844970703125,1000.0,1002.8099975585938,999.989990234375,1002.8099975585938,0
2022-08-29,859.9844970703125,1000.0,1000.010009765625,999.989990234375,1000.010009765625,0
2022-08-30,863.2193603515625,999.989990234375,1000.010009765625,999.510009765625,1000.010009765625,0
2022-09-01,863.2279663085938,1000.0,1000.9500122070312,998.0,1000.0,0
2022-09-02,863.2279663085938,1000.0,1000.010009765625,999.989990234375,1000.010009765625,0
2022-09-05,863.2193603515625,999.989990234375,1000.010009765625,999.3499755859375,1000.010009765625,0
2022-09-06,863.2193603515625,999.989990234375,1000.010009765625,999.989990234375,1000.010009765625,0
2022-09-07,863.2279663085938,1000.0,1002.0,999.3499755859375,1002.0,0
2022-09-08,863.2193603515625,999.989990234375,1000.010009765625,999.989990234375,1000.010009765625,0
2022-09-09,863.2279663085938,1000.0,1000.010009765625,999.989990234375,1000.010009765625,0
2022-09-12,863.2193603515625,999.989990234375,1000.010009765625,999.989990234375,1000.0,0
2022-09-13,863.2279663085938,1000.0,1000.9500122070312,999.510009765625,1000.9500122070312,0
2022-09-14,863.2279663085938,1000.0,1000.010009765625,998.0,1000.0,0
2022-09-15,863.2279663085938,1000.0,1000.010009765625,999.989990234375,1000.0,0
2022-09-16,863.2279663085938,1000.0,1002.0,999.989990234375,999.989990234375,0
2022-09-19,863.2279663085938,1000.0,1000.010009765625,999.989990234375,1000.010009765625,0
2022-09-20,863.2193603515625,999.989990234375,1000.489990234375,999.989990234375,1000.0,0
2022-09-21,863.2279663085938,1000.0,1000.010009765625,999.989990234375,999.989990234375,0
2022-09-22,863.2193603515625,999.989990234375,1000.010009765625,999.989990234375,1000.0,0
2022-09-23,863.2279663085938,1000.0,1000.3900146484375,999.6099853515625,1000.3900146484375,0
2022-09-26,863.2279663085938,1000.0,1000.010009765625,999.989990234375,1000.0,0
2022-09-27,863.2193603515625,999.989990234375,1000.010009765625,999.989990234375,1000.010009765625,0
2022-09-28,863.2279663085938,1000.0,1000.010009765625,999.989990234375,1000.010009765625,0
2022-09-29,863.2279663085938,1000.0,1000.010009765625,999.989990234375,1000.0,0
2022-09-30,866.3330688476562,1000.0,1000.0399780273438,999.7999877929688,999.7999877929688,0
2022-10-03,866.3330688476562,1000.0,1000.010009765625,999.989990234375,1000.0,0
2022-10-04,866.3330688476562,1000.0,1000.010009765625,999.989990234375,1000.010009765625,0
2022-10-06,866.3417358398438,1000.010009765625,1000.25,999.989990234375,1000.010009765625,0
2022-10-07,866.3330688476562,1000.0,1000.010009765625,999.989990234375,1000.0,0
2022-10-10,866.32421875,999.989990234375,1000.010009765625,991.75,1000.0,0
2022-10-11,866.3330688476562,1000.0,1000.010009765625,999.989990234375,1000.010009765625,0
2022-10-12,866.32421875,999.989990234375,1000.010009765625,999.989990234375,1000.0,0
2022-10-13,866.32421875,999.989990234375,1000.010009765625,999.989990234375,1000.010009765625,0
2022-10-14,866.32421875,999.989990234375,1000.010009765625,999.989990234375,1000.010009765625,0
2022-10-17,866.32421875,999.989990234375,1000.9500122070312,999.989990234375,1000.9500122070312,0
2022-10-18,866.32421875,999.989990234375,1000.010009765625,999.75,1000.010009765625,0
2022-10-19,866.32421875,999.989990234375,1000.010009765625,999.989990234375,1000.010009765625,0
2022-10-20,866.3330688476562,1000.0,1000.25,998.0,1000.0,0
2022-10-21,866.32421875,999.989990234375,1002.0,999.989990234375,1000.010009765625,0
2022-10-24,866.32421875,999.989990234375,1002.0,998.0,1000.0,0
2022-10-25,866.32421875,999.989990234375,1002.0,999.989990234375,1002.0,0
2022-10-27,866.32421875,999.989990234375,1000.010009765625,999.75,999.989990234375,0
2022-10-28,866.3330688476562,1000.0,1000.010009765625,999.989990234375,1000.010009765625,0
2022-10-31,870.2660522460938,999.989990234375,1002.0,999.989990234375,1002.0,0
2022-11-01,870.2660522460938,999.989990234375,1000.010009765625,999.989990234375,1000.010009765625,0
2022-11-02,870.2747192382812,1000.0,1000.010009765625,999.989990234375,1000.010009765625,0
2022-11-03,870.2747192382812,1000.0,1000.010009765625,999.0,1000.0,0
2022-11-04,870.2747192382812,1000.0,1000.010009765625,999.989990234375,1000.010009765625,0
2022-11-07,870.2747192382812,1000.0,1000.010009765625,999.75,1000.0,0
2022-11-09,870.2747192382812,1000.0,1000.010009765625,999.989990234375,1000.0,0
2022-11-10,870.2747192382812,1000.0,1000.010009765625,980.0,1000.010009765625,0
2022-11-11,870.2747192382812,1000.0,1000.010009765625,999.989990234375,1000.010009765625,0
2022-11-14,870.2747192382812,1000.0,1000.010009765625,999.989990234375,1000.010009765625,0
2022-11-15,870.2747192382812,1000.0,1000.010009765625,999.989990234375,1000.0,0
2022-11-16,870.2747192382812,1000.0,1000.489990234375,999.989990234375,1000.489990234375,0
2022-11-17,870.2660522460938,999.989990234375,1000.010009765625,999.989990234375,1000.010009765625,0
2022-11-18,870.2747192382812,1000.0,1000.010009765625,999.989990234375,1000.010009765625,0
2022-11-21,870.2747192382812,1000.0,1002.0,999.989990234375,1002.0,0
2022-11-22,870.2747192382812,1000.0,1002.0,999.989990234375,1002.0,0
2022-11-23,870.2747192382812,1000.0,1000.010009765625,999.989990234375,1000.010009765625,0
2022-11-24,870.2747192382812,1000.0,1000.010009765625,999.989990234375,999.989990234375,0
2022-11-25,870.2747192382812,1000.0,1002.0,999.989990234375,1000.0,0
2022-11-28,870.2747192382812,1000.0,1000.010009765625,999.989990234375,1000.010009765625,0
2022-11-29,870.2747192382812,1000.0,1002.0,999.989990234375,999.989990234375,0
2022-11-30,873.7113037109375,1000.0,1000.010009765625,999.989990234375,1000.010009765625,0
2022-12-01,873.7113037109375,1000.0,1000.010009765625,999.989990234375,1000.010009765625,0
2022-12-02,873.7113037109375,1000.0,1000.010009765625,999.989990234375,1000.010009765625,0
2022-12-05,873.7025756835938,999.989990234375,1000.010009765625,999.989990234375,999.989990234375,0
2022-12-06,873.7113037109375,1000.0,1000.489990234375,999.989990234375,1000.489990234375,0
2022-12-07,873.7025756835938,999.989990234375,1000.010009765625,999.989990234375,1000.010009765625,0
2022-12-08,873.7025756835938,999.989990234375,1000.010009765625,999.989990234375,1000.0,0
2022-12-09,873.7113037109375,1000.0,1000.010009765625,999.989990234375,1000.0,0
2022-12-12,873.7025756835938,999.989990234375,1000.489990234375,999.989990234375,999.989990234375,0
2022-12-13,873.7113037109375,1000.0,1000.010009765625,999.0,1000.010009765625,0
2022-12-14,873.7113037109375,1000.0,1000.010009765625,999.989990234375,1000.010009765625,0
2022-12-15,873.7025756835938,999.989990234375,1000.010009765625,999.989990234375,1000.010009765625,0
2022-12-16,873.7113037109375,1000.0,1000.010009765625,999.989990234375,1000.010009765625,0
2022-12-19,873.7113037109375,1000.0,1000.010009765625,999.510009765625,1000.0,0
2022-12-20,873.7025756835938,999.989990234375,1000.010009765625,999.0,999.0,0
2022-12-21,873.7113037109375,1000.0,1000.010009765625,999.989990234375,1000.010009765625,0
2022-12-22,873.7113037109375,1000.0,1001.0,999.989990234375,1001.0,0
2022-12-23,873.7025756835938,999.989990234375,1000.010009765625,999.989990234375,1000.0,0
2022-12-26,873.7113037109375,1000.0,1002.0,997.5499877929688,1002.0,0
2022-12-27,873.7113037109375,1000.0,1000.010009765625,999.989990234375,1000.0,0
2022-12-28,873.7113037109375,1000.0,1000.010009765625,999.989990234375,1000.010009765625,0
2022-12-29,873.7113037109375,1000.0,1000.010009765625,999.989990234375,1000.010009765625,0
2022-12-30,877.6157836914062,1000.0,1002.0,999.989990234375,1000.0,0
2023-01-02,877.6157836914062,1000.0,1002.0,999.75,1002.0,0
2023-01-03,877.6157836914062,1000.0,1002.0,999.989990234375,1002.0,0
2023-01-04,877.6157836914062,1000.0,1000.010009765625,999.989990234375,1000.0,0
2023-01-05,877.6157836914062,1000.0,1000.010009765625,999.989990234375,1000.010009765625,0
2023-01-06,877.6157836914062,1000.0,1000.510009765625,999.989990234375,1000.010009765625,0
2023-01-09,877.606689453125,999.989990234375,1000.010009765625,988.0,999.989990234375,0
2023-01-10,877.606689453125,999.989990234375,1000.010009765625,999.989990234375,999.989990234375,0
2023-01-11,877.606689453125,999.989990234375,1000.010009765625,999.989990234375,1000.0,0
2023-01-12,877.6157836914062,1000.0,1002.0,970.0,970.0,0
2023-01-13,877.6157836914062,1000.0,1000.010009765625,999.989990234375,1000.0,0
2023-01-16,877.6157836914062,1000.0,1000.010009765625,999.9000244140625,999.9000244140625,0
2023-01-17,877.6157836914062,1000.0,1000.010009765625,999.989990234375,1000.010009765625,0
2023-01-18,877.606689453125,999.989990234375,1000.010009765625,999.989990234375,1000.010009765625,0
2023-01-19,877.6157836914062,1000.0,1000.010009765625,999.989990234375,999.989990234375,0
2023-01-20,877.606689453125,999.989990234375,1000.6500244140625,999.989990234375,1000.010009765625,0
2023-01-23,877.606689453125,999.989990234375,1000.010009765625,999.010009765625,999.010009765625,0
2023-01-24,877.606689453125,999.989990234375,1000.010009765625,999.989990234375,1000.010009765625,0
2023-01-25,877.606689453125,999.989990234375,1000.9500122070312,999.0,999.0,0
2023-01-27,877.6157836914062,1000.0,1000.010009765625,999.989990234375,1000.0,0
2023-01-30,877.6157836914062,1000.0,1000.010009765625,999.989990234375,999.989990234375,0
2023-01-31,881.3128662109375,999.989990234375,1030.0,999.989990234375,1030.0,0
2023-02-01,881.3216552734375,1000.0,1000.010009765625,998.0,1000.010009765625,0
2023-02-02,881.3216552734375,1000.0,1000.010009765625,999.989990234375,1000.0,0
2023-02-03,881.3216552734375,1000.0,1030.0,998.0,1030.0,0
2023-02-06,881.3216552734375,1000.0,1001.0,999.989990234375,1001.0,0
2023-02-07,881.3216552734375,1000.0,1000.6500244140625,999.989990234375,1000.6500244140625,0
2023-02-08,881.3216552734375,1000.0,1000.010009765625,999.989990234375,1000.010009765625,0
2023-02-09,881.3216552734375,1000.0,1000.010009765625,999.989990234375,1000.0,0
2023-02-10,881.3216552734375,1000.0,1000.010009765625,970.0,970.0,0
2023-02-13,881.3216552734375,1000.0,1000.010009765625,997.5,997.5,0
2023-02-14,881.3128662109375,999.989990234375,1000.6500244140625,997.5,1000.0,0
2023-02-15,881.3128662109375,999.989990234375,1000.010009765625,999.75,1000.0,0
2023-02-16,881.3128662109375,999.989990234375,1000.010009765625,999.97998046875,999.989990234375,0
2023-02-17,881.3216552734375,1000.0,1002.5,998.5,1002.0,0
2023-02-20,881.3128662109375,999.989990234375,1000.010009765625,998.0,1000.0,0
2023-02-21,881.3216552734375,1000.0,1030.0,999.010009765625,1030.0,0
2023-02-22,881.3216552734375,1000.0,1000.010009765625,999.989990234375,1000.0,0
2023-02-23,881.3128662109375,999.989990234375,1025.0,998.02001953125,1025.0,0
2023-02-24,881.3216552734375,1000.0,1000.010009765625,998.0499877929688,1000.010009765625,0
2023-02-27,881.3216552734375,1000.0,1030.0,998.0499877929688,1030.0,0
2023-02-28,885.15478515625,999.989990234375,1000.010009765625,999.989990234375,1000.010009765625,0
2023-03-01,885.1635131835938,1000.0,1030.0,999.0,1030.0,0
2023-03-02,885.1635131835938,1000.0,1000.010009765625,999.989990234375,1000.0,0
2023-03-03,885.1635131835938,1000.0,1000.010009765625,999.989990234375,1000.010009765625,0
2023-03-06,885.1635131835938,1000.0,1001.6500244140625,998.0999755859375,1001.6500244140625,0
2023-03-08,885.15478515625,999.989990234375,1001.9000244140625,970.0,1001.9000244140625,0
2023-03-09,885.1635131835938,1000.0,1000.010009765625,999.010009765625,1000.0,0
2023-03-10,885.1635131835938,1000.0,1001.6500244140625,999.989990234375,1001.6500244140625,0
2023-03-13,885.1635131835938,1000.0,1000.010009765625,999.989990234375,1000.0,0
2023-03-14,885.15478515625,999.989990234375,1000.010009765625,999.1500244140625,999.989990234375,0
2023-03-15,885.15478515625,999.989990234375,1001.5499877929688,999.010009765625,999.3499755859375,0
2023-03-16,885.1635131835938,1000.0,1000.010009765625,999.989990234375,1000.0,0
2023-03-17,885.15478515625,999.989990234375,1000.010009765625,999.989990234375,1000.010009765625,0
2023-03-20,885.1635131835938,1000.0,1000.010009765625,999.010009765625,1000.010009765625,0
2023-03-21,885.15478515625,999.989990234375,1000.010009765625,998.1500244140625,1000.010009765625,0
2023-03-22,885.1635131835938,1000.0,1000.9500122070312,999.989990234375,999.989990234375,0
2023-03-23,885.1635131835938,1000.0,1000.010009765625,970.0,998.0999755859375,0
2023-03-24,885.1635131835938,1000.0,1002.0,999.989990234375,1002.0,0
2023-03-27,885.15478515625,999.989990234375,1001.6500244140625,999.010009765625,1000.5,0
2023-03-28,885.1635131835938,1000.0,1002.0,998.1099853515625,999.989990234375,0
2023-03-29,885.15478515625,999.989990234375,1000.010009765625,999.97998046875,1000.010009765625,0
2023-03-31,889.394775390625,1000.010009765625,1000.25,999.1099853515625,1000.0,0
2023-04-03,889.3857421875,1000.0,1000.010009765625,998.1599731445312,1000.010009765625,0
2023-04-05,889.3857421875,1000.0,1000.969970703125,998.25,1000.010009765625,0
2023-04-06,889.3857421875,1000.0,1001.7000122070312,999.989990234375,1000.0,0
2023-04-10,889.376953125,999.989990234375,1000.010009765625,998.1500244140625,1000.0,0
2023-04-11,889.376953125,999.989990234375,1000.010009765625,999.1799926757812,999.989990234375,0
2023-04-12,889.3857421875,1000.0,1000.010009765625,999.1199951171875,1000.0,0
2023-04-13,889.3857421875,1000.0,1000.010009765625,999.989990234375,1000.0,0
2023-04-17,889.376953125,999.989990234375,1030.0,999.989990234375,1000.9000244140625,0
2023-04-18,889.3857421875,1000.0,1000.010009765625,998.6799926757812,999.5499877929688,0
2023-04-19,889.3857421875,1000.0,1000.9500122070312,999.989990234375,1000.010009765625,0
2023-04-20,889.376953125,999.989990234375,1000.010009765625,999.25,1000.0,0
2023-04-21,889.3857421875,1000.0,1000.010009765625,998.0,999.1500244140625,0
2023-04-24,889.3857421875,1000.0,1000.010009765625,999.4000244140625,1000.0,0
2023-04-25,889.376953125,999.989990234375,1000.6500244140625,999.0,1000.0,0
2023-04-26,889.3857421875,1000.0,1000.010009765625,999.4000244140625,999.9500122070312,0
2023-04-27,889.376953125,999.989990234375,1000.010009765625,999.97998046875,999.97998046875,0
2023-04-28,893.3837280273438,1000.0,1000.010009765625,999.989990234375,1000.0,0
2023-05-02,893.375,999.989990234375,1030.0,999.97998046875,1030.0,0
2023-05-03,893.3837280273438,1000.0,1000.010009765625,999.25,999.989990234375,0
2023-05-04,893.3837280273438,1000.0,1000.6500244140625,999.25,1000.0,0
2023-05-05,893.3837280273438,1000.0,1000.6500244140625,999.989990234375,1000.0,0
2023-05-08,893.3837280273438,1000.0,1000.010009765625,999.97998046875,1000.010009765625,0
2023-05-09,893.3837280273438,1000.0,1000.7899780273438,999.989990234375,1000.7899780273438,0
2023-05-10,893.375,999.989990234375,1000.010009765625,999.4000244140625,1000.010009765625,0
2023-05-11,893.3837280273438,1000.0,1001.6799926757812,999.97998046875,1001.6799926757812,0
2023-05-12,893.3837280273438,1000.0,1000.6500244140625,999.4000244140625,1000.0,0
2023-05-15,893.375,999.989990234375,1000.6500244140625,999.4500122070312,1000.0,0
2023-05-16,893.3837280273438,1000.0,1001.7000122070312,999.4500122070312,999.4500122070312,0
2023-05-17,893.3837280273438,1000.0,1030.0,999.4000244140625,1030.0,0
2023-05-18,893.375,999.989990234375,1000.6500244140625,999.4000244140625,999.4000244140625,0
2023-05-19,893.3837280273438,1000.0,1000.4000244140625,999.989990234375,1000.0,0
2023-05-22,893.375,999.989990234375,1000.5999755859375,999.989990234375,1000.0,0
2023-05-23,893.375,999.989990234375,1030.0,999.989990234375,1030.0,0
2023-05-24,893.3837280273438,1000.0,1000.010009765625,999.989990234375,999.989990234375,1183731
2023-05-25,893.3837280273438,1000.0,1000.7999877929688,999.989990234375,1000.0,1412309
2023-05-26,893.3837280273438,1000.0,1000.010009765625,981.0,1000.0,1718450
2023-05-29,893.375,999.989990234375,1000.6500244140625,999.989990234375,1000.0,1383559
2023-05-30,893.3837280273438,1000.0,1000.010009765625,999.989990234375,1000.010009765625,1400346
2023-05-31,898.1328125,1000.0,1000.6900024414062,999.7100219726562,1000.6900024414062,1789706
2023-06-01,898.1328125,1000.0,1000.2999877929688,999.989990234375,1000.010009765625,2134915
2023-06-02,898.1328125,1000.0,1000.489990234375,999.510009765625,1000.0,2050292
2023-06-05,898.1240234375,999.989990234375,1000.0599975585938,999.989990234375,1000.0,2190780
2023-06-06,898.1328125,1000.0,1030.0,999.989990234375,1030.0,1823874
2023-06-07,898.1240234375,999.989990234375,1000.010009765625,998.3900146484375,1000.010009765625,1721282
2023-06-08,898.1328125,1000.0,1000.6500244140625,999.989990234375,1000.010009765625,1729545
2023-06-09,898.1240234375,999.989990234375,1030.0,999.5999755859375,1030.0,2062688
2023-06-12,898.1328125,1000.0,1000.6500244140625,999.989990234375,1000.0,1638759
2023-06-13,898.1328125,1000.0,1002.0,999.989990234375,1000.010009765625,1317394
2023-06-14,898.1328125,1000.0,1005.9000244140625,999.989990234375,1005.9000244140625,1736557
2023-06-15,898.1328125,1000.0,1002.0,999.989990234375,1002.0,1696211
2023-06-16,898.1328125,1000.0,1000.5,999.989990234375,1000.0,1797834
2023-06-19,898.1328125,1000.0,1009.9000244140625,999.989990234375,1009.9000244140625,2060746
2023-06-20,898.1240234375,999.989990234375,1000.5999755859375,999.989990234375,1000.0,1952286
2023-06-21,898.1328125,1000.0,1030.0,999.97998046875,1030.0,1784596
2023-06-22,898.1328125,1000.0,1000.1199951171875,999.989990234375,1000.1199951171875,1530701
2023-06-23,898.1328125,1000.0,1000.010009765625,999.0,999.0,1759755
2023-06-26,898.1240234375,999.989990234375,1000.010009765625,999.4500122070312,1000.0,1738773
2023-06-27,898.1328125,1000.0,1030.0,999.989990234375,1030.0,2099600
2023-06-28,898.1328125,1000.0,1030.0,999.4500122070312,1030.0,2202973
2023-06-30,902.436767578125,1000.0,1000.010009765625,998.4000244140625,998.4000244140625,2520524
2023-07-03,902.436767578125,1000.0,1004.9000244140625,999.0,1004.9000244140625,2577246
2023-07-04,902.4459228515625,1000.010009765625,1000.25,999.989990234375,1000.0,3667172
2023-07-05,902.436767578125,1000.0,1001.010009765625,999.989990234375,1000.0,2912571
2023-07-06,902.4640502929688,1000.030029296875,1000.5999755859375,999.4500122070312,1000.0,6409153
2023-07-07,902.436767578125,1000.0,1000.010009765625,970.0499877929688,970.0499877929688,11163536
2023-07-10,902.4279174804688,999.989990234375,1000.0,970.0,999.989990234375,8036256
2023-07-11,902.4279174804688,999.989990234375,1000.0,999.989990234375,999.989990234375,3048375
2023-07-12,902.4279174804688,999.989990234375,1000.010009765625,999.489990234375,1000.0,2960982
2023-07-13,902.436767578125,1000.0,1000.010009765625,970.0,1000.0,3249346
2023-07-14,902.4279174804688,999.989990234375,1000.010009765625,999.989990234375,1000.0,2436136
2023-07-17,902.4279174804688,999.989990234375,1000.010009765625,999.989990234375,1000.0,2694605
2023-07-18,902.436767578125,1000.0,1000.010009765625,999.989990234375,1000.0,2432910
2023-07-19,902.436767578125,1000.0,1030.0,999.4500122070312,1030.0,3484903
2023-07-20,902.436767578125,1000.0,1030.0,999.989990234375,1030.0,1662106
2023-07-21,902.436767578125,1000.0,1000.010009765625,999.989990234375,999.989990234375,1969305
2023-07-24,902.436767578125,1000.0,1000.010009765625,999.989990234375,999.989990234375,2380185
2023-07-25,902.4279174804688,999.989990234375,1000.010009765625,999.0,999.0,2022684
2023-07-26,902.436767578125,1000.0,1000.010009765625,999.989990234375,999.989990234375,1784306
2023-07-27,902.4279174804688,999.989990234375,1000.010009765625,970.0,970.0,1932322
2023-07-28,902.436767578125,1000.0,1000.010009765625,999.989990234375,1000.0,1871436
2023-07-31,906.5450439453125,999.989990234375,1030.0,999.2000122070312,1030.0,1794741
2023-08-01,906.5540771484375,1000.0,1000.010009765625,999.989990234375,1000.0,1488843
2023-08-02,906.5540771484375,1000.0,1030.0,999.989990234375,1030.0,2092921
2023-08-03,906.5540771484375,1000.0,1030.0,999.7999877929688,1030.0,2486533
2023-08-04,906.5631713867188,1000.010009765625,1000.25,999.989990234375,1000.0,2435549
2023-08-07,906.5450439453125,999.989990234375,1030.0,999.989990234375,1030.0,2416085
2023-08-08,906.5540771484375,1000.0,1000.010009765625,999.989990234375,1000.010009765625,1969279
2023-08-09,906.5450439453125,999.989990234375,1000.010009765625,980.0,999.989990234375,1553165
2023-08-10,906.5540771484375,1000.0,1000.010009765625,999.989990234375,999.989990234375,1962882
2023-08-11,906.5540771484375,1000.0,1000.010009765625,970.0,970.0,1750426
2023-08-14,906.5540771484375,1000.0,1030.0,999.989990234375,1030.0,2708604
2023-08-16,906.5450439453125,999.989990234375,1001.6500244140625,999.989990234375,1001.6500244140625,2079371
2023-08-17,906.5540771484375,1000.0,1000.010009765625,999.989990234375,999.989990234375,1404351
2023-08-18,906.5631713867188,1000.010009765625,1000.25,999.989990234375,1000.010009765625,3206291
2023-08-21,906.5450439453125,999.989990234375,1000.010009765625,999.989990234375,1000.0,1816763
2023-08-22,906.5540771484375,1000.0,1000.010009765625,990.2000122070312,990.2000122070312,2237851
2023-08-23,906.5540771484375,1000.0,1000.010009765625,999.989990234375,1000.0,2999346
2023-08-24,906.5540771484375,1000.0,1001.9000244140625,999.989990234375,1001.9000244140625,4078264
2023-08-25,906.5540771484375,1000.0,1000.010009765625,999.989990234375,1000.010009765625,2192571
2023-08-28,906.5540771484375,1000.0,1000.010009765625,999.989990234375,1000.0,1825549
2023-08-29,906.5540771484375,1000.0,1000.010009765625,999.0,1000.0,1897692
2023-08-30,906.5450439453125,999.989990234375,1030.0,970.0,1030.0,1481758
2023-08-31,910.486328125,1000.0,1001.989990234375,999.989990234375,1001.989990234375,2106122
2023-09-01,910.4954833984375,1000.010009765625,1001.989990234375,999.989990234375,1001.989990234375,4129505
2023-09-04,910.486328125,1000.0,1001.989990234375,999.989990234375,1001.989990234375,2115027
2023-09-05,910.486328125,1000.0,1001.75,999.989990234375,1001.75,1611227
2023-09-06,910.486328125,1000.0,1000.010009765625,999.989990234375,1000.0,2070170
2023-09-07,910.486328125,1000.0,1001.989990234375,999.989990234375,1001.989990234375,1685288
2023-09-08,910.486328125,1000.0,1001.989990234375,999.989990234375,1001.989990234375,2121638
2023-09-11,910.486328125,1000.0,1000.010009765625,999.989990234375,999.989990234375,1960502
2023-09-12,910.486328125,1000.0,1001.2999877929688,990.2000122070312,990.2000122070312,4214377
2023-09-13,910.477294921875,999.989990234375,1000.010009765625,999.989990234375,1000.010009765625,2901708
2023-09-14,910.477294921875,999.989990234375,1001.2999877929688,999.989990234375,1001.2999877929688,1981165
2023-09-15,910.477294921875,999.989990234375,1000.010009765625,999.989990234375,1000.0,2526540
2023-09-18,910.486328125,1000.0,1001.989990234375,999.989990234375,1001.989990234375,3538840
2023-09-20,910.477294921875,999.989990234375,1000.010009765625,999.989990234375,1000.0,4302553
2023-09-21,910.486328125,1000.0,1001.989990234375,970.0,970.0,2281585
2023-09-22,910.486328125,1000.0,1000.010009765625,999.989990234375,1000.0,1829589
2023-09-25,910.477294921875,999.989990234375,1000.010009765625,999.75,999.989990234375,2281387
2023-09-26,910.486328125,1000.0,1000.6500244140625,999.989990234375,1000.0,1848142
2023-09-27,910.477294921875,999.989990234375,1001.989990234375,999.989990234375,1001.989990234375,2369184
2023-09-28,910.477294921875,999.989990234375,1001.0,997.0,1001.0,2064261
2023-09-29,914.5535278320312,1000.02001953125,1001.0,999.5499877929688,1001.0,3017548
2023-10-03,914.5352172851562,1000.0,1001.0,970.0,1001.0,2715228
2023-10-04,914.5352172851562,1000.0,1001.989990234375,999.989990234375,1001.989990234375,5119014
2023-10-05,914.5352172851562,1000.0,1000.010009765625,999.989990234375,1000.0,6154027
2023-10-06,914.5352172851562,1000.0,1000.010009765625,999.989990234375,1000.0,9879034
2023-10-09,914.5263671875,999.989990234375,1000.0,999.989990234375,999.989990234375,7877594
2023-10-10,914.5263671875,999.989990234375,1000.0,999.989990234375,999.989990234375,4395558
2023-10-11,914.5352172851562,1000.0,1000.010009765625,999.989990234375,1000.0,2316399
2023-10-12,914.5352172851562,1000.0,1000.010009765625,999.989990234375,1000.0,2582862
2023-10-13,914.5352172851562,1000.0,1001.989990234375,999.989990234375,1000.0,3763704
2023-10-16,914.5352172851562,1000.0,1000.010009765625,997.0,1000.010009765625,2154316
2023-10-17,914.5352172851562,1000.0,1001.989990234375,999.989990234375,1001.989990234375,2211714
2023-10-18,914.5352172851562,1000.0,1000.010009765625,999.989990234375,1000.0,2776313
2023-10-19,914.5263671875,999.989990234375,1001.989990234375,999.989990234375,1001.989990234375,3538334
2023-10-20,914.5352172851562,1000.0,1000.010009765625,999.989990234375,1000.0,1679118
2023-10-23,914.5263671875,999.989990234375,1001.989990234375,999.989990234375,1001.989990234375,2541293
2023-10-25,914.5263671875,999.989990234375,1000.010009765625,970.0,1000.0,3018272
2023-10-26,914.5263671875,999.989990234375,1001.989990234375,999.989990234375,1001.989990234375,2960793
2023-10-27,914.5352172851562,1000.0,1000.010009765625,999.989990234375,1000.010009765625,2513174
2023-10-30,914.5263671875,999.989990234375,1000.010009765625,999.989990234375,1000.0,2583800
2023-10-31,918.6604614257812,1000.0,1000.010009765625,999.989990234375,1000.010009765625,1747582
2023-11-01,918.6604614257812,1000.0,1001.989990234375,999.989990234375,1001.989990234375,1512334
2023-11-02,918.6511840820312,999.989990234375,1030.0,985.2000122070312,1030.0,2224527
2023-11-03,918.6604614257812,1000.0,1000.010009765625,999.989990234375,1000.010009765625,2197156
2023-11-06,918.6511840820312,999.989990234375,1001.989990234375,997.0,1000.0,3028710
2023-11-07,918.6604614257812,1000.0,1000.010009765625,990.2000122070312,1000.0,1364622
2023-11-08,918.6511840820312,999.989990234375,1000.010009765625,999.0,1000.0,1516490
2023-11-09,918.6604614257812,1000.0,1001.989990234375,999.989990234375,1001.989990234375,1535278
2023-11-10,918.6604614257812,1000.0,1030.0,999.989990234375,1030.0,2985803
2023-11-13,918.6604614257812,1000.0,1001.0,999.989990234375,1001.0,2722338
2023-11-15,918.6511840820312,999.989990234375,1000.010009765625,970.0,970.0,3135419
2023-11-16,918.6511840820312,999.989990234375,1030.0,999.989990234375,1030.0,2737257
2023-11-17,918.6511840820312,999.989990234375,1030.0,999.989990234375,1030.0,2551156
2023-11-20,918.6604614257812,1000.0,1001.989990234375,999.989990234375,1001.989990234375,2340163
2023-11-21,918.6511840820312,999.989990234375,1000.010009765625,999.989990234375,1000.0,1840629
2023-11-22,918.6511840820312,999.989990234375,1000.010009765625,999.989990234375,999.989990234375,1547943
2023-11-23,918.6604614257812,1000.0,1000.010009765625,999.989990234375,999.989990234375,2024775
2023-11-24,918.6604614257812,1000.0,1000.010009765625,999.989990234375,1000.010009765625,1402047
2023-11-28,918.6511840820312,999.989990234375,1000.010009765625,999.989990234375,999.989990234375,1693940
2023-11-29,918.6604614257812,1000.0,1001.989990234375,999.5,1001.989990234375,1710116
2023-11-30,922.1911010742188,1000.0,1004.6500244140625,995.3499755859375,1004.6500244140625,2067164
2023-12-01,922.1911010742188,1000.0,1001.989990234375,999.989990234375,1001.989990234375,2882025
2023-12-04,922.181640625,999.989990234375,1001.989990234375,999.989990234375,1001.989990234375,3052681
2023-12-05,922.181640625,999.989990234375,1000.010009765625,999.989990234375,999.989990234375,2196146
2023-12-06,922.1911010742188,1000.0,1003.6500244140625,999.989990234375,1000.0,3376749
2023-12-07,922.1911010742188,1000.0,1000.010009765625,999.989990234375,1000.0,2448107
2023-12-08,922.1911010742188,1000.0,1000.010009765625,996.3499755859375,1000.0,3060307
2023-12-11,922.181640625,999.989990234375,1000.010009765625,997.0,1000.0,2242118
2023-12-12,922.181640625,999.989990234375,1000.010009765625,999.0,1000.0,1839224
2023-12-13,922.181640625,999.989990234375,1000.010009765625,999.989990234375,1000.0,1653660
2023-12-14,922.1911010742188,1000.0,1000.010009765625,996.3499755859375,1000.0,2223370
2023-12-15,922.1911010742188,1000.0,1001.969970703125,999.989990234375,1001.969970703125,2440224
2023-12-18,922.1911010742188,1000.0,1004.6500244140625,999.989990234375,1001.969970703125,2688435
2023-12-19,922.1911010742188,1000.0,1000.9000244140625,999.989990234375,1000.0,1971779
2023-12-20,922.1911010742188,1000.0,1000.010009765625,996.3499755859375,1000.0,3144203
2023-12-21,922.1911010742188,1000.0,1000.02001953125,999.989990234375,1000.0,2686798
2023-12-22,922.1911010742188,1000.0,1004.6500244140625,999.989990234375,1004.6500244140625,2347923
2023-12-26,922.181640625,999.989990234375,1000.010009765625,999.989990234375,999.989990234375,2083374
2023-12-27,922.1911010742188,1000.0,1000.010009765625,999.989990234375,999.989990234375,2047169
2023-12-28,922.1911010742188,1000.0,1000.010009765625,999.989990234375,1000.0,2110142
2023-12-29,925.572998046875,1000.0,1003.6500244140625,999.989990234375,1000.0,3450372
2024-01-01,925.572998046875,1000.0,1004.9000244140625,999.989990234375,1004.9000244140625,2224313
2024-01-02,925.572998046875,1000.0,1003.0,999.989990234375,1000.0,3933071
2024-01-03,925.572998046875,1000.0,1000.010009765625,999.989990234375,1000.010009765625,3816754
2024-01-04,925.572998046875,1000.0,1000.010009765625,999.989990234375,1000.010009765625,8034703
2024-01-05,925.572998046875,1000.0,1003.0,999.989990234375,1000.0,14496427
2024-01-08,925.56396484375,999.989990234375,1000.0,999.989990234375,1000.0,12601054
2024-01-09,925.56396484375,999.989990234375,1000.010009765625,995.2999877929688,1000.0,3557518
2024-01-10,925.56396484375,999.989990234375,1000.010009765625,996.3499755859375,999.989990234375,3562454
2024-01-11,925.572998046875,1000.0,1000.010009765625,999.989990234375,1000.0,2693688
2024-01-12,925.572998046875,1000.0,1000.010009765625,997.0,1000.0,2772152
2024-01-15,925.572998046875,1000.0,1004.0,999.989990234375,1000.0,2453708
2024-01-16,925.572998046875,1000.0,1001.989990234375,999.989990234375,1001.989990234375,3632743
2024-01-17,925.572998046875,1000.0,1001.0,995.2999877929688,995.2999877929688,3326218
2024-01-18,925.56396484375,999.989990234375,1001.989990234375,999.989990234375,1001.989990234375,5646475
2024-01-19,925.572998046875,1000.0,1000.010009765625,997.0,1000.0,2523534
2024-01-23,925.56396484375,999.989990234375,1000.010009765625,999.989990234375,1000.0,2598714
2024-01-24,925.572998046875,1000.0,1000.010009765625,995.2999877929688,1000.0,2614826
2024-01-25,925.572998046875,1000.0,1000.010009765625,999.0,999.0,3275555
2024-01-29,925.56396484375,999.989990234375,1002.989990234375,999.989990234375,1002.989990234375,2316450
2024-01-30,925.572998046875,1000.0,1000.25,999.2000122070312,1000.0,4127453
2024-01-31,929.5770263671875,999.989990234375,1000.010009765625,999.989990234375,1000.0,2325899
2024-02-01,929.5862426757812,1000.0,1001.0,999.989990234375,1001.0,3860279
2024-02-02,929.5862426757812,1000.0,1000.010009765625,999.989990234375,999.989990234375,3790036
2024-02-05,929.5862426757812,1000.0,1002.989990234375,999.989990234375,1000.0,3015376
2024-02-06,929.5770263671875,999.989990234375,1000.010009765625,999.0,1000.0,3040371
2024-02-07,929.5770263671875,999.989990234375,1000.010009765625,999.989990234375,999.989990234375,2550689
2024-02-08,929.5862426757812,1000.0,1000.010009765625,999.4199829101562,1000.0,1963522
2024-02-09,929.5862426757812,1000.0,1000.010009765625,999.989990234375,1000.0,2854848
2024-02-12,929.5862426757812,1000.0,1000.010009765625,999.4500122070312,1000.0,2392154
2024-02-13,929.5862426757812,1000.0,1001.0,999.989990234375,1000.0,2236398
2024-02-14,929.5862426757812,1000.0,1000.010009765625,999.989990234375,1000.0,2365594
2024-02-15,929.5862426757812,1000.0,1000.010009765625,997.0,997.0,2152377
2024-02-16,929.5862426757812,1000.0,1000.010009765625,999.989990234375,1000.0,2564103
2024-02-19,929.5862426757812,1000.0,1002.989990234375,999.2000122070312,1002.989990234375,2653666
2024-02-20,929.5862426757812,1000.0,1002.989990234375,999.989990234375,1002.989990234375,4138125
2024-02-21,929.5862426757812,1000.0,1000.010009765625,999.989990234375,1000.0,3368248
2024-02-22,929.5770263671875,999.989990234375,1002.989990234375,999.989990234375,1002.989990234375,2205996
2024-02-23,929.5862426757812,1000.0,1000.010009765625,999.989990234375,1000.0,2950570
2024-02-26,929.5862426757812,1000.0,1002.6500244140625,999.989990234375,1002.6500244140625,2115550
2024-02-27,929.5862426757812,1000.0,1000.010009765625,999.989990234375,1000.010009765625,2868371
2024-02-28,929.5862426757812,1000.0,1002.6500244140625,996.3499755859375,996.3499755859375,3009257
2024-02-29,933.012939453125,1000.0,1002.489990234375,999.989990234375,1002.489990234375,2556271
2024-03-01,933.003662109375,999.989990234375,1000.010009765625,999.989990234375,1000.0,4992893
2024-03-04,933.003662109375,999.989990234375,1000.5,999.989990234375,1000.5,4418886
2024-03-05,933.012939453125,1000.0,1000.010009765625,999.989990234375,1000.010009765625,2298404
2024-03-06,933.012939453125,1000.0,1002.489990234375,997.3499755859375,1002.489990234375,2657695
2024-03-07,933.012939453125,1000.0,1000.0999755859375,999.989990234375,1000.0,2314947
2024-03-11,933.012939453125,1000.0,1000.010009765625,999.989990234375,999.989990234375,3301282
2024-03-12,933.003662109375,999.989990234375,1002.489990234375,999.989990234375,1001.0,3503873
2024-03-13,933.003662109375,999.989990234375,1000.010009765625,999.989990234375,1000.0,4830847
2024-03-14,933.012939453125,1000.0,1000.010009765625,999.989990234375,999.989990234375,3295995
2024-03-15,933.012939453125,1000.0,1000.010009765625,999.989990234375,1000.0,4028389
2024-03-18,933.003662109375,999.989990234375,1000.010009765625,999.989990234375,1000.010009765625,3313703
2024-03-19,933.012939453125,1000.0,1000.010009765625,999.989990234375,1000.010009765625,3278408
2024-03-20,933.003662109375,999.989990234375,1002.489990234375,999.989990234375,1002.489990234375,2928289
2024-03-21,933.012939453125,1000.0,1004.7000122070312,999.989990234375,1004.7000122070312,3827906
2024-03-22,933.012939453125,1000.0,1001.0,999.989990234375,1000.0,3372838
2024-03-26,933.003662109375,999.989990234375,1001.0,996.0,1000.0,4794036
2024-03-27,933.003662109375,999.989990234375,1001.0,999.4500122070312,1000.0,3454603
2024-03-28,936.6407470703125,1000.0,1002.989990234375,999.989990234375,1000.0,3596176
2024-04-01,936.6407470703125,1000.0,1000.010009765625,996.3499755859375,1000.0,4782731
2024-04-02,936.6407470703125,1000.0,1000.010009765625,999.0,1000.0,4221933
2024-04-03,936.6407470703125,1000.0,1000.010009765625,999.989990234375,999.989990234375,3605310
2024-04-04,936.6407470703125,1000.0,1004.7000122070312,999.989990234375,1002.989990234375,6995119
2024-04-05,936.6407470703125,1000.0,1003.6500244140625,999.989990234375,1000.0,17173728
2024-04-08,936.631591796875,999.989990234375,1000.0,997.6500244140625,1000.0,13189387
2024-04-09,936.631591796875,999.989990234375,1000.0,999.989990234375,1000.0,4200130
2024-04-10,936.6407470703125,1000.0,1000.010009765625,999.989990234375,1000.0,3122332
2024-04-12,936.6407470703125,1000.0,1000.010009765625,999.0,1000.0,3579609
2024-04-15,936.631591796875,999.989990234375,1000.010009765625,999.4500122070312,1000.0,4355742
2024-04-16,936.6407470703125,1000.0,1004.0,999.989990234375,1000.0,3605775
2024-04-18,936.6407470703125,1000.0,1000.010009765625,999.989990234375,1000.0,3904846
2024-04-19,936.6407470703125,1000.0,1000.010009765625,999.4500122070312,999.4500122070312,4344737
2024-04-22,936.631591796875,999.989990234375,1000.010009765625,999.4500122070312,999.989990234375,2286908
2024-04-23,936.631591796875,999.989990234375,1030.0,996.0,999.989990234375,2648333
2024-04-24,936.631591796875,999.989990234375,1000.5,996.0,999.989990234375,4287567
2024-04-25,936.631591796875,999.989990234375,1004.7000122070312,995.2999877929688,1000.0,3963306
2024-04-26,936.631591796875,999.989990234375,1003.6500244140625,999.989990234375,1003.6500244140625,3822558
2024-04-29,936.6407470703125,1000.0,1003.6500244140625,996.3499755859375,996.3499755859375,3147643
2024-04-30,940.2559204101562,1000.0,1000.010009765625,999.989990234375,1000.010009765625,2241973
2024-05-02,940.2467041015625,999.989990234375,1000.010009765625,999.1500244140625,999.1500244140625,3230909
2024-05-03,940.2559204101562,1000.0,1000.0999755859375,999.4500122070312,999.989990234375,3028922
2024-05-06,940.2559204101562,1000.0,1000.010009765625,999.9000244140625,1000.0,2860437
2024-05-07,940.2559204101562,1000.0,1003.6500244140625,999.989990234375,1002.989990234375,3900448
2024-05-08,940.2559204101562,1000.0,1000.010009765625,999.989990234375,1000.0,2746699
2024-05-09,940.2559204101562,1000.0,1000.010009765625,998.22998046875,1000.0,2699151
2024-05-10,940.2559204101562,1000.0,1000.010009765625,999.0,999.0,2819019
2024-05-13,940.2467041015625,999.989990234375,1002.1500244140625,996.5,1002.1500244140625,2267028
2024-05-14,940.2467041015625,999.989990234375,1000.6500244140625,999.4500122070312,1000.6500244140625,2432484
2024-05-15,940.2467041015625,999.989990234375,1002.1500244140625,999.989990234375,1000.5,2085866
2024-05-16,940.2559204101562,1000.0,1000.010009765625,999.989990234375,1000.0,2253891
2024-05-17,940.2559204101562,1000.0,1003.6500244140625,999.989990234375,1003.6500244140625,4142165
2024-05-21,940.2559204101562,1000.0,1000.010009765625,999.989990234375,1000.0,4552135
2024-05-22,940.2559204101562,1000.0,1002.989990234375,998.0,1002.989990234375,3431757
2024-05-23,940.2559204101562,1000.0,1002.989990234375,996.3499755859375,1001.0,2411298
2024-05-24,940.2467041015625,999.989990234375,1000.010009765625,999.989990234375,1000.0,3584570
2024-05-27,940.2559204101562,1000.0,1000.010009765625,995.2999877929688,1000.0,2255934
2024-05-28,940.2559204101562,1000.0,1002.989990234375,999.4500122070312,1002.989990234375,2357254
2024-05-29,940.2559204101562,1000.0,1002.2999877929688,999.989990234375,1000.0,2464421
2024-05-30,940.2559204101562,1000.0,1002.989990234375,999.989990234375,1000.0,5101972
2024-05-31,943.5755004882812,1000.0,1000.010009765625,999.9000244140625,1000.0,3812382
2024-06-03,943.5755004882812,1000.0,1000.010009765625,998.1500244140625,999.989990234375,3192735
2024-06-04,943.5755004882812,1000.0,1000.010009765625,999.989990234375,1000.0,8247682
2024-06-05,943.5755004882812,1000.0,1000.010009765625,999.989990234375,1000.0,6927110
2024-06-06,943.5755004882812,1000.0,1004.7000122070312,999.989990234375,1004.7000122070312,5970939
2024-06-07,943.5755004882812,1000.0,1004.7000122070312,999.989990234375,1004.7000122070312,5747554
2024-06-10,943.5755004882812,1000.0,1003.6400146484375,999.9000244140625,1000.0,4775361
2024-06-11,943.5659790039062,999.989990234375,1000.010009765625,999.4500122070312,1000.0,3751454
2024-06-12,943.5659790039062,999.989990234375,1003.4500122070312,999.989990234375,1003.4500122070312,3177484
2024-06-13,943.5755004882812,1000.0,1000.010009765625,999.989990234375,1000.0,2615514
2024-06-14,943.5755004882812,1000.0,1002.0,999.989990234375,1002.0,5852060
2024-06-18,943.5659790039062,999.989990234375,1001.0,999.989990234375,1000.0,4669329
2024-06-19,943.5755004882812,1000.0,1000.6500244140625,999.989990234375,1000.0,3764065
2024-06-20,943.5755004882812,1000.0,1000.6500244140625,999.989990234375,1000.0,3872961
2024-06-21,943.5755004882812,1000.0,1002.989990234375,999.989990234375,1000.0,4031550
2024-06-24,943.5755004882812,1000.0,1000.6500244140625,999.989990234375,1000.0,5386573
2024-06-25,943.5755004882812,1000.0,1000.6500244140625,999.989990234375,1000.0,2552277
2024-06-26,943.5659790039062,999.989990234375,1000.010009765625,999.989990234375,1000.0,3919890
2024-06-27,943.5755004882812,1000.0,1000.010009765625,995.2999877929688,999.989990234375,3751597
2024-06-28,946.9015502929688,999.989990234375,1000.010009765625,998.25,1000.0,6510383
2024-07-01,946.9015502929688,999.989990234375,1000.010009765625,998.25,999.989990234375,4448101
2024-07-02,946.9109497070312,1000.0,1000.6500244140625,999.469970703125,999.469970703125,3666522
2024-07-03,946.9109497070312,1000.0,1001.6500244140625,999.989990234375,1000.0,4453767
2024-07-04,946.9109497070312,1000.0,1001.6500244140625,999.989990234375,1000.0,7984988
2024-07-05,946.9109497070312,1000.0,1000.010009765625,999.989990234375,1000.010009765625,17344364
2024-07-08,946.9015502929688,999.989990234375,1000.0,997.1500244140625,1000.0,16861105
2024-07-09,946.9015502929688,999.989990234375,1000.0,999.4500122070312,999.4600219726562,3629049
2024-07-10,946.9109497070312,1000.0,1001.0,999.989990234375,1000.0,3267087
2024-07-11,946.9015502929688,999.989990234375,1002.25,999.989990234375,1002.25,3339635
2024-07-12,946.9109497070312,1000.0,1000.010009765625,999.4500122070312,999.97998046875,4889523
2024-07-15,946.9015502929688,999.989990234375,1000.010009765625,999.989990234375,1000.0,3601129
2024-07-16,946.9109497070312,1000.0,1000.010009765625,998.5,1000.0,2800445
2024-07-18,946.9109497070312,1000.0,1000.010009765625,999.989990234375,999.989990234375,2608786
2024-07-19,946.9109497070312,1000.0,1000.010009765625,999.989990234375,1000.0,6146616
2024-07-22,946.9015502929688,999.989990234375,1000.010009765625,999.989990234375,1000.0,6193156
2024-07-23,946.9015502929688,999.989990234375,1000.010009765625,999.989990234375,1000.0,2937668
2024-07-24,946.9109497070312,1000.0,1002.25,999.989990234375,1000.0,2865245
2024-07-25,946.9015502929688,999.989990234375,1000.010009765625,999.4500122070312,1000.0,4976639
2024-07-26,946.9015502929688,999.989990234375,1000.010009765625,998.6500244140625,999.989990234375,4399027
2024-07-29,946.9015502929688,999.989990234375,1000.6500244140625,999.989990234375,1000.0,6280886
2024-07-30,946.9015502929688,999.989990234375,1000.010009765625,999.989990234375,999.989990234375,2737228
2024-07-31,950.1829223632812,999.989990234375,1000.010009765625,999.989990234375,1000.0,3254243
2024-08-01,950.1922607421875,1000.0,1000.6500244140625,970.0,999.989990234375,3470617
2024-08-02,950.1922607421875,1000.0,1000.010009765625,999.989990234375,1000.0,3363646
2024-08-05,950.1829223632812,999.989990234375,1000.010009765625,995.0,1000.0,5057154
2024-08-06,950.1922607421875,1000.0,1000.010009765625,999.989990234375,999.989990234375,3795438
2024-08-07,950.1922607421875,1000.0,1000.010009765625,999.4500122070312,1000.0,2553313
2024-08-08,950.1922607421875,1000.0,1000.010009765625,999.989990234375,1000.0,3358466
2024-08-09,950.1829223632812,999.989990234375,1000.010009765625,999.989990234375,1000.0,2849038
2024-08-12,950.1829223632812,999.989990234375,1000.010009765625,997.6500244140625,1000.0,3167644
2024-08-13,950.1922607421875,1000.0,1001.0,999.97998046875,1000.0,4702074
2024-08-14,950.1922607421875,1000.0,1000.6500244140625,999.989990234375,1000.0,3351819
2024-08-16,950.1922607421875,1000.0,1000.010009765625,999.4500122070312,999.989990234375,2573434
2024-08-19,950.1829223632812,999.989990234375,1000.010009765625,997.6500244140625,999.989990234375,2683911
2024-08-20,950.1829223632812,999.989990234375,1000.010009765625,998.6500244140625,1000.0,2986145
2024-08-21,950.1829223632812,999.989990234375,1000.010009765625,997.6500244140625,1000.0,3030379
2024-08-22,950.1922607421875,1000.0,1000.010009765625,999.260009765625,999.9000244140625,2478853
2024-08-23,950.1922607421875,1000.0,1000.010009765625,999.989990234375,1000.0,3567572
2024-08-26,950.1922607421875,1000.0,1000.010009765625,999.4500122070312,999.989990234375,2406589
2024-08-27,950.1922607421875,1000.0,1001.6500244140625,999.989990234375,1000.0,1888320
2024-08-28,950.1922607421875,1000.0,1000.010009765625,999.989990234375,1000.0,2902776
2024-08-29,950.1922607421875,1000.0,1000.010009765625,995.0,995.0,3806822
2024-08-30,953.2958984375,1000.0,1000.010009765625,999.4500122070312,999.9000244140625,5654992
2024-09-02,953.2958984375,1000.0,1000.010009765625,999.989990234375,1000.0,4190155
2024-09-03,953.2958984375,1000.0,1000.010009765625,999.989990234375,1000.0,4648695
2024-09-04,953.2958984375,1000.0,1030.0,999.989990234375,1000.010009765625,3407358
2024-09-05,953.2864379882812,999.989990234375,1000.010009765625,999.969970703125,999.989990234375,2685496
2024-09-06,953.2958984375,1000.0,1000.010009765625,999.989990234375,1000.0,5341288
2024-09-09,953.2864379882812,999.989990234375,1000.010009765625,995.0,1000.0,3034901
2024-09-10,953.2958984375,1000.0,1000.010009765625,999.4500122070312,999.989990234375,2698651
2024-09-11,953.2958984375,1000.0,1000.010009765625,999.97998046875,999.97998046875,2998829
2024-09-12,953.2864379882812,999.989990234375,1000.010009765625,999.989990234375,1000.0,2825699
2024-09-13,953.2958984375,1000.0,1001.6500244140625,999.989990234375,1001.6500244140625,2727263
2024-09-16,953.2864379882812,999.989990234375,1001.6500244140625,999.989990234375,999.989990234375,2957531
2024-09-17,953.2958984375,1000.0,1000.010009765625,995.0,1000.0,2975225
2024-09-18,953.2958984375,1000.0,1000.010009765625,999.989990234375,1000.0,3843192
2024-09-19,953.2958984375,1000.0,1000.010009765625,999.989990234375,1000.0,3829030
2024-09-20,953.2958984375,1000.0,1000.010009765625,999.989990234375,999.989990234375,4138316
2024-09-23,953.2958984375,1000.0,1000.010009765625,997.0,999.97998046875,2939614
2024-09-24,953.2864379882812,999.989990234375,1004.7000122070312,999.989990234375,1000.0,3257370
2024-09-25,953.2958984375,1000.0,1000.010009765625,999.989990234375,1000.0,3109280
2024-09-26,953.2864379882812,999.989990234375,1001.6500244140625,999.989990234375,1000.0,3600482
2024-09-27,953.2864379882812,999.989990234375,1000.010009765625,995.3499755859375,999.989990234375,5206603
2024-09-30,956.7520141601562,999.989990234375,1000.010009765625,999.989990234375,999.989990234375,5481566
2024-10-01,956.7615356445312,1000.0,1000.010009765625,999.989990234375,1000.0,5250163
2024-10-03,956.7615356445312,1000.0,1000.010009765625,999.989990234375,999.989990234375,9514460
2024-10-04,956.7615356445312,1000.0,1001.6500244140625,999.989990234375,1000.0,17293198
2024-10-07,956.7520141601562,999.989990234375,1000.0,999.989990234375,1000.0,14619169
2024-10-08,956.7520141601562,999.989990234375,1000.010009765625,998.5,999.9000244140625,6228857
2024-10-09,956.7520141601562,999.989990234375,1000.010009765625,995.2999877929688,999.0,4632763
2024-10-10,956.7520141601562,999.989990234375,1001.5,999.5,999.989990234375,3081356
2024-10-11,956.7520141601562,999.989990234375,1000.010009765625,999.989990234375,999.989990234375,2239016
2024-10-14,956.7615356445312,1000.0,1000.010009765625,998.5,998.5,2196873
2024-10-15,956.7520141601562,999.989990234375,1000.010009765625,999.989990234375,1000.0,3368879
2024-10-16,956.7520141601562,999.989990234375,1000.010009765625,999.4500122070312,1000.0,2814624
2024-10-17,956.7520141601562,999.989990234375,1001.5,999.989990234375,1000.0,1688577
2024-10-18,956.7615356445312,1000.0,1000.010009765625,999.989990234375,999.989990234375,2121043
2024-10-21,956.7615356445312,1000.0,1000.010009765625,999.989990234375,1000.0,4415085
2024-10-22,956.7520141601562,999.989990234375,1000.010009765625,999.989990234375,1000.0,3858801
2024-10-23,956.7520141601562,999.989990234375,1000.010009765625,999.989990234375,1000.0,3495594
2024-10-24,956.7615356445312,1000.0,1000.010009765625,999.97998046875,999.97998046875,3186630
2024-10-25,956.7615356445312,1000.0,1000.010009765625,999.989990234375,999.989990234375,4020262
2024-10-28,956.7520141601562,999.989990234375,1000.010009765625,999.4500122070312,1000.0,2795042
2024-10-29,956.7615356445312,1000.0,1000.010009765625,999.989990234375,1000.0,2701613
2024-10-30,956.7520141601562,999.989990234375,1000.010009765625,999.9600219726562,999.969970703125,3297047
2024-10-31,960.466064453125,1000.0,1000.010009765625,998.5,1000.0,4782773
2024-11-01,960.466064453125,1000.0,1000.0,1000.0,1000.0,0
2024-11-04,960.466064453125,1000.0,1001.5,999.4500122070312,999.4500122070312,3014622
2024-11-05,960.4566040039062,999.989990234375,1000.010009765625,999.989990234375,1000.0,3141101
2024-11-06,960.4566040039062,999.989990234375,1000.010009765625,995.2999877929688,999.97998046875,4659642
2024-11-07,960.466064453125,1000.0,1003.6500244140625,996.3499755859375,1000.0,2129573
2024-11-08,960.466064453125,1000.0,1000.010009765625,999.989990234375,1000.0,4063235
2024-11-11,960.4566040039062,999.989990234375,1000.010009765625,997.0,999.989990234375,3491693
2024-11-12,960.466064453125,1000.0,1000.010009765625,995.0,995.0,3652828
2024-11-13,960.4566040039062,999.989990234375,1000.010009765625,999.22998046875,1000.0,3461236
2024-11-14,960.466064453125,1000.0,1000.010009765625,995.2999877929688,995.2999877929688,3138633
2024-11-18,960.466064453125,1000.0,1004.7000122070312,999.219970703125,1004.7000122070312,3294205
2024-11-19,960.466064453125,1000.0,1000.010009765625,997.0999755859375,1000.0,3533521
2024-11-21,960.466064453125,1000.0,1000.010009765625,999.7000122070312,1000.0,2902147
2024-11-22,960.4566040039062,999.989990234375,1001.6500244140625,999.989990234375,1000.0,2918661
2024-11-25,960.4566040039062,999.989990234375,1000.010009765625,999.4500122070312,999.97998046875,5226359
2024-11-26,960.466064453125,1000.0,1000.010009765625,995.2999877929688,1000.0,2906275
2024-11-27,960.466064453125,1000.0,1000.010009765625,999.989990234375,1000.0,2371431
2024-11-28,960.466064453125,1000.0,1004.7000122070312,999.989990234375,1004.7000122070312,2739316
2024-11-29,963.7974243164062,999.989990234375,1001.6500244140625,997.0999755859375,997.0999755859375,5253200
2024-12-02,963.7974243164062,999.989990234375,1001.6500244140625,999.989990234375,1001.6500244140625,5823840
2024-12-03,963.8069458007812,1000.0,1000.010009765625,999.989990234375,1000.0,2523617
2024-12-04,963.8069458007812,1000.0,1000.010009765625,999.989990234375,999.989990234375,3574135
2024-12-05,963.8069458007812,1000.0,1000.010009765625,999.4500122070312,999.97998046875,2376561
2024-12-06,963.7974243164062,999.989990234375,1000.010009765625,999.4500122070312,999.989990234375,3643021
2024-12-09,963.8069458007812,1000.0,1000.010009765625,999.989990234375,1000.0,3483276
2024-12-10,963.7974243164062,999.989990234375,1000.010009765625,999.9000244140625,1000.0,2899100
2024-12-11,963.7974243164062,999.989990234375,1000.010009765625,999.989990234375,1000.0,2356268
2024-12-12,963.8069458007812,1000.0,1000.010009765625,999.4500122070312,999.989990234375,2778608
2024-12-13,963.8069458007812,1000.0,1000.010009765625,999.989990234375,1000.010009765625,3225545
2024-12-16,963.7974243164062,999.989990234375,1001.5499877929688,999.989990234375,1000.0,3384205
2024-12-17,963.8069458007812,1000.0,1000.010009765625,999.989990234375,1000.0,2973094
2024-12-18,963.8069458007812,1000.0,1000.010009765625,999.989990234375,1000.0,4241403
2024-12-19,963.8069458007812,1000.0,1000.010009765625,999.989990234375,1000.0,1970269
2024-12-20,963.8069458007812,1000.0,1001.5499877929688,997.0,1000.0,4379493
2024-12-23,963.8069458007812,1000.0,1001.6500244140625,995.2999877929688,995.2999877929688,2361473
2024-12-24,963.7974243164062,999.989990234375,1000.010009765625,997.0,997.0,2380725
2024-12-26,963.8069458007812,1000.0,1000.010009765625,997.0,1000.010009765625,3777482
2024-12-27,963.7974243164062,999.989990234375,1000.010009765625,997.0,999.97998046875,4282507
2024-12-30,963.7974243164062,999.989990234375,1000.010009765625,999.4600219726562,1000.0,5304108
2024-12-31,967.6925048828125,1000.0,1000.010009765625,999.989990234375,1000.0,2321563
2025-01-01,967.6925048828125,1000.0,1000.010009765625,999.9000244140625,1000.0,2464836
2025-01-02,967.6925048828125,1000.0,1000.010009765625,999.75,999.989990234375,5336591
2025-01-03,967.6925048828125,1000.0,1000.010009765625,999.989990234375,1000.0,12445125
2025-01-06,967.682861328125,999.989990234375,1000.0,998.5,1000.0,10246935
2025-01-07,967.6925048828125,1000.0,1000.010009765625,999.0,1000.0,3205589
2025-01-08,967.6925048828125,1000.0,1000.0999755859375,999.97998046875,1000.0999755859375,6634462
2025-01-09,967.682861328125,999.989990234375,1000.010009765625,999.6599731445312,999.6599731445312,5940965
2025-01-10,967.6925048828125,1000.0,1000.010009765625,998.510009765625,1000.0,2643186
2025-01-13,967.6925048828125,1000.0,1000.010009765625,999.989990234375,1000.0,3825869
2025-01-14,967.682861328125,999.989990234375,1000.010009765625,998.5,999.989990234375,2972436
2025-01-15,967.6925048828125,1000.0,1000.010009765625,999.989990234375,1000.0,2863068
2025-01-16,967.682861328125,999.989990234375,1000.010009765625,998.5,1000.0,2285497
2025-01-17,967.6925048828125,1000.0,1000.010009765625,999.989990234375,1000.0,3153956
2025-01-20,967.6925048828125,1000.0,1000.010009765625,999.510009765625,1000.0,2610327
2025-01-21,967.6925048828125,1000.0,1000.010009765625,999.4500122070312,1000.0,2950936
2025-01-22,967.682861328125,999.989990234375,1000.010009765625,995.5599975585938,995.5599975585938,3587688
2025-01-23,967.682861328125,999.989990234375,1000.3599853515625,999.989990234375,1000.0,4247302
2025-01-24,967.6925048828125,1000.0,1000.010009765625,999.0900268554688,999.989990234375,3022484
2025-01-27,967.682861328125,999.989990234375,1000.010009765625,999.260009765625,1000.0,5262695
2025-01-28,967.6925048828125,1000.0,1000.010009765625,999.3300170898438,1000.0,4232513
2025-01-29,967.6925048828125,1000.0,1000.010009765625,999.9000244140625,1000.0,2600576
2025-01-30,967.6925048828125,1000.0,1000.010009765625,999.469970703125,999.989990234375,5468713
2025-01-31,972.4990234375,1000.0,1000.010009765625,999.989990234375,1000.0,2913028
2025-02-01,972.4891967773438,999.989990234375,1000.010009765625,999.4600219726562,1000.0,1612872
2025-02-03,972.4891967773438,999.989990234375,1000.010009765625,999.5599975585938,999.5599975585938,4219952
2025-02-04,972.4891967773438,999.989990234375,1000.010009765625,999.5700073242188,999.5700073242188,2607020
2025-02-05,972.4990234375,1000.0,1000.6599731445312,999.989990234375,1000.6599731445312,2292602
2025-02-06,972.4990234375,1000.0,1001.5499877929688,999.5900268554688,1000.0,2013772
2025-02-07,972.4990234375,1000.0,1000.010009765625,999.989990234375,1000.0,3101652
2025-02-10,972.4990234375,1000.0,1000.010009765625,999.6599731445312,999.6599731445312,1887664
2025-02-11,972.4891967773438,999.989990234375,1000.010009765625,999.7100219726562,1000.0,2273814
2025-02-12,972.4891967773438,999.989990234375,1000.010009765625,999.5399780273438,999.5399780273438,3908790
2025-02-13,972.4990234375,1000.0,1000.6599731445312,999.989990234375,1000.6599731445312,2680283
2025-02-14,972.4990234375,1000.0,1000.010009765625,997.5,1000.0,3962813
2025-02-17,972.4990234375,1000.0,1000.010009765625,998.6599731445312,1000.0,4985112
2025-02-18,972.4990234375,1000.0,1030.0,999.989990234375,1030.0,4114985
2025-02-19,972.4990234375,1000.0,1000.010009765625,999.4500122070312,1000.0,2120901
2025-02-20,972.4891967773438,999.989990234375,1000.010009765625,999.0,999.989990234375,2588303
2025-02-21,972.4990234375,1000.0,1000.010009765625,999.97998046875,999.989990234375,3543621
2025-02-24,972.4891967773438,999.989990234375,1000.989990234375,999.989990234375,1000.989990234375,3250239
2025-02-25,972.4891967773438,999.989990234375,1001.5499877929688,999.989990234375,1001.5499877929688,2225875
2025-02-27,972.4990234375,1000.0,1001.5499877929688,999.989990234375,999.989990234375,5124893
2025-02-28,976.0646362304688,1000.0,1000.010009765625,997.5,1000.0,4073941
2025-03-03,976.0548706054688,999.989990234375,1000.010009765625,999.4500122070312,1000.010009765625,5321286
2025-03-04,976.0548706054688,999.989990234375,1000.989990234375,999.989990234375,1000.989990234375,2479769
2025-03-05,976.0548706054688,999.989990234375,1000.010009765625,999.3300170898438,1000.0,3791825
2025-03-06,976.0646362304688,1000.0,1000.9600219726562,999.97998046875,1000.9600219726562,3279734
2025-03-07,976.0646362304688,1000.0,1000.8800048828125,999.989990234375,1000.0,3803904
2025-03-10,976.0646362304688,1000.0,1000.9600219726562,999.989990234375,1000.0,4529787
2025-03-11,976.0548706054688,999.989990234375,1000.010009765625,995.2999877929688,999.989990234375,3868661
2025-03-12,976.0646362304688,1000.0,1000.010009765625,999.989990234375,999.989990234375,2381581
2025-03-13,976.0646362304688,1000.0,1003.0,999.989990234375,1003.0,2795144
2025-03-17,976.0548706054688,999.989990234375,1000.010009765625,999.989990234375,1000.0,3978630
2025-03-18,976.0548706054688,999.989990234375,999.989990234375,999.989990234375,999.989990234375,0
2025-03-19,976.0646362304688,1000.0,1000.010009765625,999.5,1000.0,3132736
2025-03-20,976.0646362304688,1000.0,1000.010009765625,999.530029296875,1000.0,3179569
2025-03-21,976.0646362304688,1000.0,1001.5499877929688,999.5599975585938,1001.5499877929688,4114816
2025-03-24,976.0646362304688,1000.0,1000.010009765625,999.989990234375,1000.010009765625,4150893
2025-03-25,976.0646362304688,1000.0,1000.9299926757812,999.989990234375,999.989990234375,4379826
2025-03-26,976.0548706054688,999.989990234375,1000.8599853515625,999.989990234375,1000.8599853515625,2579221
2025-03-27,976.0548706054688,999.989990234375,1000.010009765625,999.989990234375,999.989990234375,4514266
2025-03-28,980.0729370117188,1000.0,1000.010009765625,999.989990234375,1000.0,3896815
2025-04-01,980.0631713867188,999.989990234375,1000.010009765625,999.989990234375,1000.0,3607622
2025-04-02,980.0631713867188,999.989990234375,1000.010009765625,999.989990234375,1000.010009765625,4648565
2025-04-03,980.0729370117188,1000.0,1000.010009765625,999.989990234375,1000.010009765625,6694564
2025-04-04,980.0729370117188,1000.0,1000.010009765625,999.989990234375,999.989990234375,18066564
2025-04-07,980.0631713867188,999.989990234375,1000.0,998.6500244140625,999.97998046875,15263249
2025-04-08,980.0631713867188,999.989990234375,1000.010009765625,997.5,997.5,4505557
2025-04-09,980.0729370117188,1000.0,1000.010009765625,999.989990234375,999.989990234375,4325056
2025-04-11,980.0729370117188,1000.0,1000.010009765625,999.4500122070312,1000.0,3243046
2025-04-15,980.0729370117188,1000.0,1000.5,999.989990234375,1000.0,6409280
2025-04-16,980.0729370117188,1000.0,1000.010009765625,999.989990234375,1000.0,4167075
2025-04-17,980.0729370117188,1000.0,1000.4600219726562,999.989990234375,1000.0,4090040
2025-04-21,980.0729370117188,1000.0,1000.010009765625,999.5599975585938,1000.0,4034697
2025-04-22,980.0729370117188,1000.0,1000.4500122070312,999.989990234375,1000.4500122070312,3254614
2025-04-23,980.0631713867188,999.989990234375,1000.010009765625,999.989990234375,1000.0,3114054
2025-04-24,980.0729370117188,1000.0,1000.010009765625,999.989990234375,1000.0,5673334
2025-04-25,980.0729370117188,1000.0,1000.010009765625,999.989990234375,1000.0,3866076
2025-04-28,980.0631713867188,999.989990234375,1001.5499877929688,999.6599731445312,1001.5499877929688,3628016
2025-04-29,980.0631713867188,999.989990234375,1000.6599731445312,999.989990234375,1000.010009765625,2678698
2025-04-30,983.5533447265625,1000.0,1000.010009765625,999.989990234375,999.989990234375,3737677
2025-05-02,983.5435180664062,999.989990234375,1000.010009765625,999.4500122070312,1000.010009765625,1803943
2025-05-05,983.5435180664062,999.989990234375,1000.010009765625,999.4500122070312,1000.0,4058729
2025-05-06,983.5533447265625,1000.0,1000.010009765625,999.989990234375,999.989990234375,3888844
2025-05-07,983.5435180664062,999.989990234375,1000.6599731445312,999.989990234375,1000.6599731445312,3746057
2025-05-08,983.5533447265625,1000.0,1000.4400024414062,999.989990234375,1000.4400024414062,4214413
2025-05-09,983.5533447265625,1000.0,1000.010009765625,999.1099853515625,999.989990234375,2914237
2025-05-12,983.5435180664062,999.989990234375,1000.8800048828125,999.989990234375,1000.8800048828125,6504982
2025-05-13,983.5435180664062,999.989990234375,1000.010009765625,999.5999755859375,999.5999755859375,2490154
2025-05-14,983.5435180664062,999.989990234375,1001.5499877929688,999.989990234375,1000.6599731445312,2660864
2025-05-15,983.5533447265625,1000.0,1000.010009765625,999.989990234375,1000.0,2588090
2025-05-16,983.5533447265625,1000.0,1000.010009765625,999.989990234375,1000.0,3098335
2025-05-19,983.5533447265625,1000.0,1000.9600219726562,999.989990234375,999.989990234375,4518552
2025-05-20,983.5435180664062,999.989990234375,1000.6599731445312,999.989990234375,1000.0,3620619
2025-05-21,983.5533447265625,1000.0,1000.010009765625,999.989990234375,1000.010009765625,2793052
2025-05-22,983.5533447265625,1000.0,1000.010009765625,999.989990234375,1000.0,2666477
2025-05-23,983.5435180664062,999.989990234375,1000.010009765625,999.989990234375,1000.010009765625,3092411
2025-05-26,983.5533447265625,1000.0,1000.010009765625,999.989990234375,1000.0,3655300
2025-05-27,983.5435180664062,999.989990234375,1000.8800048828125,999.989990234375,1000.8800048828125,3945218
2025-05-28,983.5435180664062,999.989990234375,1000.010009765625,999.989990234375,999.989990234375,1770583
2025-05-29,983.5533447265625,1000.0,1000.2000122070312,999.989990234375,1000.0,5230750
2025-05-30,987.09326171875,1000.0,1001.5499877929688,999.989990234375,1001.5499877929688,3045107
2025-06-02,987.0833740234375,999.989990234375,1000.010009765625,999.989990234375,1000.0,4186099
2025-06-03,987.0833740234375,999.989990234375,1001.5499877929688,997.5,997.5,3486196
2025-06-04,987.0833740234375,999.989990234375,1000.0999755859375,999.989990234375,1000.0999755859375,1604054
2025-06-05,987.09326171875,1000.0,1000.010009765625,999.989990234375,999.989990234375,2138788
2025-06-06,987.09326171875,1000.0,1000.010009765625,999.989990234375,1000.0,3412668
2025-06-09,987.09326171875,1000.0,1000.0999755859375,999.989990234375,1000.0,2257366
2025-06-10,987.09326171875,1000.0,1000.010009765625,999.1099853515625,1000.0,2517360
2025-06-11,987.09326171875,1000.0,1000.010009765625,999.989990234375,999.989990234375,2186349
2025-06-12,987.09326171875,1000.0,1000.010009765625,999.219970703125,999.989990234375,3613767
2025-06-13,987.09326171875,1000.0,1000.010009765625,999.219970703125,999.219970703125,8161078
2025-06-16,987.0833740234375,999.989990234375,1000.010009765625,999.989990234375,999.989990234375,1802281
2025-06-17,987.09326171875,1000.0,1000.010009765625,999.219970703125,999.989990234375,2016257
2025-06-18,987.0833740234375,999.989990234375,1000.010009765625,999.989990234375,999.989990234375,1744417
2025-06-19,987.09326171875,1000.0,1000.010009765625,999.3300170898438,999.3300170898438,2821123
2025-06-20,987.0833740234375,999.989990234375,1000.010009765625,970.0,1000.0,4146243
2025-06-23,987.0833740234375,999.989990234375,1000.5,995.2999877929688,995.2999877929688,3603645
2025-06-24,987.0833740234375,999.989990234375,1000.010009765625,999.989990234375,999.989990234375,2091285
2025-06-25,987.09326171875,1000.0,1000.010009765625,999.989990234375,1000.0,2058465
2025-06-26,987.0833740234375,999.989990234375,1000.010009765625,999.989990234375,999.989990234375,6810573
2025-06-27,987.09326171875,1000.0,1000.010009765625,997.3499755859375,1000.0,4233463
2025-06-30,990.2294311523438,999.989990234375,1001.5499877929688,999.989990234375,1000.0,3654645
2025-07-01,990.2393798828125,1000.0,1000.010009765625,999.989990234375,1000.0,2538487
2025-07-02,990.2294311523438,999.989990234375,1000.5,997.5,1000.5,4654085
2025-07-03,990.2393798828125,1000.0,1000.010009765625,999.989990234375,1000.0,5320239
2025-07-04,990.2393798828125,1000.0,1000.5,999.989990234375,1000.0,13514627
2025-07-07,990.2294311523438,999.989990234375,1000.0,999.219970703125,1000.0,9610167
2025-07-08,990.2294311523438,999.989990234375,1000.0,999.4500122070312,1000.0,3436931
2025-07-09,990.2294311523438,999.989990234375,1000.0,999.6599731445312,1000.0,2593059
2025-07-10,990.2393798828125,1000.0,1000.010009765625,999.719970703125,999.719970703125,2332340
2025-07-11,990.2393798828125,1000.0,1000.010009765625,999.989990234375,1000.010009765625,3607325
2025-07-14,990.2294311523438,999.989990234375,1000.010009765625,999.3599853515625,999.3599853515625,3408645
2025-07-15,990.2294311523438,999.989990234375,1000.010009765625,999.989990234375,1000.0,2498951
2025-07-16,990.2393798828125,1000.0,1000.010009765625,999.989990234375,1000.0,2068046
2025-07-17,990.2294311523438,999.989990234375,1000.010009765625,999.510009765625,999.989990234375,2413011
2025-07-18,990.2393798828125,1000.0,1001.5499877929688,999.989990234375,999.989990234375,1629206
2025-07-21,990.2294311523438,999.989990234375,1000.010009765625,999.989990234375,999.989990234375,1794214
2025-07-22,990.2393798828125,1000.0,1000.010009765625,999.989990234375,1000.0,2940228
2025-07-23,990.2294311523438,999.989990234375,1001.5499877929688,999.989990234375,1001.5499877929688,1729881
2025-07-24,990.2393798828125,1000.0,1000.010009765625,999.4500122070312,999.989990234375,1773644
2025-07-25,990.2393798828125,1000.0,1000.010009765625,999.4500122070312,1000.0,4470074
2025-07-28,990.2294311523438,999.989990234375,1000.010009765625,999.52001953125,1000.0,1984476
2025-07-29,990.2294311523438,999.989990234375,1000.010009765625,999.989990234375,1000.0,5296033
2025-07-30,990.2393798828125,1000.0,1000.010009765625,999.989990234375,1000.0,3305094
2025-07-31,993.8683471679688,1000.0,1000.010009765625,999.989990234375,1000.0,6094319
2025-08-01,993.8583984375,999.989990234375,1000.010009765625,999.989990234375,999.989990234375,3336184
2025-08-04,993.8583984375,999.989990234375,1000.9600219726562,999.989990234375,1000.9600219726562,4250654
2025-08-05,993.8683471679688,1000.0,1001.5499877929688,999.4500122070312,1001.5499877929688,3118805
2025-08-06,993.8583984375,999.989990234375,1000.0999755859375,999.989990234375,999.989990234375,3103421
2025-08-07,993.8583984375,999.989990234375,1000.010009765625,999.989990234375,999.989990234375,3634966
2025-08-08,993.8683471679688,1000.0,1000.8800048828125,999.989990234375,1000.0,2064005
2025-08-11,993.8583984375,999.989990234375,1000.010009765625,999.989990234375,1000.0,3263191
2025-08-12,993.8683471679688,1000.0,1000.010009765625,999.989990234375,1000.0,1885517
2025-08-13,993.8583984375,999.989990234375,1000.010009765625,999.4500122070312,999.4500122070312,1558738
2025-08-14,993.8683471679688,1000.0,1000.010009765625,999.989990234375,999.989990234375,3184379
2025-08-18,993.8583984375,999.989990234375,1000.010009765625,998.0,1000.0,2549396
2025-08-19,993.8583984375,999.989990234375,1000.9299926757812,999.989990234375,1000.9299926757812,1862542
2025-08-20,993.8683471679688,1000.0,1000.010009765625,999.989990234375,1000.0,2600595
2025-08-21,993.8683471679688,1000.0,1001.5499877929688,999.4500122070312,1000.0,4060410
2025-08-22,993.8683471679688,1000.0,1000.010009765625,999.75,1000.0,2485974
2025-08-25,993.8583984375,999.989990234375,1000.9600219726562,999.1099853515625,999.1099853515625,1833682
2025-08-26,993.8583984375,999.989990234375,1000.8800048828125,999.989990234375,1000.0,2704602
2025-08-28,993.8583984375,999.989990234375,1000.010009765625,999.4500122070312,999.4500122070312,5506871
2025-08-29,996.9228515625,1000.0,1000.010009765625,999.4500122070312,999.989990234375,3507471
2025-09-01,996.912841796875,999.989990234375,1000.010009765625,999.989990234375,1000.0,3661711
2025-09-02,996.912841796875,999.989990234375,1000.010009765625,999.989990234375,1000.0,2693635
2025-09-03,996.912841796875,999.989990234375,1000.010009765625,999.510009765625,999.989990234375,3057207
2025-09-04,996.9228515625,1000.0,1000.010009765625,999.989990234375,999.989990234375,2045966
2025-09-05,996.912841796875,999.989990234375,1000.010009765625,999.989990234375,1000.0,1699291
2025-09-08,996.912841796875,999.989990234375,1000.2999877929688,999.5599975585938,999.5599975585938,3076631
2025-09-09,996.912841796875,999.989990234375,1000.010009765625,999.989990234375,999.989990234375,2002121
2025-09-10,996.912841796875,999.989990234375,1000.010009765625,999.989990234375,1000.0,2978663
2025-09-11,996.912841796875,999.989990234375,1000.010009765625,999.6599731445312,999.989990234375,1789593
2025-09-12,996.9228515625,1000.0,1000.77001953125,999.52001953125,999.989990234375,2900482
2025-09-15,996.912841796875,999.989990234375,1000.010009765625,999.5599975585938,999.5599975585938,3595653
2025-09-16,996.912841796875,999.989990234375,1000.010009765625,999.989990234375,1000.0,1788073
2025-09-17,996.9228515625,1000.0,1000.010009765625,999.989990234375,1000.010009765625,1754139
2025-09-18,996.9228515625,1000.0,1000.010009765625,999.989990234375,1000.0,1938983
2025-09-19,996.9228515625,1000.0,1000.010009765625,999.989990234375,1000.0,975685
2025-09-22,996.912841796875,999.989990234375,1000.010009765625,999.510009765625,999.989990234375,2264642
2025-09-23,996.9228515625,1000.0,1000.010009765625,999.5599975585938,999.989990234375,1942511
2025-09-24,996.9228515625,1000.0,1000.25,999.989990234375,1000.25,1654535
2025-09-25,996.9228515625,1000.0,1000.010009765625,999.989990234375,1000.0,1673135
2025-09-26,996.9228515625,1000.0,1000.010009765625,999.989990234375,1000.0,4151519
2025-09-29,996.912841796875,999.989990234375,1000.77001953125,999.5599975585938,1000.0,3804834
2025-09-30,1000.0,1000.0,1000.010009765625,999.989990234375,1000.0,6345930
2025-10-01,1000.0,1000.0,1000.989990234375,999.989990234375,1000.0,8177933
2025-10-03,1000.0,1000.0,1000.010009765625,999.989990234375,1000.0,13839374
2025-10-06,999.989990234375,999.989990234375,1000.010009765625,998.6099853515625,999.989990234375,10941036
2025-10-07,1000.0,1000.0,1000.010009765625,999.989990234375,999.989990234375,3938239
2025-10-08,1000.0,1000.0,1000.010009765625,999.989990234375,1000.0,2506646
2025-10-09,999.989990234375,999.989990234375,1000.010009765625,999.989990234375,999.989990234375,2340913
2025-10-10,1000.0,1000.0,1000.010009765625,999.989990234375,1000.0,2494471
2025-10-13,999.989990234375,999.989990234375,1000.969970703125,999.989990234375,1000.0,2818015
2025-10-14,999.989990234375,999.989990234375,1000.010009765625,999.5599975585938,999.989990234375,2550786
2025-10-15,999.989990234375,999.989990234375,1000.010009765625,999.989990234375,999.989990234375,2228759
2025-10-16,1000.0,1000.0,1000.010009765625,999.989990234375,1000.0,2441386
2025-10-17,1000.0,1000.0,1000.010009765625,999.989990234375,999.989990234375,4699425
2025-10-20,1000.0,1000.0,1000.010009765625,999.5599975585938,1000.0,2604692
2025-10-21,1000.0,1000.0,1000.010009765625,999.5599975585938,999.989990234375,705053
2025-10-23,999.989990234375,999.989990234375,1000.010009765625,999.989990234375,999.989990234375,3419475
2025-10-27,1000.0,1000.0,1000.8499755859375,999.989990234375,999.989990234375,2226874
2025-10-28,999.989990234375,999.989990234375,1000.010009765625,999.97998046875,999.97998046875,4140634
2025-10-29,999.989990234375,999.989990234375,1029.989990234375,999.989990234375,1029.989990234375,5983125
2025-10-30,999.989990234375,999.989990234375,1000.010009765625,999.989990234375,999.989990234375,2987518
2025-10-31,1000.0,1000.0,1000.010009765625,999.989990234375,1000.0,1880440
2025-11-03,999.989990234375,999.989990234375,1000.010009765625,999.6300048828125,1000.0,1999307
2025-11-04,1000.0,1000.0,1000.010009765625,999.989990234375,1000.010009765625,1989262
2025-11-06,1000.0,1000.0,1000.5,999.989990234375,999.989990234375,2712119
2025-11-07,1000.0,1000.0,1000.010009765625,999.989990234375,1000.0,2335610
2025-11-10,1000.0,1000.0,1000.010009765625,999.989990234375,999.989990234375,1780130
2025-11-11,999.989990234375,999.989990234375,1000.010009765625,999.989990234375,999.989990234375,1774276
2025-11-12,999.989990234375,999.989990234375,1000.010009765625,999.989990234375,1000.0,2080643
2025-11-13,999.989990234375,999.989990234375,1000.010009765625,999.989990234375,999.989990234375,1618273
2025-11-14,1000.0,1000.0,1000.010009765625,999.0,999.0,2589261
2025-11-17,999.989990234375,999.989990234375,1000.010009765625,999.989990234375,1000.010009765625,2223597
2025-11-18,1000.0,1000.0,1000.010009765625,999.989990234375,999.989990234375,2433150
2025-11-19,1000.0,1000.0,1000.010009765625,999.989990234375,999.989990234375,2664301
2025-11-20,1000.0,1000.0,1000.010009765625,999.989990234375,1000.0,2464407
2025-11-21,1000.0,1000.0,1000.010009765625,999.989990234375,1000.0,3600701
2025-11-24,999.989990234375,999.989990234375,1000.010009765625,999.1099853515625,999.1099853515625,3025072
2025-11-25,1000.0,1000.0,1000.010009765625,999.989990234375,1000.0,5954978
2025-11-26,999.989990234375,999.989990234375,1000.010009765625,999.989990234375,1000.0,1977815
2025-11-27,999.989990234375,999.989990234375,1000.010009765625,999.989990234375,1000.0,3168144
2025-11-28,999.989990234375,999.989990234375,1000.010009765625,999.989990234375,999.989990234375,1918006
2025-12-01,1000.0,1000.0,1000.010009765625,999.9000244140625,999.9000244140625,2220101
2025-12-02,999.989990234375,999.989990234375,1000.010009765625,999.989990234375,1000.0,1977553
2025-12-03,999.989990234375,999.989990234375,1000.010009765625,999.989990234375,1000.0,2487047
2025-12-04,999.989990234375,999.989990234375,1000.010009765625,999.989990234375,1000.0,2916573
2025-12-05,1000.0,1000.0,1000.010009765625,999.989990234375,1000.0,2835394
2025-12-08,1000.0,1000.0,1000.010009765625,999.0,1000.0,2432399
2025-12-09,999.989990234375,999.989990234375,1000.010009765625,999.989990234375,1000.0,4335018
2025-12-10,999.989990234375,999.989990234375,1000.5,999.989990234375,1000.5,3421543
2025-12-11,999.989990234375,999.989990234375,1000.010009765625,999.989990234375,1000.0,3018481
2025-12-12,1000.0,1000.0,1000.010009765625,999.989990234375,999.989990234375,2266391
2025-12-15,999.989990234375,999.989990234375,1000.010009765625,999.989990234375,1000.0,1969593
2025-12-16,1000.0,1000.0,1000.010009765625,999.989990234375,1000.0,2052773
2025-12-17,1000.0,1000.0,1000.010009765625,999.989990234375,999.989990234375,3031875
2025-12-18,1000.0,1000.0,1000.989990234375,999.0900268554688,1000.989990234375,2343912
2025-12-19,1000.0,1000.0,1000.0,1000.0,1000.0,0
2025-12-22,1000.0,1000.0,1000.5,999.989990234375,1000.0,2161879
2025-12-23,1000.0,1000.0,1000.010009765625,999.989990234375,1000.0,2351254
2025-12-24,1000.0,1000.0,1000.010009765625,999.989990234375,1000.0,2653141
2025-12-26,999.989990234375,999.989990234375,1000.010009765625,999.989990234375,999.989990234375,3502041
2025-12-29,1000.0,1000.0,1000.010009765625,997.1500244140625,1000.0,3645339
2025-12-30,1000.0,1000.0,1000.010009765625,999.9000244140625,1000.0,3575253
2025-12-31,999.989990234375,999.989990234375,1000.010009765625,999.989990234375,999.989990234375,4074677
2026-01-01,1000.0,1000.0,1000.5,999.989990234375,999.989990234375,4785423
2026-01-02,1000.0,1000.0,1025.0,999.989990234375,1025.0,12254248
2026-01-05,999.989990234375,999.989990234375,1000.010009765625,999.0900268554688,1000.0,11095430
2026-01-06,999.989990234375,999.989990234375,1000.010009765625,999.9000244140625,999.989990234375,3167175
2026-01-07,1000.0,1000.0,1000.010009765625,999.989990234375,1000.0,2871904
2026-01-08,1000.0,1000.0,1000.010009765625,999.0900268554688,999.0900268554688,2768683
2026-01-09,1000.0,1000.0,1000.010009765625,999.989990234375,999.989990234375,2384434
2026-01-12,999.989990234375,999.989990234375,1000.010009765625,999.0900268554688,999.989990234375,4216883
2026-01-13,1000.0,1000.0,1000.010009765625,999.0900268554688,999.0900268554688,3393622
2026-01-14,1000.0,1000.0,1000.010009765625,999.989990234375,1000.0,1891317
2026-01-15,1000.0,1000.0,1000.0,1000.0,1000.0,0
2026-01-16,1000.0,1000.0,1002.0,995.0,995.0,1919904
2026-01-19,1000.0,1000.0,1000.010009765625,999.4000244140625,1000.0,3196301
2026-01-20,1000.0,1000.0,1000.010009765625,970.0,970.0,2930886
2026-01-21,999.989990234375,999.989990234375,1000.010009765625,999.989990234375,999.989990234375,5225931
2026-01-22,999.989990234375,999.989990234375,1000.010009765625,999.989990234375,999.989990234375,3704766
2026-01-23,1000.0,1000.0,1000.989990234375,999.989990234375,1000.989990234375,5134105
2026-01-27,1000.0,1000.0,1000.010009765625,999.989990234375,999.989990234375,5632428
2026-01-28,999.989990234375,999.989990234375,1000.010009765625,999.989990234375,999.989990234375,5932859
2026-01-29,999.989990234375,999.989990234375,1000.010009765625,998.0,999.989990234375,3547635
2026-01-30,1000.0,1000.0,1000.8499755859375,999.989990234375,1000.8499755859375,4198968
2026-02-02,999.989990234375,999.989990234375,1000.010009765625,998.0900268554688,1000.0,4127700
2026-02-03,999.989990234375,999.989990234375,1000.010009765625,998.0900268554688,999.989990234375,3564022
2026-02-04,999.989990234375,999.989990234375,1000.010009765625,999.989990234375,1000.0,3148815
2026-02-05,1000.0,1000.0,1000.010009765625,999.989990234375,999.989990234375,2194126
2026-02-06,1000.0,1000.0,1001.8800048828125,999.989990234375,1001.8800048828125,4456795
2026-02-09,999.989990234375,999.989990234375,1000.010009765625,999.989990234375,1000.0,2536418
2026-02-10,1000.0,1000.0,1000.010009765625,999.989990234375,999.989990234375,3055840
2026-02-11,999.989990234375,999.989990234375,1000.010009765625,999.989990234375,1000.0,2412576
2026-02-12,1000.0,1000.0,1000.010009765625,999.989990234375,1000.0,2669409
2026-02-13,1000.0,1000.0,1000.010009765625,999.989990234375,1000.0,4447046
2026-02-16,999.989990234375,999.989990234375,1000.010009765625,999.989990234375,999.989990234375,4751501
2026-02-17,999.989990234375,999.989990234375,1000.010009765625,999.989990234375,1000.0,2290610
2026-02-18,1000.0,1000.0,1000.010009765625,999.989990234375,999.989990234375,2739077
2026-02-19,1000.0,1000.0,1000.0999755859375,999.989990234375,1000.0999755859375,3740200
2026-02-20,1000.0,1000.0,1000.010009765625,999.9500122070312,1000.0,3238589
2026-02-23,1000.0,1000.0,1000.010009765625,999.989990234375,1000.0,4198430
2026-02-24,1000.0,1000.0,1000.010009765625,999.9500122070312,1000.0,4230898
2026-02-25,999.989990234375,999.989990234375,1000.010009765625,999.989990234375,1000.0,4951315
2026-02-26,999.989990234375,999.989990234375,1000.010009765625,999.989990234375,1000.0,3646806
2026-02-27,999.989990234375,999.989990234375,1000.010009765625,999.989990234375,999.989990234375,2711448
2026-03-02,999.989990234375,999.989990234375,1000.010009765625,999.97998046875,999.989990234375,4088184
2026-03-04,999.989990234375,999.989990234375,1000.010009765625,999.989990234375,999.989990234375,3731779
2026-03-05,1000.0,1000.0,1000.010009765625,999.989990234375,1000.0,2405298
2026-03-06,1000.0,1000.0,1000.010009765625,999.989990234375,1000.0,3795516
2026-03-09,999.989990234375,999.989990234375,1000.010009765625,997.0,999.989990234375,5450727
2026-03-10,999.989990234375,999.989990234375,1000.010009765625,999.989990234375,999.989990234375,3273313
2026-03-11,1000.0,1000.0,1000.010009765625,999.989990234375,999.989990234375,3390055
2026-03-12,999.989990234375,999.989990234375,1000.010009765625,998.0900268554688,1000.0,3197887
2026-03-13,1000.0,1000.0,1000.010009765625,999.989990234375,1000.0,5804837
2026-03-16,999.989990234375,999.989990234375,1000.010009765625,999.989990234375,999.989990234375,4422305
2026-03-17,1000.0,1000.0,1000.010009765625,999.989990234375,1000.0,3701133
2026-03-18,1000.0,1000.0,1000.010009765625,999.0,999.0,3971089
2026-03-19,1000.0,1000.0,1000.010009765625,999.989990234375,1000.0,3911615
2026-03-20,999.989990234375,999.989990234375,1000.010009765625,999.0,999.989990234375,2486750
2026-03-23,1000.0,1000.0,1000.010009765625,999.989990234375,1000.0,3765898
2026-03-24,999.989990234375,999.989990234375,1000.010009765625,999.989990234375,1000.0,5766034
2026-03-25,999.989990234375,999.989990234375,1000.010009765625,999.989990234375,1000.0,4676396
2026-03-27,1000.0,1000.0,1000.010009765625,999.989990234375,1000.010009765625,4565204
2026-03-30,1000.0,1000.0,1000.010009765625,999.989990234375,1000.0,6407847
2026-04-01,1000.0,1000.0,1000.010009765625,999.989990234375,1000.0,3062381
2026-04-02,1000.0,1000.0,1000.010009765625,999.989990234375,1000.0,4870565
2026-04-06,999.989990234375,999.989990234375,1000.010009765625,998.0900268554688,998.0900268554688,5886068
2026-04-07,1000.0,1000.0,1001.8800048828125,999.989990234375,1000.030029296875,2581350
2026-04-08,999.989990234375,999.989990234375,1000.010009765625,999.0,1000.0,4897526
2026-04-09,999.989990234375,999.989990234375,1000.02001953125,999.989990234375,1000.02001953125,3148131
2026-04-10,1000.0,1000.0,1000.010009765625,999.0,1000.0,3261766
2026-04-13,1000.0,1000.0,1000.010009765625,999.989990234375,1000.0,3932865
2026-04-15,1000.0,1000.0,1000.02001953125,999.989990234375,1000.02001953125,5121937
2026-04-16,1000.0,1000.0,1000.010009765625,999.989990234375,1000.0,7375739
2026-04-17,1000.0,1000.0,1000.010009765625,999.989990234375,1000.0,17957001
2026-04-20,999.989990234375,999.989990234375,1000.010009765625,999.0,999.0,11672917
2026-04-21,999.989990234375,999.989990234375,1000.010009765625,970.2999877929688,999.989990234375,5653284
2026-04-22,999.989990234375,999.989990234375,1000.010009765625,998.0900268554688,999.989990234375,5077832
2026-04-23,1000.0,1000.0,1000.010009765625,999.989990234375,999.989990234375,2988556
2026-04-24,999.989990234375,999.989990234375,1000.010009765625,999.989990234375,999.989990234375,3379934
2026-04-27,999.989990234375,999.989990234375,1000.010009765625,997.1500244140625,999.989990234375,2769743
2026-04-28,1000.0,1000.0,1000.010009765625,999.989990234375,999.989990234375,5078706
2026-04-29,999.989990234375,999.989990234375,1000.010009765625,999.0,1000.0,2768222
2026-04-30,999.989990234375,999.989990234375,1000.010009765625,999.989990234375,999.989990234375,2874888
2026-05-01,999.989990234375,999.989990234375,999.989990234375,999.989990234375,999.989990234375,0
2026-05-04,999.989990234375,999.989990234375,1002.97998046875,969.989990234375,1000.010009765625,2801024
2026-05-05,1000.0,1000.0,1000.010009765625,999.989990234375,1000.0,1897500
2026-05-06,999.989990234375,999.989990234375,1000.010009765625,999.989990234375,1000.0,2776175
2026-05-07,1000.0,1000.0,1000.010009765625,999.989990234375,999.989990234375,2318196
2026-05-08,1000.0,1000.0,1000.010009765625,999.989990234375,999.989990234375,2516506
2026-05-11,1000.0,1000.0,1000.010009765625,999.989990234375,1000.0,2710219
2026-05-12,1000.0,1000.0,1000.010009765625,999.0,999.0,3850117
2026-05-13,1000.0,1000.0,1000.010009765625,970.2999877929688,999.989990234375,4089279
2026-05-14,1000.0,1000.0,1003.0,999.989990234375,999.989990234375,2472326
2026-05-15,1000.0,1000.0,1000.010009765625,999.989990234375,1000.0,6542842
2026-05-18,1000.0,1000.0,1000.010009765625,995.0,999.9400024414062,2313957
2026-05-19,999.989990234375,999.989990234375,1000.010009765625,995.0,995.0,2903192
2026-05-20,999.989990234375,999.989990234375,1000.010009765625,999.989990234375,1000.0,2812289
2026-05-21,1000.0,1000.0,1000.010009765625,999.989990234375,999.989990234375,1745942
2026-05-22,1000.0,1000.0,1000.010009765625,999.989990234375,999.989990234375,1725090
2026-05-25,999.989990234375,999.989990234375,1000.010009765625,999.989990234375,1000.0,3414550
2026-05-26,1000.0,1000.0,1000.010009765625,999.989990234375,1000.0,3960094
2026-05-27,999.989990234375,999.989990234375,1000.010009765625,999.989990234375,1000.0,3955477
2026-05-28,999.989990234375,999.989990234375,999.989990234375,999.989990234375,999.989990234375,0
2026-05-29,999.989990234375,999.989990234375,1000.010009765625,999.989990234375,999.989990234375,6224058
2026-06-01,999.989990234375,999.989990234375,1000.010009765625,999.989990234375,999.989990234375,2245422
2026-06-02,1000.0,1000.0,1000.010009765625,974.989990234375,974.989990234375,2706538
2026-06-03,1000.0,1000.0,1000.010009765625,997.0,1000.0,2660112
2026-06-04,999.989990234375,999.989990234375,1000.010009765625,975.010009765625,1000.0,2273252
2026-06-05,1000.0,1000.0,1000.010009765625,999.989990234375,999.989990234375,2379849
2026-06-08,999.989990234375,999.989990234375,1000.010009765625,997.260009765625,1000.0,3082839
2026-06-09,1000.0,1000.0,1000.010009765625,998.0599975585938,999.0,2213442
2026-06-10,999.989990234375,999.989990234375,1000.010009765625,999.989990234375,1000.0,2392444
2026-06-11,1000.0,1000.0,1000.010009765625,997.0,997.0,2570991
2026-06-12,999.989990234375,999.989990234375,1000.010009765625,999.989990234375,1000.0,2538926
2026-06-15,999.989990234375,999.989990234375,1000.010009765625,998.0900268554688,999.989990234375,2680064
2026-06-16,1000.0,1000.0,1000.010009765625,999.989990234375,1000.0,2031814
2026-06-17,999.989990234375,999.989990234375,1000.010009765625,998.0900268554688,999.989990234375,3391689
2026-06-18,999.989990234375,999.989990234375,1000.010009765625,999.0499877929688,999.989990234375,2720266
2026-06-19,1000.0,1000.0,1000.010009765625,999.0900268554688,999.989990234375,3972075
2026-06-22,1000.0,1000.0,1000.010009765625,999.989990234375,1000.0,3217873
2026-06-23,1000.0,1000.0,1000.010009765625,999.0999755859375,1000.0,3401970
2026-06-24,999.989990234375,999.989990234375,1003.0,999.1099853515625,999.1099853515625,4855377
2026-06-25,999.989990234375,999.989990234375,1000.010009765625,999.989990234375,999.989990234375,2561339
2026-06-26,999.989990234375,999.989990234375,999.989990234375,999.989990234375,999.989990234375,0
2026-06-29,1000.0,1000.0,1000.010009765625,999.989990234375,1000.0,2860331
2026-06-30,1000.0,1000.0,1000.010009765625,999.989990234375,1000.0,6804281
2026-07-01,1000.0,1000.0,1000.010009765625,999.989990234375,999.989990234375,3263342
2026-07-02,1000.0,1000.0,1000.969970703125,999.1099853515625,1000.969970703125,4816380
2026-07-03,1000.0,1000.0,1000.010009765625,999.1799926757812,1000.0,14472549
2026-07-06,999.989990234375,999.989990234375,1000.0,998.0999755859375,1000.0,10132069
2026-07-07,1000.0,1000.0,1000.010009765625,999.97998046875,999.989990234375,4297354
2026-07-08,1000.0,1000.0,1000.010009765625,999.989990234375,1000.0,3761949
2026-07-09,999.989990234375,999.989990234375,1000.010009765625,999.989990234375,1000.0,2868723
2026-07-10,1000.0,1000.0,1000.010009765625,999.1099853515625,999.1099853515625,3183564
2026-07-13,999.989990234375,999.989990234375,1000.010009765625,999.5,1000.0,2425128
2026-07-14,1000.0,1000.0,1005.0,999.1099853515625,1000.0,2981014
2026-07-15,1000.0,1000.0,1000.010009765625,999.1099853515625,1000.0,3646592
2026-07-16,1000.0,1000.0,1000.010009765625,999.989990234375,1000.0,2299883
2026-07-17,1000.0,1000.0,1000.010009765625,999.1099853515625,1000.0,3514326
2026-07-20,1000.0,1000.0,1002.97998046875,980.0,980.0,3677960
2026-07-21,1000.0,1000.0,1001.0,999.1099853515625,1001.0,2870847
2026-07-22,1000.0,1000.0,1000.010009765625,999.5999755859375,1000.0,2902207
2026-07-23,999.989990234375,999.989990234375,1000.010009765625,999.5999755859375,1000.010009765625,2142786
2026-07-24,999.989990234375,999.989990234375,1000.010009765625,999.989990234375,1000.0,4338278
